[0m[1mInitializing the backend...[0m

[0m[1mInitializing modules...[0m

[0m[1mInitializing provider plugins...[0m
- Reusing previous version of hashicorp/aws from the dependency lock file
- Reusing previous version of hashicorp/archive from the dependency lock file
- Using previously-installed hashicorp/aws v6.63.0
- Using previously-installed hashicorp/archive v2.8.1


[33m╷[0m[0m
[33m│[0m [0m[1m[33mWarning: [0m[0m[1mDeprecated Parameter[0m
[33m│[0m [0m
[33m│[0m [0m[0mThe parameter "dynamodb_table" is deprecated. Use parameter "use_lockfile"
[33m│[0m [0minstead.
[33m╵[0m[0m
[0m[1m[32mTerraform has been successfully initialized![0m[32m[0m
[0m[32m
You may now begin working with Terraform. Try running "terraform plan" to see
any changes that are required for your infrastructure. All Terraform commands
should now work.

If you ever set or change modules or backend configuration for Terraform,
rerun this command to reinitialize your working directory. If you forget, other
commands will detect it and remind you to do so if necessary.[0m
[33m╷[0m[0m
[33m│[0m [0m[1m[33mWarning: [0m[0m[1mDeprecated Parameter[0m
[33m│[0m [0m
[33m│[0m [0m[0mThe parameter "dynamodb_table" is deprecated. Use parameter "use_lockfile"
[33m│[0m [0minstead.
[33m╵[0m[0m
Acquiring state lock. This may take a few moments...
[0m[1mvar.kms_key_arn[0m
  Shared CMK from infra/bootstrap (terraform output kms_key_arn).

  [1mEnter a value:[0m [0m
[0m[1mmodule.synthetics_canary.data.archive_file.canary_zip: Reading...[0m[0m
[0m[1mmodule.synthetics_canary.data.archive_file.canary_zip: Read complete after 0s [id=7d9647224ccadb371a9a9eae5e6a4765db03b395][0m
[0m[1mmodule.grafana.data.aws_prefix_list.s3: Reading...[0m[0m
[0m[1mmodule.network.data.aws_iam_policy_document.flow_logs_assume: Reading...[0m[0m
[0m[1mmodule.grafana.aws_cloudwatch_log_group.this: Refreshing state... [id=/devops-g3/grafana][0m
[0m[1maws_ecr_repository.adot: Refreshing state... [id=devops-g3/adot][0m
[0m[1mmodule.messaging.aws_sqs_queue.dlq["payout"]: Refreshing state... [id=https://sqs.us-west-1.amazonaws.com/240462142849/devops-g3-payout-dlq][0m
[0m[1mmodule.network.aws_cloudwatch_log_group.flow_logs: Refreshing state... [id=/devops-g3/vpc-flow-logs][0m
[0m[1mmodule.ecs_platform.aws_cloudwatch_log_group.exec: Refreshing state... [id=/devops-g3/ecs-exec][0m
[0m[1mmodule.apigw.aws_cloudwatch_log_group.access: Refreshing state... [id=/devops-g3/apigw][0m
[0m[1mmodule.messaging.aws_sqs_queue.dlq["reconciliation"]: Refreshing state... [id=https://sqs.us-west-1.amazonaws.com/240462142849/devops-g3-reconciliation-dlq][0m
[0m[1mmodule.network.data.aws_iam_policy_document.flow_logs_assume: Read complete after 0s [id=2717921857][0m
[0m[1mmodule.apigw.aws_apigatewayv2_api.this: Refreshing state... [id=w6m0ja1aic][0m
[0m[1mdata.aws_caller_identity.current: Reading...[0m[0m
[0m[1mdata.aws_caller_identity.current: Read complete after 1s [id=240462142849][0m
[0m[1mmodule.synthetics_canary.data.aws_iam_policy_document.canary_assume: Reading...[0m[0m
[0m[1mmodule.synthetics_canary.data.aws_iam_policy_document.canary_assume: Read complete after 0s [id=2690255455][0m
[0m[1mmodule.amp.aws_prometheus_workspace.this: Refreshing state... [id=ws-40261a89-bf51-45ee-a25b-e5fdfa21b69d][0m
[0m[1mmodule.ecs_platform.aws_cloudwatch_log_group.service["payments"]: Refreshing state... [id=/devops-g3/payments][0m
[0m[1mmodule.grafana.data.aws_prefix_list.s3: Read complete after 2s [id=pl-6ba54002][0m
[0m[1mmodule.ecs_platform.aws_cloudwatch_log_group.service["commission"]: Refreshing state... [id=/devops-g3/commission][0m
[0m[1mmodule.ecs_platform.aws_cloudwatch_log_group.service["web"]: Refreshing state... [id=/devops-g3/web][0m
[0m[1mmodule.ecs_platform.aws_cloudwatch_log_group.service["pos"]: Refreshing state... [id=/devops-g3/pos][0m
[0m[1mmodule.network.aws_vpc.this: Refreshing state... [id=vpc-00cfe1339e0c0c86b][0m
[0m[1mmodule.network.aws_eip.nat[0]: Refreshing state... [id=eipalloc-07697e89a453723dd][0m
[0m[1mmodule.ecs_platform.aws_ecr_repository.service["commission"]: Refreshing state... [id=devops-g3/commission][0m
[0m[1mmodule.ecs_platform.aws_ecr_repository.service["pos"]: Refreshing state... [id=devops-g3/pos][0m
[0m[1mmodule.ecs_platform.aws_ecr_repository.service["web"]: Refreshing state... [id=devops-g3/web][0m
[0m[1mmodule.ecs_platform.aws_ecr_repository.service["payments"]: Refreshing state... [id=devops-g3/payments][0m
[0m[1mmodule.rds.aws_db_parameter_group.this: Refreshing state... [id=devops-g3-pg16][0m
[0m[1mmodule.ecs_platform.aws_service_discovery_http_namespace.this: Refreshing state... [id=ns-m3b22vodi4nakqzz][0m
[0m[1maws_ecr_repository.grafana: Refreshing state... [id=devops-g3/grafana][0m
[0m[1mmodule.rds.data.aws_iam_policy_document.proxy_assume: Reading...[0m[0m
[0m[1mmodule.rds.data.aws_iam_policy_document.proxy_assume: Read complete after 0s [id=2562693050][0m
[0m[1mmodule.db_bootstrap.data.aws_iam_policy_document.assume: Reading...[0m[0m
[0m[1mmodule.db_bootstrap.data.aws_iam_policy_document.assume: Read complete after 0s [id=1229436035][0m
[0m[1mmodule.service["web"].data.aws_prefix_list.s3: Reading...[0m[0m
[0m[1mmodule.service["commission"].data.aws_prefix_list.s3: Reading...[0m[0m
[0m[1mmodule.service["payments"].data.aws_prefix_list.s3: Reading...[0m[0m
[0m[1mmodule.secrets.aws_secretsmanager_secret.this["slack-webhook"]: Refreshing state... [id=arn:aws:secretsmanager:us-west-1:240462142849:secret:devops-g3/slack-webhook-eunYoR][0m
[0m[1mmodule.secrets.aws_secretsmanager_secret.this["db-proxy-web"]: Refreshing state... [id=arn:aws:secretsmanager:us-west-1:240462142849:secret:devops-g3/db-proxy-web-1bqHbE][0m
[0m[1mmodule.secrets.aws_secretsmanager_secret.this["db-proxy-commission"]: Refreshing state... [id=arn:aws:secretsmanager:us-west-1:240462142849:secret:devops-g3/db-proxy-commission-O3w8qA][0m
[0m[1mmodule.service["web"].data.aws_prefix_list.s3: Read complete after 1s [id=pl-6ba54002][0m
[0m[1mmodule.secrets.aws_secretsmanager_secret.this["db"]: Refreshing state... [id=arn:aws:secretsmanager:us-west-1:240462142849:secret:devops-g3/db-I364XC][0m
[0m[1mmodule.secrets.aws_secretsmanager_secret.this["db-proxy-pos"]: Refreshing state... [id=arn:aws:secretsmanager:us-west-1:240462142849:secret:devops-g3/db-proxy-pos-L7bCoD][0m
[0m[1mmodule.service["commission"].data.aws_prefix_list.s3: Read complete after 1s [id=pl-6ba54002][0m
[0m[1mmodule.secrets.aws_secretsmanager_secret.this["grafana-admin"]: Refreshing state... [id=arn:aws:secretsmanager:us-west-1:240462142849:secret:devops-g3/grafana-admin-T5XvCb][0m
[0m[1mmodule.service["payments"].data.aws_prefix_list.s3: Read complete after 1s [id=pl-6ba54002][0m
[0m[1mmodule.service["pos"].data.aws_prefix_list.s3: Reading...[0m[0m
[0m[1mmodule.secrets.aws_secretsmanager_secret.this["daraja"]: Refreshing state... [id=arn:aws:secretsmanager:us-west-1:240462142849:secret:devops-g3/daraja-vDnR06][0m
[0m[1mmodule.service["pos"].data.aws_prefix_list.s3: Read complete after 0s [id=pl-6ba54002][0m
[0m[1mmodule.secrets.aws_secretsmanager_secret.this["db-proxy-payments"]: Refreshing state... [id=arn:aws:secretsmanager:us-west-1:240462142849:secret:devops-g3/db-proxy-payments-H5SL8D][0m
[0m[1mmodule.network.aws_iam_role.flow_logs: Refreshing state... [id=devops-g3-vpc-flow-logs][0m
[0m[1mmodule.synthetics_canary.aws_iam_role.canary: Refreshing state... [id=devops-g3-synthetics-canary][0m
[0m[1mmodule.apigw.aws_apigatewayv2_stage.this: Refreshing state... [id=v1][0m
[0m[1mmodule.network.data.aws_iam_policy_document.flow_logs: Reading...[0m[0m
[0m[1mmodule.network.data.aws_iam_policy_document.flow_logs: Read complete after 0s [id=3880847988][0m
[0m[1mmodule.messaging.aws_sqs_queue.main["reconciliation"]: Refreshing state... [id=https://sqs.us-west-1.amazonaws.com/240462142849/devops-g3-reconciliation][0m
[0m[1mmodule.messaging.aws_sqs_queue.main["payout"]: Refreshing state... [id=https://sqs.us-west-1.amazonaws.com/240462142849/devops-g3-payout][0m
[0m[1maws_ecr_lifecycle_policy.adot: Refreshing state... [id=devops-g3/adot][0m
[0m[1mmodule.ecs_platform.aws_ecs_cluster.this: Refreshing state... [id=arn:aws:ecs:us-west-1:240462142849:cluster/devops-g3][0m
[0m[1mmodule.rds.aws_iam_role.proxy: Refreshing state... [id=devops-g3-db-proxy][0m
[0m[1mmodule.db_bootstrap.aws_iam_role.this: Refreshing state... [id=devops-g3-db-bootstrap][0m
[0m[1mmodule.ecs_platform.aws_ecr_lifecycle_policy.service["commission"]: Refreshing state... [id=devops-g3/commission][0m
[0m[1mmodule.ecs_platform.aws_ecr_lifecycle_policy.service["payments"]: Refreshing state... [id=devops-g3/payments][0m
[0m[1mmodule.ecs_platform.aws_ecr_lifecycle_policy.service["pos"]: Refreshing state... [id=devops-g3/pos][0m
[0m[1mmodule.ecs_platform.aws_ecr_lifecycle_policy.service["web"]: Refreshing state... [id=devops-g3/web][0m
[0m[1maws_ecr_lifecycle_policy.grafana: Refreshing state... [id=devops-g3/grafana][0m
[0m[1mmodule.network.aws_route_table.public: Refreshing state... [id=rtb-038f517bebd99601b][0m
[0m[1mmodule.network.aws_route_table.private_data: Refreshing state... [id=rtb-012b7624dc9da2b3f][0m
[0m[1mmodule.network.aws_security_group.vpc_endpoints: Refreshing state... [id=sg-0e001a493c4d7dc4f][0m
[0m[1mmodule.network.aws_internet_gateway.this: Refreshing state... [id=igw-0dba5c136fffec573][0m
[0m[1mmodule.network.aws_subnet.private_data["us-west-1c"]: Refreshing state... [id=subnet-003d95ccc6e642205][0m
[0m[1mmodule.network.aws_subnet.private_data["us-west-1a"]: Refreshing state... [id=subnet-0f56c09ff417af280][0m
[0m[1mmodule.network.aws_subnet.private_app["us-west-1a"]: Refreshing state... [id=subnet-07343877e9a03db98][0m
[0m[1mmodule.network.aws_subnet.private_app["us-west-1c"]: Refreshing state... [id=subnet-01cdc84de3b32c135][0m
[0m[1mmodule.network.aws_subnet.public["us-west-1a"]: Refreshing state... [id=subnet-05555a87ba61db0e7][0m
[0m[1mmodule.network.aws_subnet.public["us-west-1c"]: Refreshing state... [id=subnet-067aa00162ebedda1][0m
[0m[1mmodule.messaging.data.aws_iam_policy_document.scheduler: Reading...[0m[0m
[0m[1mmodule.messaging.data.aws_iam_policy_document.scheduler: Read complete after 0s [id=3524068127][0m
[0m[1mmodule.messaging.aws_sqs_queue_redrive_allow_policy.dlq["payout"]: Refreshing state... [id=https://sqs.us-west-1.amazonaws.com/240462142849/devops-g3-payout-dlq][0m
[0m[1mmodule.messaging.aws_sqs_queue_redrive_allow_policy.dlq["reconciliation"]: Refreshing state... [id=https://sqs.us-west-1.amazonaws.com/240462142849/devops-g3-reconciliation-dlq][0m
[0m[1mmodule.ecs_platform.data.aws_iam_policy_document.task_execution_assume: Reading...[0m[0m
[0m[1mmodule.ecs_platform.data.aws_iam_policy_document.task_execution_assume: Read complete after 0s [id=3563571834][0m
[0m[1mmodule.synthetics_canary.aws_s3_bucket.artifacts: Refreshing state... [id=devops-g3-synthetics-240462142849][0m
[0m[1mmodule.messaging.data.aws_iam_policy_document.scheduler_assume: Reading...[0m[0m
[0m[1mmodule.messaging.data.aws_iam_policy_document.scheduler_assume: Read complete after 0s [id=3876860113][0m
[0m[1mmodule.storage.aws_s3_bucket.this["artifacts"]: Refreshing state... [id=devops-g3-artifacts-240462142849][0m
[0m[1mmodule.storage.aws_s3_bucket.this["backups"]: Refreshing state... [id=devops-g3-backups-240462142849][0m
[0m[1mmodule.storage.aws_s3_bucket.this["evidence"]: Refreshing state... [id=devops-g3-evidence-240462142849][0m
[0m[1mmodule.storage.aws_s3_bucket.this["logs"]: Refreshing state... [id=devops-g3-logs-240462142849][0m
[0m[1mmodule.storage.aws_s3_bucket.this["alb-logs"]: Refreshing state... [id=devops-g3-alb-logs-240462142849][0m
[0m[1mmodule.grafana.data.aws_iam_policy_document.task_assume: Reading...[0m[0m
[0m[1mmodule.grafana.data.aws_iam_policy_document.task_assume: Read complete after 0s [id=3563571834][0m
[0m[1mmodule.service["web"].data.aws_iam_policy_document.task_assume: Reading...[0m[0m
[0m[1mmodule.service["web"].data.aws_iam_policy_document.task_assume: Read complete after 0s [id=3563571834][0m
[0m[1mmodule.service["payments"].data.aws_iam_policy_document.task_assume: Reading...[0m[0m
[0m[1mmodule.service["payments"].data.aws_iam_policy_document.task_assume: Read complete after 0s [id=3563571834][0m
[0m[1mmodule.service["commission"].data.aws_iam_policy_document.task_assume: Reading...[0m[0m
[0m[1mmodule.service["commission"].data.aws_iam_policy_document.task_assume: Read complete after 0s [id=3563571834][0m
[0m[1mmodule.service["pos"].data.aws_iam_policy_document.task_assume: Reading...[0m[0m
[0m[1mmodule.service["pos"].data.aws_iam_policy_document.task_assume: Read complete after 0s [id=3563571834][0m
[0m[1maws_security_group.vpc_link: Refreshing state... [id=sg-03f2f98922102897c][0m
[0m[1maws_security_group.db_bootstrap: Refreshing state... [id=sg-02e0f6e55a8d685c1][0m
[0m[1mmodule.observability_alarms.aws_cloudwatch_metric_alarm.dlq_depth["payout"]: Refreshing state... [id=devops-g3-payout-dlq-depth][0m
[0m[1mmodule.observability_alarms.aws_cloudwatch_metric_alarm.dlq_depth["reconciliation"]: Refreshing state... [id=devops-g3-reconciliation-dlq-depth][0m
[0m[1mmodule.network.aws_vpc_security_group_ingress_rule.vpc_endpoints_https: Refreshing state... [id=sgr-07011932e6376d6bc][0m
[0m[1mmodule.network.aws_route.public_internet: Refreshing state... [id=r-rtb-038f517bebd99601b1080289494][0m
[0m[1mmodule.network.aws_route_table_association.private_data["us-west-1c"]: Refreshing state... [id=rtbassoc-0aaa5c08982094210][0m
[0m[1mmodule.network.aws_route_table_association.private_data["us-west-1a"]: Refreshing state... [id=rtbassoc-060ecbb37e78568a2][0m
[0m[1mmodule.ecs_platform.aws_ecs_cluster_capacity_providers.this: Refreshing state... [id=devops-g3][0m
[0m[1mmodule.ecs_platform.aws_iam_role.task_execution: Refreshing state... [id=devops-g3-exec][0m
[0m[1mmodule.network.aws_vpc_endpoint.interface["monitoring"]: Refreshing state... [id=vpce-0376719ed6304a8d7][0m
[0m[1mmodule.network.aws_vpc_endpoint.interface["kms"]: Refreshing state... [id=vpce-05d60e8aae831ce58][0m
[0m[1mmodule.network.aws_vpc_endpoint.interface["ssmmessages"]: Refreshing state... [id=vpce-062a1df30b98f033f][0m
[0m[1mmodule.network.aws_vpc_endpoint.interface["sqs"]: Refreshing state... [id=vpce-0d3cdafbb95df006b][0m
[0m[1mmodule.network.aws_vpc_endpoint.interface["ssm"]: Refreshing state... [id=vpce-0b77525571c45a63e][0m
[0m[1mmodule.network.aws_vpc_endpoint.interface["secretsmanager"]: Refreshing state... [id=vpce-01e327735fad7db41][0m
[0m[1mmodule.network.aws_vpc_endpoint.interface["logs"]: Refreshing state... [id=vpce-01beb76e3a370dcba][0m
[0m[1mmodule.network.aws_vpc_endpoint.interface["ecr.api"]: Refreshing state... [id=vpce-022d904b8df71a105][0m
[0m[1mmodule.network.aws_vpc_endpoint.interface["ecr.dkr"]: Refreshing state... [id=vpce-009e491b003411d99][0m
[0m[1mmodule.network.aws_route_table.private_app["us-west-1a"]: Refreshing state... [id=rtb-0eeb3098cb7625076][0m
[0m[1mmodule.network.aws_route_table.private_app["us-west-1c"]: Refreshing state... [id=rtb-0f92fdecec3e8260e][0m
[0m[1mmodule.messaging.aws_iam_role.scheduler: Refreshing state... [id=devops-g3-scheduler][0m
[0m[1mmodule.network.aws_nat_gateway.this[0]: Refreshing state... [id=nat-08182978c9275ca47][0m
[0m[1mmodule.network.aws_route_table_association.public["us-west-1c"]: Refreshing state... [id=rtbassoc-0788e4ea61acb8c3c][0m
[0m[1mmodule.network.aws_route_table_association.public["us-west-1a"]: Refreshing state... [id=rtbassoc-00ffc5eb7199c8f0c][0m
[0m[1mmodule.grafana.aws_iam_role.task: Refreshing state... [id=devops-g3-grafana-task][0m
[0m[1mmodule.network.aws_flow_log.this: Refreshing state... [id=fl-05d511a552405269c][0m
[0m[1mmodule.network.aws_iam_role_policy.flow_logs: Refreshing state... [id=devops-g3-vpc-flow-logs:publish][0m
[0m[1mmodule.rds.aws_security_group.db: Refreshing state... [id=sg-094b175b2a606da8e][0m
[0m[1mmodule.redis.aws_security_group.this: Refreshing state... [id=sg-00904884e45b5128c][0m
[0m[1mmodule.rds.aws_security_group.proxy: Refreshing state... [id=sg-0db8e5e404f8ec7f6][0m
[0m[1mmodule.grafana.aws_security_group.this: Refreshing state... [id=sg-0989ff61f85d69e10][0m
[0m[1mmodule.service["web"].aws_iam_role.task: Refreshing state... [id=devops-g3-web-task][0m
[0m[1mmodule.service["commission"].aws_iam_role.task: Refreshing state... [id=devops-g3-commission-task][0m
[0m[1mmodule.service["payments"].aws_iam_role.task: Refreshing state... [id=devops-g3-payments-task][0m
[0m[1mmodule.service["pos"].aws_iam_role.task: Refreshing state... [id=devops-g3-pos-task][0m
[0m[1mmodule.service["web"].aws_security_group.this: Refreshing state... [id=sg-0ad16bc17ad21d907][0m
[0m[1mmodule.service["commission"].aws_security_group.this: Refreshing state... [id=sg-0720e98de7189082b][0m
[0m[1mmodule.service["pos"].aws_security_group.this: Refreshing state... [id=sg-011cf1096a418ef96][0m
[0m[1mmodule.service["payments"].aws_security_group.this: Refreshing state... [id=sg-004dbdefe2bcada7b][0m
[0m[1maws_vpc_security_group_egress_rule.vpc_link_to_alb: Refreshing state... [id=sgr-05709e54a0378807b][0m
[0m[1maws_vpc_security_group_egress_rule.db_bootstrap_in_vpc: Refreshing state... [id=sgr-0b5b6283c72c9ae5f][0m
[0m[1maws_vpc_security_group_egress_rule.db_bootstrap_https: Refreshing state... [id=sgr-0b8ba0d6204397f7f][0m
[0m[1mmodule.grafana.data.aws_iam_policy_document.task: Reading...[0m[0m
[0m[1mmodule.grafana.data.aws_iam_policy_document.task: Read complete after 0s [id=1534109762][0m
[0m[1mmodule.ecs_platform.data.aws_iam_policy_document.task_execution_extra: Reading...[0m[0m
[0m[1mmodule.ecs_platform.data.aws_iam_policy_document.task_execution_extra: Read complete after 0s [id=514201302][0m
[0m[1mmodule.service["pos"].data.aws_iam_policy_document.task: Reading...[0m[0m
[0m[1mmodule.service["web"].data.aws_iam_policy_document.task: Reading...[0m[0m
[0m[1mmodule.service["pos"].data.aws_iam_policy_document.task: Read complete after 0s [id=1361533293][0m
[0m[1mmodule.service["web"].data.aws_iam_policy_document.task: Read complete after 0s [id=1361533293][0m
[0m[1mmodule.service["commission"].data.aws_iam_policy_document.task: Reading...[0m[0m
[0m[1mmodule.service["payments"].data.aws_iam_policy_document.task: Reading...[0m[0m
[0m[1mmodule.service["commission"].data.aws_iam_policy_document.task: Read complete after 0s [id=1613501039][0m
[0m[1mmodule.service["payments"].data.aws_iam_policy_document.task: Read complete after 0s [id=783352445][0m
[0m[1mmodule.ecs_platform.aws_iam_role_policy_attachment.task_execution: Refreshing state... [id=devops-g3-exec/arn:aws:iam::aws:policy/service-role/AmazonECSTaskExecutionRolePolicy][0m
[0m[1mmodule.network.aws_vpc_endpoint.s3: Refreshing state... [id=vpce-0422a6ecdc7e77c14][0m
[0m[1mmodule.network.aws_route_table_association.private_app["us-west-1a"]: Refreshing state... [id=rtbassoc-05068da4014e2701c][0m
[0m[1mmodule.network.aws_route_table_association.private_app["us-west-1c"]: Refreshing state... [id=rtbassoc-0d3d910fab0c96916][0m
[0m[1mmodule.network.aws_route.private_app_nat["us-west-1a"]: Refreshing state... [id=r-rtb-0eeb3098cb76250761080289494][0m
[0m[1mmodule.network.aws_route.private_app_nat["us-west-1c"]: Refreshing state... [id=r-rtb-0f92fdecec3e8260e1080289494][0m
[0m[1mmodule.synthetics_canary.aws_s3_bucket_public_access_block.artifacts: Refreshing state... [id=devops-g3-synthetics-240462142849][0m
[0m[1mmodule.synthetics_canary.aws_s3_bucket_versioning.artifacts: Refreshing state... [id=devops-g3-synthetics-240462142849][0m
[0m[1mmodule.synthetics_canary.aws_s3_bucket_server_side_encryption_configuration.artifacts: Refreshing state... [id=devops-g3-synthetics-240462142849][0m
[0m[1mmodule.synthetics_canary.data.aws_iam_policy_document.canary: Reading...[0m[0m
[0m[1mmodule.synthetics_canary.data.aws_iam_policy_document.canary: Read complete after 0s [id=3736196624][0m
[0m[1mmodule.storage.aws_s3_bucket_server_side_encryption_configuration.this["artifacts"]: Refreshing state... [id=devops-g3-artifacts-240462142849][0m
[0m[1mmodule.storage.aws_s3_bucket_server_side_encryption_configuration.this["alb-logs"]: Refreshing state... [id=devops-g3-alb-logs-240462142849][0m
[0m[1mmodule.storage.aws_s3_bucket_server_side_encryption_configuration.this["evidence"]: Refreshing state... [id=devops-g3-evidence-240462142849][0m
[0m[1mmodule.storage.aws_s3_bucket_server_side_encryption_configuration.this["logs"]: Refreshing state... [id=devops-g3-logs-240462142849][0m
[0m[1mmodule.storage.aws_s3_bucket_server_side_encryption_configuration.this["backups"]: Refreshing state... [id=devops-g3-backups-240462142849][0m
[0m[1mmodule.storage.data.aws_iam_policy_document.deny_insecure["alb-logs"]: Reading...[0m[0m
[0m[1mmodule.storage.data.aws_iam_policy_document.deny_insecure["alb-logs"]: Read complete after 0s [id=2505233169][0m
[0m[1mmodule.storage.data.aws_iam_policy_document.deny_insecure["artifacts"]: Reading...[0m[0m
[0m[1mmodule.storage.data.aws_iam_policy_document.deny_insecure["artifacts"]: Read complete after 0s [id=1058598180][0m
[0m[1mmodule.storage.data.aws_iam_policy_document.deny_insecure["backups"]: Reading...[0m[0m
[0m[1mmodule.storage.data.aws_iam_policy_document.deny_insecure["backups"]: Read complete after 0s [id=1517800055][0m
[0m[1mmodule.storage.data.aws_iam_policy_document.deny_insecure["logs"]: Reading...[0m[0m
[0m[1mmodule.storage.data.aws_iam_policy_document.deny_insecure["logs"]: Read complete after 0s [id=3287881118][0m
[0m[1mmodule.storage.data.aws_iam_policy_document.deny_insecure["evidence"]: Reading...[0m[0m
[0m[1mmodule.storage.aws_s3_bucket_versioning.this["artifacts"]: Refreshing state... [id=devops-g3-artifacts-240462142849][0m
[0m[1mmodule.storage.data.aws_iam_policy_document.deny_insecure["evidence"]: Read complete after 0s [id=1934238669][0m
[0m[1mmodule.storage.aws_s3_bucket_versioning.this["backups"]: Refreshing state... [id=devops-g3-backups-240462142849][0m
[0m[1mmodule.storage.aws_s3_bucket_versioning.this["evidence"]: Refreshing state... [id=devops-g3-evidence-240462142849][0m
[0m[1mmodule.storage.aws_s3_bucket_versioning.this["logs"]: Refreshing state... [id=devops-g3-logs-240462142849][0m
[0m[1mmodule.storage.aws_s3_bucket_versioning.this["alb-logs"]: Refreshing state... [id=devops-g3-alb-logs-240462142849][0m
[0m[1mmodule.storage.aws_s3_bucket_lifecycle_configuration.this["backups"]: Refreshing state... [id=devops-g3-backups-240462142849][0m
[0m[1mmodule.storage.aws_s3_bucket_lifecycle_configuration.this["logs"]: Refreshing state... [id=devops-g3-logs-240462142849][0m
[0m[1mmodule.storage.aws_s3_bucket_lifecycle_configuration.this["alb-logs"]: Refreshing state... [id=devops-g3-alb-logs-240462142849][0m
[0m[1mmodule.storage.aws_s3_bucket_lifecycle_configuration.this["artifacts"]: Refreshing state... [id=devops-g3-artifacts-240462142849][0m
[0m[1mmodule.storage.aws_s3_bucket_public_access_block.this["artifacts"]: Refreshing state... [id=devops-g3-artifacts-240462142849][0m
[0m[1mmodule.storage.aws_s3_bucket_public_access_block.this["backups"]: Refreshing state... [id=devops-g3-backups-240462142849][0m
[0m[1mmodule.storage.aws_s3_bucket_public_access_block.this["alb-logs"]: Refreshing state... [id=devops-g3-alb-logs-240462142849][0m
[0m[1mmodule.storage.aws_s3_bucket_public_access_block.this["logs"]: Refreshing state... [id=devops-g3-logs-240462142849][0m
[0m[1mmodule.storage.aws_s3_bucket_public_access_block.this["evidence"]: Refreshing state... [id=devops-g3-evidence-240462142849][0m
[0m[1mmodule.rds.aws_vpc_security_group_egress_rule.proxy_to_db: Refreshing state... [id=sgr-092d29cac1b7b1561][0m
[0m[1mmodule.grafana.aws_vpc_security_group_egress_rule.s3_gateway_https: Refreshing state... [id=sgr-0d40274952a80118f][0m
[0m[1mmodule.rds.aws_vpc_security_group_ingress_rule.db_from_proxy: Refreshing state... [id=sgr-0c424cbbe0ec05530][0m
[0m[1mmodule.grafana.aws_vpc_security_group_egress_rule.in_vpc: Refreshing state... [id=sgr-0039addb47585e2c3][0m
[0m[1mmodule.grafana.aws_vpc_security_group_egress_rule.internet_https: Refreshing state... [id=sgr-0ba813b2cad0ee695][0m
[0m[1mmodule.messaging.aws_iam_role_policy.scheduler: Refreshing state... [id=devops-g3-scheduler:enqueue-daily-close][0m
[0m[1mmodule.messaging.aws_scheduler_schedule.daily_close: Refreshing state... [id=default/devops-g3-daily-close][0m
[0m[1mmodule.rds.aws_db_subnet_group.this: Refreshing state... [id=devops-g3-db][0m
[0m[1mmodule.redis.aws_elasticache_subnet_group.this: Refreshing state... [id=devops-g3-cache][0m
[0m[1mmodule.ecs_platform.aws_iam_role_policy.task_execution_extra: Refreshing state... [id=devops-g3-exec:inject-secrets][0m
[0m[1mmodule.service["payments"].aws_vpc_security_group_egress_rule.s3_gateway_https: Refreshing state... [id=sgr-01afcb0d4db7dedb0][0m
[0m[1mmodule.service["pos"].aws_vpc_security_group_egress_rule.s3_gateway_https: Refreshing state... [id=sgr-0bdf5aec4ddbc7890][0m
[0m[1mmodule.service["web"].aws_vpc_security_group_egress_rule.in_vpc: Refreshing state... [id=sgr-081603609368cd093][0m
[0m[1mmodule.service["web"].aws_vpc_security_group_egress_rule.s3_gateway_https: Refreshing state... [id=sgr-06ec9a02e46b1e5bb][0m
[0m[1mmodule.service["commission"].aws_vpc_security_group_egress_rule.s3_gateway_https: Refreshing state... [id=sgr-0462ef343ed01f42e][0m
[0m[1mmodule.service["payments"].aws_vpc_security_group_egress_rule.in_vpc: Refreshing state... [id=sgr-0755c2a82a081f5d1][0m
[0m[1mmodule.service["pos"].aws_vpc_security_group_egress_rule.in_vpc: Refreshing state... [id=sgr-0a2b87303d5c726fa][0m
[0m[1mmodule.service["commission"].aws_vpc_security_group_egress_rule.in_vpc: Refreshing state... [id=sgr-0205217a38128acd4][0m
[0m[1mmodule.service["payments"].aws_vpc_security_group_egress_rule.internet_https[0]: Refreshing state... [id=sgr-00aa3acfafeaa42b0][0m
[0m[1mmodule.apigw.aws_apigatewayv2_vpc_link.this: Refreshing state... [id=q2zs31][0m
[0m[1mmodule.grafana.aws_iam_role_policy.task: Refreshing state... [id=devops-g3-grafana-task:grafana-permissions][0m
[0m[1mmodule.synthetics_canary.aws_iam_role_policy.canary: Refreshing state... [id=devops-g3-synthetics-canary:synthetics-canary][0m
[0m[1mmodule.synthetics_canary.aws_s3_bucket_policy.canary_artifacts: Refreshing state... [id=devops-g3-synthetics-240462142849][0m
[0m[1mmodule.storage.data.aws_iam_policy_document.alb_logs: Reading...[0m[0m
[0m[1mmodule.storage.data.aws_iam_policy_document.alb_logs: Read complete after 0s [id=2823928029][0m
[0m[1mmodule.service["web"].aws_iam_role_policy.task: Refreshing state... [id=devops-g3-web-task:service-permissions][0m
[0m[1mmodule.service["commission"].aws_iam_role_policy.task: Refreshing state... [id=devops-g3-commission-task:service-permissions][0m
[0m[1mmodule.service["payments"].aws_iam_role_policy.task: Refreshing state... [id=devops-g3-payments-task:service-permissions][0m
[0m[1mmodule.service["pos"].aws_iam_role_policy.task: Refreshing state... [id=devops-g3-pos-task:service-permissions][0m
[0m[1maws_vpc_security_group_ingress_rule.payments_to_pos: Refreshing state... [id=sgr-08bc03535b4eb6991][0m
[0m[1maws_vpc_security_group_ingress_rule.pos_to_payments: Refreshing state... [id=sgr-076a619996284fd83][0m
[0m[1maws_vpc_security_group_ingress_rule.commission_to_payments: Refreshing state... [id=sgr-0809d253a4f36a65c][0m
[0m[1mmodule.grafana.aws_ecs_task_definition.this: Refreshing state... [id=devops-g3-grafana][0m
[0m[1mdata.aws_iam_policy_document.grafana_admin_readers: Reading...[0m[0m
[0m[1mdata.aws_iam_policy_document.grafana_admin_readers: Read complete after 0s [id=3961553112][0m
[0m[1mdata.aws_iam_policy_document.slack_readers: Reading...[0m[0m
[0m[1mdata.aws_iam_policy_document.slack_readers: Read complete after 0s [id=3112185049][0m
[0m[1mmodule.storage.aws_s3_bucket_policy.this["artifacts"]: Refreshing state... [id=devops-g3-artifacts-240462142849][0m
[0m[1mmodule.storage.aws_s3_bucket_policy.this["alb-logs"]: Refreshing state... [id=devops-g3-alb-logs-240462142849][0m
[0m[1mmodule.storage.aws_s3_bucket_policy.this["evidence"]: Refreshing state... [id=devops-g3-evidence-240462142849][0m
[0m[1mmodule.storage.aws_s3_bucket_policy.this["logs"]: Refreshing state... [id=devops-g3-logs-240462142849][0m
[0m[1mmodule.storage.aws_s3_bucket_policy.this["backups"]: Refreshing state... [id=devops-g3-backups-240462142849][0m
[0m[1mdata.aws_iam_policy_document.daraja_readers: Reading...[0m[0m
[0m[1mdata.aws_iam_policy_document.daraja_readers: Read complete after 0s [id=3532253121][0m
[0m[1mmodule.rds.aws_db_instance.this: Refreshing state... [id=db-HVAO22PELES7QNEKGW52V6XV2E][0m
[0m[1mmodule.synthetics_canary.aws_synthetics_canary.edge_health: Refreshing state... [id=devops-g3-edge-health][0m
[0m[1maws_secretsmanager_secret_policy.slack_webhook: Refreshing state... [id=arn:aws:secretsmanager:us-west-1:240462142849:secret:devops-g3/slack-webhook-eunYoR][0m
[0m[1maws_secretsmanager_secret_policy.grafana_admin: Refreshing state... [id=arn:aws:secretsmanager:us-west-1:240462142849:secret:devops-g3/grafana-admin-T5XvCb][0m
[0m[1maws_secretsmanager_secret_policy.daraja: Refreshing state... [id=arn:aws:secretsmanager:us-west-1:240462142849:secret:devops-g3/daraja-vDnR06][0m
[0m[1mmodule.alb.aws_security_group.this: Refreshing state... [id=sg-082d68629ef628a7c][0m
[0m[1mmodule.alb.aws_lb_target_group.this["grafana"]: Refreshing state... [id=arn:aws:elasticloadbalancing:us-west-1:240462142849:targetgroup/devops-g3-grafana/4d5f04b3c7f0712f][0m
[0m[1mmodule.alb.aws_lb_target_group.this["web"]: Refreshing state... [id=arn:aws:elasticloadbalancing:us-west-1:240462142849:targetgroup/devops-g3-web/c6f94e45af05f447][0m
[0m[1mmodule.alb.aws_lb_target_group.this["payments"]: Refreshing state... [id=arn:aws:elasticloadbalancing:us-west-1:240462142849:targetgroup/devops-g3-payments/4f23157db9c7a807][0m
[0m[1mmodule.alb.aws_lb_target_group.this["pos"]: Refreshing state... [id=arn:aws:elasticloadbalancing:us-west-1:240462142849:targetgroup/devops-g3-pos/54807cdfacc45b38][0m
[0m[1mmodule.rds.data.aws_iam_policy_document.proxy: Reading...[0m[0m
[0m[1mmodule.rds.data.aws_iam_policy_document.proxy: Read complete after 0s [id=134662753][0m
[0m[1mmodule.rds.aws_db_proxy.this: Refreshing state... [id=devops-g3-db-proxy][0m
[0m[1mmodule.rds.aws_iam_role_policy.proxy: Refreshing state... [id=devops-g3-db-proxy:read-db-secret][0m
[0m[1mmodule.alb.aws_vpc_security_group_ingress_rule.from_vpc_link: Refreshing state... [id=sgr-051d8202234084bff][0m
[0m[1mmodule.alb.aws_lb.this: Refreshing state... [id=arn:aws:elasticloadbalancing:us-west-1:240462142849:loadbalancer/app/devops-g3-alb/e95b36eadcda1e06][0m
[0m[1mmodule.db_bootstrap.data.aws_iam_policy_document.this: Reading...[0m[0m
[0m[1mmodule.db_bootstrap.data.aws_iam_policy_document.this: Read complete after 0s [id=2488874727][0m
[0m[1mmodule.observability_alarms.aws_cloudwatch_metric_alarm.rds_connections_high: Refreshing state... [id=devops-g3-rds-connections-high][0m
[0m[1mmodule.alb.aws_vpc_security_group_egress_rule.to_targets: Refreshing state... [id=sgr-02b5bf2ee8f42788b][0m
[0m[1mmodule.observability_alarms.aws_cloudwatch_metric_alarm.rds_cpu_high: Refreshing state... [id=devops-g3-rds-cpu-high][0m
[0m[1mmodule.redis.aws_elasticache_replication_group.this: Refreshing state... [id=devops-g3-cache][0m
[0m[1mmodule.db_bootstrap.aws_iam_role_policy.this: Refreshing state... [id=devops-g3-db-bootstrap:db-bootstrap][0m
[0m[1mmodule.rds.aws_db_proxy_default_target_group.this: Refreshing state... [id=devops-g3-db-proxy][0m
[0m[1mmodule.grafana.aws_vpc_security_group_ingress_rule.from_alb: Refreshing state... [id=sgr-01da56fd531fe7c79][0m
[0m[1mmodule.service["web"].aws_vpc_security_group_ingress_rule.from_alb[0]: Refreshing state... [id=sgr-013d44e58d49ae218][0m
[0m[1mmodule.service["payments"].aws_vpc_security_group_ingress_rule.from_alb[0]: Refreshing state... [id=sgr-00805be519595e15a][0m
[0m[1mmodule.service["pos"].aws_vpc_security_group_ingress_rule.from_alb[0]: Refreshing state... [id=sgr-00c2707d678c6a51c][0m
[0m[1mmodule.rds.aws_db_proxy_target.this: Refreshing state... [id=devops-g3-db-proxy/default/RDS_INSTANCE/devops-g3-db][0m
[0m[1mmodule.observability_alarms.aws_cloudwatch_metric_alarm.canary_success[0]: Refreshing state... [id=devops-g3-edge-health-canary][0m
[0m[1mmodule.db_bootstrap.aws_codebuild_project.this: Refreshing state... [id=arn:aws:codebuild:us-west-1:240462142849:project/devops-g3-db-bootstrap][0m
[0m[1mmodule.grafana.aws_ecs_service.this: Refreshing state... [id=arn:aws:ecs:us-west-1:240462142849:service/devops-g3/devops-g3-grafana][0m
[0m[1mmodule.service["pos"].aws_ecs_task_definition.this: Refreshing state... [id=devops-g3-pos][0m
[0m[1mmodule.service["commission"].aws_ecs_task_definition.this: Refreshing state... [id=devops-g3-commission][0m
[0m[1mmodule.service["web"].aws_ecs_task_definition.this: Refreshing state... [id=devops-g3-web][0m
[0m[1mmodule.service["payments"].aws_ecs_task_definition.this: Refreshing state... [id=devops-g3-payments][0m
[0m[1mmodule.alb.aws_lb_listener.this: Refreshing state... [id=arn:aws:elasticloadbalancing:us-west-1:240462142849:listener/app/devops-g3-alb/e95b36eadcda1e06/136ee9e2828b2a39][0m
[0m[1mmodule.service["commission"].aws_ecs_service.this: Refreshing state... [id=arn:aws:ecs:us-west-1:240462142849:service/devops-g3/devops-g3-commission][0m
[0m[1mmodule.service["payments"].aws_ecs_service.this: Refreshing state... [id=arn:aws:ecs:us-west-1:240462142849:service/devops-g3/devops-g3-payments][0m
[0m[1mmodule.service["pos"].aws_ecs_service.this: Refreshing state... [id=arn:aws:ecs:us-west-1:240462142849:service/devops-g3/devops-g3-pos][0m
[0m[1mmodule.service["web"].aws_ecs_service.this: Refreshing state... [id=arn:aws:ecs:us-west-1:240462142849:service/devops-g3/devops-g3-web][0m
[0m[1mmodule.alb.aws_lb_listener_rule.blocked_paths["pos_internal"]: Refreshing state... [id=arn:aws:elasticloadbalancing:us-west-1:240462142849:listener-rule/app/devops-g3-alb/e95b36eadcda1e06/136ee9e2828b2a39/941657d7c117eed6][0m
[0m[1mmodule.alb.aws_lb_listener_rule.this["web"]: Refreshing state... [id=arn:aws:elasticloadbalancing:us-west-1:240462142849:listener-rule/app/devops-g3-alb/e95b36eadcda1e06/136ee9e2828b2a39/be8168945706a064][0m
[0m[1mmodule.apigw.aws_apigatewayv2_integration.alb_grafana: Refreshing state... [id=j5x2wz2][0m
[0m[1mmodule.alb.aws_lb_listener_rule.this["payments"]: Refreshing state... [id=arn:aws:elasticloadbalancing:us-west-1:240462142849:listener-rule/app/devops-g3-alb/e95b36eadcda1e06/136ee9e2828b2a39/ed5c6bfcad28df19][0m
[0m[1mmodule.alb.aws_lb_listener_rule.this["pos"]: Refreshing state... [id=arn:aws:elasticloadbalancing:us-west-1:240462142849:listener-rule/app/devops-g3-alb/e95b36eadcda1e06/136ee9e2828b2a39/5db3f1d6b9116722][0m
[0m[1mmodule.alb.aws_lb_listener_rule.this["grafana"]: Refreshing state... [id=arn:aws:elasticloadbalancing:us-west-1:240462142849:listener-rule/app/devops-g3-alb/e95b36eadcda1e06/136ee9e2828b2a39/b42959a0dae91dbb][0m
[0m[1mmodule.apigw.aws_apigatewayv2_integration.alb: Refreshing state... [id=890w6ri][0m
[0m[1mmodule.apigw.aws_apigatewayv2_integration.alb_grafana_root: Refreshing state... [id=0ptpmol][0m
[0m[1mmodule.apigw.aws_apigatewayv2_route.grafana_proxy: Refreshing state... [id=bwmzyqq][0m
[0m[1mdata.aws_iam_policy_document.db_readers: Reading...[0m[0m
[0m[1mmodule.rds.aws_vpc_security_group_ingress_rule.proxy_from_services["db-bootstrap"]: Refreshing state... [id=sgr-041e93abdd706db4b][0m
[0m[1mmodule.rds.aws_vpc_security_group_ingress_rule.proxy_from_services["payments"]: Refreshing state... [id=sgr-0c2aba176f9615264][0m
[0m[1mmodule.rds.aws_vpc_security_group_ingress_rule.proxy_from_services["pos"]: Refreshing state... [id=sgr-078c8427095212c24][0m
[0m[1mmodule.rds.aws_vpc_security_group_ingress_rule.proxy_from_services["commission"]: Refreshing state... [id=sgr-0f2cf98f7200026b4][0m
[0m[1mmodule.rds.aws_vpc_security_group_ingress_rule.proxy_from_services["web"]: Refreshing state... [id=sgr-020615e9a76cc4e46][0m
[0m[1mdata.aws_iam_policy_document.db_readers: Read complete after 0s [id=2258240026][0m
[0m[1mmodule.redis.aws_vpc_security_group_ingress_rule.from_services["pos"]: Refreshing state... [id=sgr-04a3063ae8be0b7bd][0m
[0m[1mmodule.redis.aws_vpc_security_group_ingress_rule.from_services["web"]: Refreshing state... [id=sgr-02fcfb2889916e3d2][0m
[0m[1mmodule.redis.aws_vpc_security_group_ingress_rule.from_services["commission"]: Refreshing state... [id=sgr-0fb1b5ce6a4e64612][0m
[0m[1mmodule.redis.aws_vpc_security_group_ingress_rule.from_services["payments"]: Refreshing state... [id=sgr-0f377ec58b5b14475][0m
[0m[1mmodule.observability_alarms.aws_cloudwatch_metric_alarm.ecs_cpu_high["web"]: Refreshing state... [id=devops-g3-web-ecs-cpu-high][0m
[0m[1mmodule.observability_alarms.aws_cloudwatch_metric_alarm.ecs_cpu_high["commission"]: Refreshing state... [id=devops-g3-commission-ecs-cpu-high][0m
[0m[1mmodule.observability_alarms.aws_cloudwatch_metric_alarm.ecs_cpu_high["pos"]: Refreshing state... [id=devops-g3-pos-ecs-cpu-high][0m
[0m[1mmodule.observability_alarms.aws_cloudwatch_metric_alarm.ecs_cpu_high["payments"]: Refreshing state... [id=devops-g3-payments-ecs-cpu-high][0m
[0m[1mmodule.apigw.aws_apigatewayv2_route.proxy: Refreshing state... [id=vcwqld9][0m
[0m[1maws_secretsmanager_secret_policy.db: Refreshing state... [id=arn:aws:secretsmanager:us-west-1:240462142849:secret:devops-g3/db-I364XC][0m
[0m[1mmodule.apigw.aws_apigatewayv2_route.grafana_root: Refreshing state... [id=wm6wigf][0m
[0m[1mmodule.delivery.aws_codestarconnections_connection.github: Refreshing state... [id=arn:aws:codestar-connections:us-west-1:240462142849:connection/408b7a08-92ee-464f-b1fb-20896cec6f1c][0m
[0m[1mmodule.delivery.aws_ssm_parameter.image_tag["web"]: Refreshing state... [id=/devops-g3/web/image-tag][0m
[0m[1mmodule.delivery.aws_ssm_parameter.image_tag["commission"]: Refreshing state... [id=/devops-g3/commission/image-tag][0m
[0m[1mmodule.delivery.aws_ssm_parameter.image_tag["pos"]: Refreshing state... [id=/devops-g3/pos/image-tag][0m
[0m[1mmodule.delivery.aws_ssm_parameter.image_tag["payments"]: Refreshing state... [id=/devops-g3/payments/image-tag][0m
[0m[1mmodule.delivery.aws_ssm_parameter.image_digest["web"]: Refreshing state... [id=/devops-g3/web/image-digest][0m
[0m[1mmodule.delivery.aws_ssm_parameter.image_digest["commission"]: Refreshing state... [id=/devops-g3/commission/image-digest][0m
[0m[1mmodule.delivery.aws_ssm_parameter.image_digest["payments"]: Refreshing state... [id=/devops-g3/payments/image-digest][0m
[0m[1mmodule.delivery.aws_ssm_parameter.image_digest["pos"]: Refreshing state... [id=/devops-g3/pos/image-digest][0m
[0m[1mmodule.delivery.aws_iam_role.codebuild: Refreshing state... [id=devops-g3-codebuild][0m
[0m[1mmodule.delivery.aws_iam_role.codepipeline: Refreshing state... [id=devops-g3-pipeline][0m
[0m[1mmodule.delivery.aws_codebuild_project.grafana_image: Refreshing state... [id=arn:aws:codebuild:us-west-1:240462142849:project/devops-g3-grafana-build][0m
[0m[1mmodule.delivery.aws_codebuild_project.pos_migrations: Refreshing state... [id=arn:aws:codebuild:us-west-1:240462142849:project/devops-g3-pos-migrations][0m
[0m[1mmodule.delivery.aws_iam_role_policy.codebuild: Refreshing state... [id=devops-g3-codebuild:delivery-build][0m
[0m[1mmodule.delivery.aws_codebuild_project.smoke: Refreshing state... [id=arn:aws:codebuild:us-west-1:240462142849:project/devops-g3-smoke][0m
[0m[1mmodule.delivery.aws_codebuild_project.adot_mirror: Refreshing state... [id=arn:aws:codebuild:us-west-1:240462142849:project/devops-g3-adot-mirror][0m
[0m[1mmodule.delivery.aws_codebuild_project.image["commission"]: Refreshing state... [id=arn:aws:codebuild:us-west-1:240462142849:project/devops-g3-commission-build][0m
[0m[1mmodule.delivery.aws_codebuild_project.image["pos"]: Refreshing state... [id=arn:aws:codebuild:us-west-1:240462142849:project/devops-g3-pos-build][0m
[0m[1mmodule.delivery.aws_codebuild_project.image["payments"]: Refreshing state... [id=arn:aws:codebuild:us-west-1:240462142849:project/devops-g3-payments-build][0m
[0m[1mmodule.delivery.aws_codebuild_project.image["web"]: Refreshing state... [id=arn:aws:codebuild:us-west-1:240462142849:project/devops-g3-web-build][0m
[0m[1mmodule.delivery.aws_iam_role_policy.codepipeline: Refreshing state... [id=devops-g3-pipeline:delivery-pipeline][0m
[0m[1mmodule.delivery.aws_codepipeline.this: Refreshing state... [id=devops-g3-pipeline][0m

Terraform used the selected providers to generate the following execution
plan. Resource actions are indicated with the following symbols:
  [31m-[0m destroy[0m

Terraform will perform the following actions:

[1m  # aws_ecr_lifecycle_policy.adot[0m will be [1m[31mdestroyed[0m
[0m  [31m-[0m[0m resource "aws_ecr_lifecycle_policy" "adot" {
      [31m-[0m[0m id          = "devops-g3/adot" [90m-> null[0m[0m
      [31m-[0m[0m policy      = jsonencode(
            {
              [31m-[0m[0m rules = [
                  [31m-[0m[0m {
                      [31m-[0m[0m action       = {
                          [31m-[0m[0m type = "expire"
                        }
                      [31m-[0m[0m description  = "Keep the last 30 ADOT images"
                      [31m-[0m[0m rulePriority = 1
                      [31m-[0m[0m selection    = {
                          [31m-[0m[0m countNumber = 30
                          [31m-[0m[0m countType   = "imageCountMoreThan"
                          [31m-[0m[0m tagStatus   = "any"
                        }
                    },
                ]
            }
        ) [90m-> null[0m[0m
      [31m-[0m[0m region      = "us-west-1" [90m-> null[0m[0m
      [31m-[0m[0m registry_id = "240462142849" [90m-> null[0m[0m
      [31m-[0m[0m repository  = "devops-g3/adot" [90m-> null[0m[0m
    }

[1m  # aws_ecr_lifecycle_policy.grafana[0m will be [1m[31mdestroyed[0m
[0m  [31m-[0m[0m resource "aws_ecr_lifecycle_policy" "grafana" {
      [31m-[0m[0m id          = "devops-g3/grafana" [90m-> null[0m[0m
      [31m-[0m[0m policy      = jsonencode(
            {
              [31m-[0m[0m rules = [
                  [31m-[0m[0m {
                      [31m-[0m[0m action       = {
                          [31m-[0m[0m type = "expire"
                        }
                      [31m-[0m[0m description  = "Keep the last 15 Grafana images"
                      [31m-[0m[0m rulePriority = 1
                      [31m-[0m[0m selection    = {
                          [31m-[0m[0m countNumber = 15
                          [31m-[0m[0m countType   = "imageCountMoreThan"
                          [31m-[0m[0m tagStatus   = "any"
                        }
                    },
                ]
            }
        ) [90m-> null[0m[0m
      [31m-[0m[0m region      = "us-west-1" [90m-> null[0m[0m
      [31m-[0m[0m registry_id = "240462142849" [90m-> null[0m[0m
      [31m-[0m[0m repository  = "devops-g3/grafana" [90m-> null[0m[0m
    }

[1m  # aws_ecr_repository.adot[0m will be [1m[31mdestroyed[0m
[0m  [31m-[0m[0m resource "aws_ecr_repository" "adot" {
      [31m-[0m[0m arn                  = "arn:aws:ecr:us-west-1:240462142849:repository/devops-g3/adot" [90m-> null[0m[0m
      [31m-[0m[0m id                   = "devops-g3/adot" [90m-> null[0m[0m
      [31m-[0m[0m image_tag_mutability = "IMMUTABLE" [90m-> null[0m[0m
      [31m-[0m[0m name                 = "devops-g3/adot" [90m-> null[0m[0m
      [31m-[0m[0m region               = "us-west-1" [90m-> null[0m[0m
      [31m-[0m[0m registry_id          = "240462142849" [90m-> null[0m[0m
      [31m-[0m[0m repository_url       = "240462142849.dkr.ecr.us-west-1.amazonaws.com/devops-g3/adot" [90m-> null[0m[0m
      [31m-[0m[0m tags                 = {
          [31m-[0m[0m "Name"    = "devops-g3-adot"
          [31m-[0m[0m "service" = "telemetry"
        } [90m-> null[0m[0m
      [31m-[0m[0m tags_all             = {
          [31m-[0m[0m "Name"        = "devops-g3-adot"
          [31m-[0m[0m "capstone"    = "tillflow"
          [31m-[0m[0m "environment" = "dev"
          [31m-[0m[0m "group"       = "devops-g3"
          [31m-[0m[0m "managed-by"  = "terraform"
          [31m-[0m[0m "owner"       = "lwam"
          [31m-[0m[0m "service"     = "telemetry"
        } [90m-> null[0m[0m

      [31m-[0m[0m encryption_configuration {
          [31m-[0m[0m encryption_type = "KMS" [90m-> null[0m[0m
          [31m-[0m[0m kms_key         = "arn:aws:kms:us-west-1:240462142849:key/90e2806f-72c0-4b51-ae60-8cc9436bdfe0" [90m-> null[0m[0m
        }

      [31m-[0m[0m image_scanning_configuration {
          [31m-[0m[0m scan_on_push = true [90m-> null[0m[0m
        }
    }

[1m  # aws_ecr_repository.grafana[0m will be [1m[31mdestroyed[0m
[0m  [31m-[0m[0m resource "aws_ecr_repository" "grafana" {
      [31m-[0m[0m arn                  = "arn:aws:ecr:us-west-1:240462142849:repository/devops-g3/grafana" [90m-> null[0m[0m
      [31m-[0m[0m id                   = "devops-g3/grafana" [90m-> null[0m[0m
      [31m-[0m[0m image_tag_mutability = "IMMUTABLE" [90m-> null[0m[0m
      [31m-[0m[0m name                 = "devops-g3/grafana" [90m-> null[0m[0m
      [31m-[0m[0m region               = "us-west-1" [90m-> null[0m[0m
      [31m-[0m[0m registry_id          = "240462142849" [90m-> null[0m[0m
      [31m-[0m[0m repository_url       = "240462142849.dkr.ecr.us-west-1.amazonaws.com/devops-g3/grafana" [90m-> null[0m[0m
      [31m-[0m[0m tags                 = {
          [31m-[0m[0m "Name"    = "devops-g3-grafana"
          [31m-[0m[0m "service" = "grafana"
        } [90m-> null[0m[0m
      [31m-[0m[0m tags_all             = {
          [31m-[0m[0m "Name"        = "devops-g3-grafana"
          [31m-[0m[0m "capstone"    = "tillflow"
          [31m-[0m[0m "environment" = "dev"
          [31m-[0m[0m "group"       = "devops-g3"
          [31m-[0m[0m "managed-by"  = "terraform"
          [31m-[0m[0m "owner"       = "lwam"
          [31m-[0m[0m "service"     = "grafana"
        } [90m-> null[0m[0m

      [31m-[0m[0m encryption_configuration {
          [31m-[0m[0m encryption_type = "KMS" [90m-> null[0m[0m
          [31m-[0m[0m kms_key         = "arn:aws:kms:us-west-1:240462142849:key/90e2806f-72c0-4b51-ae60-8cc9436bdfe0" [90m-> null[0m[0m
        }

      [31m-[0m[0m image_scanning_configuration {
          [31m-[0m[0m scan_on_push = true [90m-> null[0m[0m
        }
    }

[1m  # aws_secretsmanager_secret_policy.daraja[0m will be [1m[31mdestroyed[0m
[0m  [31m-[0m[0m resource "aws_secretsmanager_secret_policy" "daraja" {
      [31m-[0m[0m id         = "arn:aws:secretsmanager:us-west-1:240462142849:secret:devops-g3/daraja-vDnR06" [90m-> null[0m[0m
      [31m-[0m[0m policy     = jsonencode(
            {
              [31m-[0m[0m Statement = [
                  [31m-[0m[0m {
                      [31m-[0m[0m Action    = [
                          [31m-[0m[0m "secretsmanager:GetSecretValue",
                          [31m-[0m[0m "secretsmanager:DescribeSecret",
                        ]
                      [31m-[0m[0m Effect    = "Allow"
                      [31m-[0m[0m Principal = {
                          [31m-[0m[0m AWS = "arn:aws:iam::240462142849:role/devops-g3-payments-task"
                        }
                      [31m-[0m[0m Resource  = "*"
                      [31m-[0m[0m Sid       = "OnlyPaymentsMayReadDaraja"
                    },
                ]
              [31m-[0m[0m Version   = "2012-10-17"
            }
        ) [90m-> null[0m[0m
      [31m-[0m[0m region     = "us-west-1" [90m-> null[0m[0m
      [31m-[0m[0m secret_arn = "arn:aws:secretsmanager:us-west-1:240462142849:secret:devops-g3/daraja-vDnR06" [90m-> null[0m[0m
    }

[1m  # aws_secretsmanager_secret_policy.db[0m will be [1m[31mdestroyed[0m
[0m  [31m-[0m[0m resource "aws_secretsmanager_secret_policy" "db" {
      [31m-[0m[0m id         = "arn:aws:secretsmanager:us-west-1:240462142849:secret:devops-g3/db-I364XC" [90m-> null[0m[0m
      [31m-[0m[0m policy     = jsonencode(
            {
              [31m-[0m[0m Statement = [
                  [31m-[0m[0m {
                      [31m-[0m[0m Action    = [
                          [31m-[0m[0m "secretsmanager:GetSecretValue",
                          [31m-[0m[0m "secretsmanager:DescribeSecret",
                        ]
                      [31m-[0m[0m Effect    = "Allow"
                      [31m-[0m[0m Principal = {
                          [31m-[0m[0m AWS = [
                              [31m-[0m[0m "arn:aws:iam::240462142849:role/devops-g3-web-task",
                              [31m-[0m[0m "arn:aws:iam::240462142849:role/devops-g3-pos-task",
                              [31m-[0m[0m "arn:aws:iam::240462142849:role/devops-g3-payments-task",
                              [31m-[0m[0m "arn:aws:iam::240462142849:role/devops-g3-commission-task",
                            ]
                        }
                      [31m-[0m[0m Resource  = "*"
                      [31m-[0m[0m Sid       = "ServiceTaskRoles"
                    },
                ]
              [31m-[0m[0m Version   = "2012-10-17"
            }
        ) [90m-> null[0m[0m
      [31m-[0m[0m region     = "us-west-1" [90m-> null[0m[0m
      [31m-[0m[0m secret_arn = "arn:aws:secretsmanager:us-west-1:240462142849:secret:devops-g3/db-I364XC" [90m-> null[0m[0m
    }

[1m  # aws_secretsmanager_secret_policy.grafana_admin[0m will be [1m[31mdestroyed[0m
[0m  [31m-[0m[0m resource "aws_secretsmanager_secret_policy" "grafana_admin" {
      [31m-[0m[0m id         = "arn:aws:secretsmanager:us-west-1:240462142849:secret:devops-g3/grafana-admin-T5XvCb" [90m-> null[0m[0m
      [31m-[0m[0m policy     = jsonencode(
            {
              [31m-[0m[0m Statement = [
                  [31m-[0m[0m {
                      [31m-[0m[0m Action    = [
                          [31m-[0m[0m "secretsmanager:GetSecretValue",
                          [31m-[0m[0m "secretsmanager:DescribeSecret",
                        ]
                      [31m-[0m[0m Effect    = "Allow"
                      [31m-[0m[0m Principal = {
                          [31m-[0m[0m AWS = "arn:aws:iam::240462142849:role/devops-g3-grafana-task"
                        }
                      [31m-[0m[0m Resource  = "*"
                      [31m-[0m[0m Sid       = "GrafanaTaskRoleOnly"
                    },
                ]
              [31m-[0m[0m Version   = "2012-10-17"
            }
        ) [90m-> null[0m[0m
      [31m-[0m[0m region     = "us-west-1" [90m-> null[0m[0m
      [31m-[0m[0m secret_arn = "arn:aws:secretsmanager:us-west-1:240462142849:secret:devops-g3/grafana-admin-T5XvCb" [90m-> null[0m[0m
    }

[1m  # aws_secretsmanager_secret_policy.slack_webhook[0m will be [1m[31mdestroyed[0m
[0m  [31m-[0m[0m resource "aws_secretsmanager_secret_policy" "slack_webhook" {
      [31m-[0m[0m id         = "arn:aws:secretsmanager:us-west-1:240462142849:secret:devops-g3/slack-webhook-eunYoR" [90m-> null[0m[0m
      [31m-[0m[0m policy     = jsonencode(
            {
              [31m-[0m[0m Statement = [
                  [31m-[0m[0m {
                      [31m-[0m[0m Action    = [
                          [31m-[0m[0m "secretsmanager:GetSecretValue",
                          [31m-[0m[0m "secretsmanager:DescribeSecret",
                        ]
                      [31m-[0m[0m Effect    = "Allow"
                      [31m-[0m[0m Principal = {
                          [31m-[0m[0m AWS = "arn:aws:iam::240462142849:role/devops-g3-grafana-task"
                        }
                      [31m-[0m[0m Resource  = "*"
                      [31m-[0m[0m Sid       = "GrafanaAlerting"
                    },
                ]
              [31m-[0m[0m Version   = "2012-10-17"
            }
        ) [90m-> null[0m[0m
      [31m-[0m[0m region     = "us-west-1" [90m-> null[0m[0m
      [31m-[0m[0m secret_arn = "arn:aws:secretsmanager:us-west-1:240462142849:secret:devops-g3/slack-webhook-eunYoR" [90m-> null[0m[0m
    }

[1m  # aws_security_group.db_bootstrap[0m will be [1m[31mdestroyed[0m
[0m  [31m-[0m[0m resource "aws_security_group" "db_bootstrap" {
      [31m-[0m[0m arn                    = "arn:aws:ec2:us-west-1:240462142849:security-group/sg-02e0f6e55a8d685c1" [90m-> null[0m[0m
      [31m-[0m[0m description            = "G2 DB bootstrap job" [90m-> null[0m[0m
      [31m-[0m[0m egress                 = [
          [31m-[0m[0m {
              [31m-[0m[0m cidr_blocks      = [
                  [31m-[0m[0m "0.0.0.0/0",
                ]
              [31m-[0m[0m description      = "HTTPS for package repositories and AWS APIs"
              [31m-[0m[0m from_port        = 443
              [31m-[0m[0m ipv6_cidr_blocks = []
              [31m-[0m[0m prefix_list_ids  = []
              [31m-[0m[0m protocol         = "tcp"
              [31m-[0m[0m security_groups  = []
              [31m-[0m[0m self             = false
              [31m-[0m[0m to_port          = 443
            },
          [31m-[0m[0m {
              [31m-[0m[0m cidr_blocks      = [
                  [31m-[0m[0m "10.20.0.0/16",
                ]
              [31m-[0m[0m description      = "In-VPC access for RDS Proxy and VPC endpoints"
              [31m-[0m[0m from_port        = 0
              [31m-[0m[0m ipv6_cidr_blocks = []
              [31m-[0m[0m prefix_list_ids  = []
              [31m-[0m[0m protocol         = "-1"
              [31m-[0m[0m security_groups  = []
              [31m-[0m[0m self             = false
              [31m-[0m[0m to_port          = 0
            },
        ] [90m-> null[0m[0m
      [31m-[0m[0m id                     = "sg-02e0f6e55a8d685c1" [90m-> null[0m[0m
      [31m-[0m[0m ingress                = [] [90m-> null[0m[0m
      [31m-[0m[0m name                   = "devops-g3-db-bootstrap" [90m-> null[0m[0m
      [31m-[0m[0m owner_id               = "240462142849" [90m-> null[0m[0m
      [31m-[0m[0m region                 = "us-west-1" [90m-> null[0m[0m
      [31m-[0m[0m revoke_rules_on_delete = false [90m-> null[0m[0m
      [31m-[0m[0m tags                   = {
          [31m-[0m[0m "Name"    = "devops-g3-db-bootstrap"
          [31m-[0m[0m "service" = "platform"
        } [90m-> null[0m[0m
      [31m-[0m[0m tags_all               = {
          [31m-[0m[0m "Name"        = "devops-g3-db-bootstrap"
          [31m-[0m[0m "capstone"    = "tillflow"
          [31m-[0m[0m "environment" = "dev"
          [31m-[0m[0m "group"       = "devops-g3"
          [31m-[0m[0m "managed-by"  = "terraform"
          [31m-[0m[0m "owner"       = "lwam"
          [31m-[0m[0m "service"     = "platform"
        } [90m-> null[0m[0m
      [31m-[0m[0m vpc_id                 = "vpc-00cfe1339e0c0c86b" [90m-> null[0m[0m
        [90m# (1 unchanged attribute hidden)[0m[0m
    }

[1m  # aws_security_group.vpc_link[0m will be [1m[31mdestroyed[0m
[0m  [31m-[0m[0m resource "aws_security_group" "vpc_link" {
      [31m-[0m[0m arn                    = "arn:aws:ec2:us-west-1:240462142849:security-group/sg-03f2f98922102897c" [90m-> null[0m[0m
      [31m-[0m[0m description            = "API Gateway VPC Link ENIs" [90m-> null[0m[0m
      [31m-[0m[0m egress                 = [
          [31m-[0m[0m {
              [31m-[0m[0m cidr_blocks      = [
                  [31m-[0m[0m "10.20.0.0/16",
                ]
              [31m-[0m[0m description      = "To the internal ALB"
              [31m-[0m[0m from_port        = 0
              [31m-[0m[0m ipv6_cidr_blocks = []
              [31m-[0m[0m prefix_list_ids  = []
              [31m-[0m[0m protocol         = "-1"
              [31m-[0m[0m security_groups  = []
              [31m-[0m[0m self             = false
              [31m-[0m[0m to_port          = 0
            },
        ] [90m-> null[0m[0m
      [31m-[0m[0m id                     = "sg-03f2f98922102897c" [90m-> null[0m[0m
      [31m-[0m[0m ingress                = [] [90m-> null[0m[0m
      [31m-[0m[0m name                   = "devops-g3-vpclink" [90m-> null[0m[0m
      [31m-[0m[0m owner_id               = "240462142849" [90m-> null[0m[0m
      [31m-[0m[0m region                 = "us-west-1" [90m-> null[0m[0m
      [31m-[0m[0m revoke_rules_on_delete = false [90m-> null[0m[0m
      [31m-[0m[0m tags                   = {
          [31m-[0m[0m "Name" = "devops-g3-vpclink"
        } [90m-> null[0m[0m
      [31m-[0m[0m tags_all               = {
          [31m-[0m[0m "Name"        = "devops-g3-vpclink"
          [31m-[0m[0m "capstone"    = "tillflow"
          [31m-[0m[0m "environment" = "dev"
          [31m-[0m[0m "group"       = "devops-g3"
          [31m-[0m[0m "managed-by"  = "terraform"
          [31m-[0m[0m "owner"       = "lwam"
          [31m-[0m[0m "service"     = "platform"
        } [90m-> null[0m[0m
      [31m-[0m[0m vpc_id                 = "vpc-00cfe1339e0c0c86b" [90m-> null[0m[0m
        [90m# (1 unchanged attribute hidden)[0m[0m
    }

[1m  # aws_vpc_security_group_egress_rule.db_bootstrap_https[0m will be [1m[31mdestroyed[0m
[0m  [31m-[0m[0m resource "aws_vpc_security_group_egress_rule" "db_bootstrap_https" {
      [31m-[0m[0m arn                    = "arn:aws:ec2:us-west-1:240462142849:security-group-rule/sgr-0b8ba0d6204397f7f" [90m-> null[0m[0m
      [31m-[0m[0m cidr_ipv4              = "0.0.0.0/0" [90m-> null[0m[0m
      [31m-[0m[0m description            = "HTTPS for package repositories and AWS APIs" [90m-> null[0m[0m
      [31m-[0m[0m from_port              = 443 [90m-> null[0m[0m
      [31m-[0m[0m id                     = "sgr-0b8ba0d6204397f7f" [90m-> null[0m[0m
      [31m-[0m[0m ip_protocol            = "tcp" [90m-> null[0m[0m
      [31m-[0m[0m region                 = "us-west-1" [90m-> null[0m[0m
      [31m-[0m[0m security_group_id      = "sg-02e0f6e55a8d685c1" [90m-> null[0m[0m
      [31m-[0m[0m security_group_rule_id = "sgr-0b8ba0d6204397f7f" [90m-> null[0m[0m
      [31m-[0m[0m tags_all               = {
          [31m-[0m[0m "capstone"    = "tillflow"
          [31m-[0m[0m "environment" = "dev"
          [31m-[0m[0m "group"       = "devops-g3"
          [31m-[0m[0m "managed-by"  = "terraform"
          [31m-[0m[0m "owner"       = "lwam"
          [31m-[0m[0m "service"     = "platform"
        } [90m-> null[0m[0m
      [31m-[0m[0m to_port                = 443 [90m-> null[0m[0m
    }

[1m  # aws_vpc_security_group_egress_rule.db_bootstrap_in_vpc[0m will be [1m[31mdestroyed[0m
[0m  [31m-[0m[0m resource "aws_vpc_security_group_egress_rule" "db_bootstrap_in_vpc" {
      [31m-[0m[0m arn                    = "arn:aws:ec2:us-west-1:240462142849:security-group-rule/sgr-0b5b6283c72c9ae5f" [90m-> null[0m[0m
      [31m-[0m[0m cidr_ipv4              = "10.20.0.0/16" [90m-> null[0m[0m
      [31m-[0m[0m description            = "In-VPC access for RDS Proxy and VPC endpoints" [90m-> null[0m[0m
      [31m-[0m[0m id                     = "sgr-0b5b6283c72c9ae5f" [90m-> null[0m[0m
      [31m-[0m[0m ip_protocol            = "-1" [90m-> null[0m[0m
      [31m-[0m[0m region                 = "us-west-1" [90m-> null[0m[0m
      [31m-[0m[0m security_group_id      = "sg-02e0f6e55a8d685c1" [90m-> null[0m[0m
      [31m-[0m[0m security_group_rule_id = "sgr-0b5b6283c72c9ae5f" [90m-> null[0m[0m
      [31m-[0m[0m tags_all               = {
          [31m-[0m[0m "capstone"    = "tillflow"
          [31m-[0m[0m "environment" = "dev"
          [31m-[0m[0m "group"       = "devops-g3"
          [31m-[0m[0m "managed-by"  = "terraform"
          [31m-[0m[0m "owner"       = "lwam"
          [31m-[0m[0m "service"     = "platform"
        } [90m-> null[0m[0m
    }

[1m  # aws_vpc_security_group_egress_rule.vpc_link_to_alb[0m will be [1m[31mdestroyed[0m
[0m  [31m-[0m[0m resource "aws_vpc_security_group_egress_rule" "vpc_link_to_alb" {
      [31m-[0m[0m arn                    = "arn:aws:ec2:us-west-1:240462142849:security-group-rule/sgr-05709e54a0378807b" [90m-> null[0m[0m
      [31m-[0m[0m cidr_ipv4              = "10.20.0.0/16" [90m-> null[0m[0m
      [31m-[0m[0m description            = "To the internal ALB" [90m-> null[0m[0m
      [31m-[0m[0m id                     = "sgr-05709e54a0378807b" [90m-> null[0m[0m
      [31m-[0m[0m ip_protocol            = "-1" [90m-> null[0m[0m
      [31m-[0m[0m region                 = "us-west-1" [90m-> null[0m[0m
      [31m-[0m[0m security_group_id      = "sg-03f2f98922102897c" [90m-> null[0m[0m
      [31m-[0m[0m security_group_rule_id = "sgr-05709e54a0378807b" [90m-> null[0m[0m
      [31m-[0m[0m tags_all               = {
          [31m-[0m[0m "capstone"    = "tillflow"
          [31m-[0m[0m "environment" = "dev"
          [31m-[0m[0m "group"       = "devops-g3"
          [31m-[0m[0m "managed-by"  = "terraform"
          [31m-[0m[0m "owner"       = "lwam"
          [31m-[0m[0m "service"     = "platform"
        } [90m-> null[0m[0m
    }

[1m  # aws_vpc_security_group_ingress_rule.commission_to_payments[0m will be [1m[31mdestroyed[0m
[0m  [31m-[0m[0m resource "aws_vpc_security_group_ingress_rule" "commission_to_payments" {
      [31m-[0m[0m arn                          = "arn:aws:ec2:us-west-1:240462142849:security-group-rule/sgr-0809d253a4f36a65c" [90m-> null[0m[0m
      [31m-[0m[0m description                  = "Service Connect: commission to payments B2C endpoint" [90m-> null[0m[0m
      [31m-[0m[0m from_port                    = 8080 [90m-> null[0m[0m
      [31m-[0m[0m id                           = "sgr-0809d253a4f36a65c" [90m-> null[0m[0m
      [31m-[0m[0m ip_protocol                  = "tcp" [90m-> null[0m[0m
      [31m-[0m[0m referenced_security_group_id = "sg-0720e98de7189082b" [90m-> null[0m[0m
      [31m-[0m[0m region                       = "us-west-1" [90m-> null[0m[0m
      [31m-[0m[0m security_group_id            = "sg-004dbdefe2bcada7b" [90m-> null[0m[0m
      [31m-[0m[0m security_group_rule_id       = "sgr-0809d253a4f36a65c" [90m-> null[0m[0m
      [31m-[0m[0m tags_all                     = {
          [31m-[0m[0m "capstone"    = "tillflow"
          [31m-[0m[0m "environment" = "dev"
          [31m-[0m[0m "group"       = "devops-g3"
          [31m-[0m[0m "managed-by"  = "terraform"
          [31m-[0m[0m "owner"       = "lwam"
          [31m-[0m[0m "service"     = "platform"
        } [90m-> null[0m[0m
      [31m-[0m[0m to_port                      = 8080 [90m-> null[0m[0m
    }

[1m  # aws_vpc_security_group_ingress_rule.payments_to_pos[0m will be [1m[31mdestroyed[0m
[0m  [31m-[0m[0m resource "aws_vpc_security_group_ingress_rule" "payments_to_pos" {
      [31m-[0m[0m arn                          = "arn:aws:ec2:us-west-1:240462142849:security-group-rule/sgr-08bc03535b4eb6991" [90m-> null[0m[0m
      [31m-[0m[0m description                  = "Service Connect: payments to pos internal settlement" [90m-> null[0m[0m
      [31m-[0m[0m from_port                    = 8080 [90m-> null[0m[0m
      [31m-[0m[0m id                           = "sgr-08bc03535b4eb6991" [90m-> null[0m[0m
      [31m-[0m[0m ip_protocol                  = "tcp" [90m-> null[0m[0m
      [31m-[0m[0m referenced_security_group_id = "sg-004dbdefe2bcada7b" [90m-> null[0m[0m
      [31m-[0m[0m region                       = "us-west-1" [90m-> null[0m[0m
      [31m-[0m[0m security_group_id            = "sg-011cf1096a418ef96" [90m-> null[0m[0m
      [31m-[0m[0m security_group_rule_id       = "sgr-08bc03535b4eb6991" [90m-> null[0m[0m
      [31m-[0m[0m tags_all                     = {
          [31m-[0m[0m "capstone"    = "tillflow"
          [31m-[0m[0m "environment" = "dev"
          [31m-[0m[0m "group"       = "devops-g3"
          [31m-[0m[0m "managed-by"  = "terraform"
          [31m-[0m[0m "owner"       = "lwam"
          [31m-[0m[0m "service"     = "platform"
        } [90m-> null[0m[0m
      [31m-[0m[0m to_port                      = 8080 [90m-> null[0m[0m
    }

[1m  # aws_vpc_security_group_ingress_rule.pos_to_payments[0m will be [1m[31mdestroyed[0m
[0m  [31m-[0m[0m resource "aws_vpc_security_group_ingress_rule" "pos_to_payments" {
      [31m-[0m[0m arn                          = "arn:aws:ec2:us-west-1:240462142849:security-group-rule/sgr-076a619996284fd83" [90m-> null[0m[0m
      [31m-[0m[0m description                  = "Service Connect: pos to payments" [90m-> null[0m[0m
      [31m-[0m[0m from_port                    = 8080 [90m-> null[0m[0m
      [31m-[0m[0m id                           = "sgr-076a619996284fd83" [90m-> null[0m[0m
      [31m-[0m[0m ip_protocol                  = "tcp" [90m-> null[0m[0m
      [31m-[0m[0m referenced_security_group_id = "sg-011cf1096a418ef96" [90m-> null[0m[0m
      [31m-[0m[0m region                       = "us-west-1" [90m-> null[0m[0m
      [31m-[0m[0m security_group_id            = "sg-004dbdefe2bcada7b" [90m-> null[0m[0m
      [31m-[0m[0m security_group_rule_id       = "sgr-076a619996284fd83" [90m-> null[0m[0m
      [31m-[0m[0m tags_all                     = {
          [31m-[0m[0m "capstone"    = "tillflow"
          [31m-[0m[0m "environment" = "dev"
          [31m-[0m[0m "group"       = "devops-g3"
          [31m-[0m[0m "managed-by"  = "terraform"
          [31m-[0m[0m "owner"       = "lwam"
          [31m-[0m[0m "service"     = "platform"
        } [90m-> null[0m[0m
      [31m-[0m[0m to_port                      = 8080 [90m-> null[0m[0m
    }

[1m  # module.alb.aws_lb.this[0m will be [1m[31mdestroyed[0m
[0m  [31m-[0m[0m resource "aws_lb" "this" {
      [31m-[0m[0m arn                                                          = "arn:aws:elasticloadbalancing:us-west-1:240462142849:loadbalancer/app/devops-g3-alb/e95b36eadcda1e06" [90m-> null[0m[0m
      [31m-[0m[0m arn_suffix                                                   = "app/devops-g3-alb/e95b36eadcda1e06" [90m-> null[0m[0m
      [31m-[0m[0m client_keep_alive                                            = 3600 [90m-> null[0m[0m
      [31m-[0m[0m desync_mitigation_mode                                       = "defensive" [90m-> null[0m[0m
      [31m-[0m[0m dns_name                                                     = "internal-devops-g3-alb-89385765.us-west-1.elb.amazonaws.com" [90m-> null[0m[0m
      [31m-[0m[0m drop_invalid_header_fields                                   = true [90m-> null[0m[0m
      [31m-[0m[0m enable_cross_zone_load_balancing                             = true [90m-> null[0m[0m
      [31m-[0m[0m enable_deletion_protection                                   = false [90m-> null[0m[0m
      [31m-[0m[0m enable_http2                                                 = true [90m-> null[0m[0m
      [31m-[0m[0m enable_prefix_for_ipv6_source_nat                            = "off" [90m-> null[0m[0m
      [31m-[0m[0m enable_tls_version_and_cipher_suite_headers                  = false [90m-> null[0m[0m
      [31m-[0m[0m enable_waf_fail_open                                         = false [90m-> null[0m[0m
      [31m-[0m[0m enable_xff_client_port                                       = false [90m-> null[0m[0m
      [31m-[0m[0m enable_zonal_shift                                           = false [90m-> null[0m[0m
      [31m-[0m[0m id                                                           = "arn:aws:elasticloadbalancing:us-west-1:240462142849:loadbalancer/app/devops-g3-alb/e95b36eadcda1e06" [90m-> null[0m[0m
      [31m-[0m[0m idle_timeout                                                 = 60 [90m-> null[0m[0m
      [31m-[0m[0m internal                                                     = true [90m-> null[0m[0m
      [31m-[0m[0m ip_address_type                                              = "ipv4" [90m-> null[0m[0m
      [31m-[0m[0m load_balancer_type                                           = "application" [90m-> null[0m[0m
      [31m-[0m[0m name                                                         = "devops-g3-alb" [90m-> null[0m[0m
      [31m-[0m[0m preserve_host_header                                         = false [90m-> null[0m[0m
      [31m-[0m[0m region                                                       = "us-west-1" [90m-> null[0m[0m
      [31m-[0m[0m security_groups                                              = [
          [31m-[0m[0m "sg-082d68629ef628a7c",
        ] [90m-> null[0m[0m
      [31m-[0m[0m subnets                                                      = [
          [31m-[0m[0m "subnet-01cdc84de3b32c135",
          [31m-[0m[0m "subnet-07343877e9a03db98",
        ] [90m-> null[0m[0m
      [31m-[0m[0m tags                                                         = {
          [31m-[0m[0m "Name" = "devops-g3-alb"
        } [90m-> null[0m[0m
      [31m-[0m[0m tags_all                                                     = {
          [31m-[0m[0m "Name"        = "devops-g3-alb"
          [31m-[0m[0m "capstone"    = "tillflow"
          [31m-[0m[0m "environment" = "dev"
          [31m-[0m[0m "group"       = "devops-g3"
          [31m-[0m[0m "managed-by"  = "terraform"
          [31m-[0m[0m "owner"       = "lwam"
          [31m-[0m[0m "service"     = "platform"
        } [90m-> null[0m[0m
      [31m-[0m[0m vpc_id                                                       = "vpc-00cfe1339e0c0c86b" [90m-> null[0m[0m
      [31m-[0m[0m xff_header_processing_mode                                   = "append" [90m-> null[0m[0m
      [31m-[0m[0m zone_id                                                      = "Z368ELLRRE2KJ0" [90m-> null[0m[0m
        [90m# (3 unchanged attributes hidden)[0m[0m

      [31m-[0m[0m access_logs {
          [31m-[0m[0m bucket  = "devops-g3-alb-logs-240462142849" [90m-> null[0m[0m
          [31m-[0m[0m enabled = true [90m-> null[0m[0m
          [31m-[0m[0m prefix  = "alb" [90m-> null[0m[0m
        }

      [31m-[0m[0m connection_logs {
          [31m-[0m[0m enabled = false [90m-> null[0m[0m
            [90m# (2 unchanged attributes hidden)[0m[0m
        }

      [31m-[0m[0m health_check_logs {
          [31m-[0m[0m enabled = false [90m-> null[0m[0m
            [90m# (2 unchanged attributes hidden)[0m[0m
        }

      [31m-[0m[0m subnet_mapping {
          [31m-[0m[0m subnet_id            = "subnet-01cdc84de3b32c135" [90m-> null[0m[0m
            [90m# (4 unchanged attributes hidden)[0m[0m
        }
      [31m-[0m[0m subnet_mapping {
          [31m-[0m[0m subnet_id            = "subnet-07343877e9a03db98" [90m-> null[0m[0m
            [90m# (4 unchanged attributes hidden)[0m[0m
        }
    }

[1m  # module.alb.aws_lb_listener.this[0m will be [1m[31mdestroyed[0m
[0m  [31m-[0m[0m resource "aws_lb_listener" "this" {
      [31m-[0m[0m arn                                                                 = "arn:aws:elasticloadbalancing:us-west-1:240462142849:listener/app/devops-g3-alb/e95b36eadcda1e06/136ee9e2828b2a39" [90m-> null[0m[0m
      [31m-[0m[0m id                                                                  = "arn:aws:elasticloadbalancing:us-west-1:240462142849:listener/app/devops-g3-alb/e95b36eadcda1e06/136ee9e2828b2a39" [90m-> null[0m[0m
      [31m-[0m[0m load_balancer_arn                                                   = "arn:aws:elasticloadbalancing:us-west-1:240462142849:loadbalancer/app/devops-g3-alb/e95b36eadcda1e06" [90m-> null[0m[0m
      [31m-[0m[0m port                                                                = 80 [90m-> null[0m[0m
      [31m-[0m[0m protocol                                                            = "HTTP" [90m-> null[0m[0m
      [31m-[0m[0m region                                                              = "us-west-1" [90m-> null[0m[0m
      [31m-[0m[0m routing_http_response_server_enabled                                = true [90m-> null[0m[0m
      [31m-[0m[0m tags                                                                = {} [90m-> null[0m[0m
      [31m-[0m[0m tags_all                                                            = {
          [31m-[0m[0m "capstone"    = "tillflow"
          [31m-[0m[0m "environment" = "dev"
          [31m-[0m[0m "group"       = "devops-g3"
          [31m-[0m[0m "managed-by"  = "terraform"
          [31m-[0m[0m "owner"       = "lwam"
          [31m-[0m[0m "service"     = "platform"
        } [90m-> null[0m[0m
        [90m# (11 unchanged attributes hidden)[0m[0m

      [31m-[0m[0m default_action {
          [31m-[0m[0m order            = 1 [90m-> null[0m[0m
          [31m-[0m[0m type             = "fixed-response" [90m-> null[0m[0m
            [90m# (1 unchanged attribute hidden)[0m[0m

          [31m-[0m[0m fixed_response {
              [31m-[0m[0m content_type = "application/json" [90m-> null[0m[0m
              [31m-[0m[0m message_body = jsonencode(
                    {
                      [31m-[0m[0m error = "no route"
                    }
                ) [90m-> null[0m[0m
              [31m-[0m[0m status_code  = "404" [90m-> null[0m[0m
            }
        }
    }

[1m  # module.alb.aws_lb_listener_rule.blocked_paths["pos_internal"][0m will be [1m[31mdestroyed[0m
[0m  [31m-[0m[0m resource "aws_lb_listener_rule" "blocked_paths" {
      [31m-[0m[0m arn          = "arn:aws:elasticloadbalancing:us-west-1:240462142849:listener-rule/app/devops-g3-alb/e95b36eadcda1e06/136ee9e2828b2a39/941657d7c117eed6" [90m-> null[0m[0m
      [31m-[0m[0m id           = "arn:aws:elasticloadbalancing:us-west-1:240462142849:listener-rule/app/devops-g3-alb/e95b36eadcda1e06/136ee9e2828b2a39/941657d7c117eed6" [90m-> null[0m[0m
      [31m-[0m[0m listener_arn = "arn:aws:elasticloadbalancing:us-west-1:240462142849:listener/app/devops-g3-alb/e95b36eadcda1e06/136ee9e2828b2a39" [90m-> null[0m[0m
      [31m-[0m[0m priority     = 50 [90m-> null[0m[0m
      [31m-[0m[0m region       = "us-west-1" [90m-> null[0m[0m
      [31m-[0m[0m tags         = {
          [31m-[0m[0m "route" = "pos_internal"
        } [90m-> null[0m[0m
      [31m-[0m[0m tags_all     = {
          [31m-[0m[0m "capstone"    = "tillflow"
          [31m-[0m[0m "environment" = "dev"
          [31m-[0m[0m "group"       = "devops-g3"
          [31m-[0m[0m "managed-by"  = "terraform"
          [31m-[0m[0m "owner"       = "lwam"
          [31m-[0m[0m "route"       = "pos_internal"
          [31m-[0m[0m "service"     = "platform"
        } [90m-> null[0m[0m

      [31m-[0m[0m action {
          [31m-[0m[0m order            = 1 [90m-> null[0m[0m
          [31m-[0m[0m type             = "fixed-response" [90m-> null[0m[0m
            [90m# (1 unchanged attribute hidden)[0m[0m

          [31m-[0m[0m fixed_response {
              [31m-[0m[0m content_type = "application/json" [90m-> null[0m[0m
              [31m-[0m[0m message_body = jsonencode(
                    {
                      [31m-[0m[0m error = "not found"
                    }
                ) [90m-> null[0m[0m
              [31m-[0m[0m status_code  = "404" [90m-> null[0m[0m
            }
        }

      [31m-[0m[0m condition {
          [31m-[0m[0m path_pattern {
              [31m-[0m[0m regex_values = [] [90m-> null[0m[0m
              [31m-[0m[0m values       = [
                  [31m-[0m[0m "/api/pos/internal/*",
                ] [90m-> null[0m[0m
            }
        }
    }

[1m  # module.alb.aws_lb_listener_rule.this["grafana"][0m will be [1m[31mdestroyed[0m
[0m  [31m-[0m[0m resource "aws_lb_listener_rule" "this" {
      [31m-[0m[0m arn          = "arn:aws:elasticloadbalancing:us-west-1:240462142849:listener-rule/app/devops-g3-alb/e95b36eadcda1e06/136ee9e2828b2a39/b42959a0dae91dbb" [90m-> null[0m[0m
      [31m-[0m[0m id           = "arn:aws:elasticloadbalancing:us-west-1:240462142849:listener-rule/app/devops-g3-alb/e95b36eadcda1e06/136ee9e2828b2a39/b42959a0dae91dbb" [90m-> null[0m[0m
      [31m-[0m[0m listener_arn = "arn:aws:elasticloadbalancing:us-west-1:240462142849:listener/app/devops-g3-alb/e95b36eadcda1e06/136ee9e2828b2a39" [90m-> null[0m[0m
      [31m-[0m[0m priority     = 280 [90m-> null[0m[0m
      [31m-[0m[0m region       = "us-west-1" [90m-> null[0m[0m
      [31m-[0m[0m tags         = {
          [31m-[0m[0m "service" = "grafana"
        } [90m-> null[0m[0m
      [31m-[0m[0m tags_all     = {
          [31m-[0m[0m "capstone"    = "tillflow"
          [31m-[0m[0m "environment" = "dev"
          [31m-[0m[0m "group"       = "devops-g3"
          [31m-[0m[0m "managed-by"  = "terraform"
          [31m-[0m[0m "owner"       = "lwam"
          [31m-[0m[0m "service"     = "grafana"
        } [90m-> null[0m[0m

      [31m-[0m[0m action {
          [31m-[0m[0m order            = 1 [90m-> null[0m[0m
          [31m-[0m[0m target_group_arn = "arn:aws:elasticloadbalancing:us-west-1:240462142849:targetgroup/devops-g3-grafana/4d5f04b3c7f0712f" [90m-> null[0m[0m
          [31m-[0m[0m type             = "forward" [90m-> null[0m[0m
        }

      [31m-[0m[0m condition {
          [31m-[0m[0m path_pattern {
              [31m-[0m[0m regex_values = [] [90m-> null[0m[0m
              [31m-[0m[0m values       = [
                  [31m-[0m[0m "/v1/grafana",
                  [31m-[0m[0m "/v1/grafana/*",
                ] [90m-> null[0m[0m
            }
        }
    }

[1m  # module.alb.aws_lb_listener_rule.this["payments"][0m will be [1m[31mdestroyed[0m
[0m  [31m-[0m[0m resource "aws_lb_listener_rule" "this" {
      [31m-[0m[0m arn          = "arn:aws:elasticloadbalancing:us-west-1:240462142849:listener-rule/app/devops-g3-alb/e95b36eadcda1e06/136ee9e2828b2a39/ed5c6bfcad28df19" [90m-> null[0m[0m
      [31m-[0m[0m id           = "arn:aws:elasticloadbalancing:us-west-1:240462142849:listener-rule/app/devops-g3-alb/e95b36eadcda1e06/136ee9e2828b2a39/ed5c6bfcad28df19" [90m-> null[0m[0m
      [31m-[0m[0m listener_arn = "arn:aws:elasticloadbalancing:us-west-1:240462142849:listener/app/devops-g3-alb/e95b36eadcda1e06/136ee9e2828b2a39" [90m-> null[0m[0m
      [31m-[0m[0m priority     = 200 [90m-> null[0m[0m
      [31m-[0m[0m region       = "us-west-1" [90m-> null[0m[0m
      [31m-[0m[0m tags         = {
          [31m-[0m[0m "service" = "payments"
        } [90m-> null[0m[0m
      [31m-[0m[0m tags_all     = {
          [31m-[0m[0m "capstone"    = "tillflow"
          [31m-[0m[0m "environment" = "dev"
          [31m-[0m[0m "group"       = "devops-g3"
          [31m-[0m[0m "managed-by"  = "terraform"
          [31m-[0m[0m "owner"       = "lwam"
          [31m-[0m[0m "service"     = "payments"
        } [90m-> null[0m[0m

      [31m-[0m[0m action {
          [31m-[0m[0m order            = 1 [90m-> null[0m[0m
          [31m-[0m[0m target_group_arn = "arn:aws:elasticloadbalancing:us-west-1:240462142849:targetgroup/devops-g3-payments/4f23157db9c7a807" [90m-> null[0m[0m
          [31m-[0m[0m type             = "forward" [90m-> null[0m[0m
        }

      [31m-[0m[0m condition {
          [31m-[0m[0m path_pattern {
              [31m-[0m[0m regex_values = [] [90m-> null[0m[0m
              [31m-[0m[0m values       = [
                  [31m-[0m[0m "/api/payments/*",
                  [31m-[0m[0m "/callback/*",
                ] [90m-> null[0m[0m
            }
        }
    }

[1m  # module.alb.aws_lb_listener_rule.this["pos"][0m will be [1m[31mdestroyed[0m
[0m  [31m-[0m[0m resource "aws_lb_listener_rule" "this" {
      [31m-[0m[0m arn          = "arn:aws:elasticloadbalancing:us-west-1:240462142849:listener-rule/app/devops-g3-alb/e95b36eadcda1e06/136ee9e2828b2a39/5db3f1d6b9116722" [90m-> null[0m[0m
      [31m-[0m[0m id           = "arn:aws:elasticloadbalancing:us-west-1:240462142849:listener-rule/app/devops-g3-alb/e95b36eadcda1e06/136ee9e2828b2a39/5db3f1d6b9116722" [90m-> null[0m[0m
      [31m-[0m[0m listener_arn = "arn:aws:elasticloadbalancing:us-west-1:240462142849:listener/app/devops-g3-alb/e95b36eadcda1e06/136ee9e2828b2a39" [90m-> null[0m[0m
      [31m-[0m[0m priority     = 100 [90m-> null[0m[0m
      [31m-[0m[0m region       = "us-west-1" [90m-> null[0m[0m
      [31m-[0m[0m tags         = {
          [31m-[0m[0m "service" = "pos"
        } [90m-> null[0m[0m
      [31m-[0m[0m tags_all     = {
          [31m-[0m[0m "capstone"    = "tillflow"
          [31m-[0m[0m "environment" = "dev"
          [31m-[0m[0m "group"       = "devops-g3"
          [31m-[0m[0m "managed-by"  = "terraform"
          [31m-[0m[0m "owner"       = "lwam"
          [31m-[0m[0m "service"     = "pos"
        } [90m-> null[0m[0m

      [31m-[0m[0m action {
          [31m-[0m[0m order            = 1 [90m-> null[0m[0m
          [31m-[0m[0m target_group_arn = "arn:aws:elasticloadbalancing:us-west-1:240462142849:targetgroup/devops-g3-pos/54807cdfacc45b38" [90m-> null[0m[0m
          [31m-[0m[0m type             = "forward" [90m-> null[0m[0m
        }

      [31m-[0m[0m condition {
          [31m-[0m[0m path_pattern {
              [31m-[0m[0m regex_values = [] [90m-> null[0m[0m
              [31m-[0m[0m values       = [
                  [31m-[0m[0m "/api/pos/*",
                ] [90m-> null[0m[0m
            }
        }
    }

[1m  # module.alb.aws_lb_listener_rule.this["web"][0m will be [1m[31mdestroyed[0m
[0m  [31m-[0m[0m resource "aws_lb_listener_rule" "this" {
      [31m-[0m[0m arn          = "arn:aws:elasticloadbalancing:us-west-1:240462142849:listener-rule/app/devops-g3-alb/e95b36eadcda1e06/136ee9e2828b2a39/be8168945706a064" [90m-> null[0m[0m
      [31m-[0m[0m id           = "arn:aws:elasticloadbalancing:us-west-1:240462142849:listener-rule/app/devops-g3-alb/e95b36eadcda1e06/136ee9e2828b2a39/be8168945706a064" [90m-> null[0m[0m
      [31m-[0m[0m listener_arn = "arn:aws:elasticloadbalancing:us-west-1:240462142849:listener/app/devops-g3-alb/e95b36eadcda1e06/136ee9e2828b2a39" [90m-> null[0m[0m
      [31m-[0m[0m priority     = 300 [90m-> null[0m[0m
      [31m-[0m[0m region       = "us-west-1" [90m-> null[0m[0m
      [31m-[0m[0m tags         = {
          [31m-[0m[0m "service" = "web"
        } [90m-> null[0m[0m
      [31m-[0m[0m tags_all     = {
          [31m-[0m[0m "capstone"    = "tillflow"
          [31m-[0m[0m "environment" = "dev"
          [31m-[0m[0m "group"       = "devops-g3"
          [31m-[0m[0m "managed-by"  = "terraform"
          [31m-[0m[0m "owner"       = "lwam"
          [31m-[0m[0m "service"     = "web"
        } [90m-> null[0m[0m

      [31m-[0m[0m action {
          [31m-[0m[0m order            = 1 [90m-> null[0m[0m
          [31m-[0m[0m target_group_arn = "arn:aws:elasticloadbalancing:us-west-1:240462142849:targetgroup/devops-g3-web/c6f94e45af05f447" [90m-> null[0m[0m
          [31m-[0m[0m type             = "forward" [90m-> null[0m[0m
        }

      [31m-[0m[0m condition {
          [31m-[0m[0m path_pattern {
              [31m-[0m[0m regex_values = [] [90m-> null[0m[0m
              [31m-[0m[0m values       = [
                  [31m-[0m[0m "/*",
                ] [90m-> null[0m[0m
            }
        }
    }

[1m  # module.alb.aws_lb_target_group.this["grafana"][0m will be [1m[31mdestroyed[0m
[0m  [31m-[0m[0m resource "aws_lb_target_group" "this" {
      [31m-[0m[0m arn                                = "arn:aws:elasticloadbalancing:us-west-1:240462142849:targetgroup/devops-g3-grafana/4d5f04b3c7f0712f" [90m-> null[0m[0m
      [31m-[0m[0m arn_suffix                         = "targetgroup/devops-g3-grafana/4d5f04b3c7f0712f" [90m-> null[0m[0m
      [31m-[0m[0m deregistration_delay               = "30" [90m-> null[0m[0m
      [31m-[0m[0m id                                 = "arn:aws:elasticloadbalancing:us-west-1:240462142849:targetgroup/devops-g3-grafana/4d5f04b3c7f0712f" [90m-> null[0m[0m
      [31m-[0m[0m ip_address_type                    = "ipv4" [90m-> null[0m[0m
      [31m-[0m[0m lambda_multi_value_headers_enabled = false [90m-> null[0m[0m
      [31m-[0m[0m load_balancer_arns                 = [
          [31m-[0m[0m "arn:aws:elasticloadbalancing:us-west-1:240462142849:loadbalancer/app/devops-g3-alb/e95b36eadcda1e06",
        ] [90m-> null[0m[0m
      [31m-[0m[0m load_balancing_algorithm_type      = "round_robin" [90m-> null[0m[0m
      [31m-[0m[0m load_balancing_anomaly_mitigation  = "off" [90m-> null[0m[0m
      [31m-[0m[0m load_balancing_cross_zone_enabled  = "use_load_balancer_configuration" [90m-> null[0m[0m
      [31m-[0m[0m name                               = "devops-g3-grafana" [90m-> null[0m[0m
      [31m-[0m[0m port                               = 3000 [90m-> null[0m[0m
      [31m-[0m[0m protocol                           = "HTTP" [90m-> null[0m[0m
      [31m-[0m[0m protocol_version                   = "HTTP1" [90m-> null[0m[0m
      [31m-[0m[0m proxy_protocol_v2                  = false [90m-> null[0m[0m
      [31m-[0m[0m region                             = "us-west-1" [90m-> null[0m[0m
      [31m-[0m[0m slow_start                         = 0 [90m-> null[0m[0m
      [31m-[0m[0m tags                               = {
          [31m-[0m[0m "Name"    = "devops-g3-grafana"
          [31m-[0m[0m "service" = "grafana"
        } [90m-> null[0m[0m
      [31m-[0m[0m tags_all                           = {
          [31m-[0m[0m "Name"        = "devops-g3-grafana"
          [31m-[0m[0m "capstone"    = "tillflow"
          [31m-[0m[0m "environment" = "dev"
          [31m-[0m[0m "group"       = "devops-g3"
          [31m-[0m[0m "managed-by"  = "terraform"
          [31m-[0m[0m "owner"       = "lwam"
          [31m-[0m[0m "service"     = "grafana"
        } [90m-> null[0m[0m
      [31m-[0m[0m target_control_port                = 0 [90m-> null[0m[0m
      [31m-[0m[0m target_type                        = "ip" [90m-> null[0m[0m
      [31m-[0m[0m vpc_id                             = "vpc-00cfe1339e0c0c86b" [90m-> null[0m[0m
        [90m# (1 unchanged attribute hidden)[0m[0m

      [31m-[0m[0m health_check {
          [31m-[0m[0m enabled             = true [90m-> null[0m[0m
          [31m-[0m[0m healthy_threshold   = 2 [90m-> null[0m[0m
          [31m-[0m[0m interval            = 15 [90m-> null[0m[0m
          [31m-[0m[0m matcher             = "200" [90m-> null[0m[0m
          [31m-[0m[0m path                = "/api/health" [90m-> null[0m[0m
          [31m-[0m[0m port                = "traffic-port" [90m-> null[0m[0m
          [31m-[0m[0m protocol            = "HTTP" [90m-> null[0m[0m
          [31m-[0m[0m timeout             = 5 [90m-> null[0m[0m
          [31m-[0m[0m unhealthy_threshold = 3 [90m-> null[0m[0m
        }

      [31m-[0m[0m stickiness {
          [31m-[0m[0m cookie_duration = 86400 [90m-> null[0m[0m
          [31m-[0m[0m enabled         = false [90m-> null[0m[0m
          [31m-[0m[0m type            = "lb_cookie" [90m-> null[0m[0m
            [90m# (1 unchanged attribute hidden)[0m[0m
        }

      [31m-[0m[0m target_failover {}

      [31m-[0m[0m target_group_health {
          [31m-[0m[0m dns_failover {
              [31m-[0m[0m minimum_healthy_targets_count      = "1" [90m-> null[0m[0m
              [31m-[0m[0m minimum_healthy_targets_percentage = "off" [90m-> null[0m[0m
            }
          [31m-[0m[0m unhealthy_state_routing {
              [31m-[0m[0m minimum_healthy_targets_count      = 1 [90m-> null[0m[0m
              [31m-[0m[0m minimum_healthy_targets_percentage = "off" [90m-> null[0m[0m
            }
        }

      [31m-[0m[0m target_health_state {}
    }

[1m  # module.alb.aws_lb_target_group.this["payments"][0m will be [1m[31mdestroyed[0m
[0m  [31m-[0m[0m resource "aws_lb_target_group" "this" {
      [31m-[0m[0m arn                                = "arn:aws:elasticloadbalancing:us-west-1:240462142849:targetgroup/devops-g3-payments/4f23157db9c7a807" [90m-> null[0m[0m
      [31m-[0m[0m arn_suffix                         = "targetgroup/devops-g3-payments/4f23157db9c7a807" [90m-> null[0m[0m
      [31m-[0m[0m deregistration_delay               = "30" [90m-> null[0m[0m
      [31m-[0m[0m id                                 = "arn:aws:elasticloadbalancing:us-west-1:240462142849:targetgroup/devops-g3-payments/4f23157db9c7a807" [90m-> null[0m[0m
      [31m-[0m[0m ip_address_type                    = "ipv4" [90m-> null[0m[0m
      [31m-[0m[0m lambda_multi_value_headers_enabled = false [90m-> null[0m[0m
      [31m-[0m[0m load_balancer_arns                 = [
          [31m-[0m[0m "arn:aws:elasticloadbalancing:us-west-1:240462142849:loadbalancer/app/devops-g3-alb/e95b36eadcda1e06",
        ] [90m-> null[0m[0m
      [31m-[0m[0m load_balancing_algorithm_type      = "round_robin" [90m-> null[0m[0m
      [31m-[0m[0m load_balancing_anomaly_mitigation  = "off" [90m-> null[0m[0m
      [31m-[0m[0m load_balancing_cross_zone_enabled  = "use_load_balancer_configuration" [90m-> null[0m[0m
      [31m-[0m[0m name                               = "devops-g3-payments" [90m-> null[0m[0m
      [31m-[0m[0m port                               = 8080 [90m-> null[0m[0m
      [31m-[0m[0m protocol                           = "HTTP" [90m-> null[0m[0m
      [31m-[0m[0m protocol_version                   = "HTTP1" [90m-> null[0m[0m
      [31m-[0m[0m proxy_protocol_v2                  = false [90m-> null[0m[0m
      [31m-[0m[0m region                             = "us-west-1" [90m-> null[0m[0m
      [31m-[0m[0m slow_start                         = 0 [90m-> null[0m[0m
      [31m-[0m[0m tags                               = {
          [31m-[0m[0m "Name"    = "devops-g3-payments"
          [31m-[0m[0m "service" = "payments"
        } [90m-> null[0m[0m
      [31m-[0m[0m tags_all                           = {
          [31m-[0m[0m "Name"        = "devops-g3-payments"
          [31m-[0m[0m "capstone"    = "tillflow"
          [31m-[0m[0m "environment" = "dev"
          [31m-[0m[0m "group"       = "devops-g3"
          [31m-[0m[0m "managed-by"  = "terraform"
          [31m-[0m[0m "owner"       = "lwam"
          [31m-[0m[0m "service"     = "payments"
        } [90m-> null[0m[0m
      [31m-[0m[0m target_control_port                = 0 [90m-> null[0m[0m
      [31m-[0m[0m target_type                        = "ip" [90m-> null[0m[0m
      [31m-[0m[0m vpc_id                             = "vpc-00cfe1339e0c0c86b" [90m-> null[0m[0m
        [90m# (1 unchanged attribute hidden)[0m[0m

      [31m-[0m[0m health_check {
          [31m-[0m[0m enabled             = true [90m-> null[0m[0m
          [31m-[0m[0m healthy_threshold   = 2 [90m-> null[0m[0m
          [31m-[0m[0m interval            = 15 [90m-> null[0m[0m
          [31m-[0m[0m matcher             = "200" [90m-> null[0m[0m
          [31m-[0m[0m path                = "/ready" [90m-> null[0m[0m
          [31m-[0m[0m port                = "traffic-port" [90m-> null[0m[0m
          [31m-[0m[0m protocol            = "HTTP" [90m-> null[0m[0m
          [31m-[0m[0m timeout             = 5 [90m-> null[0m[0m
          [31m-[0m[0m unhealthy_threshold = 3 [90m-> null[0m[0m
        }

      [31m-[0m[0m stickiness {
          [31m-[0m[0m cookie_duration = 86400 [90m-> null[0m[0m
          [31m-[0m[0m enabled         = false [90m-> null[0m[0m
          [31m-[0m[0m type            = "lb_cookie" [90m-> null[0m[0m
            [90m# (1 unchanged attribute hidden)[0m[0m
        }

      [31m-[0m[0m target_failover {}

      [31m-[0m[0m target_group_health {
          [31m-[0m[0m dns_failover {
              [31m-[0m[0m minimum_healthy_targets_count      = "1" [90m-> null[0m[0m
              [31m-[0m[0m minimum_healthy_targets_percentage = "off" [90m-> null[0m[0m
            }
          [31m-[0m[0m unhealthy_state_routing {
              [31m-[0m[0m minimum_healthy_targets_count      = 1 [90m-> null[0m[0m
              [31m-[0m[0m minimum_healthy_targets_percentage = "off" [90m-> null[0m[0m
            }
        }

      [31m-[0m[0m target_health_state {}
    }

[1m  # module.alb.aws_lb_target_group.this["pos"][0m will be [1m[31mdestroyed[0m
[0m  [31m-[0m[0m resource "aws_lb_target_group" "this" {
      [31m-[0m[0m arn                                = "arn:aws:elasticloadbalancing:us-west-1:240462142849:targetgroup/devops-g3-pos/54807cdfacc45b38" [90m-> null[0m[0m
      [31m-[0m[0m arn_suffix                         = "targetgroup/devops-g3-pos/54807cdfacc45b38" [90m-> null[0m[0m
      [31m-[0m[0m deregistration_delay               = "30" [90m-> null[0m[0m
      [31m-[0m[0m id                                 = "arn:aws:elasticloadbalancing:us-west-1:240462142849:targetgroup/devops-g3-pos/54807cdfacc45b38" [90m-> null[0m[0m
      [31m-[0m[0m ip_address_type                    = "ipv4" [90m-> null[0m[0m
      [31m-[0m[0m lambda_multi_value_headers_enabled = false [90m-> null[0m[0m
      [31m-[0m[0m load_balancer_arns                 = [
          [31m-[0m[0m "arn:aws:elasticloadbalancing:us-west-1:240462142849:loadbalancer/app/devops-g3-alb/e95b36eadcda1e06",
        ] [90m-> null[0m[0m
      [31m-[0m[0m load_balancing_algorithm_type      = "round_robin" [90m-> null[0m[0m
      [31m-[0m[0m load_balancing_anomaly_mitigation  = "off" [90m-> null[0m[0m
      [31m-[0m[0m load_balancing_cross_zone_enabled  = "use_load_balancer_configuration" [90m-> null[0m[0m
      [31m-[0m[0m name                               = "devops-g3-pos" [90m-> null[0m[0m
      [31m-[0m[0m port                               = 8080 [90m-> null[0m[0m
      [31m-[0m[0m protocol                           = "HTTP" [90m-> null[0m[0m
      [31m-[0m[0m protocol_version                   = "HTTP1" [90m-> null[0m[0m
      [31m-[0m[0m proxy_protocol_v2                  = false [90m-> null[0m[0m
      [31m-[0m[0m region                             = "us-west-1" [90m-> null[0m[0m
      [31m-[0m[0m slow_start                         = 0 [90m-> null[0m[0m
      [31m-[0m[0m tags                               = {
          [31m-[0m[0m "Name"    = "devops-g3-pos"
          [31m-[0m[0m "service" = "pos"
        } [90m-> null[0m[0m
      [31m-[0m[0m tags_all                           = {
          [31m-[0m[0m "Name"        = "devops-g3-pos"
          [31m-[0m[0m "capstone"    = "tillflow"
          [31m-[0m[0m "environment" = "dev"
          [31m-[0m[0m "group"       = "devops-g3"
          [31m-[0m[0m "managed-by"  = "terraform"
          [31m-[0m[0m "owner"       = "lwam"
          [31m-[0m[0m "service"     = "pos"
        } [90m-> null[0m[0m
      [31m-[0m[0m target_control_port                = 0 [90m-> null[0m[0m
      [31m-[0m[0m target_type                        = "ip" [90m-> null[0m[0m
      [31m-[0m[0m vpc_id                             = "vpc-00cfe1339e0c0c86b" [90m-> null[0m[0m
        [90m# (1 unchanged attribute hidden)[0m[0m

      [31m-[0m[0m health_check {
          [31m-[0m[0m enabled             = true [90m-> null[0m[0m
          [31m-[0m[0m healthy_threshold   = 2 [90m-> null[0m[0m
          [31m-[0m[0m interval            = 15 [90m-> null[0m[0m
          [31m-[0m[0m matcher             = "200" [90m-> null[0m[0m
          [31m-[0m[0m path                = "/ready" [90m-> null[0m[0m
          [31m-[0m[0m port                = "traffic-port" [90m-> null[0m[0m
          [31m-[0m[0m protocol            = "HTTP" [90m-> null[0m[0m
          [31m-[0m[0m timeout             = 5 [90m-> null[0m[0m
          [31m-[0m[0m unhealthy_threshold = 3 [90m-> null[0m[0m
        }

      [31m-[0m[0m stickiness {
          [31m-[0m[0m cookie_duration = 86400 [90m-> null[0m[0m
          [31m-[0m[0m enabled         = false [90m-> null[0m[0m
          [31m-[0m[0m type            = "lb_cookie" [90m-> null[0m[0m
            [90m# (1 unchanged attribute hidden)[0m[0m
        }

      [31m-[0m[0m target_failover {}

      [31m-[0m[0m target_group_health {
          [31m-[0m[0m dns_failover {
              [31m-[0m[0m minimum_healthy_targets_count      = "1" [90m-> null[0m[0m
              [31m-[0m[0m minimum_healthy_targets_percentage = "off" [90m-> null[0m[0m
            }
          [31m-[0m[0m unhealthy_state_routing {
              [31m-[0m[0m minimum_healthy_targets_count      = 1 [90m-> null[0m[0m
              [31m-[0m[0m minimum_healthy_targets_percentage = "off" [90m-> null[0m[0m
            }
        }

      [31m-[0m[0m target_health_state {}
    }

[1m  # module.alb.aws_lb_target_group.this["web"][0m will be [1m[31mdestroyed[0m
[0m  [31m-[0m[0m resource "aws_lb_target_group" "this" {
      [31m-[0m[0m arn                                = "arn:aws:elasticloadbalancing:us-west-1:240462142849:targetgroup/devops-g3-web/c6f94e45af05f447" [90m-> null[0m[0m
      [31m-[0m[0m arn_suffix                         = "targetgroup/devops-g3-web/c6f94e45af05f447" [90m-> null[0m[0m
      [31m-[0m[0m deregistration_delay               = "30" [90m-> null[0m[0m
      [31m-[0m[0m id                                 = "arn:aws:elasticloadbalancing:us-west-1:240462142849:targetgroup/devops-g3-web/c6f94e45af05f447" [90m-> null[0m[0m
      [31m-[0m[0m ip_address_type                    = "ipv4" [90m-> null[0m[0m
      [31m-[0m[0m lambda_multi_value_headers_enabled = false [90m-> null[0m[0m
      [31m-[0m[0m load_balancer_arns                 = [
          [31m-[0m[0m "arn:aws:elasticloadbalancing:us-west-1:240462142849:loadbalancer/app/devops-g3-alb/e95b36eadcda1e06",
        ] [90m-> null[0m[0m
      [31m-[0m[0m load_balancing_algorithm_type      = "round_robin" [90m-> null[0m[0m
      [31m-[0m[0m load_balancing_anomaly_mitigation  = "off" [90m-> null[0m[0m
      [31m-[0m[0m load_balancing_cross_zone_enabled  = "use_load_balancer_configuration" [90m-> null[0m[0m
      [31m-[0m[0m name                               = "devops-g3-web" [90m-> null[0m[0m
      [31m-[0m[0m port                               = 8080 [90m-> null[0m[0m
      [31m-[0m[0m protocol                           = "HTTP" [90m-> null[0m[0m
      [31m-[0m[0m protocol_version                   = "HTTP1" [90m-> null[0m[0m
      [31m-[0m[0m proxy_protocol_v2                  = false [90m-> null[0m[0m
      [31m-[0m[0m region                             = "us-west-1" [90m-> null[0m[0m
      [31m-[0m[0m slow_start                         = 0 [90m-> null[0m[0m
      [31m-[0m[0m tags                               = {
          [31m-[0m[0m "Name"    = "devops-g3-web"
          [31m-[0m[0m "service" = "web"
        } [90m-> null[0m[0m
      [31m-[0m[0m tags_all                           = {
          [31m-[0m[0m "Name"        = "devops-g3-web"
          [31m-[0m[0m "capstone"    = "tillflow"
          [31m-[0m[0m "environment" = "dev"
          [31m-[0m[0m "group"       = "devops-g3"
          [31m-[0m[0m "managed-by"  = "terraform"
          [31m-[0m[0m "owner"       = "lwam"
          [31m-[0m[0m "service"     = "web"
        } [90m-> null[0m[0m
      [31m-[0m[0m target_control_port                = 0 [90m-> null[0m[0m
      [31m-[0m[0m target_type                        = "ip" [90m-> null[0m[0m
      [31m-[0m[0m vpc_id                             = "vpc-00cfe1339e0c0c86b" [90m-> null[0m[0m
        [90m# (1 unchanged attribute hidden)[0m[0m

      [31m-[0m[0m health_check {
          [31m-[0m[0m enabled             = true [90m-> null[0m[0m
          [31m-[0m[0m healthy_threshold   = 2 [90m-> null[0m[0m
          [31m-[0m[0m interval            = 15 [90m-> null[0m[0m
          [31m-[0m[0m matcher             = "200" [90m-> null[0m[0m
          [31m-[0m[0m path                = "/ready" [90m-> null[0m[0m
          [31m-[0m[0m port                = "traffic-port" [90m-> null[0m[0m
          [31m-[0m[0m protocol            = "HTTP" [90m-> null[0m[0m
          [31m-[0m[0m timeout             = 5 [90m-> null[0m[0m
          [31m-[0m[0m unhealthy_threshold = 3 [90m-> null[0m[0m
        }

      [31m-[0m[0m stickiness {
          [31m-[0m[0m cookie_duration = 86400 [90m-> null[0m[0m
          [31m-[0m[0m enabled         = false [90m-> null[0m[0m
          [31m-[0m[0m type            = "lb_cookie" [90m-> null[0m[0m
            [90m# (1 unchanged attribute hidden)[0m[0m
        }

      [31m-[0m[0m target_failover {}

      [31m-[0m[0m target_group_health {
          [31m-[0m[0m dns_failover {
              [31m-[0m[0m minimum_healthy_targets_count      = "1" [90m-> null[0m[0m
              [31m-[0m[0m minimum_healthy_targets_percentage = "off" [90m-> null[0m[0m
            }
          [31m-[0m[0m unhealthy_state_routing {
              [31m-[0m[0m minimum_healthy_targets_count      = 1 [90m-> null[0m[0m
              [31m-[0m[0m minimum_healthy_targets_percentage = "off" [90m-> null[0m[0m
            }
        }

      [31m-[0m[0m target_health_state {}
    }

[1m  # module.alb.aws_security_group.this[0m will be [1m[31mdestroyed[0m
[0m  [31m-[0m[0m resource "aws_security_group" "this" {
      [31m-[0m[0m arn                    = "arn:aws:ec2:us-west-1:240462142849:security-group/sg-082d68629ef628a7c" [90m-> null[0m[0m
      [31m-[0m[0m description            = "Internal ALB - inbound from the API Gateway VPC Link only" [90m-> null[0m[0m
      [31m-[0m[0m egress                 = [
          [31m-[0m[0m {
              [31m-[0m[0m cidr_blocks      = [
                  [31m-[0m[0m "10.20.0.0/16",
                ]
              [31m-[0m[0m description      = "To ECS targets inside the VPC"
              [31m-[0m[0m from_port        = 0
              [31m-[0m[0m ipv6_cidr_blocks = []
              [31m-[0m[0m prefix_list_ids  = []
              [31m-[0m[0m protocol         = "-1"
              [31m-[0m[0m security_groups  = []
              [31m-[0m[0m self             = false
              [31m-[0m[0m to_port          = 0
            },
        ] [90m-> null[0m[0m
      [31m-[0m[0m id                     = "sg-082d68629ef628a7c" [90m-> null[0m[0m
      [31m-[0m[0m ingress                = [
          [31m-[0m[0m {
              [31m-[0m[0m cidr_blocks      = []
              [31m-[0m[0m description      = "HTTP from the API Gateway VPC Link ENIs"
              [31m-[0m[0m from_port        = 80
              [31m-[0m[0m ipv6_cidr_blocks = []
              [31m-[0m[0m prefix_list_ids  = []
              [31m-[0m[0m protocol         = "tcp"
              [31m-[0m[0m security_groups  = [
                  [31m-[0m[0m "sg-03f2f98922102897c",
                ]
              [31m-[0m[0m self             = false
              [31m-[0m[0m to_port          = 80
            },
        ] [90m-> null[0m[0m
      [31m-[0m[0m name                   = "devops-g3-alb" [90m-> null[0m[0m
      [31m-[0m[0m owner_id               = "240462142849" [90m-> null[0m[0m
      [31m-[0m[0m region                 = "us-west-1" [90m-> null[0m[0m
      [31m-[0m[0m revoke_rules_on_delete = false [90m-> null[0m[0m
      [31m-[0m[0m tags                   = {
          [31m-[0m[0m "Name" = "devops-g3-alb"
        } [90m-> null[0m[0m
      [31m-[0m[0m tags_all               = {
          [31m-[0m[0m "Name"        = "devops-g3-alb"
          [31m-[0m[0m "capstone"    = "tillflow"
          [31m-[0m[0m "environment" = "dev"
          [31m-[0m[0m "group"       = "devops-g3"
          [31m-[0m[0m "managed-by"  = "terraform"
          [31m-[0m[0m "owner"       = "lwam"
          [31m-[0m[0m "service"     = "platform"
        } [90m-> null[0m[0m
      [31m-[0m[0m vpc_id                 = "vpc-00cfe1339e0c0c86b" [90m-> null[0m[0m
        [90m# (1 unchanged attribute hidden)[0m[0m
    }

[1m  # module.alb.aws_vpc_security_group_egress_rule.to_targets[0m will be [1m[31mdestroyed[0m
[0m  [31m-[0m[0m resource "aws_vpc_security_group_egress_rule" "to_targets" {
      [31m-[0m[0m arn                    = "arn:aws:ec2:us-west-1:240462142849:security-group-rule/sgr-02b5bf2ee8f42788b" [90m-> null[0m[0m
      [31m-[0m[0m cidr_ipv4              = "10.20.0.0/16" [90m-> null[0m[0m
      [31m-[0m[0m description            = "To ECS targets inside the VPC" [90m-> null[0m[0m
      [31m-[0m[0m id                     = "sgr-02b5bf2ee8f42788b" [90m-> null[0m[0m
      [31m-[0m[0m ip_protocol            = "-1" [90m-> null[0m[0m
      [31m-[0m[0m region                 = "us-west-1" [90m-> null[0m[0m
      [31m-[0m[0m security_group_id      = "sg-082d68629ef628a7c" [90m-> null[0m[0m
      [31m-[0m[0m security_group_rule_id = "sgr-02b5bf2ee8f42788b" [90m-> null[0m[0m
      [31m-[0m[0m tags_all               = {
          [31m-[0m[0m "capstone"    = "tillflow"
          [31m-[0m[0m "environment" = "dev"
          [31m-[0m[0m "group"       = "devops-g3"
          [31m-[0m[0m "managed-by"  = "terraform"
          [31m-[0m[0m "owner"       = "lwam"
          [31m-[0m[0m "service"     = "platform"
        } [90m-> null[0m[0m
    }

[1m  # module.alb.aws_vpc_security_group_ingress_rule.from_vpc_link[0m will be [1m[31mdestroyed[0m
[0m  [31m-[0m[0m resource "aws_vpc_security_group_ingress_rule" "from_vpc_link" {
      [31m-[0m[0m arn                          = "arn:aws:ec2:us-west-1:240462142849:security-group-rule/sgr-051d8202234084bff" [90m-> null[0m[0m
      [31m-[0m[0m description                  = "HTTP from the API Gateway VPC Link ENIs" [90m-> null[0m[0m
      [31m-[0m[0m from_port                    = 80 [90m-> null[0m[0m
      [31m-[0m[0m id                           = "sgr-051d8202234084bff" [90m-> null[0m[0m
      [31m-[0m[0m ip_protocol                  = "tcp" [90m-> null[0m[0m
      [31m-[0m[0m referenced_security_group_id = "sg-03f2f98922102897c" [90m-> null[0m[0m
      [31m-[0m[0m region                       = "us-west-1" [90m-> null[0m[0m
      [31m-[0m[0m security_group_id            = "sg-082d68629ef628a7c" [90m-> null[0m[0m
      [31m-[0m[0m security_group_rule_id       = "sgr-051d8202234084bff" [90m-> null[0m[0m
      [31m-[0m[0m tags_all                     = {
          [31m-[0m[0m "capstone"    = "tillflow"
          [31m-[0m[0m "environment" = "dev"
          [31m-[0m[0m "group"       = "devops-g3"
          [31m-[0m[0m "managed-by"  = "terraform"
          [31m-[0m[0m "owner"       = "lwam"
          [31m-[0m[0m "service"     = "platform"
        } [90m-> null[0m[0m
      [31m-[0m[0m to_port                      = 80 [90m-> null[0m[0m
    }

[1m  # module.amp.aws_prometheus_workspace.this[0m will be [1m[31mdestroyed[0m
[0m  [31m-[0m[0m resource "aws_prometheus_workspace" "this" {
      [31m-[0m[0m alias               = "devops-g3" [90m-> null[0m[0m
      [31m-[0m[0m arn                 = "arn:aws:aps:us-west-1:240462142849:workspace/ws-40261a89-bf51-45ee-a25b-e5fdfa21b69d" [90m-> null[0m[0m
      [31m-[0m[0m id                  = "ws-40261a89-bf51-45ee-a25b-e5fdfa21b69d" [90m-> null[0m[0m
      [31m-[0m[0m prometheus_endpoint = "https://aps-workspaces.us-west-1.amazonaws.com/workspaces/ws-40261a89-bf51-45ee-a25b-e5fdfa21b69d/" [90m-> null[0m[0m
      [31m-[0m[0m region              = "us-west-1" [90m-> null[0m[0m
      [31m-[0m[0m tags                = {
          [31m-[0m[0m "Name"    = "devops-g3-amp"
          [31m-[0m[0m "service" = "telemetry"
        } [90m-> null[0m[0m
      [31m-[0m[0m tags_all            = {
          [31m-[0m[0m "Name"        = "devops-g3-amp"
          [31m-[0m[0m "capstone"    = "tillflow"
          [31m-[0m[0m "environment" = "dev"
          [31m-[0m[0m "group"       = "devops-g3"
          [31m-[0m[0m "managed-by"  = "terraform"
          [31m-[0m[0m "owner"       = "lwam"
          [31m-[0m[0m "service"     = "telemetry"
        } [90m-> null[0m[0m
        [90m# (1 unchanged attribute hidden)[0m[0m
    }

[1m  # module.apigw.aws_apigatewayv2_api.this[0m will be [1m[31mdestroyed[0m
[0m  [31m-[0m[0m resource "aws_apigatewayv2_api" "this" {
      [31m-[0m[0m api_endpoint                 = "https://w6m0ja1aic.execute-api.us-west-1.amazonaws.com" [90m-> null[0m[0m
      [31m-[0m[0m api_key_selection_expression = "$request.header.x-api-key" [90m-> null[0m[0m
      [31m-[0m[0m arn                          = "arn:aws:apigateway:us-west-1::/apis/w6m0ja1aic" [90m-> null[0m[0m
      [31m-[0m[0m description                  = "TillFlow public edge" [90m-> null[0m[0m
      [31m-[0m[0m disable_execute_api_endpoint = false [90m-> null[0m[0m
      [31m-[0m[0m execution_arn                = "arn:aws:execute-api:us-west-1:240462142849:w6m0ja1aic" [90m-> null[0m[0m
      [31m-[0m[0m id                           = "w6m0ja1aic" [90m-> null[0m[0m
      [31m-[0m[0m ip_address_type              = "ipv4" [90m-> null[0m[0m
      [31m-[0m[0m name                         = "devops-g3-api" [90m-> null[0m[0m
      [31m-[0m[0m protocol_type                = "HTTP" [90m-> null[0m[0m
      [31m-[0m[0m region                       = "us-west-1" [90m-> null[0m[0m
      [31m-[0m[0m route_selection_expression   = "$request.method $request.path" [90m-> null[0m[0m
      [31m-[0m[0m tags                         = {} [90m-> null[0m[0m
      [31m-[0m[0m tags_all                     = {
          [31m-[0m[0m "capstone"    = "tillflow"
          [31m-[0m[0m "environment" = "dev"
          [31m-[0m[0m "group"       = "devops-g3"
          [31m-[0m[0m "managed-by"  = "terraform"
          [31m-[0m[0m "owner"       = "lwam"
          [31m-[0m[0m "service"     = "platform"
        } [90m-> null[0m[0m
        [90m# (1 unchanged attribute hidden)[0m[0m

      [31m-[0m[0m cors_configuration {
          [31m-[0m[0m allow_credentials = false [90m-> null[0m[0m
          [31m-[0m[0m allow_headers     = [
              [31m-[0m[0m "authorization",
              [31m-[0m[0m "content-type",
              [31m-[0m[0m "idempotency-key",
            ] [90m-> null[0m[0m
          [31m-[0m[0m allow_methods     = [
              [31m-[0m[0m "DELETE",
              [31m-[0m[0m "GET",
              [31m-[0m[0m "OPTIONS",
              [31m-[0m[0m "PATCH",
              [31m-[0m[0m "POST",
              [31m-[0m[0m "PUT",
            ] [90m-> null[0m[0m
          [31m-[0m[0m allow_origins     = [
              [31m-[0m[0m "*",
            ] [90m-> null[0m[0m
          [31m-[0m[0m expose_headers    = [] [90m-> null[0m[0m
          [31m-[0m[0m max_age           = 300 [90m-> null[0m[0m
        }
    }

[1m  # module.apigw.aws_apigatewayv2_integration.alb[0m will be [1m[31mdestroyed[0m
[0m  [31m-[0m[0m resource "aws_apigatewayv2_integration" "alb" {
      [31m-[0m[0m api_id                                    = "w6m0ja1aic" [90m-> null[0m[0m
      [31m-[0m[0m connection_id                             = "q2zs31" [90m-> null[0m[0m
      [31m-[0m[0m connection_type                           = "VPC_LINK" [90m-> null[0m[0m
      [31m-[0m[0m id                                        = "890w6ri" [90m-> null[0m[0m
      [31m-[0m[0m integration_method                        = "ANY" [90m-> null[0m[0m
      [31m-[0m[0m integration_type                          = "HTTP_PROXY" [90m-> null[0m[0m
      [31m-[0m[0m integration_uri                           = "arn:aws:elasticloadbalancing:us-west-1:240462142849:listener/app/devops-g3-alb/e95b36eadcda1e06/136ee9e2828b2a39" [90m-> null[0m[0m
      [31m-[0m[0m payload_format_version                    = "1.0" [90m-> null[0m[0m
      [31m-[0m[0m region                                    = "us-west-1" [90m-> null[0m[0m
      [31m-[0m[0m request_parameters                        = {
          [31m-[0m[0m "overwrite:path" = "$request.path"
        } [90m-> null[0m[0m
      [31m-[0m[0m request_templates                         = {} [90m-> null[0m[0m
      [31m-[0m[0m timeout_milliseconds                      = 29000 [90m-> null[0m[0m
        [90m# (7 unchanged attributes hidden)[0m[0m
    }

[1m  # module.apigw.aws_apigatewayv2_integration.alb_grafana[0m will be [1m[31mdestroyed[0m
[0m  [31m-[0m[0m resource "aws_apigatewayv2_integration" "alb_grafana" {
      [31m-[0m[0m api_id                                    = "w6m0ja1aic" [90m-> null[0m[0m
      [31m-[0m[0m connection_id                             = "q2zs31" [90m-> null[0m[0m
      [31m-[0m[0m connection_type                           = "VPC_LINK" [90m-> null[0m[0m
      [31m-[0m[0m id                                        = "j5x2wz2" [90m-> null[0m[0m
      [31m-[0m[0m integration_method                        = "ANY" [90m-> null[0m[0m
      [31m-[0m[0m integration_type                          = "HTTP_PROXY" [90m-> null[0m[0m
      [31m-[0m[0m integration_uri                           = "arn:aws:elasticloadbalancing:us-west-1:240462142849:listener/app/devops-g3-alb/e95b36eadcda1e06/136ee9e2828b2a39" [90m-> null[0m[0m
      [31m-[0m[0m payload_format_version                    = "1.0" [90m-> null[0m[0m
      [31m-[0m[0m region                                    = "us-west-1" [90m-> null[0m[0m
      [31m-[0m[0m request_parameters                        = {
          [31m-[0m[0m "overwrite:path" = "/v1/grafana/$request.path.proxy"
        } [90m-> null[0m[0m
      [31m-[0m[0m request_templates                         = {} [90m-> null[0m[0m
      [31m-[0m[0m timeout_milliseconds                      = 29000 [90m-> null[0m[0m
        [90m# (7 unchanged attributes hidden)[0m[0m
    }

[1m  # module.apigw.aws_apigatewayv2_integration.alb_grafana_root[0m will be [1m[31mdestroyed[0m
[0m  [31m-[0m[0m resource "aws_apigatewayv2_integration" "alb_grafana_root" {
      [31m-[0m[0m api_id                                    = "w6m0ja1aic" [90m-> null[0m[0m
      [31m-[0m[0m connection_id                             = "q2zs31" [90m-> null[0m[0m
      [31m-[0m[0m connection_type                           = "VPC_LINK" [90m-> null[0m[0m
      [31m-[0m[0m id                                        = "0ptpmol" [90m-> null[0m[0m
      [31m-[0m[0m integration_method                        = "ANY" [90m-> null[0m[0m
      [31m-[0m[0m integration_type                          = "HTTP_PROXY" [90m-> null[0m[0m
      [31m-[0m[0m integration_uri                           = "arn:aws:elasticloadbalancing:us-west-1:240462142849:listener/app/devops-g3-alb/e95b36eadcda1e06/136ee9e2828b2a39" [90m-> null[0m[0m
      [31m-[0m[0m payload_format_version                    = "1.0" [90m-> null[0m[0m
      [31m-[0m[0m region                                    = "us-west-1" [90m-> null[0m[0m
      [31m-[0m[0m request_parameters                        = {
          [31m-[0m[0m "overwrite:path" = "/v1/grafana/"
        } [90m-> null[0m[0m
      [31m-[0m[0m request_templates                         = {} [90m-> null[0m[0m
      [31m-[0m[0m timeout_milliseconds                      = 29000 [90m-> null[0m[0m
        [90m# (7 unchanged attributes hidden)[0m[0m
    }

[1m  # module.apigw.aws_apigatewayv2_route.grafana_proxy[0m will be [1m[31mdestroyed[0m
[0m  [31m-[0m[0m resource "aws_apigatewayv2_route" "grafana_proxy" {
      [31m-[0m[0m api_id                              = "w6m0ja1aic" [90m-> null[0m[0m
      [31m-[0m[0m api_key_required                    = false [90m-> null[0m[0m
      [31m-[0m[0m authorization_scopes                = [] [90m-> null[0m[0m
      [31m-[0m[0m authorization_type                  = "NONE" [90m-> null[0m[0m
      [31m-[0m[0m id                                  = "bwmzyqq" [90m-> null[0m[0m
      [31m-[0m[0m region                              = "us-west-1" [90m-> null[0m[0m
      [31m-[0m[0m request_models                      = {} [90m-> null[0m[0m
      [31m-[0m[0m route_key                           = "ANY /grafana/{proxy+}" [90m-> null[0m[0m
      [31m-[0m[0m target                              = "integrations/j5x2wz2" [90m-> null[0m[0m
        [90m# (4 unchanged attributes hidden)[0m[0m
    }

[1m  # module.apigw.aws_apigatewayv2_route.grafana_root[0m will be [1m[31mdestroyed[0m
[0m  [31m-[0m[0m resource "aws_apigatewayv2_route" "grafana_root" {
      [31m-[0m[0m api_id                              = "w6m0ja1aic" [90m-> null[0m[0m
      [31m-[0m[0m api_key_required                    = false [90m-> null[0m[0m
      [31m-[0m[0m authorization_scopes                = [] [90m-> null[0m[0m
      [31m-[0m[0m authorization_type                  = "NONE" [90m-> null[0m[0m
      [31m-[0m[0m id                                  = "wm6wigf" [90m-> null[0m[0m
      [31m-[0m[0m region                              = "us-west-1" [90m-> null[0m[0m
      [31m-[0m[0m request_models                      = {} [90m-> null[0m[0m
      [31m-[0m[0m route_key                           = "ANY /grafana" [90m-> null[0m[0m
      [31m-[0m[0m target                              = "integrations/0ptpmol" [90m-> null[0m[0m
        [90m# (4 unchanged attributes hidden)[0m[0m
    }

[1m  # module.apigw.aws_apigatewayv2_route.proxy[0m will be [1m[31mdestroyed[0m
[0m  [31m-[0m[0m resource "aws_apigatewayv2_route" "proxy" {
      [31m-[0m[0m api_id                              = "w6m0ja1aic" [90m-> null[0m[0m
      [31m-[0m[0m api_key_required                    = false [90m-> null[0m[0m
      [31m-[0m[0m authorization_scopes                = [] [90m-> null[0m[0m
      [31m-[0m[0m authorization_type                  = "NONE" [90m-> null[0m[0m
      [31m-[0m[0m id                                  = "vcwqld9" [90m-> null[0m[0m
      [31m-[0m[0m region                              = "us-west-1" [90m-> null[0m[0m
      [31m-[0m[0m request_models                      = {} [90m-> null[0m[0m
      [31m-[0m[0m route_key                           = "ANY /{proxy+}" [90m-> null[0m[0m
      [31m-[0m[0m target                              = "integrations/890w6ri" [90m-> null[0m[0m
        [90m# (4 unchanged attributes hidden)[0m[0m
    }

[1m  # module.apigw.aws_apigatewayv2_stage.this[0m will be [1m[31mdestroyed[0m
[0m  [31m-[0m[0m resource "aws_apigatewayv2_stage" "this" {
      [31m-[0m[0m api_id                = "w6m0ja1aic" [90m-> null[0m[0m
      [31m-[0m[0m arn                   = "arn:aws:apigateway:us-west-1::/apis/w6m0ja1aic/stages/v1" [90m-> null[0m[0m
      [31m-[0m[0m auto_deploy           = true [90m-> null[0m[0m
      [31m-[0m[0m deployment_id         = "24y251" [90m-> null[0m[0m
      [31m-[0m[0m execution_arn         = "arn:aws:execute-api:us-west-1:240462142849:w6m0ja1aic/v1" [90m-> null[0m[0m
      [31m-[0m[0m id                    = "v1" [90m-> null[0m[0m
      [31m-[0m[0m invoke_url            = "https://w6m0ja1aic.execute-api.us-west-1.amazonaws.com/v1" [90m-> null[0m[0m
      [31m-[0m[0m name                  = "v1" [90m-> null[0m[0m
      [31m-[0m[0m region                = "us-west-1" [90m-> null[0m[0m
      [31m-[0m[0m stage_variables       = {} [90m-> null[0m[0m
      [31m-[0m[0m tags                  = {
          [31m-[0m[0m "Name" = "devops-g3-api-v1"
        } [90m-> null[0m[0m
      [31m-[0m[0m tags_all              = {
          [31m-[0m[0m "Name"        = "devops-g3-api-v1"
          [31m-[0m[0m "capstone"    = "tillflow"
          [31m-[0m[0m "environment" = "dev"
          [31m-[0m[0m "group"       = "devops-g3"
          [31m-[0m[0m "managed-by"  = "terraform"
          [31m-[0m[0m "owner"       = "lwam"
          [31m-[0m[0m "service"     = "platform"
        } [90m-> null[0m[0m
        [90m# (2 unchanged attributes hidden)[0m[0m

      [31m-[0m[0m access_log_settings {
          [31m-[0m[0m destination_arn = "arn:aws:logs:us-west-1:240462142849:log-group:/devops-g3/apigw" [90m-> null[0m[0m
          [31m-[0m[0m format          = jsonencode(
                {
                  [31m-[0m[0m httpMethod      = "$context.httpMethod"
                  [31m-[0m[0m integrationLat  = "$context.integrationLatency"
                  [31m-[0m[0m ip              = "$context.identity.sourceIp"
                  [31m-[0m[0m protocol        = "$context.protocol"
                  [31m-[0m[0m requestId       = "$context.requestId"
                  [31m-[0m[0m requestTime     = "$context.requestTime"
                  [31m-[0m[0m responseLatency = "$context.responseLatency"
                  [31m-[0m[0m responseLength  = "$context.responseLength"
                  [31m-[0m[0m routeKey        = "$context.routeKey"
                  [31m-[0m[0m status          = "$context.status"
                }
            ) [90m-> null[0m[0m
        }

      [31m-[0m[0m default_route_settings {
          [31m-[0m[0m data_trace_enabled       = false [90m-> null[0m[0m
          [31m-[0m[0m detailed_metrics_enabled = true [90m-> null[0m[0m
          [31m-[0m[0m throttling_burst_limit   = 200 [90m-> null[0m[0m
          [31m-[0m[0m throttling_rate_limit    = 100 [90m-> null[0m[0m
            [90m# (1 unchanged attribute hidden)[0m[0m
        }
    }

[1m  # module.apigw.aws_apigatewayv2_vpc_link.this[0m will be [1m[31mdestroyed[0m
[0m  [31m-[0m[0m resource "aws_apigatewayv2_vpc_link" "this" {
      [31m-[0m[0m arn                = "arn:aws:apigateway:us-west-1::/vpclinks/q2zs31" [90m-> null[0m[0m
      [31m-[0m[0m id                 = "q2zs31" [90m-> null[0m[0m
      [31m-[0m[0m name               = "devops-g3-vpclink" [90m-> null[0m[0m
      [31m-[0m[0m region             = "us-west-1" [90m-> null[0m[0m
      [31m-[0m[0m security_group_ids = [
          [31m-[0m[0m "sg-03f2f98922102897c",
        ] [90m-> null[0m[0m
      [31m-[0m[0m subnet_ids         = [
          [31m-[0m[0m "subnet-01cdc84de3b32c135",
          [31m-[0m[0m "subnet-07343877e9a03db98",
        ] [90m-> null[0m[0m
      [31m-[0m[0m tags               = {
          [31m-[0m[0m "Name" = "devops-g3-vpclink"
        } [90m-> null[0m[0m
      [31m-[0m[0m tags_all           = {
          [31m-[0m[0m "Name"        = "devops-g3-vpclink"
          [31m-[0m[0m "capstone"    = "tillflow"
          [31m-[0m[0m "environment" = "dev"
          [31m-[0m[0m "group"       = "devops-g3"
          [31m-[0m[0m "managed-by"  = "terraform"
          [31m-[0m[0m "owner"       = "lwam"
          [31m-[0m[0m "service"     = "platform"
        } [90m-> null[0m[0m
    }

[1m  # module.apigw.aws_cloudwatch_log_group.access[0m will be [1m[31mdestroyed[0m
[0m  [31m-[0m[0m resource "aws_cloudwatch_log_group" "access" {
      [31m-[0m[0m arn                         = "arn:aws:logs:us-west-1:240462142849:log-group:/devops-g3/apigw" [90m-> null[0m[0m
      [31m-[0m[0m deletion_protection_enabled = false [90m-> null[0m[0m
      [31m-[0m[0m id                          = "/devops-g3/apigw" [90m-> null[0m[0m
      [31m-[0m[0m kms_key_id                  = "arn:aws:kms:us-west-1:240462142849:key/90e2806f-72c0-4b51-ae60-8cc9436bdfe0" [90m-> null[0m[0m
      [31m-[0m[0m log_group_class             = "STANDARD" [90m-> null[0m[0m
      [31m-[0m[0m name                        = "/devops-g3/apigw" [90m-> null[0m[0m
      [31m-[0m[0m region                      = "us-west-1" [90m-> null[0m[0m
      [31m-[0m[0m retention_in_days           = 30 [90m-> null[0m[0m
      [31m-[0m[0m skip_destroy                = false [90m-> null[0m[0m
      [31m-[0m[0m tags                        = {} [90m-> null[0m[0m
      [31m-[0m[0m tags_all                    = {
          [31m-[0m[0m "capstone"    = "tillflow"
          [31m-[0m[0m "environment" = "dev"
          [31m-[0m[0m "group"       = "devops-g3"
          [31m-[0m[0m "managed-by"  = "terraform"
          [31m-[0m[0m "owner"       = "lwam"
          [31m-[0m[0m "service"     = "platform"
        } [90m-> null[0m[0m
        [90m# (1 unchanged attribute hidden)[0m[0m
    }

[1m  # module.db_bootstrap.aws_codebuild_project.this[0m will be [1m[31mdestroyed[0m
[0m  [31m-[0m[0m resource "aws_codebuild_project" "this" {
      [31m-[0m[0m arn                    = "arn:aws:codebuild:us-west-1:240462142849:project/devops-g3-db-bootstrap" [90m-> null[0m[0m
      [31m-[0m[0m auto_retry_limit       = 0 [90m-> null[0m[0m
      [31m-[0m[0m badge_enabled          = false [90m-> null[0m[0m
      [31m-[0m[0m build_timeout          = 20 [90m-> null[0m[0m
      [31m-[0m[0m concurrent_build_limit = 0 [90m-> null[0m[0m
      [31m-[0m[0m description            = "Create G2 PostgreSQL schemas, runtime roles and service DB credentials" [90m-> null[0m[0m
      [31m-[0m[0m encryption_key         = "arn:aws:kms:us-west-1:240462142849:alias/aws/s3" [90m-> null[0m[0m
      [31m-[0m[0m id                     = "arn:aws:codebuild:us-west-1:240462142849:project/devops-g3-db-bootstrap" [90m-> null[0m[0m
      [31m-[0m[0m name                   = "devops-g3-db-bootstrap" [90m-> null[0m[0m
      [31m-[0m[0m project_visibility     = "PRIVATE" [90m-> null[0m[0m
      [31m-[0m[0m queued_timeout         = 480 [90m-> null[0m[0m
      [31m-[0m[0m region                 = "us-west-1" [90m-> null[0m[0m
      [31m-[0m[0m service_role           = "arn:aws:iam::240462142849:role/devops-g3-db-bootstrap" [90m-> null[0m[0m
      [31m-[0m[0m tags                   = {
          [31m-[0m[0m "Name"    = "devops-g3-db-bootstrap"
          [31m-[0m[0m "service" = "platform"
        } [90m-> null[0m[0m
      [31m-[0m[0m tags_all               = {
          [31m-[0m[0m "Name"        = "devops-g3-db-bootstrap"
          [31m-[0m[0m "capstone"    = "tillflow"
          [31m-[0m[0m "environment" = "dev"
          [31m-[0m[0m "group"       = "devops-g3"
          [31m-[0m[0m "managed-by"  = "terraform"
          [31m-[0m[0m "owner"       = "lwam"
          [31m-[0m[0m "service"     = "platform"
        } [90m-> null[0m[0m
        [90m# (4 unchanged attributes hidden)[0m[0m

      [31m-[0m[0m artifacts {
          [31m-[0m[0m encryption_disabled    = false [90m-> null[0m[0m
            name                   = [90mnull[0m[0m
          [31m-[0m[0m override_artifact_name = false [90m-> null[0m[0m
          [31m-[0m[0m type                   = "NO_ARTIFACTS" [90m-> null[0m[0m
            [90m# (6 unchanged attributes hidden)[0m[0m
        }

      [31m-[0m[0m cache {
          [31m-[0m[0m modes           = [] [90m-> null[0m[0m
          [31m-[0m[0m type            = "NO_CACHE" [90m-> null[0m[0m
            [90m# (2 unchanged attributes hidden)[0m[0m
        }

      [31m-[0m[0m environment {
          [31m-[0m[0m compute_type                = "BUILD_GENERAL1_SMALL" [90m-> null[0m[0m
          [31m-[0m[0m image                       = "aws/codebuild/standard:7.0" [90m-> null[0m[0m
          [31m-[0m[0m image_pull_credentials_type = "CODEBUILD" [90m-> null[0m[0m
          [31m-[0m[0m privileged_mode             = false [90m-> null[0m[0m
          [31m-[0m[0m type                        = "LINUX_CONTAINER" [90m-> null[0m[0m
            [90m# (2 unchanged attributes hidden)[0m[0m

          [31m-[0m[0m environment_variable {
              [31m-[0m[0m name  = "NAME_PREFIX" [90m-> null[0m[0m
              [31m-[0m[0m type  = "PLAINTEXT" [90m-> null[0m[0m
              [31m-[0m[0m value = "devops-g3" [90m-> null[0m[0m
            }
          [31m-[0m[0m environment_variable {
              [31m-[0m[0m name  = "SERVICES" [90m-> null[0m[0m
              [31m-[0m[0m type  = "PLAINTEXT" [90m-> null[0m[0m
              [31m-[0m[0m value = "web pos payments commission" [90m-> null[0m[0m
            }
          [31m-[0m[0m environment_variable {
              [31m-[0m[0m name  = "DB_HOST" [90m-> null[0m[0m
              [31m-[0m[0m type  = "PLAINTEXT" [90m-> null[0m[0m
              [31m-[0m[0m value = "devops-g3-db-proxy.proxy-chgiwkc8muat.us-west-1.rds.amazonaws.com" [90m-> null[0m[0m
            }
          [31m-[0m[0m environment_variable {
              [31m-[0m[0m name  = "DB_NAME" [90m-> null[0m[0m
              [31m-[0m[0m type  = "PLAINTEXT" [90m-> null[0m[0m
              [31m-[0m[0m value = "tillflow" [90m-> null[0m[0m
            }
          [31m-[0m[0m environment_variable {
              [31m-[0m[0m name  = "MASTER_SECRET_ARN" [90m-> null[0m[0m
              [31m-[0m[0m type  = "PLAINTEXT" [90m-> null[0m[0m
              [31m-[0m[0m value = "arn:aws:secretsmanager:us-west-1:240462142849:secret:rds!db-13d47250-d138-4310-b085-699782421330-fd0Cy3" [90m-> null[0m[0m
            }
          [31m-[0m[0m environment_variable {
              [31m-[0m[0m name  = "DB_SECRET_ARN" [90m-> null[0m[0m
              [31m-[0m[0m type  = "PLAINTEXT" [90m-> null[0m[0m
              [31m-[0m[0m value = "arn:aws:secretsmanager:us-west-1:240462142849:secret:devops-g3/db-I364XC" [90m-> null[0m[0m
            }
          [31m-[0m[0m environment_variable {
              [31m-[0m[0m name  = "DB_PROXY_SECRET_ARNS_JSON" [90m-> null[0m[0m
              [31m-[0m[0m type  = "PLAINTEXT" [90m-> null[0m[0m
              [31m-[0m[0m value = jsonencode(
                    {
                      [31m-[0m[0m commission = "arn:aws:secretsmanager:us-west-1:240462142849:secret:devops-g3/db-proxy-commission-O3w8qA"
                      [31m-[0m[0m payments   = "arn:aws:secretsmanager:us-west-1:240462142849:secret:devops-g3/db-proxy-payments-H5SL8D"
                      [31m-[0m[0m pos        = "arn:aws:secretsmanager:us-west-1:240462142849:secret:devops-g3/db-proxy-pos-L7bCoD"
                      [31m-[0m[0m web        = "arn:aws:secretsmanager:us-west-1:240462142849:secret:devops-g3/db-proxy-web-1bqHbE"
                    }
                ) [90m-> null[0m[0m
            }
        }

      [31m-[0m[0m logs_config {
          [31m-[0m[0m cloudwatch_logs {
              [31m-[0m[0m group_name  = "/devops-g3/codebuild/db-bootstrap" [90m-> null[0m[0m
              [31m-[0m[0m status      = "ENABLED" [90m-> null[0m[0m
              [31m-[0m[0m stream_name = "db" [90m-> null[0m[0m
            }
          [31m-[0m[0m s3_logs {
              [31m-[0m[0m encryption_disabled = false [90m-> null[0m[0m
              [31m-[0m[0m status              = "DISABLED" [90m-> null[0m[0m
                [90m# (2 unchanged attributes hidden)[0m[0m
            }
        }

      [31m-[0m[0m source {
          [31m-[0m[0m buildspec           = <<-EOT
                version: 0.2
                
                # One-off G2 database bootstrap. Run this project after the dev stack exists.
                # It creates per-service owner/runtime role pairs, then stores only runtime
                # credentials in the application DB secret. The master password is read from
                # the RDS-managed secret at runtime and is never printed.
                
                env:
                  shell: bash
                
                phases:
                  install:
                    commands:
                      - set -euo pipefail
                      - |
                        if ! command -v psql >/dev/null 2>&1; then
                          if command -v apt-get >/dev/null 2>&1; then
                            find /etc/apt -type f -name '*.list' -exec sed -i 's|http://|https://|g' {} +
                            apt-get update
                            apt-get install -y postgresql-client
                          elif command -v dnf >/dev/null 2>&1; then
                            dnf install -y postgresql15
                          elif command -v yum >/dev/null 2>&1; then
                            yum install -y postgresql15
                          else
                            echo "No supported package manager found for installing psql" >&2
                            exit 2
                          fi
                        fi
                
                  build:
                    commands:
                      - set -euo pipefail
                      - test -n "${DB_HOST}"
                      - test -n "${DB_NAME}"
                      - test -n "${MASTER_SECRET_ARN}"
                      - test -n "${DB_SECRET_ARN}"
                      - test -n "${DB_PROXY_SECRET_ARNS_JSON}"
                      - MASTER_JSON="$(aws secretsmanager get-secret-value --secret-id "${MASTER_SECRET_ARN}" --query SecretString --output text)"
                      - export MASTER_JSON
                      - export PGUSER="$(python3 -c 'import json, os; print(json.loads(os.environ["MASTER_JSON"])["username"])')"
                      - export PGPASSWORD="$(python3 -c 'import json, os; print(json.loads(os.environ["MASTER_JSON"])["password"])')"
                      - export PGHOST="${DB_HOST}"
                      - export PGPORT="5432"
                      - export PGDATABASE="${DB_NAME}"
                      - export PGSSLMODE="require"
                      - |
                        export ROTATE_PASSWORDS="${ROTATE_PASSWORDS:-false}"
                        EXISTING_DB_JSON=""
                        if [ "${ROTATE_PASSWORDS}" != "true" ]; then
                          EXISTING_DB_JSON="$(aws secretsmanager get-secret-value --secret-id "${DB_SECRET_ARN}" --query SecretString --output text 2>/dev/null || true)"
                        fi
                        export EXISTING_DB_JSON
                
                        password_for() {
                          local service="$1"
                          local existing
                          existing="$(
                            python3 - "${service}" <<'PY' || true
                        import json
                        import os
                        import sys
                
                        raw = os.environ.get("EXISTING_DB_JSON", "")
                        if not raw:
                            sys.exit(0)
                
                        try:
                            service_value = json.loads(raw).get(sys.argv[1], {})
                            if isinstance(service_value, str):
                                service_value = json.loads(service_value)
                            value = service_value.get("password", "")
                        except Exception:
                            value = ""
                
                        if value:
                            print(value)
                        PY
                          )"
                
                          if [ -n "${existing}" ]; then
                            printf '%s' "${existing}"
                          else
                            # Passwords are interpolated into SQL literals below. Excluding
                            # punctuation keeps the generated values free of quotes and
                            # backslashes.
                            aws secretsmanager get-random-password \
                              --password-length 40 \
                              --exclude-punctuation \
                              --query RandomPassword \
                              --output text
                          fi
                        }
                
                        WEB_PASSWORD="$(password_for web)"
                        POS_PASSWORD="$(password_for pos)"
                        PAYMENTS_PASSWORD="$(password_for payments)"
                        COMMISSION_PASSWORD="$(password_for commission)"
                        export WEB_PASSWORD POS_PASSWORD PAYMENTS_PASSWORD COMMISSION_PASSWORD
                      - |
                        cat > /tmp/g2-db-bootstrap.sql <<SQL
                        REVOKE CREATE ON SCHEMA public FROM PUBLIC;
                        REVOKE ALL ON DATABASE ${DB_NAME} FROM PUBLIC;
                
                        DO \$\$
                        BEGIN
                          IF NOT EXISTS (SELECT 1 FROM pg_roles WHERE rolname = 'tillflow_web_owner') THEN
                            CREATE ROLE tillflow_web_owner NOLOGIN NOBYPASSRLS;
                          ELSE
                            ALTER ROLE tillflow_web_owner WITH NOLOGIN NOBYPASSRLS;
                          END IF;
                
                          IF NOT EXISTS (SELECT 1 FROM pg_roles WHERE rolname = 'tillflow_web') THEN
                            CREATE ROLE tillflow_web LOGIN PASSWORD '${WEB_PASSWORD}' NOBYPASSRLS;
                          ELSE
                            ALTER ROLE tillflow_web WITH LOGIN PASSWORD '${WEB_PASSWORD}' NOBYPASSRLS;
                          END IF;
                
                          IF NOT EXISTS (SELECT 1 FROM pg_roles WHERE rolname = 'tillflow_pos_owner') THEN
                            CREATE ROLE tillflow_pos_owner NOLOGIN NOBYPASSRLS;
                          ELSE
                            ALTER ROLE tillflow_pos_owner WITH NOLOGIN NOBYPASSRLS;
                          END IF;
                
                          IF NOT EXISTS (SELECT 1 FROM pg_roles WHERE rolname = 'tillflow_pos') THEN
                            CREATE ROLE tillflow_pos LOGIN PASSWORD '${POS_PASSWORD}' NOBYPASSRLS;
                          ELSE
                            ALTER ROLE tillflow_pos WITH LOGIN PASSWORD '${POS_PASSWORD}' NOBYPASSRLS;
                          END IF;
                
                          IF NOT EXISTS (SELECT 1 FROM pg_roles WHERE rolname = 'tillflow_payments_owner') THEN
                            CREATE ROLE tillflow_payments_owner NOLOGIN NOBYPASSRLS;
                          ELSE
                            ALTER ROLE tillflow_payments_owner WITH NOLOGIN NOBYPASSRLS;
                          END IF;
                
                          IF NOT EXISTS (SELECT 1 FROM pg_roles WHERE rolname = 'tillflow_payments') THEN
                            CREATE ROLE tillflow_payments LOGIN PASSWORD '${PAYMENTS_PASSWORD}' NOBYPASSRLS;
                          ELSE
                            ALTER ROLE tillflow_payments WITH LOGIN PASSWORD '${PAYMENTS_PASSWORD}' NOBYPASSRLS;
                          END IF;
                
                          IF NOT EXISTS (SELECT 1 FROM pg_roles WHERE rolname = 'tillflow_commission_owner') THEN
                            CREATE ROLE tillflow_commission_owner NOLOGIN NOBYPASSRLS;
                          ELSE
                            ALTER ROLE tillflow_commission_owner WITH NOLOGIN NOBYPASSRLS;
                          END IF;
                
                          IF NOT EXISTS (SELECT 1 FROM pg_roles WHERE rolname = 'tillflow_commission') THEN
                            CREATE ROLE tillflow_commission LOGIN PASSWORD '${COMMISSION_PASSWORD}' NOBYPASSRLS;
                          ELSE
                            ALTER ROLE tillflow_commission WITH LOGIN PASSWORD '${COMMISSION_PASSWORD}' NOBYPASSRLS;
                          END IF;
                        END
                        \$\$;
                
                        -- Membership must come FIRST. CREATE SCHEMA ... AUTHORIZATION <role>
                        -- and ALTER SCHEMA ... OWNER TO <role> both require the executing user
                        -- to be able to SET ROLE to that role. The RDS master user is
                        -- rds_superuser, not a true superuser, so it is not exempt: granting
                        -- these after the CREATE statements fails with
                        --   ERROR: must be able to SET ROLE "tillflow_web_owner"
                        GRANT tillflow_web_owner TO "${PGUSER}";
                        GRANT tillflow_pos_owner TO "${PGUSER}";
                        GRANT tillflow_payments_owner TO "${PGUSER}";
                        GRANT tillflow_commission_owner TO "${PGUSER}";
                
                        CREATE SCHEMA IF NOT EXISTS web AUTHORIZATION tillflow_web_owner;
                        CREATE SCHEMA IF NOT EXISTS pos AUTHORIZATION tillflow_pos_owner;
                        CREATE SCHEMA IF NOT EXISTS payments AUTHORIZATION tillflow_payments_owner;
                        CREATE SCHEMA IF NOT EXISTS commission AUTHORIZATION tillflow_commission_owner;
                
                        -- Idempotent re-assert: CREATE SCHEMA IF NOT EXISTS is a no-op when the
                        -- schema already exists, so it would not correct ownership on a re-run
                        -- against a schema created before the owner roles existed.
                        ALTER SCHEMA web OWNER TO tillflow_web_owner;
                        ALTER SCHEMA pos OWNER TO tillflow_pos_owner;
                        ALTER SCHEMA payments OWNER TO tillflow_payments_owner;
                        ALTER SCHEMA commission OWNER TO tillflow_commission_owner;
                
                        GRANT CONNECT ON DATABASE ${DB_NAME} TO tillflow_web, tillflow_pos, tillflow_payments, tillflow_commission;
                
                        GRANT USAGE ON SCHEMA web TO tillflow_web;
                        GRANT USAGE ON SCHEMA pos TO tillflow_pos;
                        GRANT USAGE ON SCHEMA payments TO tillflow_payments;
                        GRANT USAGE ON SCHEMA commission TO tillflow_commission;
                
                        -- These grants are a no-op on the first run because the schemas are
                        -- empty. They make the bootstrap safe to rerun after migrations exist;
                        -- the default privileges below cover future objects.
                        GRANT SELECT, INSERT, UPDATE, DELETE ON ALL TABLES IN SCHEMA web TO tillflow_web;
                        GRANT SELECT, INSERT, UPDATE, DELETE ON ALL TABLES IN SCHEMA pos TO tillflow_pos;
                        GRANT SELECT, INSERT, UPDATE, DELETE ON ALL TABLES IN SCHEMA payments TO tillflow_payments;
                        GRANT SELECT, INSERT, UPDATE, DELETE ON ALL TABLES IN SCHEMA commission TO tillflow_commission;
                
                        GRANT USAGE, SELECT, UPDATE ON ALL SEQUENCES IN SCHEMA web TO tillflow_web;
                        GRANT USAGE, SELECT, UPDATE ON ALL SEQUENCES IN SCHEMA pos TO tillflow_pos;
                        GRANT USAGE, SELECT, UPDATE ON ALL SEQUENCES IN SCHEMA payments TO tillflow_payments;
                        GRANT USAGE, SELECT, UPDATE ON ALL SEQUENCES IN SCHEMA commission TO tillflow_commission;
                
                        GRANT EXECUTE ON ALL FUNCTIONS IN SCHEMA web TO tillflow_web;
                        GRANT EXECUTE ON ALL FUNCTIONS IN SCHEMA pos TO tillflow_pos;
                        GRANT EXECUTE ON ALL FUNCTIONS IN SCHEMA payments TO tillflow_payments;
                        GRANT EXECUTE ON ALL FUNCTIONS IN SCHEMA commission TO tillflow_commission;
                
                        ALTER DEFAULT PRIVILEGES FOR ROLE tillflow_web_owner IN SCHEMA web
                          GRANT SELECT, INSERT, UPDATE, DELETE ON TABLES TO tillflow_web;
                        ALTER DEFAULT PRIVILEGES FOR ROLE tillflow_pos_owner IN SCHEMA pos
                          GRANT SELECT, INSERT, UPDATE, DELETE ON TABLES TO tillflow_pos;
                        ALTER DEFAULT PRIVILEGES FOR ROLE tillflow_payments_owner IN SCHEMA payments
                          GRANT SELECT, INSERT, UPDATE, DELETE ON TABLES TO tillflow_payments;
                        ALTER DEFAULT PRIVILEGES FOR ROLE tillflow_commission_owner IN SCHEMA commission
                          GRANT SELECT, INSERT, UPDATE, DELETE ON TABLES TO tillflow_commission;
                
                        ALTER DEFAULT PRIVILEGES FOR ROLE tillflow_web_owner IN SCHEMA web
                          GRANT USAGE, SELECT, UPDATE ON SEQUENCES TO tillflow_web;
                        ALTER DEFAULT PRIVILEGES FOR ROLE tillflow_pos_owner IN SCHEMA pos
                          GRANT USAGE, SELECT, UPDATE ON SEQUENCES TO tillflow_pos;
                        ALTER DEFAULT PRIVILEGES FOR ROLE tillflow_payments_owner IN SCHEMA payments
                          GRANT USAGE, SELECT, UPDATE ON SEQUENCES TO tillflow_payments;
                        ALTER DEFAULT PRIVILEGES FOR ROLE tillflow_commission_owner IN SCHEMA commission
                          GRANT USAGE, SELECT, UPDATE ON SEQUENCES TO tillflow_commission;
                
                        ALTER DEFAULT PRIVILEGES FOR ROLE tillflow_web_owner IN SCHEMA web
                          GRANT EXECUTE ON FUNCTIONS TO tillflow_web;
                        ALTER DEFAULT PRIVILEGES FOR ROLE tillflow_pos_owner IN SCHEMA pos
                          GRANT EXECUTE ON FUNCTIONS TO tillflow_pos;
                        ALTER DEFAULT PRIVILEGES FOR ROLE tillflow_payments_owner IN SCHEMA payments
                          GRANT EXECUTE ON FUNCTIONS TO tillflow_payments;
                        ALTER DEFAULT PRIVILEGES FOR ROLE tillflow_commission_owner IN SCHEMA commission
                          GRANT EXECUTE ON FUNCTIONS TO tillflow_commission;
                
                        ALTER ROLE tillflow_web SET search_path = web;
                        ALTER ROLE tillflow_pos SET search_path = pos;
                        ALTER ROLE tillflow_payments SET search_path = payments;
                        ALTER ROLE tillflow_commission SET search_path = commission;
                        SQL
                      - psql -v ON_ERROR_STOP=1 -f /tmp/g2-db-bootstrap.sql
                      - |
                        python3 - <<'PY' > /tmp/service-db-secret.json
                        import json
                        import os
                
                        host = os.environ["DB_HOST"]
                        db_name = os.environ["DB_NAME"]
                        services = {
                            "web": ("tillflow_web", os.environ["WEB_PASSWORD"]),
                            "pos": ("tillflow_pos", os.environ["POS_PASSWORD"]),
                            "payments": ("tillflow_payments", os.environ["PAYMENTS_PASSWORD"]),
                            "commission": ("tillflow_commission", os.environ["COMMISSION_PASSWORD"]),
                        }
                
                        # ECS json-key injection is reliable for strings. Nested objects can be
                        # injected in a non-JSON representation, so keep each selected service
                        # value as a JSON string that the app parses from DB_CREDENTIALS.
                        payload = {}
                        for service, (username, password) in services.items():
                            credentials = {
                                "username": username,
                                "password": password,
                                "host": host,
                                "port": 5432,
                                "dbname": db_name,
                                "schema": service,
                                "sslmode": "require",
                            }
                            payload[service] = json.dumps(credentials, separators=(",", ":"))
                        print(json.dumps(payload, separators=(",", ":")))
                        PY
                      - aws secretsmanager put-secret-value --secret-id "${DB_SECRET_ARN}" --secret-string file:///tmp/service-db-secret.json >/dev/null
                      - |
                        python3 - <<'PY'
                        import json
                        import os
                        import subprocess
                
                        proxy_secret_arns = json.loads(os.environ["DB_PROXY_SECRET_ARNS_JSON"])
                        services = {
                            "web": ("tillflow_web", os.environ["WEB_PASSWORD"]),
                            "pos": ("tillflow_pos", os.environ["POS_PASSWORD"]),
                            "payments": ("tillflow_payments", os.environ["PAYMENTS_PASSWORD"]),
                            "commission": ("tillflow_commission", os.environ["COMMISSION_PASSWORD"]),
                        }
                
                        for service, secret_arn in proxy_secret_arns.items():
                            username, password = services[service]
                            payload = json.dumps(
                                {"username": username, "password": password},
                                separators=(",", ":"),
                            )
                            subprocess.run(
                                [
                                    "aws",
                                    "secretsmanager",
                                    "put-secret-value",
                                    "--secret-id",
                                    secret_arn,
                                    "--secret-string",
                                    payload,
                                ],
                                check=True,
                                stdout=subprocess.DEVNULL,
                            )
                        PY
                      - shred -u /tmp/service-db-secret.json /tmp/g2-db-bootstrap.sql 2>/dev/null || rm -f /tmp/service-db-secret.json /tmp/g2-db-bootstrap.sql
                      - 'echo "G2 DB bootstrap completed for schemas: ${SERVICES}"'
            EOT [90m-> null[0m[0m
          [31m-[0m[0m git_clone_depth     = 0 [90m-> null[0m[0m
          [31m-[0m[0m insecure_ssl        = false [90m-> null[0m[0m
          [31m-[0m[0m report_build_status = false [90m-> null[0m[0m
          [31m-[0m[0m type                = "NO_SOURCE" [90m-> null[0m[0m
            [90m# (1 unchanged attribute hidden)[0m[0m
        }

      [31m-[0m[0m vpc_config {
          [31m-[0m[0m security_group_ids = [
              [31m-[0m[0m "sg-02e0f6e55a8d685c1",
            ] [90m-> null[0m[0m
          [31m-[0m[0m subnets            = [
              [31m-[0m[0m "subnet-01cdc84de3b32c135",
              [31m-[0m[0m "subnet-07343877e9a03db98",
            ] [90m-> null[0m[0m
          [31m-[0m[0m vpc_id             = "vpc-00cfe1339e0c0c86b" [90m-> null[0m[0m
        }
    }

[1m  # module.db_bootstrap.aws_iam_role.this[0m will be [1m[31mdestroyed[0m
[0m  [31m-[0m[0m resource "aws_iam_role" "this" {
      [31m-[0m[0m arn                   = "arn:aws:iam::240462142849:role/devops-g3-db-bootstrap" [90m-> null[0m[0m
      [31m-[0m[0m assume_role_policy    = jsonencode(
            {
              [31m-[0m[0m Statement = [
                  [31m-[0m[0m {
                      [31m-[0m[0m Action    = "sts:AssumeRole"
                      [31m-[0m[0m Effect    = "Allow"
                      [31m-[0m[0m Principal = {
                          [31m-[0m[0m Service = "codebuild.amazonaws.com"
                        }
                    },
                ]
              [31m-[0m[0m Version   = "2012-10-17"
            }
        ) [90m-> null[0m[0m
      [31m-[0m[0m create_date           = "2026-09-15T20:55:57Z" [90m-> null[0m[0m
      [31m-[0m[0m description           = "CodeBuild role for G2 PostgreSQL schema and runtime role bootstrap" [90m-> null[0m[0m
      [31m-[0m[0m force_detach_policies = false [90m-> null[0m[0m
      [31m-[0m[0m id                    = "devops-g3-db-bootstrap" [90m-> null[0m[0m
      [31m-[0m[0m managed_policy_arns   = [] [90m-> null[0m[0m
      [31m-[0m[0m max_session_duration  = 3600 [90m-> null[0m[0m
      [31m-[0m[0m name                  = "devops-g3-db-bootstrap" [90m-> null[0m[0m
      [31m-[0m[0m path                  = "/" [90m-> null[0m[0m
      [31m-[0m[0m tags                  = {
          [31m-[0m[0m "Name"    = "devops-g3-db-bootstrap"
          [31m-[0m[0m "service" = "platform"
        } [90m-> null[0m[0m
      [31m-[0m[0m tags_all              = {
          [31m-[0m[0m "Name"        = "devops-g3-db-bootstrap"
          [31m-[0m[0m "capstone"    = "tillflow"
          [31m-[0m[0m "environment" = "dev"
          [31m-[0m[0m "group"       = "devops-g3"
          [31m-[0m[0m "managed-by"  = "terraform"
          [31m-[0m[0m "owner"       = "lwam"
          [31m-[0m[0m "service"     = "platform"
        } [90m-> null[0m[0m
      [31m-[0m[0m unique_id             = "AROATP7FJDWASVOO3EJJ2" [90m-> null[0m[0m
        [90m# (2 unchanged attributes hidden)[0m[0m

      [31m-[0m[0m inline_policy {
          [31m-[0m[0m name   = "db-bootstrap" [90m-> null[0m[0m
          [31m-[0m[0m policy = jsonencode(
                {
                  [31m-[0m[0m Statement = [
                      [31m-[0m[0m {
                          [31m-[0m[0m Action   = [
                              [31m-[0m[0m "logs:PutLogEvents",
                              [31m-[0m[0m "logs:CreateLogStream",
                              [31m-[0m[0m "logs:CreateLogGroup",
                            ]
                          [31m-[0m[0m Effect   = "Allow"
                          [31m-[0m[0m Resource = "arn:aws:logs:us-west-1:240462142849:log-group:/devops-g3/codebuild/db-bootstrap*"
                          [31m-[0m[0m Sid      = "Logs"
                        },
                      [31m-[0m[0m {
                          [31m-[0m[0m Action   = [
                              [31m-[0m[0m "secretsmanager:GetSecretValue",
                              [31m-[0m[0m "secretsmanager:DescribeSecret",
                            ]
                          [31m-[0m[0m Effect   = "Allow"
                          [31m-[0m[0m Resource = "arn:aws:secretsmanager:us-west-1:240462142849:secret:rds!db-13d47250-d138-4310-b085-699782421330-fd0Cy3"
                          [31m-[0m[0m Sid      = "ReadMasterSecret"
                        },
                      [31m-[0m[0m {
                          [31m-[0m[0m Action   = [
                              [31m-[0m[0m "secretsmanager:UpdateSecret",
                              [31m-[0m[0m "secretsmanager:PutSecretValue",
                              [31m-[0m[0m "secretsmanager:GetSecretValue",
                              [31m-[0m[0m "secretsmanager:DescribeSecret",
                            ]
                          [31m-[0m[0m Effect   = "Allow"
                          [31m-[0m[0m Resource = [
                              [31m-[0m[0m "arn:aws:secretsmanager:us-west-1:240462142849:secret:devops-g3/db-proxy-web-1bqHbE",
                              [31m-[0m[0m "arn:aws:secretsmanager:us-west-1:240462142849:secret:devops-g3/db-proxy-pos-L7bCoD",
                              [31m-[0m[0m "arn:aws:secretsmanager:us-west-1:240462142849:secret:devops-g3/db-proxy-payments-H5SL8D",
                              [31m-[0m[0m "arn:aws:secretsmanager:us-west-1:240462142849:secret:devops-g3/db-proxy-commission-O3w8qA",
                              [31m-[0m[0m "arn:aws:secretsmanager:us-west-1:240462142849:secret:devops-g3/db-I364XC",
                            ]
                          [31m-[0m[0m Sid      = "WriteServiceDbSecret"
                        },
                      [31m-[0m[0m {
                          [31m-[0m[0m Action   = "secretsmanager:GetRandomPassword"
                          [31m-[0m[0m Effect   = "Allow"
                          [31m-[0m[0m Resource = "*"
                          [31m-[0m[0m Sid      = "GeneratePasswords"
                        },
                      [31m-[0m[0m {
                          [31m-[0m[0m Action   = [
                              [31m-[0m[0m "kms:GenerateDataKey",
                              [31m-[0m[0m "kms:Encrypt",
                              [31m-[0m[0m "kms:DescribeKey",
                              [31m-[0m[0m "kms:Decrypt",
                            ]
                          [31m-[0m[0m Effect   = "Allow"
                          [31m-[0m[0m Resource = "arn:aws:kms:us-west-1:240462142849:key/90e2806f-72c0-4b51-ae60-8cc9436bdfe0"
                          [31m-[0m[0m Sid      = "KmsForSecrets"
                        },
                      [31m-[0m[0m {
                          [31m-[0m[0m Action   = [
                              [31m-[0m[0m "ec2:DescribeVpcs",
                              [31m-[0m[0m "ec2:DescribeSubnets",
                              [31m-[0m[0m "ec2:DescribeSecurityGroups",
                              [31m-[0m[0m "ec2:DescribeNetworkInterfaces",
                              [31m-[0m[0m "ec2:DescribeDhcpOptions",
                              [31m-[0m[0m "ec2:DeleteNetworkInterface",
                              [31m-[0m[0m "ec2:CreateNetworkInterfacePermission",
                              [31m-[0m[0m "ec2:CreateNetworkInterface",
                            ]
                          [31m-[0m[0m Effect   = "Allow"
                          [31m-[0m[0m Resource = "*"
                          [31m-[0m[0m Sid      = "VpcNetworkInterfaces"
                        },
                      [31m-[0m[0m {
                          [31m-[0m[0m Action   = "sts:GetCallerIdentity"
                          [31m-[0m[0m Effect   = "Allow"
                          [31m-[0m[0m Resource = "*"
                          [31m-[0m[0m Sid      = "Identity"
                        },
                    ]
                  [31m-[0m[0m Version   = "2012-10-17"
                }
            ) [90m-> null[0m[0m
        }
    }

[1m  # module.db_bootstrap.aws_iam_role_policy.this[0m will be [1m[31mdestroyed[0m
[0m  [31m-[0m[0m resource "aws_iam_role_policy" "this" {
      [31m-[0m[0m id          = "devops-g3-db-bootstrap:db-bootstrap" [90m-> null[0m[0m
      [31m-[0m[0m name        = "db-bootstrap" [90m-> null[0m[0m
      [31m-[0m[0m policy      = jsonencode(
            {
              [31m-[0m[0m Statement = [
                  [31m-[0m[0m {
                      [31m-[0m[0m Action   = [
                          [31m-[0m[0m "logs:PutLogEvents",
                          [31m-[0m[0m "logs:CreateLogStream",
                          [31m-[0m[0m "logs:CreateLogGroup",
                        ]
                      [31m-[0m[0m Effect   = "Allow"
                      [31m-[0m[0m Resource = "arn:aws:logs:us-west-1:240462142849:log-group:/devops-g3/codebuild/db-bootstrap*"
                      [31m-[0m[0m Sid      = "Logs"
                    },
                  [31m-[0m[0m {
                      [31m-[0m[0m Action   = [
                          [31m-[0m[0m "secretsmanager:GetSecretValue",
                          [31m-[0m[0m "secretsmanager:DescribeSecret",
                        ]
                      [31m-[0m[0m Effect   = "Allow"
                      [31m-[0m[0m Resource = "arn:aws:secretsmanager:us-west-1:240462142849:secret:rds!db-13d47250-d138-4310-b085-699782421330-fd0Cy3"
                      [31m-[0m[0m Sid      = "ReadMasterSecret"
                    },
                  [31m-[0m[0m {
                      [31m-[0m[0m Action   = [
                          [31m-[0m[0m "secretsmanager:UpdateSecret",
                          [31m-[0m[0m "secretsmanager:PutSecretValue",
                          [31m-[0m[0m "secretsmanager:GetSecretValue",
                          [31m-[0m[0m "secretsmanager:DescribeSecret",
                        ]
                      [31m-[0m[0m Effect   = "Allow"
                      [31m-[0m[0m Resource = [
                          [31m-[0m[0m "arn:aws:secretsmanager:us-west-1:240462142849:secret:devops-g3/db-proxy-web-1bqHbE",
                          [31m-[0m[0m "arn:aws:secretsmanager:us-west-1:240462142849:secret:devops-g3/db-proxy-pos-L7bCoD",
                          [31m-[0m[0m "arn:aws:secretsmanager:us-west-1:240462142849:secret:devops-g3/db-proxy-payments-H5SL8D",
                          [31m-[0m[0m "arn:aws:secretsmanager:us-west-1:240462142849:secret:devops-g3/db-proxy-commission-O3w8qA",
                          [31m-[0m[0m "arn:aws:secretsmanager:us-west-1:240462142849:secret:devops-g3/db-I364XC",
                        ]
                      [31m-[0m[0m Sid      = "WriteServiceDbSecret"
                    },
                  [31m-[0m[0m {
                      [31m-[0m[0m Action   = "secretsmanager:GetRandomPassword"
                      [31m-[0m[0m Effect   = "Allow"
                      [31m-[0m[0m Resource = "*"
                      [31m-[0m[0m Sid      = "GeneratePasswords"
                    },
                  [31m-[0m[0m {
                      [31m-[0m[0m Action   = [
                          [31m-[0m[0m "kms:GenerateDataKey",
                          [31m-[0m[0m "kms:Encrypt",
                          [31m-[0m[0m "kms:DescribeKey",
                          [31m-[0m[0m "kms:Decrypt",
                        ]
                      [31m-[0m[0m Effect   = "Allow"
                      [31m-[0m[0m Resource = "arn:aws:kms:us-west-1:240462142849:key/90e2806f-72c0-4b51-ae60-8cc9436bdfe0"
                      [31m-[0m[0m Sid      = "KmsForSecrets"
                    },
                  [31m-[0m[0m {
                      [31m-[0m[0m Action   = [
                          [31m-[0m[0m "ec2:DescribeVpcs",
                          [31m-[0m[0m "ec2:DescribeSubnets",
                          [31m-[0m[0m "ec2:DescribeSecurityGroups",
                          [31m-[0m[0m "ec2:DescribeNetworkInterfaces",
                          [31m-[0m[0m "ec2:DescribeDhcpOptions",
                          [31m-[0m[0m "ec2:DeleteNetworkInterface",
                          [31m-[0m[0m "ec2:CreateNetworkInterfacePermission",
                          [31m-[0m[0m "ec2:CreateNetworkInterface",
                        ]
                      [31m-[0m[0m Effect   = "Allow"
                      [31m-[0m[0m Resource = "*"
                      [31m-[0m[0m Sid      = "VpcNetworkInterfaces"
                    },
                  [31m-[0m[0m {
                      [31m-[0m[0m Action   = "sts:GetCallerIdentity"
                      [31m-[0m[0m Effect   = "Allow"
                      [31m-[0m[0m Resource = "*"
                      [31m-[0m[0m Sid      = "Identity"
                    },
                ]
              [31m-[0m[0m Version   = "2012-10-17"
            }
        ) [90m-> null[0m[0m
      [31m-[0m[0m role        = "devops-g3-db-bootstrap" [90m-> null[0m[0m
        [90m# (1 unchanged attribute hidden)[0m[0m
    }

[1m  # module.delivery.aws_codebuild_project.adot_mirror[0m will be [1m[31mdestroyed[0m
[0m  [31m-[0m[0m resource "aws_codebuild_project" "adot_mirror" {
      [31m-[0m[0m arn                    = "arn:aws:codebuild:us-west-1:240462142849:project/devops-g3-adot-mirror" [90m-> null[0m[0m
      [31m-[0m[0m auto_retry_limit       = 0 [90m-> null[0m[0m
      [31m-[0m[0m badge_enabled          = false [90m-> null[0m[0m
      [31m-[0m[0m build_timeout          = 15 [90m-> null[0m[0m
      [31m-[0m[0m concurrent_build_limit = 0 [90m-> null[0m[0m
      [31m-[0m[0m description            = "Build private ADOT image (upstream pin + TillFlow AMP config)" [90m-> null[0m[0m
      [31m-[0m[0m encryption_key         = "arn:aws:kms:us-west-1:240462142849:alias/aws/s3" [90m-> null[0m[0m
      [31m-[0m[0m id                     = "arn:aws:codebuild:us-west-1:240462142849:project/devops-g3-adot-mirror" [90m-> null[0m[0m
      [31m-[0m[0m name                   = "devops-g3-adot-mirror" [90m-> null[0m[0m
      [31m-[0m[0m project_visibility     = "PRIVATE" [90m-> null[0m[0m
      [31m-[0m[0m queued_timeout         = 480 [90m-> null[0m[0m
      [31m-[0m[0m region                 = "us-west-1" [90m-> null[0m[0m
      [31m-[0m[0m service_role           = "arn:aws:iam::240462142849:role/devops-g3-codebuild" [90m-> null[0m[0m
      [31m-[0m[0m tags                   = {
          [31m-[0m[0m "Name"    = "devops-g3-adot-mirror"
          [31m-[0m[0m "service" = "telemetry"
        } [90m-> null[0m[0m
      [31m-[0m[0m tags_all               = {
          [31m-[0m[0m "Name"        = "devops-g3-adot-mirror"
          [31m-[0m[0m "capstone"    = "tillflow"
          [31m-[0m[0m "environment" = "dev"
          [31m-[0m[0m "group"       = "devops-g3"
          [31m-[0m[0m "managed-by"  = "terraform"
          [31m-[0m[0m "owner"       = "lwam"
          [31m-[0m[0m "service"     = "telemetry"
        } [90m-> null[0m[0m
        [90m# (4 unchanged attributes hidden)[0m[0m

      [31m-[0m[0m artifacts {
          [31m-[0m[0m encryption_disabled    = false [90m-> null[0m[0m
          [31m-[0m[0m name                   = "devops-g3-adot-mirror" [90m-> null[0m[0m
          [31m-[0m[0m override_artifact_name = false [90m-> null[0m[0m
          [31m-[0m[0m packaging              = "NONE" [90m-> null[0m[0m
          [31m-[0m[0m type                   = "CODEPIPELINE" [90m-> null[0m[0m
            [90m# (5 unchanged attributes hidden)[0m[0m
        }

      [31m-[0m[0m cache {
          [31m-[0m[0m modes           = [] [90m-> null[0m[0m
          [31m-[0m[0m type            = "NO_CACHE" [90m-> null[0m[0m
            [90m# (2 unchanged attributes hidden)[0m[0m
        }

      [31m-[0m[0m environment {
          [31m-[0m[0m compute_type                = "BUILD_GENERAL1_SMALL" [90m-> null[0m[0m
          [31m-[0m[0m image                       = "aws/codebuild/amazonlinux-aarch64-standard:3.0" [90m-> null[0m[0m
          [31m-[0m[0m image_pull_credentials_type = "CODEBUILD" [90m-> null[0m[0m
          [31m-[0m[0m privileged_mode             = true [90m-> null[0m[0m
          [31m-[0m[0m type                        = "ARM_CONTAINER" [90m-> null[0m[0m
            [90m# (2 unchanged attributes hidden)[0m[0m

          [31m-[0m[0m environment_variable {
              [31m-[0m[0m name  = "ADOT_REPOSITORY" [90m-> null[0m[0m
              [31m-[0m[0m type  = "PLAINTEXT" [90m-> null[0m[0m
              [31m-[0m[0m value = "devops-g3/adot" [90m-> null[0m[0m
            }
          [31m-[0m[0m environment_variable {
              [31m-[0m[0m name  = "ADOT_SOURCE_IMAGE" [90m-> null[0m[0m
              [31m-[0m[0m type  = "PLAINTEXT" [90m-> null[0m[0m
              [31m-[0m[0m value = "public.ecr.aws/aws-observability/aws-otel-collector@sha256:8aa9ea5f67b8d318f7d6af24677e3c70f7098bc0631147cb5fa91addbe980b06" [90m-> null[0m[0m
            }
          [31m-[0m[0m environment_variable {
              [31m-[0m[0m name  = "ADOT_IMAGE_TAG" [90m-> null[0m[0m
              [31m-[0m[0m type  = "PLAINTEXT" [90m-> null[0m[0m
              [31m-[0m[0m value = "v0.43.3-tillflow4" [90m-> null[0m[0m
            }
          [31m-[0m[0m environment_variable {
              [31m-[0m[0m name  = "IMAGE_PLATFORM" [90m-> null[0m[0m
              [31m-[0m[0m type  = "PLAINTEXT" [90m-> null[0m[0m
              [31m-[0m[0m value = "linux/arm64" [90m-> null[0m[0m
            }
        }

      [31m-[0m[0m logs_config {
          [31m-[0m[0m cloudwatch_logs {
              [31m-[0m[0m group_name  = "/devops-g3/codebuild/adot-mirror" [90m-> null[0m[0m
              [31m-[0m[0m status      = "ENABLED" [90m-> null[0m[0m
              [31m-[0m[0m stream_name = "image" [90m-> null[0m[0m
            }
          [31m-[0m[0m s3_logs {
              [31m-[0m[0m encryption_disabled = false [90m-> null[0m[0m
              [31m-[0m[0m status              = "DISABLED" [90m-> null[0m[0m
                [90m# (2 unchanged attributes hidden)[0m[0m
            }
        }

      [31m-[0m[0m source {
          [31m-[0m[0m buildspec           = "buildspecs/mirror-adot.yml" [90m-> null[0m[0m
          [31m-[0m[0m git_clone_depth     = 0 [90m-> null[0m[0m
          [31m-[0m[0m insecure_ssl        = false [90m-> null[0m[0m
          [31m-[0m[0m report_build_status = false [90m-> null[0m[0m
          [31m-[0m[0m type                = "CODEPIPELINE" [90m-> null[0m[0m
            [90m# (1 unchanged attribute hidden)[0m[0m
        }
    }

[1m  # module.delivery.aws_codebuild_project.grafana_image[0m will be [1m[31mdestroyed[0m
[0m  [31m-[0m[0m resource "aws_codebuild_project" "grafana_image" {
      [31m-[0m[0m arn                    = "arn:aws:codebuild:us-west-1:240462142849:project/devops-g3-grafana-build" [90m-> null[0m[0m
      [31m-[0m[0m auto_retry_limit       = 0 [90m-> null[0m[0m
      [31m-[0m[0m badge_enabled          = false [90m-> null[0m[0m
      [31m-[0m[0m build_timeout          = 15 [90m-> null[0m[0m
      [31m-[0m[0m concurrent_build_limit = 0 [90m-> null[0m[0m
      [31m-[0m[0m description            = "Build private Grafana image (TillFlow AMP provisioning + dashboards)" [90m-> null[0m[0m
      [31m-[0m[0m encryption_key         = "arn:aws:kms:us-west-1:240462142849:alias/aws/s3" [90m-> null[0m[0m
      [31m-[0m[0m id                     = "arn:aws:codebuild:us-west-1:240462142849:project/devops-g3-grafana-build" [90m-> null[0m[0m
      [31m-[0m[0m name                   = "devops-g3-grafana-build" [90m-> null[0m[0m
      [31m-[0m[0m project_visibility     = "PRIVATE" [90m-> null[0m[0m
      [31m-[0m[0m queued_timeout         = 480 [90m-> null[0m[0m
      [31m-[0m[0m region                 = "us-west-1" [90m-> null[0m[0m
      [31m-[0m[0m service_role           = "arn:aws:iam::240462142849:role/devops-g3-codebuild" [90m-> null[0m[0m
      [31m-[0m[0m tags                   = {
          [31m-[0m[0m "Name"    = "devops-g3-grafana-build"
          [31m-[0m[0m "service" = "grafana"
        } [90m-> null[0m[0m
      [31m-[0m[0m tags_all               = {
          [31m-[0m[0m "Name"        = "devops-g3-grafana-build"
          [31m-[0m[0m "capstone"    = "tillflow"
          [31m-[0m[0m "environment" = "dev"
          [31m-[0m[0m "group"       = "devops-g3"
          [31m-[0m[0m "managed-by"  = "terraform"
          [31m-[0m[0m "owner"       = "lwam"
          [31m-[0m[0m "service"     = "grafana"
        } [90m-> null[0m[0m
        [90m# (4 unchanged attributes hidden)[0m[0m

      [31m-[0m[0m artifacts {
          [31m-[0m[0m encryption_disabled    = false [90m-> null[0m[0m
          [31m-[0m[0m name                   = "devops-g3-grafana-build" [90m-> null[0m[0m
          [31m-[0m[0m override_artifact_name = false [90m-> null[0m[0m
          [31m-[0m[0m packaging              = "NONE" [90m-> null[0m[0m
          [31m-[0m[0m type                   = "CODEPIPELINE" [90m-> null[0m[0m
            [90m# (5 unchanged attributes hidden)[0m[0m
        }

      [31m-[0m[0m cache {
          [31m-[0m[0m modes           = [] [90m-> null[0m[0m
          [31m-[0m[0m type            = "NO_CACHE" [90m-> null[0m[0m
            [90m# (2 unchanged attributes hidden)[0m[0m
        }

      [31m-[0m[0m environment {
          [31m-[0m[0m compute_type                = "BUILD_GENERAL1_SMALL" [90m-> null[0m[0m
          [31m-[0m[0m image                       = "aws/codebuild/amazonlinux-aarch64-standard:3.0" [90m-> null[0m[0m
          [31m-[0m[0m image_pull_credentials_type = "CODEBUILD" [90m-> null[0m[0m
          [31m-[0m[0m privileged_mode             = true [90m-> null[0m[0m
          [31m-[0m[0m type                        = "ARM_CONTAINER" [90m-> null[0m[0m
            [90m# (2 unchanged attributes hidden)[0m[0m

          [31m-[0m[0m environment_variable {
              [31m-[0m[0m name  = "GRAFANA_REPOSITORY" [90m-> null[0m[0m
              [31m-[0m[0m type  = "PLAINTEXT" [90m-> null[0m[0m
              [31m-[0m[0m value = "devops-g3/grafana" [90m-> null[0m[0m
            }
          [31m-[0m[0m environment_variable {
              [31m-[0m[0m name  = "GRAFANA_IMAGE_TAG" [90m-> null[0m[0m
              [31m-[0m[0m type  = "PLAINTEXT" [90m-> null[0m[0m
              [31m-[0m[0m value = "11.4.0-tillflow2" [90m-> null[0m[0m
            }
          [31m-[0m[0m environment_variable {
              [31m-[0m[0m name  = "GRAFANA_VERSION" [90m-> null[0m[0m
              [31m-[0m[0m type  = "PLAINTEXT" [90m-> null[0m[0m
              [31m-[0m[0m value = "11.4.0" [90m-> null[0m[0m
            }
          [31m-[0m[0m environment_variable {
              [31m-[0m[0m name  = "IMAGE_PLATFORM" [90m-> null[0m[0m
              [31m-[0m[0m type  = "PLAINTEXT" [90m-> null[0m[0m
              [31m-[0m[0m value = "linux/arm64" [90m-> null[0m[0m
            }
        }

      [31m-[0m[0m logs_config {
          [31m-[0m[0m cloudwatch_logs {
              [31m-[0m[0m group_name  = "/devops-g3/codebuild/grafana" [90m-> null[0m[0m
              [31m-[0m[0m status      = "ENABLED" [90m-> null[0m[0m
              [31m-[0m[0m stream_name = "image" [90m-> null[0m[0m
            }
          [31m-[0m[0m s3_logs {
              [31m-[0m[0m encryption_disabled = false [90m-> null[0m[0m
              [31m-[0m[0m status              = "DISABLED" [90m-> null[0m[0m
                [90m# (2 unchanged attributes hidden)[0m[0m
            }
        }

      [31m-[0m[0m source {
          [31m-[0m[0m buildspec           = "buildspecs/build-grafana.yml" [90m-> null[0m[0m
          [31m-[0m[0m git_clone_depth     = 0 [90m-> null[0m[0m
          [31m-[0m[0m insecure_ssl        = false [90m-> null[0m[0m
          [31m-[0m[0m report_build_status = false [90m-> null[0m[0m
          [31m-[0m[0m type                = "CODEPIPELINE" [90m-> null[0m[0m
            [90m# (1 unchanged attribute hidden)[0m[0m
        }
    }

[1m  # module.delivery.aws_codebuild_project.image["commission"][0m will be [1m[31mdestroyed[0m
[0m  [31m-[0m[0m resource "aws_codebuild_project" "image" {
      [31m-[0m[0m arn                    = "arn:aws:codebuild:us-west-1:240462142849:project/devops-g3-commission-build" [90m-> null[0m[0m
      [31m-[0m[0m auto_retry_limit       = 0 [90m-> null[0m[0m
      [31m-[0m[0m badge_enabled          = false [90m-> null[0m[0m
      [31m-[0m[0m build_timeout          = 30 [90m-> null[0m[0m
      [31m-[0m[0m concurrent_build_limit = 0 [90m-> null[0m[0m
      [31m-[0m[0m description            = "Build, scan and push the commission image" [90m-> null[0m[0m
      [31m-[0m[0m encryption_key         = "arn:aws:kms:us-west-1:240462142849:alias/aws/s3" [90m-> null[0m[0m
      [31m-[0m[0m id                     = "arn:aws:codebuild:us-west-1:240462142849:project/devops-g3-commission-build" [90m-> null[0m[0m
      [31m-[0m[0m name                   = "devops-g3-commission-build" [90m-> null[0m[0m
      [31m-[0m[0m project_visibility     = "PRIVATE" [90m-> null[0m[0m
      [31m-[0m[0m queued_timeout         = 480 [90m-> null[0m[0m
      [31m-[0m[0m region                 = "us-west-1" [90m-> null[0m[0m
      [31m-[0m[0m service_role           = "arn:aws:iam::240462142849:role/devops-g3-codebuild" [90m-> null[0m[0m
      [31m-[0m[0m tags                   = {
          [31m-[0m[0m "Name"    = "devops-g3-commission-build"
          [31m-[0m[0m "service" = "commission"
        } [90m-> null[0m[0m
      [31m-[0m[0m tags_all               = {
          [31m-[0m[0m "Name"        = "devops-g3-commission-build"
          [31m-[0m[0m "capstone"    = "tillflow"
          [31m-[0m[0m "environment" = "dev"
          [31m-[0m[0m "group"       = "devops-g3"
          [31m-[0m[0m "managed-by"  = "terraform"
          [31m-[0m[0m "owner"       = "lwam"
          [31m-[0m[0m "service"     = "commission"
        } [90m-> null[0m[0m
        [90m# (4 unchanged attributes hidden)[0m[0m

      [31m-[0m[0m artifacts {
          [31m-[0m[0m encryption_disabled    = false [90m-> null[0m[0m
          [31m-[0m[0m name                   = "devops-g3-commission-build" [90m-> null[0m[0m
          [31m-[0m[0m override_artifact_name = false [90m-> null[0m[0m
          [31m-[0m[0m packaging              = "NONE" [90m-> null[0m[0m
          [31m-[0m[0m type                   = "CODEPIPELINE" [90m-> null[0m[0m
            [90m# (5 unchanged attributes hidden)[0m[0m
        }

      [31m-[0m[0m cache {
          [31m-[0m[0m modes           = [] [90m-> null[0m[0m
          [31m-[0m[0m type            = "NO_CACHE" [90m-> null[0m[0m
            [90m# (2 unchanged attributes hidden)[0m[0m
        }

      [31m-[0m[0m environment {
          [31m-[0m[0m compute_type                = "BUILD_GENERAL1_SMALL" [90m-> null[0m[0m
          [31m-[0m[0m image                       = "aws/codebuild/amazonlinux-aarch64-standard:3.0" [90m-> null[0m[0m
          [31m-[0m[0m image_pull_credentials_type = "CODEBUILD" [90m-> null[0m[0m
          [31m-[0m[0m privileged_mode             = true [90m-> null[0m[0m
          [31m-[0m[0m type                        = "ARM_CONTAINER" [90m-> null[0m[0m
            [90m# (2 unchanged attributes hidden)[0m[0m

          [31m-[0m[0m environment_variable {
              [31m-[0m[0m name  = "SERVICE_NAME" [90m-> null[0m[0m
              [31m-[0m[0m type  = "PLAINTEXT" [90m-> null[0m[0m
              [31m-[0m[0m value = "commission" [90m-> null[0m[0m
            }
          [31m-[0m[0m environment_variable {
              [31m-[0m[0m name  = "ADOT_IMAGE_TAG" [90m-> null[0m[0m
              [31m-[0m[0m type  = "PLAINTEXT" [90m-> null[0m[0m
              [31m-[0m[0m value = "v0.43.3-tillflow4" [90m-> null[0m[0m
            }
        }

      [31m-[0m[0m logs_config {
          [31m-[0m[0m cloudwatch_logs {
              [31m-[0m[0m group_name  = "/devops-g3/codebuild/commission" [90m-> null[0m[0m
              [31m-[0m[0m status      = "ENABLED" [90m-> null[0m[0m
              [31m-[0m[0m stream_name = "image" [90m-> null[0m[0m
            }
          [31m-[0m[0m s3_logs {
              [31m-[0m[0m encryption_disabled = false [90m-> null[0m[0m
              [31m-[0m[0m status              = "DISABLED" [90m-> null[0m[0m
                [90m# (2 unchanged attributes hidden)[0m[0m
            }
        }

      [31m-[0m[0m source {
          [31m-[0m[0m buildspec           = "buildspecs/service-image.yml" [90m-> null[0m[0m
          [31m-[0m[0m git_clone_depth     = 0 [90m-> null[0m[0m
          [31m-[0m[0m insecure_ssl        = false [90m-> null[0m[0m
          [31m-[0m[0m report_build_status = false [90m-> null[0m[0m
          [31m-[0m[0m type                = "CODEPIPELINE" [90m-> null[0m[0m
            [90m# (1 unchanged attribute hidden)[0m[0m
        }
    }

[1m  # module.delivery.aws_codebuild_project.image["payments"][0m will be [1m[31mdestroyed[0m
[0m  [31m-[0m[0m resource "aws_codebuild_project" "image" {
      [31m-[0m[0m arn                    = "arn:aws:codebuild:us-west-1:240462142849:project/devops-g3-payments-build" [90m-> null[0m[0m
      [31m-[0m[0m auto_retry_limit       = 0 [90m-> null[0m[0m
      [31m-[0m[0m badge_enabled          = false [90m-> null[0m[0m
      [31m-[0m[0m build_timeout          = 30 [90m-> null[0m[0m
      [31m-[0m[0m concurrent_build_limit = 0 [90m-> null[0m[0m
      [31m-[0m[0m description            = "Build, scan and push the payments image" [90m-> null[0m[0m
      [31m-[0m[0m encryption_key         = "arn:aws:kms:us-west-1:240462142849:alias/aws/s3" [90m-> null[0m[0m
      [31m-[0m[0m id                     = "arn:aws:codebuild:us-west-1:240462142849:project/devops-g3-payments-build" [90m-> null[0m[0m
      [31m-[0m[0m name                   = "devops-g3-payments-build" [90m-> null[0m[0m
      [31m-[0m[0m project_visibility     = "PRIVATE" [90m-> null[0m[0m
      [31m-[0m[0m queued_timeout         = 480 [90m-> null[0m[0m
      [31m-[0m[0m region                 = "us-west-1" [90m-> null[0m[0m
      [31m-[0m[0m service_role           = "arn:aws:iam::240462142849:role/devops-g3-codebuild" [90m-> null[0m[0m
      [31m-[0m[0m tags                   = {
          [31m-[0m[0m "Name"    = "devops-g3-payments-build"
          [31m-[0m[0m "service" = "payments"
        } [90m-> null[0m[0m
      [31m-[0m[0m tags_all               = {
          [31m-[0m[0m "Name"        = "devops-g3-payments-build"
          [31m-[0m[0m "capstone"    = "tillflow"
          [31m-[0m[0m "environment" = "dev"
          [31m-[0m[0m "group"       = "devops-g3"
          [31m-[0m[0m "managed-by"  = "terraform"
          [31m-[0m[0m "owner"       = "lwam"
          [31m-[0m[0m "service"     = "payments"
        } [90m-> null[0m[0m
        [90m# (4 unchanged attributes hidden)[0m[0m

      [31m-[0m[0m artifacts {
          [31m-[0m[0m encryption_disabled    = false [90m-> null[0m[0m
          [31m-[0m[0m name                   = "devops-g3-payments-build" [90m-> null[0m[0m
          [31m-[0m[0m override_artifact_name = false [90m-> null[0m[0m
          [31m-[0m[0m packaging              = "NONE" [90m-> null[0m[0m
          [31m-[0m[0m type                   = "CODEPIPELINE" [90m-> null[0m[0m
            [90m# (5 unchanged attributes hidden)[0m[0m
        }

      [31m-[0m[0m cache {
          [31m-[0m[0m modes           = [] [90m-> null[0m[0m
          [31m-[0m[0m type            = "NO_CACHE" [90m-> null[0m[0m
            [90m# (2 unchanged attributes hidden)[0m[0m
        }

      [31m-[0m[0m environment {
          [31m-[0m[0m compute_type                = "BUILD_GENERAL1_SMALL" [90m-> null[0m[0m
          [31m-[0m[0m image                       = "aws/codebuild/amazonlinux-aarch64-standard:3.0" [90m-> null[0m[0m
          [31m-[0m[0m image_pull_credentials_type = "CODEBUILD" [90m-> null[0m[0m
          [31m-[0m[0m privileged_mode             = true [90m-> null[0m[0m
          [31m-[0m[0m type                        = "ARM_CONTAINER" [90m-> null[0m[0m
            [90m# (2 unchanged attributes hidden)[0m[0m

          [31m-[0m[0m environment_variable {
              [31m-[0m[0m name  = "SERVICE_NAME" [90m-> null[0m[0m
              [31m-[0m[0m type  = "PLAINTEXT" [90m-> null[0m[0m
              [31m-[0m[0m value = "payments" [90m-> null[0m[0m
            }
          [31m-[0m[0m environment_variable {
              [31m-[0m[0m name  = "ADOT_IMAGE_TAG" [90m-> null[0m[0m
              [31m-[0m[0m type  = "PLAINTEXT" [90m-> null[0m[0m
              [31m-[0m[0m value = "v0.43.3-tillflow4" [90m-> null[0m[0m
            }
        }

      [31m-[0m[0m logs_config {
          [31m-[0m[0m cloudwatch_logs {
              [31m-[0m[0m group_name  = "/devops-g3/codebuild/payments" [90m-> null[0m[0m
              [31m-[0m[0m status      = "ENABLED" [90m-> null[0m[0m
              [31m-[0m[0m stream_name = "image" [90m-> null[0m[0m
            }
          [31m-[0m[0m s3_logs {
              [31m-[0m[0m encryption_disabled = false [90m-> null[0m[0m
              [31m-[0m[0m status              = "DISABLED" [90m-> null[0m[0m
                [90m# (2 unchanged attributes hidden)[0m[0m
            }
        }

      [31m-[0m[0m source {
          [31m-[0m[0m buildspec           = "buildspecs/service-image.yml" [90m-> null[0m[0m
          [31m-[0m[0m git_clone_depth     = 0 [90m-> null[0m[0m
          [31m-[0m[0m insecure_ssl        = false [90m-> null[0m[0m
          [31m-[0m[0m report_build_status = false [90m-> null[0m[0m
          [31m-[0m[0m type                = "CODEPIPELINE" [90m-> null[0m[0m
            [90m# (1 unchanged attribute hidden)[0m[0m
        }
    }

[1m  # module.delivery.aws_codebuild_project.image["pos"][0m will be [1m[31mdestroyed[0m
[0m  [31m-[0m[0m resource "aws_codebuild_project" "image" {
      [31m-[0m[0m arn                    = "arn:aws:codebuild:us-west-1:240462142849:project/devops-g3-pos-build" [90m-> null[0m[0m
      [31m-[0m[0m auto_retry_limit       = 0 [90m-> null[0m[0m
      [31m-[0m[0m badge_enabled          = false [90m-> null[0m[0m
      [31m-[0m[0m build_timeout          = 30 [90m-> null[0m[0m
      [31m-[0m[0m concurrent_build_limit = 0 [90m-> null[0m[0m
      [31m-[0m[0m description            = "Build, scan and push the pos image" [90m-> null[0m[0m
      [31m-[0m[0m encryption_key         = "arn:aws:kms:us-west-1:240462142849:alias/aws/s3" [90m-> null[0m[0m
      [31m-[0m[0m id                     = "arn:aws:codebuild:us-west-1:240462142849:project/devops-g3-pos-build" [90m-> null[0m[0m
      [31m-[0m[0m name                   = "devops-g3-pos-build" [90m-> null[0m[0m
      [31m-[0m[0m project_visibility     = "PRIVATE" [90m-> null[0m[0m
      [31m-[0m[0m queued_timeout         = 480 [90m-> null[0m[0m
      [31m-[0m[0m region                 = "us-west-1" [90m-> null[0m[0m
      [31m-[0m[0m service_role           = "arn:aws:iam::240462142849:role/devops-g3-codebuild" [90m-> null[0m[0m
      [31m-[0m[0m tags                   = {
          [31m-[0m[0m "Name"    = "devops-g3-pos-build"
          [31m-[0m[0m "service" = "pos"
        } [90m-> null[0m[0m
      [31m-[0m[0m tags_all               = {
          [31m-[0m[0m "Name"        = "devops-g3-pos-build"
          [31m-[0m[0m "capstone"    = "tillflow"
          [31m-[0m[0m "environment" = "dev"
          [31m-[0m[0m "group"       = "devops-g3"
          [31m-[0m[0m "managed-by"  = "terraform"
          [31m-[0m[0m "owner"       = "lwam"
          [31m-[0m[0m "service"     = "pos"
        } [90m-> null[0m[0m
        [90m# (4 unchanged attributes hidden)[0m[0m

      [31m-[0m[0m artifacts {
          [31m-[0m[0m encryption_disabled    = false [90m-> null[0m[0m
          [31m-[0m[0m name                   = "devops-g3-pos-build" [90m-> null[0m[0m
          [31m-[0m[0m override_artifact_name = false [90m-> null[0m[0m
          [31m-[0m[0m packaging              = "NONE" [90m-> null[0m[0m
          [31m-[0m[0m type                   = "CODEPIPELINE" [90m-> null[0m[0m
            [90m# (5 unchanged attributes hidden)[0m[0m
        }

      [31m-[0m[0m cache {
          [31m-[0m[0m modes           = [] [90m-> null[0m[0m
          [31m-[0m[0m type            = "NO_CACHE" [90m-> null[0m[0m
            [90m# (2 unchanged attributes hidden)[0m[0m
        }

      [31m-[0m[0m environment {
          [31m-[0m[0m compute_type                = "BUILD_GENERAL1_SMALL" [90m-> null[0m[0m
          [31m-[0m[0m image                       = "aws/codebuild/amazonlinux-aarch64-standard:3.0" [90m-> null[0m[0m
          [31m-[0m[0m image_pull_credentials_type = "CODEBUILD" [90m-> null[0m[0m
          [31m-[0m[0m privileged_mode             = true [90m-> null[0m[0m
          [31m-[0m[0m type                        = "ARM_CONTAINER" [90m-> null[0m[0m
            [90m# (2 unchanged attributes hidden)[0m[0m

          [31m-[0m[0m environment_variable {
              [31m-[0m[0m name  = "SERVICE_NAME" [90m-> null[0m[0m
              [31m-[0m[0m type  = "PLAINTEXT" [90m-> null[0m[0m
              [31m-[0m[0m value = "pos" [90m-> null[0m[0m
            }
          [31m-[0m[0m environment_variable {
              [31m-[0m[0m name  = "ADOT_IMAGE_TAG" [90m-> null[0m[0m
              [31m-[0m[0m type  = "PLAINTEXT" [90m-> null[0m[0m
              [31m-[0m[0m value = "v0.43.3-tillflow4" [90m-> null[0m[0m
            }
        }

      [31m-[0m[0m logs_config {
          [31m-[0m[0m cloudwatch_logs {
              [31m-[0m[0m group_name  = "/devops-g3/codebuild/pos" [90m-> null[0m[0m
              [31m-[0m[0m status      = "ENABLED" [90m-> null[0m[0m
              [31m-[0m[0m stream_name = "image" [90m-> null[0m[0m
            }
          [31m-[0m[0m s3_logs {
              [31m-[0m[0m encryption_disabled = false [90m-> null[0m[0m
              [31m-[0m[0m status              = "DISABLED" [90m-> null[0m[0m
                [90m# (2 unchanged attributes hidden)[0m[0m
            }
        }

      [31m-[0m[0m source {
          [31m-[0m[0m buildspec           = "buildspecs/service-image.yml" [90m-> null[0m[0m
          [31m-[0m[0m git_clone_depth     = 0 [90m-> null[0m[0m
          [31m-[0m[0m insecure_ssl        = false [90m-> null[0m[0m
          [31m-[0m[0m report_build_status = false [90m-> null[0m[0m
          [31m-[0m[0m type                = "CODEPIPELINE" [90m-> null[0m[0m
            [90m# (1 unchanged attribute hidden)[0m[0m
        }
    }

[1m  # module.delivery.aws_codebuild_project.image["web"][0m will be [1m[31mdestroyed[0m
[0m  [31m-[0m[0m resource "aws_codebuild_project" "image" {
      [31m-[0m[0m arn                    = "arn:aws:codebuild:us-west-1:240462142849:project/devops-g3-web-build" [90m-> null[0m[0m
      [31m-[0m[0m auto_retry_limit       = 0 [90m-> null[0m[0m
      [31m-[0m[0m badge_enabled          = false [90m-> null[0m[0m
      [31m-[0m[0m build_timeout          = 30 [90m-> null[0m[0m
      [31m-[0m[0m concurrent_build_limit = 0 [90m-> null[0m[0m
      [31m-[0m[0m description            = "Build, scan and push the web image" [90m-> null[0m[0m
      [31m-[0m[0m encryption_key         = "arn:aws:kms:us-west-1:240462142849:alias/aws/s3" [90m-> null[0m[0m
      [31m-[0m[0m id                     = "arn:aws:codebuild:us-west-1:240462142849:project/devops-g3-web-build" [90m-> null[0m[0m
      [31m-[0m[0m name                   = "devops-g3-web-build" [90m-> null[0m[0m
      [31m-[0m[0m project_visibility     = "PRIVATE" [90m-> null[0m[0m
      [31m-[0m[0m queued_timeout         = 480 [90m-> null[0m[0m
      [31m-[0m[0m region                 = "us-west-1" [90m-> null[0m[0m
      [31m-[0m[0m service_role           = "arn:aws:iam::240462142849:role/devops-g3-codebuild" [90m-> null[0m[0m
      [31m-[0m[0m tags                   = {
          [31m-[0m[0m "Name"    = "devops-g3-web-build"
          [31m-[0m[0m "service" = "web"
        } [90m-> null[0m[0m
      [31m-[0m[0m tags_all               = {
          [31m-[0m[0m "Name"        = "devops-g3-web-build"
          [31m-[0m[0m "capstone"    = "tillflow"
          [31m-[0m[0m "environment" = "dev"
          [31m-[0m[0m "group"       = "devops-g3"
          [31m-[0m[0m "managed-by"  = "terraform"
          [31m-[0m[0m "owner"       = "lwam"
          [31m-[0m[0m "service"     = "web"
        } [90m-> null[0m[0m
        [90m# (4 unchanged attributes hidden)[0m[0m

      [31m-[0m[0m artifacts {
          [31m-[0m[0m encryption_disabled    = false [90m-> null[0m[0m
          [31m-[0m[0m name                   = "devops-g3-web-build" [90m-> null[0m[0m
          [31m-[0m[0m override_artifact_name = false [90m-> null[0m[0m
          [31m-[0m[0m packaging              = "NONE" [90m-> null[0m[0m
          [31m-[0m[0m type                   = "CODEPIPELINE" [90m-> null[0m[0m
            [90m# (5 unchanged attributes hidden)[0m[0m
        }

      [31m-[0m[0m cache {
          [31m-[0m[0m modes           = [] [90m-> null[0m[0m
          [31m-[0m[0m type            = "NO_CACHE" [90m-> null[0m[0m
            [90m# (2 unchanged attributes hidden)[0m[0m
        }

      [31m-[0m[0m environment {
          [31m-[0m[0m compute_type                = "BUILD_GENERAL1_SMALL" [90m-> null[0m[0m
          [31m-[0m[0m image                       = "aws/codebuild/amazonlinux-aarch64-standard:3.0" [90m-> null[0m[0m
          [31m-[0m[0m image_pull_credentials_type = "CODEBUILD" [90m-> null[0m[0m
          [31m-[0m[0m privileged_mode             = true [90m-> null[0m[0m
          [31m-[0m[0m type                        = "ARM_CONTAINER" [90m-> null[0m[0m
            [90m# (2 unchanged attributes hidden)[0m[0m

          [31m-[0m[0m environment_variable {
              [31m-[0m[0m name  = "SERVICE_NAME" [90m-> null[0m[0m
              [31m-[0m[0m type  = "PLAINTEXT" [90m-> null[0m[0m
              [31m-[0m[0m value = "web" [90m-> null[0m[0m
            }
          [31m-[0m[0m environment_variable {
              [31m-[0m[0m name  = "ADOT_IMAGE_TAG" [90m-> null[0m[0m
              [31m-[0m[0m type  = "PLAINTEXT" [90m-> null[0m[0m
              [31m-[0m[0m value = "v0.43.3-tillflow4" [90m-> null[0m[0m
            }
        }

      [31m-[0m[0m logs_config {
          [31m-[0m[0m cloudwatch_logs {
              [31m-[0m[0m group_name  = "/devops-g3/codebuild/web" [90m-> null[0m[0m
              [31m-[0m[0m status      = "ENABLED" [90m-> null[0m[0m
              [31m-[0m[0m stream_name = "image" [90m-> null[0m[0m
            }
          [31m-[0m[0m s3_logs {
              [31m-[0m[0m encryption_disabled = false [90m-> null[0m[0m
              [31m-[0m[0m status              = "DISABLED" [90m-> null[0m[0m
                [90m# (2 unchanged attributes hidden)[0m[0m
            }
        }

      [31m-[0m[0m source {
          [31m-[0m[0m buildspec           = "buildspecs/service-image.yml" [90m-> null[0m[0m
          [31m-[0m[0m git_clone_depth     = 0 [90m-> null[0m[0m
          [31m-[0m[0m insecure_ssl        = false [90m-> null[0m[0m
          [31m-[0m[0m report_build_status = false [90m-> null[0m[0m
          [31m-[0m[0m type                = "CODEPIPELINE" [90m-> null[0m[0m
            [90m# (1 unchanged attribute hidden)[0m[0m
        }
    }

[1m  # module.delivery.aws_codebuild_project.pos_migrations[0m will be [1m[31mdestroyed[0m
[0m  [31m-[0m[0m resource "aws_codebuild_project" "pos_migrations" {
      [31m-[0m[0m arn                    = "arn:aws:codebuild:us-west-1:240462142849:project/devops-g3-pos-migrations" [90m-> null[0m[0m
      [31m-[0m[0m auto_retry_limit       = 0 [90m-> null[0m[0m
      [31m-[0m[0m badge_enabled          = false [90m-> null[0m[0m
      [31m-[0m[0m build_timeout          = 20 [90m-> null[0m[0m
      [31m-[0m[0m concurrent_build_limit = 0 [90m-> null[0m[0m
      [31m-[0m[0m description            = "Run POS Alembic migrations against RDS before ECS deploy" [90m-> null[0m[0m
      [31m-[0m[0m encryption_key         = "arn:aws:kms:us-west-1:240462142849:alias/aws/s3" [90m-> null[0m[0m
      [31m-[0m[0m id                     = "arn:aws:codebuild:us-west-1:240462142849:project/devops-g3-pos-migrations" [90m-> null[0m[0m
      [31m-[0m[0m name                   = "devops-g3-pos-migrations" [90m-> null[0m[0m
      [31m-[0m[0m project_visibility     = "PRIVATE" [90m-> null[0m[0m
      [31m-[0m[0m queued_timeout         = 480 [90m-> null[0m[0m
      [31m-[0m[0m region                 = "us-west-1" [90m-> null[0m[0m
      [31m-[0m[0m service_role           = "arn:aws:iam::240462142849:role/devops-g3-codebuild" [90m-> null[0m[0m
      [31m-[0m[0m tags                   = {
          [31m-[0m[0m "Name"    = "devops-g3-pos-migrations"
          [31m-[0m[0m "service" = "pos"
        } [90m-> null[0m[0m
      [31m-[0m[0m tags_all               = {
          [31m-[0m[0m "Name"        = "devops-g3-pos-migrations"
          [31m-[0m[0m "capstone"    = "tillflow"
          [31m-[0m[0m "environment" = "dev"
          [31m-[0m[0m "group"       = "devops-g3"
          [31m-[0m[0m "managed-by"  = "terraform"
          [31m-[0m[0m "owner"       = "lwam"
          [31m-[0m[0m "service"     = "pos"
        } [90m-> null[0m[0m
        [90m# (4 unchanged attributes hidden)[0m[0m

      [31m-[0m[0m artifacts {
          [31m-[0m[0m encryption_disabled    = false [90m-> null[0m[0m
          [31m-[0m[0m name                   = "devops-g3-pos-migrations" [90m-> null[0m[0m
          [31m-[0m[0m override_artifact_name = false [90m-> null[0m[0m
          [31m-[0m[0m packaging              = "NONE" [90m-> null[0m[0m
          [31m-[0m[0m type                   = "CODEPIPELINE" [90m-> null[0m[0m
            [90m# (5 unchanged attributes hidden)[0m[0m
        }

      [31m-[0m[0m cache {
          [31m-[0m[0m modes           = [] [90m-> null[0m[0m
          [31m-[0m[0m type            = "NO_CACHE" [90m-> null[0m[0m
            [90m# (2 unchanged attributes hidden)[0m[0m
        }

      [31m-[0m[0m environment {
          [31m-[0m[0m compute_type                = "BUILD_GENERAL1_SMALL" [90m-> null[0m[0m
          [31m-[0m[0m image                       = "aws/codebuild/amazonlinux-aarch64-standard:3.0" [90m-> null[0m[0m
          [31m-[0m[0m image_pull_credentials_type = "CODEBUILD" [90m-> null[0m[0m
          [31m-[0m[0m privileged_mode             = true [90m-> null[0m[0m
          [31m-[0m[0m type                        = "ARM_CONTAINER" [90m-> null[0m[0m
            [90m# (2 unchanged attributes hidden)[0m[0m

          [31m-[0m[0m environment_variable {
              [31m-[0m[0m name  = "NAME_PREFIX" [90m-> null[0m[0m
              [31m-[0m[0m type  = "PLAINTEXT" [90m-> null[0m[0m
              [31m-[0m[0m value = "devops-g3" [90m-> null[0m[0m
            }
          [31m-[0m[0m environment_variable {
              [31m-[0m[0m name  = "POS_REPOSITORY" [90m-> null[0m[0m
              [31m-[0m[0m type  = "PLAINTEXT" [90m-> null[0m[0m
              [31m-[0m[0m value = "devops-g3/pos" [90m-> null[0m[0m
            }
          [31m-[0m[0m environment_variable {
              [31m-[0m[0m name  = "DB_HOST" [90m-> null[0m[0m
              [31m-[0m[0m type  = "PLAINTEXT" [90m-> null[0m[0m
              [31m-[0m[0m value = "devops-g3-db-proxy.proxy-chgiwkc8muat.us-west-1.rds.amazonaws.com" [90m-> null[0m[0m
            }
          [31m-[0m[0m environment_variable {
              [31m-[0m[0m name  = "DB_NAME" [90m-> null[0m[0m
              [31m-[0m[0m type  = "PLAINTEXT" [90m-> null[0m[0m
              [31m-[0m[0m value = "tillflow" [90m-> null[0m[0m
            }
          [31m-[0m[0m environment_variable {
              [31m-[0m[0m name  = "MASTER_SECRET_ARN" [90m-> null[0m[0m
              [31m-[0m[0m type  = "PLAINTEXT" [90m-> null[0m[0m
              [31m-[0m[0m value = "arn:aws:secretsmanager:us-west-1:240462142849:secret:rds!db-13d47250-d138-4310-b085-699782421330-fd0Cy3" [90m-> null[0m[0m
            }
        }

      [31m-[0m[0m logs_config {
          [31m-[0m[0m cloudwatch_logs {
              [31m-[0m[0m group_name  = "/devops-g3/codebuild/pos-migrations" [90m-> null[0m[0m
              [31m-[0m[0m status      = "ENABLED" [90m-> null[0m[0m
              [31m-[0m[0m stream_name = "migrate" [90m-> null[0m[0m
            }
          [31m-[0m[0m s3_logs {
              [31m-[0m[0m encryption_disabled = false [90m-> null[0m[0m
              [31m-[0m[0m status              = "DISABLED" [90m-> null[0m[0m
                [90m# (2 unchanged attributes hidden)[0m[0m
            }
        }

      [31m-[0m[0m source {
          [31m-[0m[0m buildspec           = "buildspecs/pos-migrations.yml" [90m-> null[0m[0m
          [31m-[0m[0m git_clone_depth     = 0 [90m-> null[0m[0m
          [31m-[0m[0m insecure_ssl        = false [90m-> null[0m[0m
          [31m-[0m[0m report_build_status = false [90m-> null[0m[0m
          [31m-[0m[0m type                = "CODEPIPELINE" [90m-> null[0m[0m
            [90m# (1 unchanged attribute hidden)[0m[0m
        }

      [31m-[0m[0m vpc_config {
          [31m-[0m[0m security_group_ids = [
              [31m-[0m[0m "sg-02e0f6e55a8d685c1",
            ] [90m-> null[0m[0m
          [31m-[0m[0m subnets            = [
              [31m-[0m[0m "subnet-01cdc84de3b32c135",
              [31m-[0m[0m "subnet-07343877e9a03db98",
            ] [90m-> null[0m[0m
          [31m-[0m[0m vpc_id             = "vpc-00cfe1339e0c0c86b" [90m-> null[0m[0m
        }
    }

[1m  # module.delivery.aws_codebuild_project.smoke[0m will be [1m[31mdestroyed[0m
[0m  [31m-[0m[0m resource "aws_codebuild_project" "smoke" {
      [31m-[0m[0m arn                    = "arn:aws:codebuild:us-west-1:240462142849:project/devops-g3-smoke" [90m-> null[0m[0m
      [31m-[0m[0m auto_retry_limit       = 0 [90m-> null[0m[0m
      [31m-[0m[0m badge_enabled          = false [90m-> null[0m[0m
      [31m-[0m[0m build_timeout          = 30 [90m-> null[0m[0m
      [31m-[0m[0m concurrent_build_limit = 0 [90m-> null[0m[0m
      [31m-[0m[0m description            = "Scale ECS services after image deploy and run smoke checks" [90m-> null[0m[0m
      [31m-[0m[0m encryption_key         = "arn:aws:kms:us-west-1:240462142849:alias/aws/s3" [90m-> null[0m[0m
      [31m-[0m[0m id                     = "arn:aws:codebuild:us-west-1:240462142849:project/devops-g3-smoke" [90m-> null[0m[0m
      [31m-[0m[0m name                   = "devops-g3-smoke" [90m-> null[0m[0m
      [31m-[0m[0m project_visibility     = "PRIVATE" [90m-> null[0m[0m
      [31m-[0m[0m queued_timeout         = 480 [90m-> null[0m[0m
      [31m-[0m[0m region                 = "us-west-1" [90m-> null[0m[0m
      [31m-[0m[0m service_role           = "arn:aws:iam::240462142849:role/devops-g3-codebuild" [90m-> null[0m[0m
      [31m-[0m[0m tags                   = {
          [31m-[0m[0m "Name"    = "devops-g3-smoke"
          [31m-[0m[0m "service" = "delivery"
        } [90m-> null[0m[0m
      [31m-[0m[0m tags_all               = {
          [31m-[0m[0m "Name"        = "devops-g3-smoke"
          [31m-[0m[0m "capstone"    = "tillflow"
          [31m-[0m[0m "environment" = "dev"
          [31m-[0m[0m "group"       = "devops-g3"
          [31m-[0m[0m "managed-by"  = "terraform"
          [31m-[0m[0m "owner"       = "lwam"
          [31m-[0m[0m "service"     = "delivery"
        } [90m-> null[0m[0m
        [90m# (4 unchanged attributes hidden)[0m[0m

      [31m-[0m[0m artifacts {
          [31m-[0m[0m encryption_disabled    = false [90m-> null[0m[0m
          [31m-[0m[0m name                   = "devops-g3-smoke" [90m-> null[0m[0m
          [31m-[0m[0m override_artifact_name = false [90m-> null[0m[0m
          [31m-[0m[0m packaging              = "NONE" [90m-> null[0m[0m
          [31m-[0m[0m type                   = "CODEPIPELINE" [90m-> null[0m[0m
            [90m# (5 unchanged attributes hidden)[0m[0m
        }

      [31m-[0m[0m cache {
          [31m-[0m[0m modes           = [] [90m-> null[0m[0m
          [31m-[0m[0m type            = "NO_CACHE" [90m-> null[0m[0m
            [90m# (2 unchanged attributes hidden)[0m[0m
        }

      [31m-[0m[0m environment {
          [31m-[0m[0m compute_type                = "BUILD_GENERAL1_SMALL" [90m-> null[0m[0m
          [31m-[0m[0m image                       = "aws/codebuild/standard:7.0" [90m-> null[0m[0m
          [31m-[0m[0m image_pull_credentials_type = "CODEBUILD" [90m-> null[0m[0m
          [31m-[0m[0m privileged_mode             = false [90m-> null[0m[0m
          [31m-[0m[0m type                        = "LINUX_CONTAINER" [90m-> null[0m[0m
            [90m# (2 unchanged attributes hidden)[0m[0m

          [31m-[0m[0m environment_variable {
              [31m-[0m[0m name  = "API_ENDPOINT" [90m-> null[0m[0m
              [31m-[0m[0m type  = "PLAINTEXT" [90m-> null[0m[0m
              [31m-[0m[0m value = "https://w6m0ja1aic.execute-api.us-west-1.amazonaws.com/v1" [90m-> null[0m[0m
            }
          [31m-[0m[0m environment_variable {
              [31m-[0m[0m name  = "COMMISSION_DESIRED_COUNT" [90m-> null[0m[0m
              [31m-[0m[0m type  = "PLAINTEXT" [90m-> null[0m[0m
              [31m-[0m[0m value = "1" [90m-> null[0m[0m
            }
          [31m-[0m[0m environment_variable {
              [31m-[0m[0m name  = "PAYMENTS_DESIRED_COUNT" [90m-> null[0m[0m
              [31m-[0m[0m type  = "PLAINTEXT" [90m-> null[0m[0m
              [31m-[0m[0m value = "2" [90m-> null[0m[0m
            }
          [31m-[0m[0m environment_variable {
              [31m-[0m[0m name  = "POS_DESIRED_COUNT" [90m-> null[0m[0m
              [31m-[0m[0m type  = "PLAINTEXT" [90m-> null[0m[0m
              [31m-[0m[0m value = "2" [90m-> null[0m[0m
            }
          [31m-[0m[0m environment_variable {
              [31m-[0m[0m name  = "WEB_DESIRED_COUNT" [90m-> null[0m[0m
              [31m-[0m[0m type  = "PLAINTEXT" [90m-> null[0m[0m
              [31m-[0m[0m value = "2" [90m-> null[0m[0m
            }
        }

      [31m-[0m[0m logs_config {
          [31m-[0m[0m cloudwatch_logs {
              [31m-[0m[0m group_name  = "/devops-g3/codebuild/smoke" [90m-> null[0m[0m
              [31m-[0m[0m status      = "ENABLED" [90m-> null[0m[0m
              [31m-[0m[0m stream_name = "smoke" [90m-> null[0m[0m
            }
          [31m-[0m[0m s3_logs {
              [31m-[0m[0m encryption_disabled = false [90m-> null[0m[0m
              [31m-[0m[0m status              = "DISABLED" [90m-> null[0m[0m
                [90m# (2 unchanged attributes hidden)[0m[0m
            }
        }

      [31m-[0m[0m source {
          [31m-[0m[0m buildspec           = "buildspecs/post-deploy-smoke.yml" [90m-> null[0m[0m
          [31m-[0m[0m git_clone_depth     = 0 [90m-> null[0m[0m
          [31m-[0m[0m insecure_ssl        = false [90m-> null[0m[0m
          [31m-[0m[0m report_build_status = false [90m-> null[0m[0m
          [31m-[0m[0m type                = "CODEPIPELINE" [90m-> null[0m[0m
            [90m# (1 unchanged attribute hidden)[0m[0m
        }
    }

[1m  # module.delivery.aws_codepipeline.this[0m will be [1m[31mdestroyed[0m
[0m  [31m-[0m[0m resource "aws_codepipeline" "this" {
      [31m-[0m[0m arn            = "arn:aws:codepipeline:us-west-1:240462142849:devops-g3-pipeline" [90m-> null[0m[0m
      [31m-[0m[0m execution_mode = "SUPERSEDED" [90m-> null[0m[0m
      [31m-[0m[0m id             = "devops-g3-pipeline" [90m-> null[0m[0m
      [31m-[0m[0m name           = "devops-g3-pipeline" [90m-> null[0m[0m
      [31m-[0m[0m pipeline_type  = "V1" [90m-> null[0m[0m
      [31m-[0m[0m region         = "us-west-1" [90m-> null[0m[0m
      [31m-[0m[0m role_arn       = "arn:aws:iam::240462142849:role/devops-g3-pipeline" [90m-> null[0m[0m
      [31m-[0m[0m tags           = {
          [31m-[0m[0m "Name"    = "devops-g3-pipeline"
          [31m-[0m[0m "service" = "delivery"
        } [90m-> null[0m[0m
      [31m-[0m[0m tags_all       = {
          [31m-[0m[0m "Name"        = "devops-g3-pipeline"
          [31m-[0m[0m "capstone"    = "tillflow"
          [31m-[0m[0m "environment" = "dev"
          [31m-[0m[0m "group"       = "devops-g3"
          [31m-[0m[0m "managed-by"  = "terraform"
          [31m-[0m[0m "owner"       = "lwam"
          [31m-[0m[0m "service"     = "delivery"
        } [90m-> null[0m[0m
      [31m-[0m[0m trigger_all    = [] [90m-> null[0m[0m

      [31m-[0m[0m artifact_store {
          [31m-[0m[0m location = "devops-g3-artifacts-240462142849" [90m-> null[0m[0m
          [31m-[0m[0m type     = "S3" [90m-> null[0m[0m
            [90m# (1 unchanged attribute hidden)[0m[0m

          [31m-[0m[0m encryption_key {
              [31m-[0m[0m id   = "arn:aws:kms:us-west-1:240462142849:key/90e2806f-72c0-4b51-ae60-8cc9436bdfe0" [90m-> null[0m[0m
              [31m-[0m[0m type = "KMS" [90m-> null[0m[0m
            }
        }

      [31m-[0m[0m stage {
          [31m-[0m[0m name = "Source" [90m-> null[0m[0m

          [31m-[0m[0m action {
              [31m-[0m[0m category           = "Source" [90m-> null[0m[0m
              [31m-[0m[0m commands           = [] [90m-> null[0m[0m
              [31m-[0m[0m configuration      = {
                  [31m-[0m[0m "BranchName"       = "main"
                  [31m-[0m[0m "ConnectionArn"    = "arn:aws:codestar-connections:us-west-1:240462142849:connection/408b7a08-92ee-464f-b1fb-20896cec6f1c"
                  [31m-[0m[0m "DetectChanges"    = "true"
                  [31m-[0m[0m "FullRepositoryId" = "WairimuNganga/group3-tillflow-capstone"
                } [90m-> null[0m[0m
              [31m-[0m[0m input_artifacts    = [] [90m-> null[0m[0m
              [31m-[0m[0m name               = "GitHub" [90m-> null[0m[0m
              [31m-[0m[0m output_artifacts   = [
                  [31m-[0m[0m "source_output",
                ] [90m-> null[0m[0m
              [31m-[0m[0m output_variables   = [] [90m-> null[0m[0m
              [31m-[0m[0m owner              = "AWS" [90m-> null[0m[0m
              [31m-[0m[0m provider           = "CodeStarSourceConnection" [90m-> null[0m[0m
              [31m-[0m[0m run_order          = 1 [90m-> null[0m[0m
              [31m-[0m[0m timeout_in_minutes = 0 [90m-> null[0m[0m
              [31m-[0m[0m version            = "1" [90m-> null[0m[0m
                [90m# (3 unchanged attributes hidden)[0m[0m
            }
        }
      [31m-[0m[0m stage {
          [31m-[0m[0m name = "BuildScanPush" [90m-> null[0m[0m

          [31m-[0m[0m action {
              [31m-[0m[0m category           = "Build" [90m-> null[0m[0m
              [31m-[0m[0m commands           = [] [90m-> null[0m[0m
              [31m-[0m[0m configuration      = {
                  [31m-[0m[0m "ProjectName" = "devops-g3-adot-mirror"
                } [90m-> null[0m[0m
              [31m-[0m[0m input_artifacts    = [
                  [31m-[0m[0m "source_output",
                ] [90m-> null[0m[0m
              [31m-[0m[0m name               = "mirror-adot" [90m-> null[0m[0m
              [31m-[0m[0m output_artifacts   = [] [90m-> null[0m[0m
              [31m-[0m[0m output_variables   = [] [90m-> null[0m[0m
              [31m-[0m[0m owner              = "AWS" [90m-> null[0m[0m
              [31m-[0m[0m provider           = "CodeBuild" [90m-> null[0m[0m
              [31m-[0m[0m run_order          = 1 [90m-> null[0m[0m
              [31m-[0m[0m timeout_in_minutes = 0 [90m-> null[0m[0m
              [31m-[0m[0m version            = "1" [90m-> null[0m[0m
                [90m# (3 unchanged attributes hidden)[0m[0m
            }
          [31m-[0m[0m action {
              [31m-[0m[0m category           = "Build" [90m-> null[0m[0m
              [31m-[0m[0m commands           = [] [90m-> null[0m[0m
              [31m-[0m[0m configuration      = {
                  [31m-[0m[0m "ProjectName" = "devops-g3-grafana-build"
                } [90m-> null[0m[0m
              [31m-[0m[0m input_artifacts    = [
                  [31m-[0m[0m "source_output",
                ] [90m-> null[0m[0m
              [31m-[0m[0m name               = "build-grafana" [90m-> null[0m[0m
              [31m-[0m[0m output_artifacts   = [] [90m-> null[0m[0m
              [31m-[0m[0m output_variables   = [] [90m-> null[0m[0m
              [31m-[0m[0m owner              = "AWS" [90m-> null[0m[0m
              [31m-[0m[0m provider           = "CodeBuild" [90m-> null[0m[0m
              [31m-[0m[0m run_order          = 1 [90m-> null[0m[0m
              [31m-[0m[0m timeout_in_minutes = 0 [90m-> null[0m[0m
              [31m-[0m[0m version            = "1" [90m-> null[0m[0m
                [90m# (3 unchanged attributes hidden)[0m[0m
            }
          [31m-[0m[0m action {
              [31m-[0m[0m category           = "Build" [90m-> null[0m[0m
              [31m-[0m[0m commands           = [] [90m-> null[0m[0m
              [31m-[0m[0m configuration      = {
                  [31m-[0m[0m "ProjectName" = "devops-g3-commission-build"
                } [90m-> null[0m[0m
              [31m-[0m[0m input_artifacts    = [
                  [31m-[0m[0m "source_output",
                ] [90m-> null[0m[0m
              [31m-[0m[0m name               = "build-commission" [90m-> null[0m[0m
              [31m-[0m[0m output_artifacts   = [
                  [31m-[0m[0m "commission_image",
                ] [90m-> null[0m[0m
              [31m-[0m[0m output_variables   = [] [90m-> null[0m[0m
              [31m-[0m[0m owner              = "AWS" [90m-> null[0m[0m
              [31m-[0m[0m provider           = "CodeBuild" [90m-> null[0m[0m
              [31m-[0m[0m run_order          = 2 [90m-> null[0m[0m
              [31m-[0m[0m timeout_in_minutes = 0 [90m-> null[0m[0m
              [31m-[0m[0m version            = "1" [90m-> null[0m[0m
                [90m# (3 unchanged attributes hidden)[0m[0m
            }
          [31m-[0m[0m action {
              [31m-[0m[0m category           = "Build" [90m-> null[0m[0m
              [31m-[0m[0m commands           = [] [90m-> null[0m[0m
              [31m-[0m[0m configuration      = {
                  [31m-[0m[0m "ProjectName" = "devops-g3-payments-build"
                } [90m-> null[0m[0m
              [31m-[0m[0m input_artifacts    = [
                  [31m-[0m[0m "source_output",
                ] [90m-> null[0m[0m
              [31m-[0m[0m name               = "build-payments" [90m-> null[0m[0m
              [31m-[0m[0m output_artifacts   = [
                  [31m-[0m[0m "payments_image",
                ] [90m-> null[0m[0m
              [31m-[0m[0m output_variables   = [] [90m-> null[0m[0m
              [31m-[0m[0m owner              = "AWS" [90m-> null[0m[0m
              [31m-[0m[0m provider           = "CodeBuild" [90m-> null[0m[0m
              [31m-[0m[0m run_order          = 2 [90m-> null[0m[0m
              [31m-[0m[0m timeout_in_minutes = 0 [90m-> null[0m[0m
              [31m-[0m[0m version            = "1" [90m-> null[0m[0m
                [90m# (3 unchanged attributes hidden)[0m[0m
            }
          [31m-[0m[0m action {
              [31m-[0m[0m category           = "Build" [90m-> null[0m[0m
              [31m-[0m[0m commands           = [] [90m-> null[0m[0m
              [31m-[0m[0m configuration      = {
                  [31m-[0m[0m "ProjectName" = "devops-g3-pos-build"
                } [90m-> null[0m[0m
              [31m-[0m[0m input_artifacts    = [
                  [31m-[0m[0m "source_output",
                ] [90m-> null[0m[0m
              [31m-[0m[0m name               = "build-pos" [90m-> null[0m[0m
              [31m-[0m[0m output_artifacts   = [
                  [31m-[0m[0m "pos_image",
                ] [90m-> null[0m[0m
              [31m-[0m[0m output_variables   = [] [90m-> null[0m[0m
              [31m-[0m[0m owner              = "AWS" [90m-> null[0m[0m
              [31m-[0m[0m provider           = "CodeBuild" [90m-> null[0m[0m
              [31m-[0m[0m run_order          = 2 [90m-> null[0m[0m
              [31m-[0m[0m timeout_in_minutes = 0 [90m-> null[0m[0m
              [31m-[0m[0m version            = "1" [90m-> null[0m[0m
                [90m# (3 unchanged attributes hidden)[0m[0m
            }
          [31m-[0m[0m action {
              [31m-[0m[0m category           = "Build" [90m-> null[0m[0m
              [31m-[0m[0m commands           = [] [90m-> null[0m[0m
              [31m-[0m[0m configuration      = {
                  [31m-[0m[0m "ProjectName" = "devops-g3-web-build"
                } [90m-> null[0m[0m
              [31m-[0m[0m input_artifacts    = [
                  [31m-[0m[0m "source_output",
                ] [90m-> null[0m[0m
              [31m-[0m[0m name               = "build-web" [90m-> null[0m[0m
              [31m-[0m[0m output_artifacts   = [
                  [31m-[0m[0m "web_image",
                ] [90m-> null[0m[0m
              [31m-[0m[0m output_variables   = [] [90m-> null[0m[0m
              [31m-[0m[0m owner              = "AWS" [90m-> null[0m[0m
              [31m-[0m[0m provider           = "CodeBuild" [90m-> null[0m[0m
              [31m-[0m[0m run_order          = 2 [90m-> null[0m[0m
              [31m-[0m[0m timeout_in_minutes = 0 [90m-> null[0m[0m
              [31m-[0m[0m version            = "1" [90m-> null[0m[0m
                [90m# (3 unchanged attributes hidden)[0m[0m
            }
        }
      [31m-[0m[0m stage {
          [31m-[0m[0m name = "MigrateDb" [90m-> null[0m[0m

          [31m-[0m[0m action {
              [31m-[0m[0m category           = "Build" [90m-> null[0m[0m
              [31m-[0m[0m commands           = [] [90m-> null[0m[0m
              [31m-[0m[0m configuration      = {
                  [31m-[0m[0m "ProjectName" = "devops-g3-pos-migrations"
                } [90m-> null[0m[0m
              [31m-[0m[0m input_artifacts    = [
                  [31m-[0m[0m "source_output",
                ] [90m-> null[0m[0m
              [31m-[0m[0m name               = "pos-alembic" [90m-> null[0m[0m
              [31m-[0m[0m output_artifacts   = [] [90m-> null[0m[0m
              [31m-[0m[0m output_variables   = [] [90m-> null[0m[0m
              [31m-[0m[0m owner              = "AWS" [90m-> null[0m[0m
              [31m-[0m[0m provider           = "CodeBuild" [90m-> null[0m[0m
              [31m-[0m[0m run_order          = 1 [90m-> null[0m[0m
              [31m-[0m[0m timeout_in_minutes = 0 [90m-> null[0m[0m
              [31m-[0m[0m version            = "1" [90m-> null[0m[0m
                [90m# (3 unchanged attributes hidden)[0m[0m
            }
        }
      [31m-[0m[0m stage {
          [31m-[0m[0m name = "DeployEcs" [90m-> null[0m[0m

          [31m-[0m[0m action {
              [31m-[0m[0m category           = "Deploy" [90m-> null[0m[0m
              [31m-[0m[0m commands           = [] [90m-> null[0m[0m
              [31m-[0m[0m configuration      = {
                  [31m-[0m[0m "ClusterName" = "devops-g3"
                  [31m-[0m[0m "FileName"    = "imagedefinitions.json"
                  [31m-[0m[0m "ServiceName" = "devops-g3-commission"
                } [90m-> null[0m[0m
              [31m-[0m[0m input_artifacts    = [
                  [31m-[0m[0m "commission_image",
                ] [90m-> null[0m[0m
              [31m-[0m[0m name               = "deploy-commission" [90m-> null[0m[0m
              [31m-[0m[0m output_artifacts   = [] [90m-> null[0m[0m
              [31m-[0m[0m output_variables   = [] [90m-> null[0m[0m
              [31m-[0m[0m owner              = "AWS" [90m-> null[0m[0m
              [31m-[0m[0m provider           = "ECS" [90m-> null[0m[0m
              [31m-[0m[0m run_order          = 1 [90m-> null[0m[0m
              [31m-[0m[0m timeout_in_minutes = 0 [90m-> null[0m[0m
              [31m-[0m[0m version            = "1" [90m-> null[0m[0m
                [90m# (3 unchanged attributes hidden)[0m[0m
            }
          [31m-[0m[0m action {
              [31m-[0m[0m category           = "Deploy" [90m-> null[0m[0m
              [31m-[0m[0m commands           = [] [90m-> null[0m[0m
              [31m-[0m[0m configuration      = {
                  [31m-[0m[0m "ClusterName" = "devops-g3"
                  [31m-[0m[0m "FileName"    = "imagedefinitions.json"
                  [31m-[0m[0m "ServiceName" = "devops-g3-payments"
                } [90m-> null[0m[0m
              [31m-[0m[0m input_artifacts    = [
                  [31m-[0m[0m "payments_image",
                ] [90m-> null[0m[0m
              [31m-[0m[0m name               = "deploy-payments" [90m-> null[0m[0m
              [31m-[0m[0m output_artifacts   = [] [90m-> null[0m[0m
              [31m-[0m[0m output_variables   = [] [90m-> null[0m[0m
              [31m-[0m[0m owner              = "AWS" [90m-> null[0m[0m
              [31m-[0m[0m provider           = "ECS" [90m-> null[0m[0m
              [31m-[0m[0m run_order          = 1 [90m-> null[0m[0m
              [31m-[0m[0m timeout_in_minutes = 0 [90m-> null[0m[0m
              [31m-[0m[0m version            = "1" [90m-> null[0m[0m
                [90m# (3 unchanged attributes hidden)[0m[0m
            }
          [31m-[0m[0m action {
              [31m-[0m[0m category           = "Deploy" [90m-> null[0m[0m
              [31m-[0m[0m commands           = [] [90m-> null[0m[0m
              [31m-[0m[0m configuration      = {
                  [31m-[0m[0m "ClusterName" = "devops-g3"
                  [31m-[0m[0m "FileName"    = "imagedefinitions.json"
                  [31m-[0m[0m "ServiceName" = "devops-g3-pos"
                } [90m-> null[0m[0m
              [31m-[0m[0m input_artifacts    = [
                  [31m-[0m[0m "pos_image",
                ] [90m-> null[0m[0m
              [31m-[0m[0m name               = "deploy-pos" [90m-> null[0m[0m
              [31m-[0m[0m output_artifacts   = [] [90m-> null[0m[0m
              [31m-[0m[0m output_variables   = [] [90m-> null[0m[0m
              [31m-[0m[0m owner              = "AWS" [90m-> null[0m[0m
              [31m-[0m[0m provider           = "ECS" [90m-> null[0m[0m
              [31m-[0m[0m run_order          = 1 [90m-> null[0m[0m
              [31m-[0m[0m timeout_in_minutes = 0 [90m-> null[0m[0m
              [31m-[0m[0m version            = "1" [90m-> null[0m[0m
                [90m# (3 unchanged attributes hidden)[0m[0m
            }
          [31m-[0m[0m action {
              [31m-[0m[0m category           = "Deploy" [90m-> null[0m[0m
              [31m-[0m[0m commands           = [] [90m-> null[0m[0m
              [31m-[0m[0m configuration      = {
                  [31m-[0m[0m "ClusterName" = "devops-g3"
                  [31m-[0m[0m "FileName"    = "imagedefinitions.json"
                  [31m-[0m[0m "ServiceName" = "devops-g3-web"
                } [90m-> null[0m[0m
              [31m-[0m[0m input_artifacts    = [
                  [31m-[0m[0m "web_image",
                ] [90m-> null[0m[0m
              [31m-[0m[0m name               = "deploy-web" [90m-> null[0m[0m
              [31m-[0m[0m output_artifacts   = [] [90m-> null[0m[0m
              [31m-[0m[0m output_variables   = [] [90m-> null[0m[0m
              [31m-[0m[0m owner              = "AWS" [90m-> null[0m[0m
              [31m-[0m[0m provider           = "ECS" [90m-> null[0m[0m
              [31m-[0m[0m run_order          = 1 [90m-> null[0m[0m
              [31m-[0m[0m timeout_in_minutes = 0 [90m-> null[0m[0m
              [31m-[0m[0m version            = "1" [90m-> null[0m[0m
                [90m# (3 unchanged attributes hidden)[0m[0m
            }
        }
      [31m-[0m[0m stage {
          [31m-[0m[0m name = "Smoke" [90m-> null[0m[0m

          [31m-[0m[0m action {
              [31m-[0m[0m category           = "Build" [90m-> null[0m[0m
              [31m-[0m[0m commands           = [] [90m-> null[0m[0m
              [31m-[0m[0m configuration      = {
                  [31m-[0m[0m "ProjectName" = "devops-g3-smoke"
                } [90m-> null[0m[0m
              [31m-[0m[0m input_artifacts    = [
                  [31m-[0m[0m "source_output",
                ] [90m-> null[0m[0m
              [31m-[0m[0m name               = "scale-and-smoke" [90m-> null[0m[0m
              [31m-[0m[0m output_artifacts   = [] [90m-> null[0m[0m
              [31m-[0m[0m output_variables   = [] [90m-> null[0m[0m
              [31m-[0m[0m owner              = "AWS" [90m-> null[0m[0m
              [31m-[0m[0m provider           = "CodeBuild" [90m-> null[0m[0m
              [31m-[0m[0m run_order          = 1 [90m-> null[0m[0m
              [31m-[0m[0m timeout_in_minutes = 0 [90m-> null[0m[0m
              [31m-[0m[0m version            = "1" [90m-> null[0m[0m
                [90m# (3 unchanged attributes hidden)[0m[0m
            }
        }
    }

[1m  # module.delivery.aws_codestarconnections_connection.github[0m will be [1m[31mdestroyed[0m
[0m  [31m-[0m[0m resource "aws_codestarconnections_connection" "github" {
      [31m-[0m[0m arn               = "arn:aws:codestar-connections:us-west-1:240462142849:connection/408b7a08-92ee-464f-b1fb-20896cec6f1c" [90m-> null[0m[0m
      [31m-[0m[0m connection_status = "AVAILABLE" [90m-> null[0m[0m
      [31m-[0m[0m id                = "arn:aws:codestar-connections:us-west-1:240462142849:connection/408b7a08-92ee-464f-b1fb-20896cec6f1c" [90m-> null[0m[0m
      [31m-[0m[0m name              = "devops-g3-github" [90m-> null[0m[0m
      [31m-[0m[0m provider_type     = "GitHub" [90m-> null[0m[0m
      [31m-[0m[0m region            = "us-west-1" [90m-> null[0m[0m
      [31m-[0m[0m tags              = {
          [31m-[0m[0m "Name"    = "devops-g3-github"
          [31m-[0m[0m "service" = "delivery"
        } [90m-> null[0m[0m
      [31m-[0m[0m tags_all          = {
          [31m-[0m[0m "Name"        = "devops-g3-github"
          [31m-[0m[0m "capstone"    = "tillflow"
          [31m-[0m[0m "environment" = "dev"
          [31m-[0m[0m "group"       = "devops-g3"
          [31m-[0m[0m "managed-by"  = "terraform"
          [31m-[0m[0m "owner"       = "lwam"
          [31m-[0m[0m "service"     = "delivery"
        } [90m-> null[0m[0m
        [90m# (1 unchanged attribute hidden)[0m[0m
    }

[1m  # module.delivery.aws_iam_role.codebuild[0m will be [1m[31mdestroyed[0m
[0m  [31m-[0m[0m resource "aws_iam_role" "codebuild" {
      [31m-[0m[0m arn                   = "arn:aws:iam::240462142849:role/devops-g3-codebuild" [90m-> null[0m[0m
      [31m-[0m[0m assume_role_policy    = jsonencode(
            {
              [31m-[0m[0m Statement = [
                  [31m-[0m[0m {
                      [31m-[0m[0m Action    = "sts:AssumeRole"
                      [31m-[0m[0m Effect    = "Allow"
                      [31m-[0m[0m Principal = {
                          [31m-[0m[0m Service = "codebuild.amazonaws.com"
                        }
                    },
                ]
              [31m-[0m[0m Version   = "2012-10-17"
            }
        ) [90m-> null[0m[0m
      [31m-[0m[0m create_date           = "2026-09-14T13:00:28Z" [90m-> null[0m[0m
      [31m-[0m[0m description           = "CodeBuild role for TillFlow service image builds and smoke checks" [90m-> null[0m[0m
      [31m-[0m[0m force_detach_policies = false [90m-> null[0m[0m
      [31m-[0m[0m id                    = "devops-g3-codebuild" [90m-> null[0m[0m
      [31m-[0m[0m managed_policy_arns   = [] [90m-> null[0m[0m
      [31m-[0m[0m max_session_duration  = 3600 [90m-> null[0m[0m
      [31m-[0m[0m name                  = "devops-g3-codebuild" [90m-> null[0m[0m
      [31m-[0m[0m path                  = "/" [90m-> null[0m[0m
      [31m-[0m[0m tags                  = {
          [31m-[0m[0m "Name"    = "devops-g3-codebuild"
          [31m-[0m[0m "service" = "delivery"
        } [90m-> null[0m[0m
      [31m-[0m[0m tags_all              = {
          [31m-[0m[0m "Name"        = "devops-g3-codebuild"
          [31m-[0m[0m "capstone"    = "tillflow"
          [31m-[0m[0m "environment" = "dev"
          [31m-[0m[0m "group"       = "devops-g3"
          [31m-[0m[0m "managed-by"  = "terraform"
          [31m-[0m[0m "owner"       = "lwam"
          [31m-[0m[0m "service"     = "delivery"
        } [90m-> null[0m[0m
      [31m-[0m[0m unique_id             = "AROATP7FJDWAUOR6IY6WY" [90m-> null[0m[0m
        [90m# (2 unchanged attributes hidden)[0m[0m

      [31m-[0m[0m inline_policy {
          [31m-[0m[0m name   = "delivery-build" [90m-> null[0m[0m
          [31m-[0m[0m policy = jsonencode(
                {
                  [31m-[0m[0m Statement = [
                      [31m-[0m[0m {
                          [31m-[0m[0m Action   = [
                              [31m-[0m[0m "s3:PutObject",
                              [31m-[0m[0m "s3:ListBucket",
                              [31m-[0m[0m "s3:GetObjectVersion",
                              [31m-[0m[0m "s3:GetObject",
                            ]
                          [31m-[0m[0m Effect   = "Allow"
                          [31m-[0m[0m Resource = [
                              [31m-[0m[0m "arn:aws:s3:::devops-g3-artifacts-240462142849/*",
                              [31m-[0m[0m "arn:aws:s3:::devops-g3-artifacts-240462142849",
                            ]
                          [31m-[0m[0m Sid      = "ArtifactBucket"
                        },
                      [31m-[0m[0m {
                          [31m-[0m[0m Action   = [
                              [31m-[0m[0m "logs:PutLogEvents",
                              [31m-[0m[0m "logs:CreateLogStream",
                              [31m-[0m[0m "logs:CreateLogGroup",
                            ]
                          [31m-[0m[0m Effect   = "Allow"
                          [31m-[0m[0m Resource = "arn:aws:logs:us-west-1:240462142849:log-group:/devops-g3/codebuild*"
                          [31m-[0m[0m Sid      = "Logs"
                        },
                      [31m-[0m[0m {
                          [31m-[0m[0m Action   = [
                              [31m-[0m[0m "ecr:UploadLayerPart",
                              [31m-[0m[0m "ecr:StartImageScan",
                              [31m-[0m[0m "ecr:PutImage",
                              [31m-[0m[0m "ecr:InitiateLayerUpload",
                              [31m-[0m[0m "ecr:GetDownloadUrlForLayer",
                              [31m-[0m[0m "ecr:GetAuthorizationToken",
                              [31m-[0m[0m "ecr:DescribeImages",
                              [31m-[0m[0m "ecr:DescribeImageScanFindings",
                              [31m-[0m[0m "ecr:CompleteLayerUpload",
                              [31m-[0m[0m "ecr:BatchGetImage",
                              [31m-[0m[0m "ecr:BatchCheckLayerAvailability",
                            ]
                          [31m-[0m[0m Effect   = "Allow"
                          [31m-[0m[0m Resource = "*"
                          [31m-[0m[0m Sid      = "EcrBuildPushAndScan"
                        },
                      [31m-[0m[0m {
                          [31m-[0m[0m Action   = [
                              [31m-[0m[0m "ssm:PutParameter",
                              [31m-[0m[0m "ssm:ListTagsForResource",
                              [31m-[0m[0m "ssm:GetParameters",
                              [31m-[0m[0m "ssm:GetParameter",
                              [31m-[0m[0m "ssm:AddTagsToResource",
                            ]
                          [31m-[0m[0m Effect   = "Allow"
                          [31m-[0m[0m Resource = [
                              [31m-[0m[0m "arn:aws:ssm:us-west-1:240462142849:parameter/devops-g3/*/image-tag",
                              [31m-[0m[0m "arn:aws:ssm:us-west-1:240462142849:parameter/devops-g3/*/image-digest",
                            ]
                          [31m-[0m[0m Sid      = "RecordImageVersions"
                        },
                      [31m-[0m[0m {
                          [31m-[0m[0m Action   = [
                              [31m-[0m[0m "secretsmanager:GetSecretValue",
                              [31m-[0m[0m "secretsmanager:DescribeSecret",
                            ]
                          [31m-[0m[0m Effect   = "Allow"
                          [31m-[0m[0m Resource = "arn:aws:secretsmanager:us-west-1:240462142849:secret:rds!db-13d47250-d138-4310-b085-699782421330-fd0Cy3"
                          [31m-[0m[0m Sid      = "ReadRdsMasterSecretForMigrations"
                        },
                      [31m-[0m[0m {
                          [31m-[0m[0m Action   = [
                              [31m-[0m[0m "ecs:UpdateService",
                              [31m-[0m[0m "ecs:ListTasks",
                              [31m-[0m[0m "ecs:DescribeTasks",
                              [31m-[0m[0m "ecs:DescribeServices",
                            ]
                          [31m-[0m[0m Effect   = "Allow"
                          [31m-[0m[0m Resource = "*"
                          [31m-[0m[0m Sid      = "EcsSmokeAndScale"
                        },
                      [31m-[0m[0m {
                          [31m-[0m[0m Action   = [
                              [31m-[0m[0m "kms:GenerateDataKey",
                              [31m-[0m[0m "kms:Encrypt",
                              [31m-[0m[0m "kms:DescribeKey",
                              [31m-[0m[0m "kms:Decrypt",
                            ]
                          [31m-[0m[0m Effect   = "Allow"
                          [31m-[0m[0m Resource = "arn:aws:kms:us-west-1:240462142849:key/90e2806f-72c0-4b51-ae60-8cc9436bdfe0"
                          [31m-[0m[0m Sid      = "KmsForArtifactsAndEcr"
                        },
                      [31m-[0m[0m {
                          [31m-[0m[0m Action   = [
                              [31m-[0m[0m "ec2:DescribeVpcs",
                              [31m-[0m[0m "ec2:DescribeSubnets",
                              [31m-[0m[0m "ec2:DescribeSecurityGroups",
                              [31m-[0m[0m "ec2:DescribeNetworkInterfaces",
                              [31m-[0m[0m "ec2:DescribeDhcpOptions",
                              [31m-[0m[0m "ec2:DeleteNetworkInterface",
                              [31m-[0m[0m "ec2:CreateNetworkInterfacePermission",
                              [31m-[0m[0m "ec2:CreateNetworkInterface",
                            ]
                          [31m-[0m[0m Effect   = "Allow"
                          [31m-[0m[0m Resource = "*"
                          [31m-[0m[0m Sid      = "VpcNetworkInterfaces"
                        },
                      [31m-[0m[0m {
                          [31m-[0m[0m Action   = "sts:GetCallerIdentity"
                          [31m-[0m[0m Effect   = "Allow"
                          [31m-[0m[0m Resource = "*"
                          [31m-[0m[0m Sid      = "Identity"
                        },
                    ]
                  [31m-[0m[0m Version   = "2012-10-17"
                }
            ) [90m-> null[0m[0m
        }
    }

[1m  # module.delivery.aws_iam_role.codepipeline[0m will be [1m[31mdestroyed[0m
[0m  [31m-[0m[0m resource "aws_iam_role" "codepipeline" {
      [31m-[0m[0m arn                   = "arn:aws:iam::240462142849:role/devops-g3-pipeline" [90m-> null[0m[0m
      [31m-[0m[0m assume_role_policy    = jsonencode(
            {
              [31m-[0m[0m Statement = [
                  [31m-[0m[0m {
                      [31m-[0m[0m Action    = "sts:AssumeRole"
                      [31m-[0m[0m Effect    = "Allow"
                      [31m-[0m[0m Principal = {
                          [31m-[0m[0m Service = "codepipeline.amazonaws.com"
                        }
                    },
                ]
              [31m-[0m[0m Version   = "2012-10-17"
            }
        ) [90m-> null[0m[0m
      [31m-[0m[0m create_date           = "2026-09-14T13:00:28Z" [90m-> null[0m[0m
      [31m-[0m[0m description           = "CodePipeline role for TillFlow app delivery" [90m-> null[0m[0m
      [31m-[0m[0m force_detach_policies = false [90m-> null[0m[0m
      [31m-[0m[0m id                    = "devops-g3-pipeline" [90m-> null[0m[0m
      [31m-[0m[0m managed_policy_arns   = [] [90m-> null[0m[0m
      [31m-[0m[0m max_session_duration  = 3600 [90m-> null[0m[0m
      [31m-[0m[0m name                  = "devops-g3-pipeline" [90m-> null[0m[0m
      [31m-[0m[0m path                  = "/" [90m-> null[0m[0m
      [31m-[0m[0m tags                  = {
          [31m-[0m[0m "Name"    = "devops-g3-pipeline"
          [31m-[0m[0m "service" = "delivery"
        } [90m-> null[0m[0m
      [31m-[0m[0m tags_all              = {
          [31m-[0m[0m "Name"        = "devops-g3-pipeline"
          [31m-[0m[0m "capstone"    = "tillflow"
          [31m-[0m[0m "environment" = "dev"
          [31m-[0m[0m "group"       = "devops-g3"
          [31m-[0m[0m "managed-by"  = "terraform"
          [31m-[0m[0m "owner"       = "lwam"
          [31m-[0m[0m "service"     = "delivery"
        } [90m-> null[0m[0m
      [31m-[0m[0m unique_id             = "AROATP7FJDWAX7ZSYOVK2" [90m-> null[0m[0m
        [90m# (2 unchanged attributes hidden)[0m[0m

      [31m-[0m[0m inline_policy {
          [31m-[0m[0m name   = "delivery-pipeline" [90m-> null[0m[0m
          [31m-[0m[0m policy = jsonencode(
                {
                  [31m-[0m[0m Statement = [
                      [31m-[0m[0m {
                          [31m-[0m[0m Action   = [
                              [31m-[0m[0m "s3:PutObject",
                              [31m-[0m[0m "s3:ListBucket",
                              [31m-[0m[0m "s3:GetObjectVersion",
                              [31m-[0m[0m "s3:GetObject",
                              [31m-[0m[0m "s3:GetBucketVersioning",
                            ]
                          [31m-[0m[0m Effect   = "Allow"
                          [31m-[0m[0m Resource = [
                              [31m-[0m[0m "arn:aws:s3:::devops-g3-artifacts-240462142849/*",
                              [31m-[0m[0m "arn:aws:s3:::devops-g3-artifacts-240462142849",
                            ]
                          [31m-[0m[0m Sid      = "ArtifactBucket"
                        },
                      [31m-[0m[0m {
                          [31m-[0m[0m Action   = [
                              [31m-[0m[0m "codestar-connections:UseConnection",
                              [31m-[0m[0m "codeconnections:UseConnection",
                            ]
                          [31m-[0m[0m Effect   = "Allow"
                          [31m-[0m[0m Resource = "arn:aws:codestar-connections:us-west-1:240462142849:connection/408b7a08-92ee-464f-b1fb-20896cec6f1c"
                          [31m-[0m[0m Sid      = "UseGithubConnection"
                        },
                      [31m-[0m[0m {
                          [31m-[0m[0m Action   = [
                              [31m-[0m[0m "codebuild:StartBuild",
                              [31m-[0m[0m "codebuild:BatchGetBuilds",
                            ]
                          [31m-[0m[0m Effect   = "Allow"
                          [31m-[0m[0m Resource = [
                              [31m-[0m[0m "arn:aws:codebuild:us-west-1:240462142849:project/devops-g3-web-build",
                              [31m-[0m[0m "arn:aws:codebuild:us-west-1:240462142849:project/devops-g3-smoke",
                              [31m-[0m[0m "arn:aws:codebuild:us-west-1:240462142849:project/devops-g3-pos-migrations",
                              [31m-[0m[0m "arn:aws:codebuild:us-west-1:240462142849:project/devops-g3-pos-build",
                              [31m-[0m[0m "arn:aws:codebuild:us-west-1:240462142849:project/devops-g3-payments-build",
                              [31m-[0m[0m "arn:aws:codebuild:us-west-1:240462142849:project/devops-g3-grafana-build",
                              [31m-[0m[0m "arn:aws:codebuild:us-west-1:240462142849:project/devops-g3-commission-build",
                              [31m-[0m[0m "arn:aws:codebuild:us-west-1:240462142849:project/devops-g3-adot-mirror",
                            ]
                          [31m-[0m[0m Sid      = "RunBuilds"
                        },
                      [31m-[0m[0m {
                          [31m-[0m[0m Action   = [
                              [31m-[0m[0m "ecs:UpdateService",
                              [31m-[0m[0m "ecs:TagResource",
                              [31m-[0m[0m "ecs:RegisterTaskDefinition",
                              [31m-[0m[0m "ecs:ListTasks",
                              [31m-[0m[0m "ecs:DescribeTasks",
                              [31m-[0m[0m "ecs:DescribeTaskDefinition",
                              [31m-[0m[0m "ecs:DescribeServices",
                              [31m-[0m[0m "ecs:DescribeClusters",
                            ]
                          [31m-[0m[0m Effect   = "Allow"
                          [31m-[0m[0m Resource = "*"
                          [31m-[0m[0m Sid      = "DeployToEcs"
                        },
                      [31m-[0m[0m {
                          [31m-[0m[0m Action    = "iam:PassRole"
                          [31m-[0m[0m Condition = {
                              [31m-[0m[0m StringEqualsIfExists = {
                                  [31m-[0m[0m "iam:PassedToService" = [
                                      [31m-[0m[0m "ecs.amazonaws.com",
                                      [31m-[0m[0m "ecs-tasks.amazonaws.com",
                                    ]
                                }
                            }
                          [31m-[0m[0m Effect    = "Allow"
                          [31m-[0m[0m Resource  = "arn:aws:iam::240462142849:role/devops-g3-*"
                          [31m-[0m[0m Sid       = "PassTaskRoles"
                        },
                      [31m-[0m[0m {
                          [31m-[0m[0m Action   = [
                              [31m-[0m[0m "kms:GenerateDataKey",
                              [31m-[0m[0m "kms:Encrypt",
                              [31m-[0m[0m "kms:DescribeKey",
                              [31m-[0m[0m "kms:Decrypt",
                            ]
                          [31m-[0m[0m Effect   = "Allow"
                          [31m-[0m[0m Resource = "arn:aws:kms:us-west-1:240462142849:key/90e2806f-72c0-4b51-ae60-8cc9436bdfe0"
                          [31m-[0m[0m Sid      = "KmsForArtifacts"
                        },
                    ]
                  [31m-[0m[0m Version   = "2012-10-17"
                }
            ) [90m-> null[0m[0m
        }
    }

[1m  # module.delivery.aws_iam_role_policy.codebuild[0m will be [1m[31mdestroyed[0m
[0m  [31m-[0m[0m resource "aws_iam_role_policy" "codebuild" {
      [31m-[0m[0m id          = "devops-g3-codebuild:delivery-build" [90m-> null[0m[0m
      [31m-[0m[0m name        = "delivery-build" [90m-> null[0m[0m
      [31m-[0m[0m policy      = jsonencode(
            {
              [31m-[0m[0m Statement = [
                  [31m-[0m[0m {
                      [31m-[0m[0m Action   = [
                          [31m-[0m[0m "s3:PutObject",
                          [31m-[0m[0m "s3:ListBucket",
                          [31m-[0m[0m "s3:GetObjectVersion",
                          [31m-[0m[0m "s3:GetObject",
                        ]
                      [31m-[0m[0m Effect   = "Allow"
                      [31m-[0m[0m Resource = [
                          [31m-[0m[0m "arn:aws:s3:::devops-g3-artifacts-240462142849/*",
                          [31m-[0m[0m "arn:aws:s3:::devops-g3-artifacts-240462142849",
                        ]
                      [31m-[0m[0m Sid      = "ArtifactBucket"
                    },
                  [31m-[0m[0m {
                      [31m-[0m[0m Action   = [
                          [31m-[0m[0m "logs:PutLogEvents",
                          [31m-[0m[0m "logs:CreateLogStream",
                          [31m-[0m[0m "logs:CreateLogGroup",
                        ]
                      [31m-[0m[0m Effect   = "Allow"
                      [31m-[0m[0m Resource = "arn:aws:logs:us-west-1:240462142849:log-group:/devops-g3/codebuild*"
                      [31m-[0m[0m Sid      = "Logs"
                    },
                  [31m-[0m[0m {
                      [31m-[0m[0m Action   = [
                          [31m-[0m[0m "ecr:UploadLayerPart",
                          [31m-[0m[0m "ecr:StartImageScan",
                          [31m-[0m[0m "ecr:PutImage",
                          [31m-[0m[0m "ecr:InitiateLayerUpload",
                          [31m-[0m[0m "ecr:GetDownloadUrlForLayer",
                          [31m-[0m[0m "ecr:GetAuthorizationToken",
                          [31m-[0m[0m "ecr:DescribeImages",
                          [31m-[0m[0m "ecr:DescribeImageScanFindings",
                          [31m-[0m[0m "ecr:CompleteLayerUpload",
                          [31m-[0m[0m "ecr:BatchGetImage",
                          [31m-[0m[0m "ecr:BatchCheckLayerAvailability",
                        ]
                      [31m-[0m[0m Effect   = "Allow"
                      [31m-[0m[0m Resource = "*"
                      [31m-[0m[0m Sid      = "EcrBuildPushAndScan"
                    },
                  [31m-[0m[0m {
                      [31m-[0m[0m Action   = [
                          [31m-[0m[0m "ssm:PutParameter",
                          [31m-[0m[0m "ssm:ListTagsForResource",
                          [31m-[0m[0m "ssm:GetParameters",
                          [31m-[0m[0m "ssm:GetParameter",
                          [31m-[0m[0m "ssm:AddTagsToResource",
                        ]
                      [31m-[0m[0m Effect   = "Allow"
                      [31m-[0m[0m Resource = [
                          [31m-[0m[0m "arn:aws:ssm:us-west-1:240462142849:parameter/devops-g3/*/image-tag",
                          [31m-[0m[0m "arn:aws:ssm:us-west-1:240462142849:parameter/devops-g3/*/image-digest",
                        ]
                      [31m-[0m[0m Sid      = "RecordImageVersions"
                    },
                  [31m-[0m[0m {
                      [31m-[0m[0m Action   = [
                          [31m-[0m[0m "secretsmanager:GetSecretValue",
                          [31m-[0m[0m "secretsmanager:DescribeSecret",
                        ]
                      [31m-[0m[0m Effect   = "Allow"
                      [31m-[0m[0m Resource = "arn:aws:secretsmanager:us-west-1:240462142849:secret:rds!db-13d47250-d138-4310-b085-699782421330-fd0Cy3"
                      [31m-[0m[0m Sid      = "ReadRdsMasterSecretForMigrations"
                    },
                  [31m-[0m[0m {
                      [31m-[0m[0m Action   = [
                          [31m-[0m[0m "ecs:UpdateService",
                          [31m-[0m[0m "ecs:ListTasks",
                          [31m-[0m[0m "ecs:DescribeTasks",
                          [31m-[0m[0m "ecs:DescribeServices",
                        ]
                      [31m-[0m[0m Effect   = "Allow"
                      [31m-[0m[0m Resource = "*"
                      [31m-[0m[0m Sid      = "EcsSmokeAndScale"
                    },
                  [31m-[0m[0m {
                      [31m-[0m[0m Action   = [
                          [31m-[0m[0m "kms:GenerateDataKey",
                          [31m-[0m[0m "kms:Encrypt",
                          [31m-[0m[0m "kms:DescribeKey",
                          [31m-[0m[0m "kms:Decrypt",
                        ]
                      [31m-[0m[0m Effect   = "Allow"
                      [31m-[0m[0m Resource = "arn:aws:kms:us-west-1:240462142849:key/90e2806f-72c0-4b51-ae60-8cc9436bdfe0"
                      [31m-[0m[0m Sid      = "KmsForArtifactsAndEcr"
                    },
                  [31m-[0m[0m {
                      [31m-[0m[0m Action   = [
                          [31m-[0m[0m "ec2:DescribeVpcs",
                          [31m-[0m[0m "ec2:DescribeSubnets",
                          [31m-[0m[0m "ec2:DescribeSecurityGroups",
                          [31m-[0m[0m "ec2:DescribeNetworkInterfaces",
                          [31m-[0m[0m "ec2:DescribeDhcpOptions",
                          [31m-[0m[0m "ec2:DeleteNetworkInterface",
                          [31m-[0m[0m "ec2:CreateNetworkInterfacePermission",
                          [31m-[0m[0m "ec2:CreateNetworkInterface",
                        ]
                      [31m-[0m[0m Effect   = "Allow"
                      [31m-[0m[0m Resource = "*"
                      [31m-[0m[0m Sid      = "VpcNetworkInterfaces"
                    },
                  [31m-[0m[0m {
                      [31m-[0m[0m Action   = "sts:GetCallerIdentity"
                      [31m-[0m[0m Effect   = "Allow"
                      [31m-[0m[0m Resource = "*"
                      [31m-[0m[0m Sid      = "Identity"
                    },
                ]
              [31m-[0m[0m Version   = "2012-10-17"
            }
        ) [90m-> null[0m[0m
      [31m-[0m[0m role        = "devops-g3-codebuild" [90m-> null[0m[0m
        [90m# (1 unchanged attribute hidden)[0m[0m
    }

[1m  # module.delivery.aws_iam_role_policy.codepipeline[0m will be [1m[31mdestroyed[0m
[0m  [31m-[0m[0m resource "aws_iam_role_policy" "codepipeline" {
      [31m-[0m[0m id          = "devops-g3-pipeline:delivery-pipeline" [90m-> null[0m[0m
      [31m-[0m[0m name        = "delivery-pipeline" [90m-> null[0m[0m
      [31m-[0m[0m policy      = jsonencode(
            {
              [31m-[0m[0m Statement = [
                  [31m-[0m[0m {
                      [31m-[0m[0m Action   = [
                          [31m-[0m[0m "s3:PutObject",
                          [31m-[0m[0m "s3:ListBucket",
                          [31m-[0m[0m "s3:GetObjectVersion",
                          [31m-[0m[0m "s3:GetObject",
                          [31m-[0m[0m "s3:GetBucketVersioning",
                        ]
                      [31m-[0m[0m Effect   = "Allow"
                      [31m-[0m[0m Resource = [
                          [31m-[0m[0m "arn:aws:s3:::devops-g3-artifacts-240462142849/*",
                          [31m-[0m[0m "arn:aws:s3:::devops-g3-artifacts-240462142849",
                        ]
                      [31m-[0m[0m Sid      = "ArtifactBucket"
                    },
                  [31m-[0m[0m {
                      [31m-[0m[0m Action   = [
                          [31m-[0m[0m "codestar-connections:UseConnection",
                          [31m-[0m[0m "codeconnections:UseConnection",
                        ]
                      [31m-[0m[0m Effect   = "Allow"
                      [31m-[0m[0m Resource = "arn:aws:codestar-connections:us-west-1:240462142849:connection/408b7a08-92ee-464f-b1fb-20896cec6f1c"
                      [31m-[0m[0m Sid      = "UseGithubConnection"
                    },
                  [31m-[0m[0m {
                      [31m-[0m[0m Action   = [
                          [31m-[0m[0m "codebuild:StartBuild",
                          [31m-[0m[0m "codebuild:BatchGetBuilds",
                        ]
                      [31m-[0m[0m Effect   = "Allow"
                      [31m-[0m[0m Resource = [
                          [31m-[0m[0m "arn:aws:codebuild:us-west-1:240462142849:project/devops-g3-web-build",
                          [31m-[0m[0m "arn:aws:codebuild:us-west-1:240462142849:project/devops-g3-smoke",
                          [31m-[0m[0m "arn:aws:codebuild:us-west-1:240462142849:project/devops-g3-pos-migrations",
                          [31m-[0m[0m "arn:aws:codebuild:us-west-1:240462142849:project/devops-g3-pos-build",
                          [31m-[0m[0m "arn:aws:codebuild:us-west-1:240462142849:project/devops-g3-payments-build",
                          [31m-[0m[0m "arn:aws:codebuild:us-west-1:240462142849:project/devops-g3-grafana-build",
                          [31m-[0m[0m "arn:aws:codebuild:us-west-1:240462142849:project/devops-g3-commission-build",
                          [31m-[0m[0m "arn:aws:codebuild:us-west-1:240462142849:project/devops-g3-adot-mirror",
                        ]
                      [31m-[0m[0m Sid      = "RunBuilds"
                    },
                  [31m-[0m[0m {
                      [31m-[0m[0m Action   = [
                          [31m-[0m[0m "ecs:UpdateService",
                          [31m-[0m[0m "ecs:TagResource",
                          [31m-[0m[0m "ecs:RegisterTaskDefinition",
                          [31m-[0m[0m "ecs:ListTasks",
                          [31m-[0m[0m "ecs:DescribeTasks",
                          [31m-[0m[0m "ecs:DescribeTaskDefinition",
                          [31m-[0m[0m "ecs:DescribeServices",
                          [31m-[0m[0m "ecs:DescribeClusters",
                        ]
                      [31m-[0m[0m Effect   = "Allow"
                      [31m-[0m[0m Resource = "*"
                      [31m-[0m[0m Sid      = "DeployToEcs"
                    },
                  [31m-[0m[0m {
                      [31m-[0m[0m Action    = "iam:PassRole"
                      [31m-[0m[0m Condition = {
                          [31m-[0m[0m StringEqualsIfExists = {
                              [31m-[0m[0m "iam:PassedToService" = [
                                  [31m-[0m[0m "ecs.amazonaws.com",
                                  [31m-[0m[0m "ecs-tasks.amazonaws.com",
                                ]
                            }
                        }
                      [31m-[0m[0m Effect    = "Allow"
                      [31m-[0m[0m Resource  = "arn:aws:iam::240462142849:role/devops-g3-*"
                      [31m-[0m[0m Sid       = "PassTaskRoles"
                    },
                  [31m-[0m[0m {
                      [31m-[0m[0m Action   = [
                          [31m-[0m[0m "kms:GenerateDataKey",
                          [31m-[0m[0m "kms:Encrypt",
                          [31m-[0m[0m "kms:DescribeKey",
                          [31m-[0m[0m "kms:Decrypt",
                        ]
                      [31m-[0m[0m Effect   = "Allow"
                      [31m-[0m[0m Resource = "arn:aws:kms:us-west-1:240462142849:key/90e2806f-72c0-4b51-ae60-8cc9436bdfe0"
                      [31m-[0m[0m Sid      = "KmsForArtifacts"
                    },
                ]
              [31m-[0m[0m Version   = "2012-10-17"
            }
        ) [90m-> null[0m[0m
      [31m-[0m[0m role        = "devops-g3-pipeline" [90m-> null[0m[0m
        [90m# (1 unchanged attribute hidden)[0m[0m
    }

[1m  # module.delivery.aws_ssm_parameter.image_digest["commission"][0m will be [1m[31mdestroyed[0m
[0m  [31m-[0m[0m resource "aws_ssm_parameter" "image_digest" {
      [31m-[0m[0m arn             = "arn:aws:ssm:us-west-1:240462142849:parameter/devops-g3/commission/image-digest" [90m-> null[0m[0m
      [31m-[0m[0m data_type       = "text" [90m-> null[0m[0m
      [31m-[0m[0m has_value_wo    = false [90m-> null[0m[0m
      [31m-[0m[0m id              = "/devops-g3/commission/image-digest" [90m-> null[0m[0m
      [31m-[0m[0m name            = "/devops-g3/commission/image-digest" [90m-> null[0m[0m
      [31m-[0m[0m region          = "us-west-1" [90m-> null[0m[0m
      [31m-[0m[0m tags            = {
          [31m-[0m[0m "Name"    = "devops-g3-commission-image-digest"
          [31m-[0m[0m "service" = "commission"
        } [90m-> null[0m[0m
      [31m-[0m[0m tags_all        = {
          [31m-[0m[0m "Name"        = "devops-g3-commission-image-digest"
          [31m-[0m[0m "capstone"    = "tillflow"
          [31m-[0m[0m "environment" = "dev"
          [31m-[0m[0m "group"       = "devops-g3"
          [31m-[0m[0m "managed-by"  = "terraform"
          [31m-[0m[0m "owner"       = "lwam"
          [31m-[0m[0m "service"     = "commission"
        } [90m-> null[0m[0m
      [31m-[0m[0m tier            = "Standard" [90m-> null[0m[0m
      [31m-[0m[0m type            = "String" [90m-> null[0m[0m
      [31m-[0m[0m value           = (sensitive value) [90m-> null[0m[0m
      [31m-[0m[0m value_wo        = (write-only attribute) [90m-> null[0m[0m
      [31m-[0m[0m version         = 54 [90m-> null[0m[0m
        [90m# (3 unchanged attributes hidden)[0m[0m
    }

[1m  # module.delivery.aws_ssm_parameter.image_digest["payments"][0m will be [1m[31mdestroyed[0m
[0m  [31m-[0m[0m resource "aws_ssm_parameter" "image_digest" {
      [31m-[0m[0m arn             = "arn:aws:ssm:us-west-1:240462142849:parameter/devops-g3/payments/image-digest" [90m-> null[0m[0m
      [31m-[0m[0m data_type       = "text" [90m-> null[0m[0m
      [31m-[0m[0m has_value_wo    = false [90m-> null[0m[0m
      [31m-[0m[0m id              = "/devops-g3/payments/image-digest" [90m-> null[0m[0m
      [31m-[0m[0m name            = "/devops-g3/payments/image-digest" [90m-> null[0m[0m
      [31m-[0m[0m region          = "us-west-1" [90m-> null[0m[0m
      [31m-[0m[0m tags            = {
          [31m-[0m[0m "Name"    = "devops-g3-payments-image-digest"
          [31m-[0m[0m "service" = "payments"
        } [90m-> null[0m[0m
      [31m-[0m[0m tags_all        = {
          [31m-[0m[0m "Name"        = "devops-g3-payments-image-digest"
          [31m-[0m[0m "capstone"    = "tillflow"
          [31m-[0m[0m "environment" = "dev"
          [31m-[0m[0m "group"       = "devops-g3"
          [31m-[0m[0m "managed-by"  = "terraform"
          [31m-[0m[0m "owner"       = "lwam"
          [31m-[0m[0m "service"     = "payments"
        } [90m-> null[0m[0m
      [31m-[0m[0m tier            = "Standard" [90m-> null[0m[0m
      [31m-[0m[0m type            = "String" [90m-> null[0m[0m
      [31m-[0m[0m value           = (sensitive value) [90m-> null[0m[0m
      [31m-[0m[0m value_wo        = (write-only attribute) [90m-> null[0m[0m
      [31m-[0m[0m version         = 54 [90m-> null[0m[0m
        [90m# (3 unchanged attributes hidden)[0m[0m
    }

[1m  # module.delivery.aws_ssm_parameter.image_digest["pos"][0m will be [1m[31mdestroyed[0m
[0m  [31m-[0m[0m resource "aws_ssm_parameter" "image_digest" {
      [31m-[0m[0m arn             = "arn:aws:ssm:us-west-1:240462142849:parameter/devops-g3/pos/image-digest" [90m-> null[0m[0m
      [31m-[0m[0m data_type       = "text" [90m-> null[0m[0m
      [31m-[0m[0m has_value_wo    = false [90m-> null[0m[0m
      [31m-[0m[0m id              = "/devops-g3/pos/image-digest" [90m-> null[0m[0m
      [31m-[0m[0m name            = "/devops-g3/pos/image-digest" [90m-> null[0m[0m
      [31m-[0m[0m region          = "us-west-1" [90m-> null[0m[0m
      [31m-[0m[0m tags            = {
          [31m-[0m[0m "Name"    = "devops-g3-pos-image-digest"
          [31m-[0m[0m "service" = "pos"
        } [90m-> null[0m[0m
      [31m-[0m[0m tags_all        = {
          [31m-[0m[0m "Name"        = "devops-g3-pos-image-digest"
          [31m-[0m[0m "capstone"    = "tillflow"
          [31m-[0m[0m "environment" = "dev"
          [31m-[0m[0m "group"       = "devops-g3"
          [31m-[0m[0m "managed-by"  = "terraform"
          [31m-[0m[0m "owner"       = "lwam"
          [31m-[0m[0m "service"     = "pos"
        } [90m-> null[0m[0m
      [31m-[0m[0m tier            = "Standard" [90m-> null[0m[0m
      [31m-[0m[0m type            = "String" [90m-> null[0m[0m
      [31m-[0m[0m value           = (sensitive value) [90m-> null[0m[0m
      [31m-[0m[0m value_wo        = (write-only attribute) [90m-> null[0m[0m
      [31m-[0m[0m version         = 54 [90m-> null[0m[0m
        [90m# (3 unchanged attributes hidden)[0m[0m
    }

[1m  # module.delivery.aws_ssm_parameter.image_digest["web"][0m will be [1m[31mdestroyed[0m
[0m  [31m-[0m[0m resource "aws_ssm_parameter" "image_digest" {
      [31m-[0m[0m arn             = "arn:aws:ssm:us-west-1:240462142849:parameter/devops-g3/web/image-digest" [90m-> null[0m[0m
      [31m-[0m[0m data_type       = "text" [90m-> null[0m[0m
      [31m-[0m[0m has_value_wo    = false [90m-> null[0m[0m
      [31m-[0m[0m id              = "/devops-g3/web/image-digest" [90m-> null[0m[0m
      [31m-[0m[0m name            = "/devops-g3/web/image-digest" [90m-> null[0m[0m
      [31m-[0m[0m region          = "us-west-1" [90m-> null[0m[0m
      [31m-[0m[0m tags            = {
          [31m-[0m[0m "Name"    = "devops-g3-web-image-digest"
          [31m-[0m[0m "service" = "web"
        } [90m-> null[0m[0m
      [31m-[0m[0m tags_all        = {
          [31m-[0m[0m "Name"        = "devops-g3-web-image-digest"
          [31m-[0m[0m "capstone"    = "tillflow"
          [31m-[0m[0m "environment" = "dev"
          [31m-[0m[0m "group"       = "devops-g3"
          [31m-[0m[0m "managed-by"  = "terraform"
          [31m-[0m[0m "owner"       = "lwam"
          [31m-[0m[0m "service"     = "web"
        } [90m-> null[0m[0m
      [31m-[0m[0m tier            = "Standard" [90m-> null[0m[0m
      [31m-[0m[0m type            = "String" [90m-> null[0m[0m
      [31m-[0m[0m value           = (sensitive value) [90m-> null[0m[0m
      [31m-[0m[0m value_wo        = (write-only attribute) [90m-> null[0m[0m
      [31m-[0m[0m version         = 56 [90m-> null[0m[0m
        [90m# (3 unchanged attributes hidden)[0m[0m
    }

[1m  # module.delivery.aws_ssm_parameter.image_tag["commission"][0m will be [1m[31mdestroyed[0m
[0m  [31m-[0m[0m resource "aws_ssm_parameter" "image_tag" {
      [31m-[0m[0m arn             = "arn:aws:ssm:us-west-1:240462142849:parameter/devops-g3/commission/image-tag" [90m-> null[0m[0m
      [31m-[0m[0m data_type       = "text" [90m-> null[0m[0m
      [31m-[0m[0m has_value_wo    = false [90m-> null[0m[0m
      [31m-[0m[0m id              = "/devops-g3/commission/image-tag" [90m-> null[0m[0m
      [31m-[0m[0m name            = "/devops-g3/commission/image-tag" [90m-> null[0m[0m
      [31m-[0m[0m region          = "us-west-1" [90m-> null[0m[0m
      [31m-[0m[0m tags            = {
          [31m-[0m[0m "Name"    = "devops-g3-commission-image-tag"
          [31m-[0m[0m "service" = "commission"
        } [90m-> null[0m[0m
      [31m-[0m[0m tags_all        = {
          [31m-[0m[0m "Name"        = "devops-g3-commission-image-tag"
          [31m-[0m[0m "capstone"    = "tillflow"
          [31m-[0m[0m "environment" = "dev"
          [31m-[0m[0m "group"       = "devops-g3"
          [31m-[0m[0m "managed-by"  = "terraform"
          [31m-[0m[0m "owner"       = "lwam"
          [31m-[0m[0m "service"     = "commission"
        } [90m-> null[0m[0m
      [31m-[0m[0m tier            = "Standard" [90m-> null[0m[0m
      [31m-[0m[0m type            = "String" [90m-> null[0m[0m
      [31m-[0m[0m value           = (sensitive value) [90m-> null[0m[0m
      [31m-[0m[0m value_wo        = (write-only attribute) [90m-> null[0m[0m
      [31m-[0m[0m version         = 54 [90m-> null[0m[0m
        [90m# (3 unchanged attributes hidden)[0m[0m
    }

[1m  # module.delivery.aws_ssm_parameter.image_tag["payments"][0m will be [1m[31mdestroyed[0m
[0m  [31m-[0m[0m resource "aws_ssm_parameter" "image_tag" {
      [31m-[0m[0m arn             = "arn:aws:ssm:us-west-1:240462142849:parameter/devops-g3/payments/image-tag" [90m-> null[0m[0m
      [31m-[0m[0m data_type       = "text" [90m-> null[0m[0m
      [31m-[0m[0m has_value_wo    = false [90m-> null[0m[0m
      [31m-[0m[0m id              = "/devops-g3/payments/image-tag" [90m-> null[0m[0m
      [31m-[0m[0m name            = "/devops-g3/payments/image-tag" [90m-> null[0m[0m
      [31m-[0m[0m region          = "us-west-1" [90m-> null[0m[0m
      [31m-[0m[0m tags            = {
          [31m-[0m[0m "Name"    = "devops-g3-payments-image-tag"
          [31m-[0m[0m "service" = "payments"
        } [90m-> null[0m[0m
      [31m-[0m[0m tags_all        = {
          [31m-[0m[0m "Name"        = "devops-g3-payments-image-tag"
          [31m-[0m[0m "capstone"    = "tillflow"
          [31m-[0m[0m "environment" = "dev"
          [31m-[0m[0m "group"       = "devops-g3"
          [31m-[0m[0m "managed-by"  = "terraform"
          [31m-[0m[0m "owner"       = "lwam"
          [31m-[0m[0m "service"     = "payments"
        } [90m-> null[0m[0m
      [31m-[0m[0m tier            = "Standard" [90m-> null[0m[0m
      [31m-[0m[0m type            = "String" [90m-> null[0m[0m
      [31m-[0m[0m value           = (sensitive value) [90m-> null[0m[0m
      [31m-[0m[0m value_wo        = (write-only attribute) [90m-> null[0m[0m
      [31m-[0m[0m version         = 54 [90m-> null[0m[0m
        [90m# (3 unchanged attributes hidden)[0m[0m
    }

[1m  # module.delivery.aws_ssm_parameter.image_tag["pos"][0m will be [1m[31mdestroyed[0m
[0m  [31m-[0m[0m resource "aws_ssm_parameter" "image_tag" {
      [31m-[0m[0m arn             = "arn:aws:ssm:us-west-1:240462142849:parameter/devops-g3/pos/image-tag" [90m-> null[0m[0m
      [31m-[0m[0m data_type       = "text" [90m-> null[0m[0m
      [31m-[0m[0m has_value_wo    = false [90m-> null[0m[0m
      [31m-[0m[0m id              = "/devops-g3/pos/image-tag" [90m-> null[0m[0m
      [31m-[0m[0m name            = "/devops-g3/pos/image-tag" [90m-> null[0m[0m
      [31m-[0m[0m region          = "us-west-1" [90m-> null[0m[0m
      [31m-[0m[0m tags            = {
          [31m-[0m[0m "Name"    = "devops-g3-pos-image-tag"
          [31m-[0m[0m "service" = "pos"
        } [90m-> null[0m[0m
      [31m-[0m[0m tags_all        = {
          [31m-[0m[0m "Name"        = "devops-g3-pos-image-tag"
          [31m-[0m[0m "capstone"    = "tillflow"
          [31m-[0m[0m "environment" = "dev"
          [31m-[0m[0m "group"       = "devops-g3"
          [31m-[0m[0m "managed-by"  = "terraform"
          [31m-[0m[0m "owner"       = "lwam"
          [31m-[0m[0m "service"     = "pos"
        } [90m-> null[0m[0m
      [31m-[0m[0m tier            = "Standard" [90m-> null[0m[0m
      [31m-[0m[0m type            = "String" [90m-> null[0m[0m
      [31m-[0m[0m value           = (sensitive value) [90m-> null[0m[0m
      [31m-[0m[0m value_wo        = (write-only attribute) [90m-> null[0m[0m
      [31m-[0m[0m version         = 54 [90m-> null[0m[0m
        [90m# (3 unchanged attributes hidden)[0m[0m
    }

[1m  # module.delivery.aws_ssm_parameter.image_tag["web"][0m will be [1m[31mdestroyed[0m
[0m  [31m-[0m[0m resource "aws_ssm_parameter" "image_tag" {
      [31m-[0m[0m arn             = "arn:aws:ssm:us-west-1:240462142849:parameter/devops-g3/web/image-tag" [90m-> null[0m[0m
      [31m-[0m[0m data_type       = "text" [90m-> null[0m[0m
      [31m-[0m[0m has_value_wo    = false [90m-> null[0m[0m
      [31m-[0m[0m id              = "/devops-g3/web/image-tag" [90m-> null[0m[0m
      [31m-[0m[0m name            = "/devops-g3/web/image-tag" [90m-> null[0m[0m
      [31m-[0m[0m region          = "us-west-1" [90m-> null[0m[0m
      [31m-[0m[0m tags            = {
          [31m-[0m[0m "Name"    = "devops-g3-web-image-tag"
          [31m-[0m[0m "service" = "web"
        } [90m-> null[0m[0m
      [31m-[0m[0m tags_all        = {
          [31m-[0m[0m "Name"        = "devops-g3-web-image-tag"
          [31m-[0m[0m "capstone"    = "tillflow"
          [31m-[0m[0m "environment" = "dev"
          [31m-[0m[0m "group"       = "devops-g3"
          [31m-[0m[0m "managed-by"  = "terraform"
          [31m-[0m[0m "owner"       = "lwam"
          [31m-[0m[0m "service"     = "web"
        } [90m-> null[0m[0m
      [31m-[0m[0m tier            = "Standard" [90m-> null[0m[0m
      [31m-[0m[0m type            = "String" [90m-> null[0m[0m
      [31m-[0m[0m value           = (sensitive value) [90m-> null[0m[0m
      [31m-[0m[0m value_wo        = (write-only attribute) [90m-> null[0m[0m
      [31m-[0m[0m version         = 56 [90m-> null[0m[0m
        [90m# (3 unchanged attributes hidden)[0m[0m
    }

[1m  # module.ecs_platform.aws_cloudwatch_log_group.exec[0m will be [1m[31mdestroyed[0m
[0m  [31m-[0m[0m resource "aws_cloudwatch_log_group" "exec" {
      [31m-[0m[0m arn                         = "arn:aws:logs:us-west-1:240462142849:log-group:/devops-g3/ecs-exec" [90m-> null[0m[0m
      [31m-[0m[0m deletion_protection_enabled = false [90m-> null[0m[0m
      [31m-[0m[0m id                          = "/devops-g3/ecs-exec" [90m-> null[0m[0m
      [31m-[0m[0m kms_key_id                  = "arn:aws:kms:us-west-1:240462142849:key/90e2806f-72c0-4b51-ae60-8cc9436bdfe0" [90m-> null[0m[0m
      [31m-[0m[0m log_group_class             = "STANDARD" [90m-> null[0m[0m
      [31m-[0m[0m name                        = "/devops-g3/ecs-exec" [90m-> null[0m[0m
      [31m-[0m[0m region                      = "us-west-1" [90m-> null[0m[0m
      [31m-[0m[0m retention_in_days           = 30 [90m-> null[0m[0m
      [31m-[0m[0m skip_destroy                = false [90m-> null[0m[0m
      [31m-[0m[0m tags                        = {} [90m-> null[0m[0m
      [31m-[0m[0m tags_all                    = {
          [31m-[0m[0m "capstone"    = "tillflow"
          [31m-[0m[0m "environment" = "dev"
          [31m-[0m[0m "group"       = "devops-g3"
          [31m-[0m[0m "managed-by"  = "terraform"
          [31m-[0m[0m "owner"       = "lwam"
          [31m-[0m[0m "service"     = "platform"
        } [90m-> null[0m[0m
        [90m# (1 unchanged attribute hidden)[0m[0m
    }

[1m  # module.ecs_platform.aws_cloudwatch_log_group.service["commission"][0m will be [1m[31mdestroyed[0m
[0m  [31m-[0m[0m resource "aws_cloudwatch_log_group" "service" {
      [31m-[0m[0m arn                         = "arn:aws:logs:us-west-1:240462142849:log-group:/devops-g3/commission" [90m-> null[0m[0m
      [31m-[0m[0m deletion_protection_enabled = false [90m-> null[0m[0m
      [31m-[0m[0m id                          = "/devops-g3/commission" [90m-> null[0m[0m
      [31m-[0m[0m kms_key_id                  = "arn:aws:kms:us-west-1:240462142849:key/90e2806f-72c0-4b51-ae60-8cc9436bdfe0" [90m-> null[0m[0m
      [31m-[0m[0m log_group_class             = "STANDARD" [90m-> null[0m[0m
      [31m-[0m[0m name                        = "/devops-g3/commission" [90m-> null[0m[0m
      [31m-[0m[0m region                      = "us-west-1" [90m-> null[0m[0m
      [31m-[0m[0m retention_in_days           = 30 [90m-> null[0m[0m
      [31m-[0m[0m skip_destroy                = false [90m-> null[0m[0m
      [31m-[0m[0m tags                        = {
          [31m-[0m[0m "Name"    = "devops-g3-commission"
          [31m-[0m[0m "service" = "commission"
        } [90m-> null[0m[0m
      [31m-[0m[0m tags_all                    = {
          [31m-[0m[0m "Name"        = "devops-g3-commission"
          [31m-[0m[0m "capstone"    = "tillflow"
          [31m-[0m[0m "environment" = "dev"
          [31m-[0m[0m "group"       = "devops-g3"
          [31m-[0m[0m "managed-by"  = "terraform"
          [31m-[0m[0m "owner"       = "lwam"
          [31m-[0m[0m "service"     = "commission"
        } [90m-> null[0m[0m
        [90m# (1 unchanged attribute hidden)[0m[0m
    }

[1m  # module.ecs_platform.aws_cloudwatch_log_group.service["payments"][0m will be [1m[31mdestroyed[0m
[0m  [31m-[0m[0m resource "aws_cloudwatch_log_group" "service" {
      [31m-[0m[0m arn                         = "arn:aws:logs:us-west-1:240462142849:log-group:/devops-g3/payments" [90m-> null[0m[0m
      [31m-[0m[0m deletion_protection_enabled = false [90m-> null[0m[0m
      [31m-[0m[0m id                          = "/devops-g3/payments" [90m-> null[0m[0m
      [31m-[0m[0m kms_key_id                  = "arn:aws:kms:us-west-1:240462142849:key/90e2806f-72c0-4b51-ae60-8cc9436bdfe0" [90m-> null[0m[0m
      [31m-[0m[0m log_group_class             = "STANDARD" [90m-> null[0m[0m
      [31m-[0m[0m name                        = "/devops-g3/payments" [90m-> null[0m[0m
      [31m-[0m[0m region                      = "us-west-1" [90m-> null[0m[0m
      [31m-[0m[0m retention_in_days           = 30 [90m-> null[0m[0m
      [31m-[0m[0m skip_destroy                = false [90m-> null[0m[0m
      [31m-[0m[0m tags                        = {
          [31m-[0m[0m "Name"    = "devops-g3-payments"
          [31m-[0m[0m "service" = "payments"
        } [90m-> null[0m[0m
      [31m-[0m[0m tags_all                    = {
          [31m-[0m[0m "Name"        = "devops-g3-payments"
          [31m-[0m[0m "capstone"    = "tillflow"
          [31m-[0m[0m "environment" = "dev"
          [31m-[0m[0m "group"       = "devops-g3"
          [31m-[0m[0m "managed-by"  = "terraform"
          [31m-[0m[0m "owner"       = "lwam"
          [31m-[0m[0m "service"     = "payments"
        } [90m-> null[0m[0m
        [90m# (1 unchanged attribute hidden)[0m[0m
    }

[1m  # module.ecs_platform.aws_cloudwatch_log_group.service["pos"][0m will be [1m[31mdestroyed[0m
[0m  [31m-[0m[0m resource "aws_cloudwatch_log_group" "service" {
      [31m-[0m[0m arn                         = "arn:aws:logs:us-west-1:240462142849:log-group:/devops-g3/pos" [90m-> null[0m[0m
      [31m-[0m[0m deletion_protection_enabled = false [90m-> null[0m[0m
      [31m-[0m[0m id                          = "/devops-g3/pos" [90m-> null[0m[0m
      [31m-[0m[0m kms_key_id                  = "arn:aws:kms:us-west-1:240462142849:key/90e2806f-72c0-4b51-ae60-8cc9436bdfe0" [90m-> null[0m[0m
      [31m-[0m[0m log_group_class             = "STANDARD" [90m-> null[0m[0m
      [31m-[0m[0m name                        = "/devops-g3/pos" [90m-> null[0m[0m
      [31m-[0m[0m region                      = "us-west-1" [90m-> null[0m[0m
      [31m-[0m[0m retention_in_days           = 30 [90m-> null[0m[0m
      [31m-[0m[0m skip_destroy                = false [90m-> null[0m[0m
      [31m-[0m[0m tags                        = {
          [31m-[0m[0m "Name"    = "devops-g3-pos"
          [31m-[0m[0m "service" = "pos"
        } [90m-> null[0m[0m
      [31m-[0m[0m tags_all                    = {
          [31m-[0m[0m "Name"        = "devops-g3-pos"
          [31m-[0m[0m "capstone"    = "tillflow"
          [31m-[0m[0m "environment" = "dev"
          [31m-[0m[0m "group"       = "devops-g3"
          [31m-[0m[0m "managed-by"  = "terraform"
          [31m-[0m[0m "owner"       = "lwam"
          [31m-[0m[0m "service"     = "pos"
        } [90m-> null[0m[0m
        [90m# (1 unchanged attribute hidden)[0m[0m
    }

[1m  # module.ecs_platform.aws_cloudwatch_log_group.service["web"][0m will be [1m[31mdestroyed[0m
[0m  [31m-[0m[0m resource "aws_cloudwatch_log_group" "service" {
      [31m-[0m[0m arn                         = "arn:aws:logs:us-west-1:240462142849:log-group:/devops-g3/web" [90m-> null[0m[0m
      [31m-[0m[0m deletion_protection_enabled = false [90m-> null[0m[0m
      [31m-[0m[0m id                          = "/devops-g3/web" [90m-> null[0m[0m
      [31m-[0m[0m kms_key_id                  = "arn:aws:kms:us-west-1:240462142849:key/90e2806f-72c0-4b51-ae60-8cc9436bdfe0" [90m-> null[0m[0m
      [31m-[0m[0m log_group_class             = "STANDARD" [90m-> null[0m[0m
      [31m-[0m[0m name                        = "/devops-g3/web" [90m-> null[0m[0m
      [31m-[0m[0m region                      = "us-west-1" [90m-> null[0m[0m
      [31m-[0m[0m retention_in_days           = 30 [90m-> null[0m[0m
      [31m-[0m[0m skip_destroy                = false [90m-> null[0m[0m
      [31m-[0m[0m tags                        = {
          [31m-[0m[0m "Name"    = "devops-g3-web"
          [31m-[0m[0m "service" = "web"
        } [90m-> null[0m[0m
      [31m-[0m[0m tags_all                    = {
          [31m-[0m[0m "Name"        = "devops-g3-web"
          [31m-[0m[0m "capstone"    = "tillflow"
          [31m-[0m[0m "environment" = "dev"
          [31m-[0m[0m "group"       = "devops-g3"
          [31m-[0m[0m "managed-by"  = "terraform"
          [31m-[0m[0m "owner"       = "lwam"
          [31m-[0m[0m "service"     = "web"
        } [90m-> null[0m[0m
        [90m# (1 unchanged attribute hidden)[0m[0m
    }

[1m  # module.ecs_platform.aws_ecr_lifecycle_policy.service["commission"][0m will be [1m[31mdestroyed[0m
[0m  [31m-[0m[0m resource "aws_ecr_lifecycle_policy" "service" {
      [31m-[0m[0m id          = "devops-g3/commission" [90m-> null[0m[0m
      [31m-[0m[0m policy      = jsonencode(
            {
              [31m-[0m[0m rules = [
                  [31m-[0m[0m {
                      [31m-[0m[0m action       = {
                          [31m-[0m[0m type = "expire"
                        }
                      [31m-[0m[0m description  = "Keep the last 20 images so rollback targets survive"
                      [31m-[0m[0m rulePriority = 1
                      [31m-[0m[0m selection    = {
                          [31m-[0m[0m countNumber = 20
                          [31m-[0m[0m countType   = "imageCountMoreThan"
                          [31m-[0m[0m tagStatus   = "any"
                        }
                    },
                ]
            }
        ) [90m-> null[0m[0m
      [31m-[0m[0m region      = "us-west-1" [90m-> null[0m[0m
      [31m-[0m[0m registry_id = "240462142849" [90m-> null[0m[0m
      [31m-[0m[0m repository  = "devops-g3/commission" [90m-> null[0m[0m
    }

[1m  # module.ecs_platform.aws_ecr_lifecycle_policy.service["payments"][0m will be [1m[31mdestroyed[0m
[0m  [31m-[0m[0m resource "aws_ecr_lifecycle_policy" "service" {
      [31m-[0m[0m id          = "devops-g3/payments" [90m-> null[0m[0m
      [31m-[0m[0m policy      = jsonencode(
            {
              [31m-[0m[0m rules = [
                  [31m-[0m[0m {
                      [31m-[0m[0m action       = {
                          [31m-[0m[0m type = "expire"
                        }
                      [31m-[0m[0m description  = "Keep the last 20 images so rollback targets survive"
                      [31m-[0m[0m rulePriority = 1
                      [31m-[0m[0m selection    = {
                          [31m-[0m[0m countNumber = 20
                          [31m-[0m[0m countType   = "imageCountMoreThan"
                          [31m-[0m[0m tagStatus   = "any"
                        }
                    },
                ]
            }
        ) [90m-> null[0m[0m
      [31m-[0m[0m region      = "us-west-1" [90m-> null[0m[0m
      [31m-[0m[0m registry_id = "240462142849" [90m-> null[0m[0m
      [31m-[0m[0m repository  = "devops-g3/payments" [90m-> null[0m[0m
    }

[1m  # module.ecs_platform.aws_ecr_lifecycle_policy.service["pos"][0m will be [1m[31mdestroyed[0m
[0m  [31m-[0m[0m resource "aws_ecr_lifecycle_policy" "service" {
      [31m-[0m[0m id          = "devops-g3/pos" [90m-> null[0m[0m
      [31m-[0m[0m policy      = jsonencode(
            {
              [31m-[0m[0m rules = [
                  [31m-[0m[0m {
                      [31m-[0m[0m action       = {
                          [31m-[0m[0m type = "expire"
                        }
                      [31m-[0m[0m description  = "Keep the last 20 images so rollback targets survive"
                      [31m-[0m[0m rulePriority = 1
                      [31m-[0m[0m selection    = {
                          [31m-[0m[0m countNumber = 20
                          [31m-[0m[0m countType   = "imageCountMoreThan"
                          [31m-[0m[0m tagStatus   = "any"
                        }
                    },
                ]
            }
        ) [90m-> null[0m[0m
      [31m-[0m[0m region      = "us-west-1" [90m-> null[0m[0m
      [31m-[0m[0m registry_id = "240462142849" [90m-> null[0m[0m
      [31m-[0m[0m repository  = "devops-g3/pos" [90m-> null[0m[0m
    }

[1m  # module.ecs_platform.aws_ecr_lifecycle_policy.service["web"][0m will be [1m[31mdestroyed[0m
[0m  [31m-[0m[0m resource "aws_ecr_lifecycle_policy" "service" {
      [31m-[0m[0m id          = "devops-g3/web" [90m-> null[0m[0m
      [31m-[0m[0m policy      = jsonencode(
            {
              [31m-[0m[0m rules = [
                  [31m-[0m[0m {
                      [31m-[0m[0m action       = {
                          [31m-[0m[0m type = "expire"
                        }
                      [31m-[0m[0m description  = "Keep the last 20 images so rollback targets survive"
                      [31m-[0m[0m rulePriority = 1
                      [31m-[0m[0m selection    = {
                          [31m-[0m[0m countNumber = 20
                          [31m-[0m[0m countType   = "imageCountMoreThan"
                          [31m-[0m[0m tagStatus   = "any"
                        }
                    },
                ]
            }
        ) [90m-> null[0m[0m
      [31m-[0m[0m region      = "us-west-1" [90m-> null[0m[0m
      [31m-[0m[0m registry_id = "240462142849" [90m-> null[0m[0m
      [31m-[0m[0m repository  = "devops-g3/web" [90m-> null[0m[0m
    }

[1m  # module.ecs_platform.aws_ecr_repository.service["commission"][0m will be [1m[31mdestroyed[0m
[0m  [31m-[0m[0m resource "aws_ecr_repository" "service" {
      [31m-[0m[0m arn                  = "arn:aws:ecr:us-west-1:240462142849:repository/devops-g3/commission" [90m-> null[0m[0m
      [31m-[0m[0m id                   = "devops-g3/commission" [90m-> null[0m[0m
      [31m-[0m[0m image_tag_mutability = "IMMUTABLE" [90m-> null[0m[0m
      [31m-[0m[0m name                 = "devops-g3/commission" [90m-> null[0m[0m
      [31m-[0m[0m region               = "us-west-1" [90m-> null[0m[0m
      [31m-[0m[0m registry_id          = "240462142849" [90m-> null[0m[0m
      [31m-[0m[0m repository_url       = "240462142849.dkr.ecr.us-west-1.amazonaws.com/devops-g3/commission" [90m-> null[0m[0m
      [31m-[0m[0m tags                 = {
          [31m-[0m[0m "Name"    = "devops-g3-commission"
          [31m-[0m[0m "service" = "commission"
        } [90m-> null[0m[0m
      [31m-[0m[0m tags_all             = {
          [31m-[0m[0m "Name"        = "devops-g3-commission"
          [31m-[0m[0m "capstone"    = "tillflow"
          [31m-[0m[0m "environment" = "dev"
          [31m-[0m[0m "group"       = "devops-g3"
          [31m-[0m[0m "managed-by"  = "terraform"
          [31m-[0m[0m "owner"       = "lwam"
          [31m-[0m[0m "service"     = "commission"
        } [90m-> null[0m[0m

      [31m-[0m[0m encryption_configuration {
          [31m-[0m[0m encryption_type = "KMS" [90m-> null[0m[0m
          [31m-[0m[0m kms_key         = "arn:aws:kms:us-west-1:240462142849:key/90e2806f-72c0-4b51-ae60-8cc9436bdfe0" [90m-> null[0m[0m
        }

      [31m-[0m[0m image_scanning_configuration {
          [31m-[0m[0m scan_on_push = true [90m-> null[0m[0m
        }
    }

[1m  # module.ecs_platform.aws_ecr_repository.service["payments"][0m will be [1m[31mdestroyed[0m
[0m  [31m-[0m[0m resource "aws_ecr_repository" "service" {
      [31m-[0m[0m arn                  = "arn:aws:ecr:us-west-1:240462142849:repository/devops-g3/payments" [90m-> null[0m[0m
      [31m-[0m[0m id                   = "devops-g3/payments" [90m-> null[0m[0m
      [31m-[0m[0m image_tag_mutability = "IMMUTABLE" [90m-> null[0m[0m
      [31m-[0m[0m name                 = "devops-g3/payments" [90m-> null[0m[0m
      [31m-[0m[0m region               = "us-west-1" [90m-> null[0m[0m
      [31m-[0m[0m registry_id          = "240462142849" [90m-> null[0m[0m
      [31m-[0m[0m repository_url       = "240462142849.dkr.ecr.us-west-1.amazonaws.com/devops-g3/payments" [90m-> null[0m[0m
      [31m-[0m[0m tags                 = {
          [31m-[0m[0m "Name"    = "devops-g3-payments"
          [31m-[0m[0m "service" = "payments"
        } [90m-> null[0m[0m
      [31m-[0m[0m tags_all             = {
          [31m-[0m[0m "Name"        = "devops-g3-payments"
          [31m-[0m[0m "capstone"    = "tillflow"
          [31m-[0m[0m "environment" = "dev"
          [31m-[0m[0m "group"       = "devops-g3"
          [31m-[0m[0m "managed-by"  = "terraform"
          [31m-[0m[0m "owner"       = "lwam"
          [31m-[0m[0m "service"     = "payments"
        } [90m-> null[0m[0m

      [31m-[0m[0m encryption_configuration {
          [31m-[0m[0m encryption_type = "KMS" [90m-> null[0m[0m
          [31m-[0m[0m kms_key         = "arn:aws:kms:us-west-1:240462142849:key/90e2806f-72c0-4b51-ae60-8cc9436bdfe0" [90m-> null[0m[0m
        }

      [31m-[0m[0m image_scanning_configuration {
          [31m-[0m[0m scan_on_push = true [90m-> null[0m[0m
        }
    }

[1m  # module.ecs_platform.aws_ecr_repository.service["pos"][0m will be [1m[31mdestroyed[0m
[0m  [31m-[0m[0m resource "aws_ecr_repository" "service" {
      [31m-[0m[0m arn                  = "arn:aws:ecr:us-west-1:240462142849:repository/devops-g3/pos" [90m-> null[0m[0m
      [31m-[0m[0m id                   = "devops-g3/pos" [90m-> null[0m[0m
      [31m-[0m[0m image_tag_mutability = "IMMUTABLE" [90m-> null[0m[0m
      [31m-[0m[0m name                 = "devops-g3/pos" [90m-> null[0m[0m
      [31m-[0m[0m region               = "us-west-1" [90m-> null[0m[0m
      [31m-[0m[0m registry_id          = "240462142849" [90m-> null[0m[0m
      [31m-[0m[0m repository_url       = "240462142849.dkr.ecr.us-west-1.amazonaws.com/devops-g3/pos" [90m-> null[0m[0m
      [31m-[0m[0m tags                 = {
          [31m-[0m[0m "Name"    = "devops-g3-pos"
          [31m-[0m[0m "service" = "pos"
        } [90m-> null[0m[0m
      [31m-[0m[0m tags_all             = {
          [31m-[0m[0m "Name"        = "devops-g3-pos"
          [31m-[0m[0m "capstone"    = "tillflow"
          [31m-[0m[0m "environment" = "dev"
          [31m-[0m[0m "group"       = "devops-g3"
          [31m-[0m[0m "managed-by"  = "terraform"
          [31m-[0m[0m "owner"       = "lwam"
          [31m-[0m[0m "service"     = "pos"
        } [90m-> null[0m[0m

      [31m-[0m[0m encryption_configuration {
          [31m-[0m[0m encryption_type = "KMS" [90m-> null[0m[0m
          [31m-[0m[0m kms_key         = "arn:aws:kms:us-west-1:240462142849:key/90e2806f-72c0-4b51-ae60-8cc9436bdfe0" [90m-> null[0m[0m
        }

      [31m-[0m[0m image_scanning_configuration {
          [31m-[0m[0m scan_on_push = true [90m-> null[0m[0m
        }
    }

[1m  # module.ecs_platform.aws_ecr_repository.service["web"][0m will be [1m[31mdestroyed[0m
[0m  [31m-[0m[0m resource "aws_ecr_repository" "service" {
      [31m-[0m[0m arn                  = "arn:aws:ecr:us-west-1:240462142849:repository/devops-g3/web" [90m-> null[0m[0m
      [31m-[0m[0m id                   = "devops-g3/web" [90m-> null[0m[0m
      [31m-[0m[0m image_tag_mutability = "IMMUTABLE" [90m-> null[0m[0m
      [31m-[0m[0m name                 = "devops-g3/web" [90m-> null[0m[0m
      [31m-[0m[0m region               = "us-west-1" [90m-> null[0m[0m
      [31m-[0m[0m registry_id          = "240462142849" [90m-> null[0m[0m
      [31m-[0m[0m repository_url       = "240462142849.dkr.ecr.us-west-1.amazonaws.com/devops-g3/web" [90m-> null[0m[0m
      [31m-[0m[0m tags                 = {
          [31m-[0m[0m "Name"    = "devops-g3-web"
          [31m-[0m[0m "service" = "web"
        } [90m-> null[0m[0m
      [31m-[0m[0m tags_all             = {
          [31m-[0m[0m "Name"        = "devops-g3-web"
          [31m-[0m[0m "capstone"    = "tillflow"
          [31m-[0m[0m "environment" = "dev"
          [31m-[0m[0m "group"       = "devops-g3"
          [31m-[0m[0m "managed-by"  = "terraform"
          [31m-[0m[0m "owner"       = "lwam"
          [31m-[0m[0m "service"     = "web"
        } [90m-> null[0m[0m

      [31m-[0m[0m encryption_configuration {
          [31m-[0m[0m encryption_type = "KMS" [90m-> null[0m[0m
          [31m-[0m[0m kms_key         = "arn:aws:kms:us-west-1:240462142849:key/90e2806f-72c0-4b51-ae60-8cc9436bdfe0" [90m-> null[0m[0m
        }

      [31m-[0m[0m image_scanning_configuration {
          [31m-[0m[0m scan_on_push = true [90m-> null[0m[0m
        }
    }

[1m  # module.ecs_platform.aws_ecs_cluster.this[0m will be [1m[31mdestroyed[0m
[0m  [31m-[0m[0m resource "aws_ecs_cluster" "this" {
      [31m-[0m[0m arn      = "arn:aws:ecs:us-west-1:240462142849:cluster/devops-g3" [90m-> null[0m[0m
      [31m-[0m[0m id       = "arn:aws:ecs:us-west-1:240462142849:cluster/devops-g3" [90m-> null[0m[0m
      [31m-[0m[0m name     = "devops-g3" [90m-> null[0m[0m
      [31m-[0m[0m region   = "us-west-1" [90m-> null[0m[0m
      [31m-[0m[0m tags     = {
          [31m-[0m[0m "Name" = "devops-g3"
        } [90m-> null[0m[0m
      [31m-[0m[0m tags_all = {
          [31m-[0m[0m "Name"        = "devops-g3"
          [31m-[0m[0m "capstone"    = "tillflow"
          [31m-[0m[0m "environment" = "dev"
          [31m-[0m[0m "group"       = "devops-g3"
          [31m-[0m[0m "managed-by"  = "terraform"
          [31m-[0m[0m "owner"       = "lwam"
          [31m-[0m[0m "service"     = "platform"
        } [90m-> null[0m[0m

      [31m-[0m[0m configuration {
          [31m-[0m[0m execute_command_configuration {
              [31m-[0m[0m kms_key_id = "arn:aws:kms:us-west-1:240462142849:key/90e2806f-72c0-4b51-ae60-8cc9436bdfe0" [90m-> null[0m[0m
              [31m-[0m[0m logging    = "OVERRIDE" [90m-> null[0m[0m

              [31m-[0m[0m log_configuration {
                  [31m-[0m[0m cloud_watch_encryption_enabled = true [90m-> null[0m[0m
                  [31m-[0m[0m cloud_watch_log_group_name     = "/devops-g3/ecs-exec" [90m-> null[0m[0m
                  [31m-[0m[0m s3_bucket_encryption_enabled   = false [90m-> null[0m[0m
                    [90m# (2 unchanged attributes hidden)[0m[0m
                }
            }
        }

      [31m-[0m[0m setting {
          [31m-[0m[0m name  = "containerInsights" [90m-> null[0m[0m
          [31m-[0m[0m value = "enhanced" [90m-> null[0m[0m
        }
    }

[1m  # module.ecs_platform.aws_ecs_cluster_capacity_providers.this[0m will be [1m[31mdestroyed[0m
[0m  [31m-[0m[0m resource "aws_ecs_cluster_capacity_providers" "this" {
      [31m-[0m[0m capacity_providers = [
          [31m-[0m[0m "FARGATE",
          [31m-[0m[0m "FARGATE_SPOT",
        ] [90m-> null[0m[0m
      [31m-[0m[0m cluster_name       = "devops-g3" [90m-> null[0m[0m
      [31m-[0m[0m id                 = "devops-g3" [90m-> null[0m[0m
      [31m-[0m[0m region             = "us-west-1" [90m-> null[0m[0m

      [31m-[0m[0m default_capacity_provider_strategy {
          [31m-[0m[0m base              = 0 [90m-> null[0m[0m
          [31m-[0m[0m capacity_provider = "FARGATE" [90m-> null[0m[0m
          [31m-[0m[0m weight            = 1 [90m-> null[0m[0m
        }
    }

[1m  # module.ecs_platform.aws_iam_role.task_execution[0m will be [1m[31mdestroyed[0m
[0m  [31m-[0m[0m resource "aws_iam_role" "task_execution" {
      [31m-[0m[0m arn                   = "arn:aws:iam::240462142849:role/devops-g3-exec" [90m-> null[0m[0m
      [31m-[0m[0m assume_role_policy    = jsonencode(
            {
              [31m-[0m[0m Statement = [
                  [31m-[0m[0m {
                      [31m-[0m[0m Action    = "sts:AssumeRole"
                      [31m-[0m[0m Condition = {
                          [31m-[0m[0m StringEquals = {
                              [31m-[0m[0m "aws:SourceAccount" = "240462142849"
                            }
                        }
                      [31m-[0m[0m Effect    = "Allow"
                      [31m-[0m[0m Principal = {
                          [31m-[0m[0m Service = "ecs-tasks.amazonaws.com"
                        }
                    },
                ]
              [31m-[0m[0m Version   = "2012-10-17"
            }
        ) [90m-> null[0m[0m
      [31m-[0m[0m create_date           = "2026-09-11T19:09:17Z" [90m-> null[0m[0m
      [31m-[0m[0m description           = "Shared ECS task execution role - image pull and log write only" [90m-> null[0m[0m
      [31m-[0m[0m force_detach_policies = false [90m-> null[0m[0m
      [31m-[0m[0m id                    = "devops-g3-exec" [90m-> null[0m[0m
      [31m-[0m[0m managed_policy_arns   = [
          [31m-[0m[0m "arn:aws:iam::aws:policy/service-role/AmazonECSTaskExecutionRolePolicy",
        ] [90m-> null[0m[0m
      [31m-[0m[0m max_session_duration  = 3600 [90m-> null[0m[0m
      [31m-[0m[0m name                  = "devops-g3-exec" [90m-> null[0m[0m
      [31m-[0m[0m path                  = "/" [90m-> null[0m[0m
      [31m-[0m[0m tags                  = {
          [31m-[0m[0m "Name" = "devops-g3-exec"
        } [90m-> null[0m[0m
      [31m-[0m[0m tags_all              = {
          [31m-[0m[0m "Name"        = "devops-g3-exec"
          [31m-[0m[0m "capstone"    = "tillflow"
          [31m-[0m[0m "environment" = "dev"
          [31m-[0m[0m "group"       = "devops-g3"
          [31m-[0m[0m "managed-by"  = "terraform"
          [31m-[0m[0m "owner"       = "lwam"
          [31m-[0m[0m "service"     = "platform"
        } [90m-> null[0m[0m
      [31m-[0m[0m unique_id             = "AROATP7FJDWAWXF3MZGSG" [90m-> null[0m[0m
        [90m# (2 unchanged attributes hidden)[0m[0m

      [31m-[0m[0m inline_policy {
          [31m-[0m[0m name   = "inject-secrets" [90m-> null[0m[0m
          [31m-[0m[0m policy = jsonencode(
                {
                  [31m-[0m[0m Statement = [
                      [31m-[0m[0m {
                          [31m-[0m[0m Action   = "secretsmanager:GetSecretValue"
                          [31m-[0m[0m Effect   = "Allow"
                          [31m-[0m[0m Resource = [
                              [31m-[0m[0m "arn:aws:secretsmanager:us-west-1:240462142849:secret:devops-g3/slack-webhook-eunYoR",
                              [31m-[0m[0m "arn:aws:secretsmanager:us-west-1:240462142849:secret:devops-g3/grafana-admin-T5XvCb",
                              [31m-[0m[0m "arn:aws:secretsmanager:us-west-1:240462142849:secret:devops-g3/db-proxy-web-1bqHbE",
                              [31m-[0m[0m "arn:aws:secretsmanager:us-west-1:240462142849:secret:devops-g3/db-proxy-pos-L7bCoD",
                              [31m-[0m[0m "arn:aws:secretsmanager:us-west-1:240462142849:secret:devops-g3/db-proxy-payments-H5SL8D",
                              [31m-[0m[0m "arn:aws:secretsmanager:us-west-1:240462142849:secret:devops-g3/db-proxy-commission-O3w8qA",
                              [31m-[0m[0m "arn:aws:secretsmanager:us-west-1:240462142849:secret:devops-g3/db-I364XC",
                              [31m-[0m[0m "arn:aws:secretsmanager:us-west-1:240462142849:secret:devops-g3/daraja-vDnR06",
                            ]
                          [31m-[0m[0m Sid      = "PullSecretsForInjection"
                        },
                      [31m-[0m[0m {
                          [31m-[0m[0m Action   = [
                              [31m-[0m[0m "kms:GenerateDataKey",
                              [31m-[0m[0m "kms:Decrypt",
                            ]
                          [31m-[0m[0m Effect   = "Allow"
                          [31m-[0m[0m Resource = "arn:aws:kms:us-west-1:240462142849:key/90e2806f-72c0-4b51-ae60-8cc9436bdfe0"
                          [31m-[0m[0m Sid      = "DecryptSecretsAndLogs"
                        },
                    ]
                  [31m-[0m[0m Version   = "2012-10-17"
                }
            ) [90m-> null[0m[0m
        }
    }

[1m  # module.ecs_platform.aws_iam_role_policy.task_execution_extra[0m will be [1m[31mdestroyed[0m
[0m  [31m-[0m[0m resource "aws_iam_role_policy" "task_execution_extra" {
      [31m-[0m[0m id          = "devops-g3-exec:inject-secrets" [90m-> null[0m[0m
      [31m-[0m[0m name        = "inject-secrets" [90m-> null[0m[0m
      [31m-[0m[0m policy      = jsonencode(
            {
              [31m-[0m[0m Statement = [
                  [31m-[0m[0m {
                      [31m-[0m[0m Action   = "secretsmanager:GetSecretValue"
                      [31m-[0m[0m Effect   = "Allow"
                      [31m-[0m[0m Resource = [
                          [31m-[0m[0m "arn:aws:secretsmanager:us-west-1:240462142849:secret:devops-g3/slack-webhook-eunYoR",
                          [31m-[0m[0m "arn:aws:secretsmanager:us-west-1:240462142849:secret:devops-g3/grafana-admin-T5XvCb",
                          [31m-[0m[0m "arn:aws:secretsmanager:us-west-1:240462142849:secret:devops-g3/db-proxy-web-1bqHbE",
                          [31m-[0m[0m "arn:aws:secretsmanager:us-west-1:240462142849:secret:devops-g3/db-proxy-pos-L7bCoD",
                          [31m-[0m[0m "arn:aws:secretsmanager:us-west-1:240462142849:secret:devops-g3/db-proxy-payments-H5SL8D",
                          [31m-[0m[0m "arn:aws:secretsmanager:us-west-1:240462142849:secret:devops-g3/db-proxy-commission-O3w8qA",
                          [31m-[0m[0m "arn:aws:secretsmanager:us-west-1:240462142849:secret:devops-g3/db-I364XC",
                          [31m-[0m[0m "arn:aws:secretsmanager:us-west-1:240462142849:secret:devops-g3/daraja-vDnR06",
                        ]
                      [31m-[0m[0m Sid      = "PullSecretsForInjection"
                    },
                  [31m-[0m[0m {
                      [31m-[0m[0m Action   = [
                          [31m-[0m[0m "kms:GenerateDataKey",
                          [31m-[0m[0m "kms:Decrypt",
                        ]
                      [31m-[0m[0m Effect   = "Allow"
                      [31m-[0m[0m Resource = "arn:aws:kms:us-west-1:240462142849:key/90e2806f-72c0-4b51-ae60-8cc9436bdfe0"
                      [31m-[0m[0m Sid      = "DecryptSecretsAndLogs"
                    },
                ]
              [31m-[0m[0m Version   = "2012-10-17"
            }
        ) [90m-> null[0m[0m
      [31m-[0m[0m role        = "devops-g3-exec" [90m-> null[0m[0m
        [90m# (1 unchanged attribute hidden)[0m[0m
    }

[1m  # module.ecs_platform.aws_iam_role_policy_attachment.task_execution[0m will be [1m[31mdestroyed[0m
[0m  [31m-[0m[0m resource "aws_iam_role_policy_attachment" "task_execution" {
      [31m-[0m[0m id         = "devops-g3-exec/arn:aws:iam::aws:policy/service-role/AmazonECSTaskExecutionRolePolicy" [90m-> null[0m[0m
      [31m-[0m[0m policy_arn = "arn:aws:iam::aws:policy/service-role/AmazonECSTaskExecutionRolePolicy" [90m-> null[0m[0m
      [31m-[0m[0m role       = "devops-g3-exec" [90m-> null[0m[0m
    }

[1m  # module.ecs_platform.aws_service_discovery_http_namespace.this[0m will be [1m[31mdestroyed[0m
[0m  [31m-[0m[0m resource "aws_service_discovery_http_namespace" "this" {
      [31m-[0m[0m arn         = "arn:aws:servicediscovery:us-west-1:240462142849:namespace/ns-m3b22vodi4nakqzz" [90m-> null[0m[0m
      [31m-[0m[0m description = "Service Connect namespace for internal devops-g3 traffic" [90m-> null[0m[0m
      [31m-[0m[0m http_name   = "tillflow.local" [90m-> null[0m[0m
      [31m-[0m[0m id          = "ns-m3b22vodi4nakqzz" [90m-> null[0m[0m
      [31m-[0m[0m name        = "tillflow.local" [90m-> null[0m[0m
      [31m-[0m[0m region      = "us-west-1" [90m-> null[0m[0m
      [31m-[0m[0m tags        = {
          [31m-[0m[0m "Name" = "devops-g3-namespace"
        } [90m-> null[0m[0m
      [31m-[0m[0m tags_all    = {
          [31m-[0m[0m "Name"        = "devops-g3-namespace"
          [31m-[0m[0m "capstone"    = "tillflow"
          [31m-[0m[0m "environment" = "dev"
          [31m-[0m[0m "group"       = "devops-g3"
          [31m-[0m[0m "managed-by"  = "terraform"
          [31m-[0m[0m "owner"       = "lwam"
          [31m-[0m[0m "service"     = "platform"
        } [90m-> null[0m[0m
    }

[1m  # module.grafana.aws_cloudwatch_log_group.this[0m will be [1m[31mdestroyed[0m
[0m  [31m-[0m[0m resource "aws_cloudwatch_log_group" "this" {
      [31m-[0m[0m arn                         = "arn:aws:logs:us-west-1:240462142849:log-group:/devops-g3/grafana" [90m-> null[0m[0m
      [31m-[0m[0m deletion_protection_enabled = false [90m-> null[0m[0m
      [31m-[0m[0m id                          = "/devops-g3/grafana" [90m-> null[0m[0m
      [31m-[0m[0m kms_key_id                  = "arn:aws:kms:us-west-1:240462142849:key/90e2806f-72c0-4b51-ae60-8cc9436bdfe0" [90m-> null[0m[0m
      [31m-[0m[0m log_group_class             = "STANDARD" [90m-> null[0m[0m
      [31m-[0m[0m name                        = "/devops-g3/grafana" [90m-> null[0m[0m
      [31m-[0m[0m region                      = "us-west-1" [90m-> null[0m[0m
      [31m-[0m[0m retention_in_days           = 30 [90m-> null[0m[0m
      [31m-[0m[0m skip_destroy                = false [90m-> null[0m[0m
      [31m-[0m[0m tags                        = {
          [31m-[0m[0m "Name"    = "devops-g3-grafana"
          [31m-[0m[0m "service" = "grafana"
        } [90m-> null[0m[0m
      [31m-[0m[0m tags_all                    = {
          [31m-[0m[0m "Name"        = "devops-g3-grafana"
          [31m-[0m[0m "capstone"    = "tillflow"
          [31m-[0m[0m "environment" = "dev"
          [31m-[0m[0m "group"       = "devops-g3"
          [31m-[0m[0m "managed-by"  = "terraform"
          [31m-[0m[0m "owner"       = "lwam"
          [31m-[0m[0m "service"     = "grafana"
        } [90m-> null[0m[0m
        [90m# (1 unchanged attribute hidden)[0m[0m
    }

[1m  # module.grafana.aws_ecs_service.this[0m will be [1m[31mdestroyed[0m
[0m  [31m-[0m[0m resource "aws_ecs_service" "this" {
      [31m-[0m[0m arn                                = "arn:aws:ecs:us-west-1:240462142849:service/devops-g3/devops-g3-grafana" [90m-> null[0m[0m
      [31m-[0m[0m availability_zone_rebalancing      = "ENABLED" [90m-> null[0m[0m
      [31m-[0m[0m cluster                            = "arn:aws:ecs:us-west-1:240462142849:cluster/devops-g3" [90m-> null[0m[0m
      [31m-[0m[0m deployment_maximum_percent         = 200 [90m-> null[0m[0m
      [31m-[0m[0m deployment_minimum_healthy_percent = 100 [90m-> null[0m[0m
      [31m-[0m[0m desired_count                      = 1 [90m-> null[0m[0m
      [31m-[0m[0m enable_ecs_managed_tags            = false [90m-> null[0m[0m
      [31m-[0m[0m enable_execute_command             = true [90m-> null[0m[0m
      [31m-[0m[0m health_check_grace_period_seconds  = 120 [90m-> null[0m[0m
      [31m-[0m[0m iam_role                           = "/aws-service-role/ecs.amazonaws.com/AWSServiceRoleForECS" [90m-> null[0m[0m
      [31m-[0m[0m id                                 = "arn:aws:ecs:us-west-1:240462142849:service/devops-g3/devops-g3-grafana" [90m-> null[0m[0m
      [31m-[0m[0m launch_type                        = "FARGATE" [90m-> null[0m[0m
      [31m-[0m[0m name                               = "devops-g3-grafana" [90m-> null[0m[0m
      [31m-[0m[0m platform_version                   = "1.4.0" [90m-> null[0m[0m
      [31m-[0m[0m propagate_tags                     = "NONE" [90m-> null[0m[0m
      [31m-[0m[0m region                             = "us-west-1" [90m-> null[0m[0m
      [31m-[0m[0m scheduling_strategy                = "REPLICA" [90m-> null[0m[0m
      [31m-[0m[0m tags                               = {
          [31m-[0m[0m "Name"    = "devops-g3-grafana"
          [31m-[0m[0m "service" = "grafana"
        } [90m-> null[0m[0m
      [31m-[0m[0m tags_all                           = {
          [31m-[0m[0m "Name"        = "devops-g3-grafana"
          [31m-[0m[0m "capstone"    = "tillflow"
          [31m-[0m[0m "environment" = "dev"
          [31m-[0m[0m "group"       = "devops-g3"
          [31m-[0m[0m "managed-by"  = "terraform"
          [31m-[0m[0m "owner"       = "lwam"
          [31m-[0m[0m "service"     = "grafana"
        } [90m-> null[0m[0m
      [31m-[0m[0m task_definition                    = "arn:aws:ecs:us-west-1:240462142849:task-definition/devops-g3-grafana:4" [90m-> null[0m[0m
      [31m-[0m[0m triggers                           = {} [90m-> null[0m[0m
      [31m-[0m[0m wait_for_steady_state              = false [90m-> null[0m[0m

      [31m-[0m[0m deployment_circuit_breaker {
          [31m-[0m[0m enable   = true [90m-> null[0m[0m
          [31m-[0m[0m rollback = true [90m-> null[0m[0m
        }

      [31m-[0m[0m deployment_configuration {
          [31m-[0m[0m bake_time_in_minutes = "0" [90m-> null[0m[0m
          [31m-[0m[0m strategy             = "ROLLING" [90m-> null[0m[0m
        }

      [31m-[0m[0m deployment_controller {
          [31m-[0m[0m type = "ECS" [90m-> null[0m[0m
        }

      [31m-[0m[0m load_balancer {
          [31m-[0m[0m container_name   = "grafana" [90m-> null[0m[0m
          [31m-[0m[0m container_port   = 3000 [90m-> null[0m[0m
          [31m-[0m[0m target_group_arn = "arn:aws:elasticloadbalancing:us-west-1:240462142849:targetgroup/devops-g3-grafana/4d5f04b3c7f0712f" [90m-> null[0m[0m
            [90m# (1 unchanged attribute hidden)[0m[0m
        }

      [31m-[0m[0m network_configuration {
          [31m-[0m[0m assign_public_ip = false [90m-> null[0m[0m
          [31m-[0m[0m security_groups  = [
              [31m-[0m[0m "sg-0989ff61f85d69e10",
            ] [90m-> null[0m[0m
          [31m-[0m[0m subnets          = [
              [31m-[0m[0m "subnet-01cdc84de3b32c135",
              [31m-[0m[0m "subnet-07343877e9a03db98",
            ] [90m-> null[0m[0m
        }
    }

[1m  # module.grafana.aws_ecs_task_definition.this[0m will be [1m[31mdestroyed[0m
[0m  [31m-[0m[0m resource "aws_ecs_task_definition" "this" {
      [31m-[0m[0m arn                      = "arn:aws:ecs:us-west-1:240462142849:task-definition/devops-g3-grafana:4" [90m-> null[0m[0m
      [31m-[0m[0m arn_without_revision     = "arn:aws:ecs:us-west-1:240462142849:task-definition/devops-g3-grafana" [90m-> null[0m[0m
      [31m-[0m[0m container_definitions    = jsonencode(
            [
              [31m-[0m[0m {
                  [31m-[0m[0m environment      = [
                      [31m-[0m[0m {
                          [31m-[0m[0m name  = "AMP_PROMETHEUS_ENDPOINT"
                          [31m-[0m[0m value = "https://aps-workspaces.us-west-1.amazonaws.com/workspaces/ws-40261a89-bf51-45ee-a25b-e5fdfa21b69d"
                        },
                      [31m-[0m[0m {
                          [31m-[0m[0m name  = "AWS_REGION"
                          [31m-[0m[0m value = "us-west-1"
                        },
                      [31m-[0m[0m {
                          [31m-[0m[0m name  = "GF_AUTH_ANONYMOUS_ENABLED"
                          [31m-[0m[0m value = "false"
                        },
                      [31m-[0m[0m {
                          [31m-[0m[0m name  = "GF_AUTH_SIGV4_AUTH_ENABLED"
                          [31m-[0m[0m value = "true"
                        },
                      [31m-[0m[0m {
                          [31m-[0m[0m name  = "GF_LOG_MODE"
                          [31m-[0m[0m value = "console"
                        },
                      [31m-[0m[0m {
                          [31m-[0m[0m name  = "GF_SECURITY_ADMIN_USER"
                          [31m-[0m[0m value = "admin"
                        },
                      [31m-[0m[0m {
                          [31m-[0m[0m name  = "GF_SERVER_ENFORCE_DOMAIN"
                          [31m-[0m[0m value = "false"
                        },
                      [31m-[0m[0m {
                          [31m-[0m[0m name  = "GF_SERVER_ROOT_URL"
                          [31m-[0m[0m value = "https://w6m0ja1aic.execute-api.us-west-1.amazonaws.com/v1/grafana/"
                        },
                      [31m-[0m[0m {
                          [31m-[0m[0m name  = "GF_SERVER_SERVE_FROM_SUB_PATH"
                          [31m-[0m[0m value = "true"
                        },
                      [31m-[0m[0m {
                          [31m-[0m[0m name  = "GF_UNIFIED_ALERTING_ENABLED"
                          [31m-[0m[0m value = "true"
                        },
                      [31m-[0m[0m {
                          [31m-[0m[0m name  = "GF_USERS_ALLOW_SIGN_UP"
                          [31m-[0m[0m value = "false"
                        },
                    ]
                  [31m-[0m[0m essential        = true
                  [31m-[0m[0m healthCheck      = {
                      [31m-[0m[0m command     = [
                          [31m-[0m[0m "CMD-SHELL",
                          [31m-[0m[0m "wget -q -O /dev/null http://127.0.0.1:3000/api/health || exit 1",
                        ]
                      [31m-[0m[0m interval    = 30
                      [31m-[0m[0m retries     = 3
                      [31m-[0m[0m startPeriod = 60
                      [31m-[0m[0m timeout     = 5
                    }
                  [31m-[0m[0m image            = "240462142849.dkr.ecr.us-west-1.amazonaws.com/devops-g3/grafana:11.4.0-tillflow2"
                  [31m-[0m[0m logConfiguration = {
                      [31m-[0m[0m logDriver = "awslogs"
                      [31m-[0m[0m options   = {
                          [31m-[0m[0m awslogs-group         = "/devops-g3/grafana"
                          [31m-[0m[0m awslogs-region        = "us-west-1"
                          [31m-[0m[0m awslogs-stream-prefix = "grafana"
                        }
                    }
                  [31m-[0m[0m mountPoints      = []
                  [31m-[0m[0m name             = "grafana"
                  [31m-[0m[0m portMappings     = [
                      [31m-[0m[0m {
                          [31m-[0m[0m containerPort = 3000
                          [31m-[0m[0m hostPort      = 3000
                          [31m-[0m[0m protocol      = "tcp"
                        },
                    ]
                  [31m-[0m[0m secrets          = [
                      [31m-[0m[0m {
                          [31m-[0m[0m name      = "GF_SECURITY_ADMIN_PASSWORD"
                          [31m-[0m[0m valueFrom = "arn:aws:secretsmanager:us-west-1:240462142849:secret:devops-g3/grafana-admin-T5XvCb"
                        },
                      [31m-[0m[0m {
                          [31m-[0m[0m name      = "SLACK_WEBHOOK_URL"
                          [31m-[0m[0m valueFrom = "arn:aws:secretsmanager:us-west-1:240462142849:secret:devops-g3/slack-webhook-eunYoR"
                        },
                    ]
                  [31m-[0m[0m systemControls   = []
                  [31m-[0m[0m volumesFrom      = []
                },
            ]
        ) [90m-> null[0m[0m
      [31m-[0m[0m cpu                      = "512" [90m-> null[0m[0m
      [31m-[0m[0m enable_fault_injection   = false [90m-> null[0m[0m
      [31m-[0m[0m execution_role_arn       = "arn:aws:iam::240462142849:role/devops-g3-exec" [90m-> null[0m[0m
      [31m-[0m[0m family                   = "devops-g3-grafana" [90m-> null[0m[0m
      [31m-[0m[0m id                       = "devops-g3-grafana" [90m-> null[0m[0m
      [31m-[0m[0m memory                   = "1024" [90m-> null[0m[0m
      [31m-[0m[0m network_mode             = "awsvpc" [90m-> null[0m[0m
      [31m-[0m[0m region                   = "us-west-1" [90m-> null[0m[0m
      [31m-[0m[0m requires_compatibilities = [
          [31m-[0m[0m "FARGATE",
        ] [90m-> null[0m[0m
      [31m-[0m[0m revision                 = 4 [90m-> null[0m[0m
      [31m-[0m[0m skip_destroy             = false [90m-> null[0m[0m
      [31m-[0m[0m tags                     = {
          [31m-[0m[0m "Name"    = "devops-g3-grafana"
          [31m-[0m[0m "service" = "grafana"
        } [90m-> null[0m[0m
      [31m-[0m[0m tags_all                 = {
          [31m-[0m[0m "Name"        = "devops-g3-grafana"
          [31m-[0m[0m "capstone"    = "tillflow"
          [31m-[0m[0m "environment" = "dev"
          [31m-[0m[0m "group"       = "devops-g3"
          [31m-[0m[0m "managed-by"  = "terraform"
          [31m-[0m[0m "owner"       = "lwam"
          [31m-[0m[0m "service"     = "grafana"
        } [90m-> null[0m[0m
      [31m-[0m[0m task_role_arn            = "arn:aws:iam::240462142849:role/devops-g3-grafana-task" [90m-> null[0m[0m
      [31m-[0m[0m track_latest             = false [90m-> null[0m[0m
        [90m# (2 unchanged attributes hidden)[0m[0m

      [31m-[0m[0m runtime_platform {
          [31m-[0m[0m cpu_architecture        = "ARM64" [90m-> null[0m[0m
          [31m-[0m[0m operating_system_family = "LINUX" [90m-> null[0m[0m
        }
    }

[1m  # module.grafana.aws_iam_role.task[0m will be [1m[31mdestroyed[0m
[0m  [31m-[0m[0m resource "aws_iam_role" "task" {
      [31m-[0m[0m arn                   = "arn:aws:iam::240462142849:role/devops-g3-grafana-task" [90m-> null[0m[0m
      [31m-[0m[0m assume_role_policy    = jsonencode(
            {
              [31m-[0m[0m Statement = [
                  [31m-[0m[0m {
                      [31m-[0m[0m Action    = "sts:AssumeRole"
                      [31m-[0m[0m Condition = {
                          [31m-[0m[0m StringEquals = {
                              [31m-[0m[0m "aws:SourceAccount" = "240462142849"
                            }
                        }
                      [31m-[0m[0m Effect    = "Allow"
                      [31m-[0m[0m Principal = {
                          [31m-[0m[0m Service = "ecs-tasks.amazonaws.com"
                        }
                    },
                ]
              [31m-[0m[0m Version   = "2012-10-17"
            }
        ) [90m-> null[0m[0m
      [31m-[0m[0m create_date           = "2026-09-19T21:08:45Z" [90m-> null[0m[0m
      [31m-[0m[0m description           = "Grafana task role - AMP query and optional alert secrets" [90m-> null[0m[0m
      [31m-[0m[0m force_detach_policies = false [90m-> null[0m[0m
      [31m-[0m[0m id                    = "devops-g3-grafana-task" [90m-> null[0m[0m
      [31m-[0m[0m managed_policy_arns   = [] [90m-> null[0m[0m
      [31m-[0m[0m max_session_duration  = 3600 [90m-> null[0m[0m
      [31m-[0m[0m name                  = "devops-g3-grafana-task" [90m-> null[0m[0m
      [31m-[0m[0m path                  = "/" [90m-> null[0m[0m
      [31m-[0m[0m tags                  = {
          [31m-[0m[0m "Name"    = "devops-g3-grafana-task"
          [31m-[0m[0m "service" = "grafana"
        } [90m-> null[0m[0m
      [31m-[0m[0m tags_all              = {
          [31m-[0m[0m "Name"        = "devops-g3-grafana-task"
          [31m-[0m[0m "capstone"    = "tillflow"
          [31m-[0m[0m "environment" = "dev"
          [31m-[0m[0m "group"       = "devops-g3"
          [31m-[0m[0m "managed-by"  = "terraform"
          [31m-[0m[0m "owner"       = "lwam"
          [31m-[0m[0m "service"     = "grafana"
        } [90m-> null[0m[0m
      [31m-[0m[0m unique_id             = "AROATP7FJDWA5RCMJVUEC" [90m-> null[0m[0m
        [90m# (2 unchanged attributes hidden)[0m[0m

      [31m-[0m[0m inline_policy {
          [31m-[0m[0m name   = "grafana-permissions" [90m-> null[0m[0m
          [31m-[0m[0m policy = jsonencode(
                {
                  [31m-[0m[0m Statement = [
                      [31m-[0m[0m {
                          [31m-[0m[0m Action   = [
                              [31m-[0m[0m "aps:QueryMetrics",
                              [31m-[0m[0m "aps:GetSeries",
                              [31m-[0m[0m "aps:GetMetricMetadata",
                              [31m-[0m[0m "aps:GetLabels",
                            ]
                          [31m-[0m[0m Effect   = "Allow"
                          [31m-[0m[0m Resource = "arn:aws:aps:us-west-1:240462142849:workspace/ws-40261a89-bf51-45ee-a25b-e5fdfa21b69d"
                          [31m-[0m[0m Sid      = "QueryAmp"
                        },
                      [31m-[0m[0m {
                          [31m-[0m[0m Action   = "secretsmanager:GetSecretValue"
                          [31m-[0m[0m Effect   = "Allow"
                          [31m-[0m[0m Resource = [
                              [31m-[0m[0m "arn:aws:secretsmanager:us-west-1:240462142849:secret:devops-g3/slack-webhook-eunYoR",
                              [31m-[0m[0m "arn:aws:secretsmanager:us-west-1:240462142849:secret:devops-g3/grafana-admin-T5XvCb",
                            ]
                          [31m-[0m[0m Sid      = "ReadAlertSecrets"
                        },
                      [31m-[0m[0m {
                          [31m-[0m[0m Action   = [
                              [31m-[0m[0m "kms:GenerateDataKey",
                              [31m-[0m[0m "kms:Decrypt",
                            ]
                          [31m-[0m[0m Effect   = "Allow"
                          [31m-[0m[0m Resource = "arn:aws:kms:us-west-1:240462142849:key/90e2806f-72c0-4b51-ae60-8cc9436bdfe0"
                          [31m-[0m[0m Sid      = "DecryptSecrets"
                        },
                      [31m-[0m[0m {
                          [31m-[0m[0m Action   = [
                              [31m-[0m[0m "ssmmessages:OpenDataChannel",
                              [31m-[0m[0m "ssmmessages:OpenControlChannel",
                              [31m-[0m[0m "ssmmessages:CreateDataChannel",
                              [31m-[0m[0m "ssmmessages:CreateControlChannel",
                            ]
                          [31m-[0m[0m Effect   = "Allow"
                          [31m-[0m[0m Resource = "*"
                          [31m-[0m[0m Sid      = "ExecCommand"
                        },
                    ]
                  [31m-[0m[0m Version   = "2012-10-17"
                }
            ) [90m-> null[0m[0m
        }
    }

[1m  # module.grafana.aws_iam_role_policy.task[0m will be [1m[31mdestroyed[0m
[0m  [31m-[0m[0m resource "aws_iam_role_policy" "task" {
      [31m-[0m[0m id          = "devops-g3-grafana-task:grafana-permissions" [90m-> null[0m[0m
      [31m-[0m[0m name        = "grafana-permissions" [90m-> null[0m[0m
      [31m-[0m[0m policy      = jsonencode(
            {
              [31m-[0m[0m Statement = [
                  [31m-[0m[0m {
                      [31m-[0m[0m Action   = [
                          [31m-[0m[0m "aps:QueryMetrics",
                          [31m-[0m[0m "aps:GetSeries",
                          [31m-[0m[0m "aps:GetMetricMetadata",
                          [31m-[0m[0m "aps:GetLabels",
                        ]
                      [31m-[0m[0m Effect   = "Allow"
                      [31m-[0m[0m Resource = "arn:aws:aps:us-west-1:240462142849:workspace/ws-40261a89-bf51-45ee-a25b-e5fdfa21b69d"
                      [31m-[0m[0m Sid      = "QueryAmp"
                    },
                  [31m-[0m[0m {
                      [31m-[0m[0m Action   = "secretsmanager:GetSecretValue"
                      [31m-[0m[0m Effect   = "Allow"
                      [31m-[0m[0m Resource = [
                          [31m-[0m[0m "arn:aws:secretsmanager:us-west-1:240462142849:secret:devops-g3/slack-webhook-eunYoR",
                          [31m-[0m[0m "arn:aws:secretsmanager:us-west-1:240462142849:secret:devops-g3/grafana-admin-T5XvCb",
                        ]
                      [31m-[0m[0m Sid      = "ReadAlertSecrets"
                    },
                  [31m-[0m[0m {
                      [31m-[0m[0m Action   = [
                          [31m-[0m[0m "kms:GenerateDataKey",
                          [31m-[0m[0m "kms:Decrypt",
                        ]
                      [31m-[0m[0m Effect   = "Allow"
                      [31m-[0m[0m Resource = "arn:aws:kms:us-west-1:240462142849:key/90e2806f-72c0-4b51-ae60-8cc9436bdfe0"
                      [31m-[0m[0m Sid      = "DecryptSecrets"
                    },
                  [31m-[0m[0m {
                      [31m-[0m[0m Action   = [
                          [31m-[0m[0m "ssmmessages:OpenDataChannel",
                          [31m-[0m[0m "ssmmessages:OpenControlChannel",
                          [31m-[0m[0m "ssmmessages:CreateDataChannel",
                          [31m-[0m[0m "ssmmessages:CreateControlChannel",
                        ]
                      [31m-[0m[0m Effect   = "Allow"
                      [31m-[0m[0m Resource = "*"
                      [31m-[0m[0m Sid      = "ExecCommand"
                    },
                ]
              [31m-[0m[0m Version   = "2012-10-17"
            }
        ) [90m-> null[0m[0m
      [31m-[0m[0m role        = "devops-g3-grafana-task" [90m-> null[0m[0m
        [90m# (1 unchanged attribute hidden)[0m[0m
    }

[1m  # module.grafana.aws_security_group.this[0m will be [1m[31mdestroyed[0m
[0m  [31m-[0m[0m resource "aws_security_group" "this" {
      [31m-[0m[0m arn                    = "arn:aws:ec2:us-west-1:240462142849:security-group/sg-0989ff61f85d69e10" [90m-> null[0m[0m
      [31m-[0m[0m description            = "Grafana ECS task" [90m-> null[0m[0m
      [31m-[0m[0m egress                 = [
          [31m-[0m[0m {
              [31m-[0m[0m cidr_blocks      = [
                  [31m-[0m[0m "0.0.0.0/0",
                ]
              [31m-[0m[0m description      = "HTTPS for AMP Prometheus query API (SigV4)"
              [31m-[0m[0m from_port        = 443
              [31m-[0m[0m ipv6_cidr_blocks = []
              [31m-[0m[0m prefix_list_ids  = []
              [31m-[0m[0m protocol         = "tcp"
              [31m-[0m[0m security_groups  = []
              [31m-[0m[0m self             = false
              [31m-[0m[0m to_port          = 443
            },
          [31m-[0m[0m {
              [31m-[0m[0m cidr_blocks      = [
                  [31m-[0m[0m "10.20.0.0/16",
                ]
              [31m-[0m[0m description      = "In-VPC egress (VPC endpoints, DNS)"
              [31m-[0m[0m from_port        = 0
              [31m-[0m[0m ipv6_cidr_blocks = []
              [31m-[0m[0m prefix_list_ids  = []
              [31m-[0m[0m protocol         = "-1"
              [31m-[0m[0m security_groups  = []
              [31m-[0m[0m self             = false
              [31m-[0m[0m to_port          = 0
            },
          [31m-[0m[0m {
              [31m-[0m[0m cidr_blocks      = []
              [31m-[0m[0m description      = "HTTPS to S3 gateway endpoint for ECR image layers"
              [31m-[0m[0m from_port        = 443
              [31m-[0m[0m ipv6_cidr_blocks = []
              [31m-[0m[0m prefix_list_ids  = [
                  [31m-[0m[0m "pl-6ba54002",
                ]
              [31m-[0m[0m protocol         = "tcp"
              [31m-[0m[0m security_groups  = []
              [31m-[0m[0m self             = false
              [31m-[0m[0m to_port          = 443
            },
        ] [90m-> null[0m[0m
      [31m-[0m[0m id                     = "sg-0989ff61f85d69e10" [90m-> null[0m[0m
      [31m-[0m[0m ingress                = [
          [31m-[0m[0m {
              [31m-[0m[0m cidr_blocks      = []
              [31m-[0m[0m description      = "HTTP from the ALB on port 3000"
              [31m-[0m[0m from_port        = 3000
              [31m-[0m[0m ipv6_cidr_blocks = []
              [31m-[0m[0m prefix_list_ids  = []
              [31m-[0m[0m protocol         = "tcp"
              [31m-[0m[0m security_groups  = [
                  [31m-[0m[0m "sg-082d68629ef628a7c",
                ]
              [31m-[0m[0m self             = false
              [31m-[0m[0m to_port          = 3000
            },
        ] [90m-> null[0m[0m
      [31m-[0m[0m name                   = "devops-g3-grafana" [90m-> null[0m[0m
      [31m-[0m[0m owner_id               = "240462142849" [90m-> null[0m[0m
      [31m-[0m[0m region                 = "us-west-1" [90m-> null[0m[0m
      [31m-[0m[0m revoke_rules_on_delete = false [90m-> null[0m[0m
      [31m-[0m[0m tags                   = {
          [31m-[0m[0m "Name"    = "devops-g3-grafana"
          [31m-[0m[0m "service" = "grafana"
        } [90m-> null[0m[0m
      [31m-[0m[0m tags_all               = {
          [31m-[0m[0m "Name"        = "devops-g3-grafana"
          [31m-[0m[0m "capstone"    = "tillflow"
          [31m-[0m[0m "environment" = "dev"
          [31m-[0m[0m "group"       = "devops-g3"
          [31m-[0m[0m "managed-by"  = "terraform"
          [31m-[0m[0m "owner"       = "lwam"
          [31m-[0m[0m "service"     = "grafana"
        } [90m-> null[0m[0m
      [31m-[0m[0m vpc_id                 = "vpc-00cfe1339e0c0c86b" [90m-> null[0m[0m
        [90m# (1 unchanged attribute hidden)[0m[0m
    }

[1m  # module.grafana.aws_vpc_security_group_egress_rule.in_vpc[0m will be [1m[31mdestroyed[0m
[0m  [31m-[0m[0m resource "aws_vpc_security_group_egress_rule" "in_vpc" {
      [31m-[0m[0m arn                    = "arn:aws:ec2:us-west-1:240462142849:security-group-rule/sgr-0039addb47585e2c3" [90m-> null[0m[0m
      [31m-[0m[0m cidr_ipv4              = "10.20.0.0/16" [90m-> null[0m[0m
      [31m-[0m[0m description            = "In-VPC egress (VPC endpoints, DNS)" [90m-> null[0m[0m
      [31m-[0m[0m id                     = "sgr-0039addb47585e2c3" [90m-> null[0m[0m
      [31m-[0m[0m ip_protocol            = "-1" [90m-> null[0m[0m
      [31m-[0m[0m region                 = "us-west-1" [90m-> null[0m[0m
      [31m-[0m[0m security_group_id      = "sg-0989ff61f85d69e10" [90m-> null[0m[0m
      [31m-[0m[0m security_group_rule_id = "sgr-0039addb47585e2c3" [90m-> null[0m[0m
      [31m-[0m[0m tags_all               = {
          [31m-[0m[0m "capstone"    = "tillflow"
          [31m-[0m[0m "environment" = "dev"
          [31m-[0m[0m "group"       = "devops-g3"
          [31m-[0m[0m "managed-by"  = "terraform"
          [31m-[0m[0m "owner"       = "lwam"
          [31m-[0m[0m "service"     = "platform"
        } [90m-> null[0m[0m
    }

[1m  # module.grafana.aws_vpc_security_group_egress_rule.internet_https[0m will be [1m[31mdestroyed[0m
[0m  [31m-[0m[0m resource "aws_vpc_security_group_egress_rule" "internet_https" {
      [31m-[0m[0m arn                    = "arn:aws:ec2:us-west-1:240462142849:security-group-rule/sgr-0ba813b2cad0ee695" [90m-> null[0m[0m
      [31m-[0m[0m cidr_ipv4              = "0.0.0.0/0" [90m-> null[0m[0m
      [31m-[0m[0m description            = "HTTPS for AMP Prometheus query API (SigV4)" [90m-> null[0m[0m
      [31m-[0m[0m from_port              = 443 [90m-> null[0m[0m
      [31m-[0m[0m id                     = "sgr-0ba813b2cad0ee695" [90m-> null[0m[0m
      [31m-[0m[0m ip_protocol            = "tcp" [90m-> null[0m[0m
      [31m-[0m[0m region                 = "us-west-1" [90m-> null[0m[0m
      [31m-[0m[0m security_group_id      = "sg-0989ff61f85d69e10" [90m-> null[0m[0m
      [31m-[0m[0m security_group_rule_id = "sgr-0ba813b2cad0ee695" [90m-> null[0m[0m
      [31m-[0m[0m tags_all               = {
          [31m-[0m[0m "capstone"    = "tillflow"
          [31m-[0m[0m "environment" = "dev"
          [31m-[0m[0m "group"       = "devops-g3"
          [31m-[0m[0m "managed-by"  = "terraform"
          [31m-[0m[0m "owner"       = "lwam"
          [31m-[0m[0m "service"     = "platform"
        } [90m-> null[0m[0m
      [31m-[0m[0m to_port                = 443 [90m-> null[0m[0m
    }

[1m  # module.grafana.aws_vpc_security_group_egress_rule.s3_gateway_https[0m will be [1m[31mdestroyed[0m
[0m  [31m-[0m[0m resource "aws_vpc_security_group_egress_rule" "s3_gateway_https" {
      [31m-[0m[0m arn                    = "arn:aws:ec2:us-west-1:240462142849:security-group-rule/sgr-0d40274952a80118f" [90m-> null[0m[0m
      [31m-[0m[0m description            = "HTTPS to S3 gateway endpoint for ECR image layers" [90m-> null[0m[0m
      [31m-[0m[0m from_port              = 443 [90m-> null[0m[0m
      [31m-[0m[0m id                     = "sgr-0d40274952a80118f" [90m-> null[0m[0m
      [31m-[0m[0m ip_protocol            = "tcp" [90m-> null[0m[0m
      [31m-[0m[0m prefix_list_id         = "pl-6ba54002" [90m-> null[0m[0m
      [31m-[0m[0m region                 = "us-west-1" [90m-> null[0m[0m
      [31m-[0m[0m security_group_id      = "sg-0989ff61f85d69e10" [90m-> null[0m[0m
      [31m-[0m[0m security_group_rule_id = "sgr-0d40274952a80118f" [90m-> null[0m[0m
      [31m-[0m[0m tags_all               = {
          [31m-[0m[0m "capstone"    = "tillflow"
          [31m-[0m[0m "environment" = "dev"
          [31m-[0m[0m "group"       = "devops-g3"
          [31m-[0m[0m "managed-by"  = "terraform"
          [31m-[0m[0m "owner"       = "lwam"
          [31m-[0m[0m "service"     = "platform"
        } [90m-> null[0m[0m
      [31m-[0m[0m to_port                = 443 [90m-> null[0m[0m
    }

[1m  # module.grafana.aws_vpc_security_group_ingress_rule.from_alb[0m will be [1m[31mdestroyed[0m
[0m  [31m-[0m[0m resource "aws_vpc_security_group_ingress_rule" "from_alb" {
      [31m-[0m[0m arn                          = "arn:aws:ec2:us-west-1:240462142849:security-group-rule/sgr-01da56fd531fe7c79" [90m-> null[0m[0m
      [31m-[0m[0m description                  = "HTTP from the ALB on port 3000" [90m-> null[0m[0m
      [31m-[0m[0m from_port                    = 3000 [90m-> null[0m[0m
      [31m-[0m[0m id                           = "sgr-01da56fd531fe7c79" [90m-> null[0m[0m
      [31m-[0m[0m ip_protocol                  = "tcp" [90m-> null[0m[0m
      [31m-[0m[0m referenced_security_group_id = "sg-082d68629ef628a7c" [90m-> null[0m[0m
      [31m-[0m[0m region                       = "us-west-1" [90m-> null[0m[0m
      [31m-[0m[0m security_group_id            = "sg-0989ff61f85d69e10" [90m-> null[0m[0m
      [31m-[0m[0m security_group_rule_id       = "sgr-01da56fd531fe7c79" [90m-> null[0m[0m
      [31m-[0m[0m tags_all                     = {
          [31m-[0m[0m "capstone"    = "tillflow"
          [31m-[0m[0m "environment" = "dev"
          [31m-[0m[0m "group"       = "devops-g3"
          [31m-[0m[0m "managed-by"  = "terraform"
          [31m-[0m[0m "owner"       = "lwam"
          [31m-[0m[0m "service"     = "platform"
        } [90m-> null[0m[0m
      [31m-[0m[0m to_port                      = 3000 [90m-> null[0m[0m
    }

[1m  # module.messaging.aws_iam_role.scheduler[0m will be [1m[31mdestroyed[0m
[0m  [31m-[0m[0m resource "aws_iam_role" "scheduler" {
      [31m-[0m[0m arn                   = "arn:aws:iam::240462142849:role/devops-g3-scheduler" [90m-> null[0m[0m
      [31m-[0m[0m assume_role_policy    = jsonencode(
            {
              [31m-[0m[0m Statement = [
                  [31m-[0m[0m {
                      [31m-[0m[0m Action    = "sts:AssumeRole"
                      [31m-[0m[0m Condition = {
                          [31m-[0m[0m StringEquals = {
                              [31m-[0m[0m "aws:SourceAccount" = "240462142849"
                            }
                        }
                      [31m-[0m[0m Effect    = "Allow"
                      [31m-[0m[0m Principal = {
                          [31m-[0m[0m Service = "scheduler.amazonaws.com"
                        }
                    },
                ]
              [31m-[0m[0m Version   = "2012-10-17"
            }
        ) [90m-> null[0m[0m
      [31m-[0m[0m create_date           = "2026-09-11T18:02:15Z" [90m-> null[0m[0m
      [31m-[0m[0m force_detach_policies = false [90m-> null[0m[0m
      [31m-[0m[0m id                    = "devops-g3-scheduler" [90m-> null[0m[0m
      [31m-[0m[0m managed_policy_arns   = [] [90m-> null[0m[0m
      [31m-[0m[0m max_session_duration  = 3600 [90m-> null[0m[0m
      [31m-[0m[0m name                  = "devops-g3-scheduler" [90m-> null[0m[0m
      [31m-[0m[0m path                  = "/" [90m-> null[0m[0m
      [31m-[0m[0m tags                  = {} [90m-> null[0m[0m
      [31m-[0m[0m tags_all              = {
          [31m-[0m[0m "capstone"    = "tillflow"
          [31m-[0m[0m "environment" = "dev"
          [31m-[0m[0m "group"       = "devops-g3"
          [31m-[0m[0m "managed-by"  = "terraform"
          [31m-[0m[0m "owner"       = "lwam"
          [31m-[0m[0m "service"     = "platform"
        } [90m-> null[0m[0m
      [31m-[0m[0m unique_id             = "AROATP7FJDWAX4DSSZSTH" [90m-> null[0m[0m
        [90m# (3 unchanged attributes hidden)[0m[0m

      [31m-[0m[0m inline_policy {
          [31m-[0m[0m name   = "enqueue-daily-close" [90m-> null[0m[0m
          [31m-[0m[0m policy = jsonencode(
                {
                  [31m-[0m[0m Statement = [
                      [31m-[0m[0m {
                          [31m-[0m[0m Action   = "sqs:SendMessage"
                          [31m-[0m[0m Effect   = "Allow"
                          [31m-[0m[0m Resource = "arn:aws:sqs:us-west-1:240462142849:devops-g3-payout"
                        },
                      [31m-[0m[0m {
                          [31m-[0m[0m Action   = [
                              [31m-[0m[0m "kms:GenerateDataKey",
                              [31m-[0m[0m "kms:Decrypt",
                            ]
                          [31m-[0m[0m Effect   = "Allow"
                          [31m-[0m[0m Resource = "arn:aws:kms:us-west-1:240462142849:key/90e2806f-72c0-4b51-ae60-8cc9436bdfe0"
                        },
                    ]
                  [31m-[0m[0m Version   = "2012-10-17"
                }
            ) [90m-> null[0m[0m
        }
    }

[1m  # module.messaging.aws_iam_role_policy.scheduler[0m will be [1m[31mdestroyed[0m
[0m  [31m-[0m[0m resource "aws_iam_role_policy" "scheduler" {
      [31m-[0m[0m id          = "devops-g3-scheduler:enqueue-daily-close" [90m-> null[0m[0m
      [31m-[0m[0m name        = "enqueue-daily-close" [90m-> null[0m[0m
      [31m-[0m[0m policy      = jsonencode(
            {
              [31m-[0m[0m Statement = [
                  [31m-[0m[0m {
                      [31m-[0m[0m Action   = "sqs:SendMessage"
                      [31m-[0m[0m Effect   = "Allow"
                      [31m-[0m[0m Resource = "arn:aws:sqs:us-west-1:240462142849:devops-g3-payout"
                    },
                  [31m-[0m[0m {
                      [31m-[0m[0m Action   = [
                          [31m-[0m[0m "kms:GenerateDataKey",
                          [31m-[0m[0m "kms:Decrypt",
                        ]
                      [31m-[0m[0m Effect   = "Allow"
                      [31m-[0m[0m Resource = "arn:aws:kms:us-west-1:240462142849:key/90e2806f-72c0-4b51-ae60-8cc9436bdfe0"
                    },
                ]
              [31m-[0m[0m Version   = "2012-10-17"
            }
        ) [90m-> null[0m[0m
      [31m-[0m[0m role        = "devops-g3-scheduler" [90m-> null[0m[0m
        [90m# (1 unchanged attribute hidden)[0m[0m
    }

[1m  # module.messaging.aws_scheduler_schedule.daily_close[0m will be [1m[31mdestroyed[0m
[0m  [31m-[0m[0m resource "aws_scheduler_schedule" "daily_close" {
      [31m-[0m[0m action_after_completion      = "NONE" [90m-> null[0m[0m
      [31m-[0m[0m arn                          = "arn:aws:scheduler:us-west-1:240462142849:schedule/default/devops-g3-daily-close" [90m-> null[0m[0m
      [31m-[0m[0m description                  = "Triggers the commission daily close. SLO: terminal by 06:30 EAT." [90m-> null[0m[0m
      [31m-[0m[0m group_name                   = "default" [90m-> null[0m[0m
      [31m-[0m[0m id                           = "default/devops-g3-daily-close" [90m-> null[0m[0m
      [31m-[0m[0m name                         = "devops-g3-daily-close" [90m-> null[0m[0m
      [31m-[0m[0m region                       = "us-west-1" [90m-> null[0m[0m
      [31m-[0m[0m schedule_expression          = "cron(0 5 * * ? *)" [90m-> null[0m[0m
      [31m-[0m[0m schedule_expression_timezone = "Africa/Nairobi" [90m-> null[0m[0m
      [31m-[0m[0m state                        = "ENABLED" [90m-> null[0m[0m
        [90m# (4 unchanged attributes hidden)[0m[0m

      [31m-[0m[0m flexible_time_window {
          [31m-[0m[0m maximum_window_in_minutes = 0 [90m-> null[0m[0m
          [31m-[0m[0m mode                      = "OFF" [90m-> null[0m[0m
        }

      [31m-[0m[0m target {
          [31m-[0m[0m arn      = "arn:aws:sqs:us-west-1:240462142849:devops-g3-payout" [90m-> null[0m[0m
          [31m-[0m[0m input    = jsonencode(
                {
                  [31m-[0m[0m event = "commission.daily_close.requested"
                }
            ) [90m-> null[0m[0m
          [31m-[0m[0m role_arn = "arn:aws:iam::240462142849:role/devops-g3-scheduler" [90m-> null[0m[0m

          [31m-[0m[0m retry_policy {
              [31m-[0m[0m maximum_event_age_in_seconds = 86400 [90m-> null[0m[0m
              [31m-[0m[0m maximum_retry_attempts       = 185 [90m-> null[0m[0m
            }
        }
    }

[1m  # module.messaging.aws_sqs_queue.dlq["payout"][0m will be [1m[31mdestroyed[0m
[0m  [31m-[0m[0m resource "aws_sqs_queue" "dlq" {
      [31m-[0m[0m arn                               = "arn:aws:sqs:us-west-1:240462142849:devops-g3-payout-dlq" [90m-> null[0m[0m
      [31m-[0m[0m content_based_deduplication       = false [90m-> null[0m[0m
      [31m-[0m[0m delay_seconds                     = 0 [90m-> null[0m[0m
      [31m-[0m[0m fifo_queue                        = false [90m-> null[0m[0m
      [31m-[0m[0m id                                = "https://sqs.us-west-1.amazonaws.com/240462142849/devops-g3-payout-dlq" [90m-> null[0m[0m
      [31m-[0m[0m kms_data_key_reuse_period_seconds = 300 [90m-> null[0m[0m
      [31m-[0m[0m kms_master_key_id                 = "arn:aws:kms:us-west-1:240462142849:key/90e2806f-72c0-4b51-ae60-8cc9436bdfe0" [90m-> null[0m[0m
      [31m-[0m[0m max_message_size                  = 262144 [90m-> null[0m[0m
      [31m-[0m[0m message_retention_seconds         = 1209600 [90m-> null[0m[0m
      [31m-[0m[0m name                              = "devops-g3-payout-dlq" [90m-> null[0m[0m
      [31m-[0m[0m receive_wait_time_seconds         = 0 [90m-> null[0m[0m
      [31m-[0m[0m redrive_allow_policy              = jsonencode(
            {
              [31m-[0m[0m redrivePermission = "byQueue"
              [31m-[0m[0m sourceQueueArns   = [
                  [31m-[0m[0m "arn:aws:sqs:us-west-1:240462142849:devops-g3-payout",
                ]
            }
        ) [90m-> null[0m[0m
      [31m-[0m[0m region                            = "us-west-1" [90m-> null[0m[0m
      [31m-[0m[0m sqs_managed_sse_enabled           = false [90m-> null[0m[0m
      [31m-[0m[0m tags                              = {
          [31m-[0m[0m "Name" = "devops-g3-payout-dlq"
        } [90m-> null[0m[0m
      [31m-[0m[0m tags_all                          = {
          [31m-[0m[0m "Name"        = "devops-g3-payout-dlq"
          [31m-[0m[0m "capstone"    = "tillflow"
          [31m-[0m[0m "environment" = "dev"
          [31m-[0m[0m "group"       = "devops-g3"
          [31m-[0m[0m "managed-by"  = "terraform"
          [31m-[0m[0m "owner"       = "lwam"
          [31m-[0m[0m "service"     = "platform"
        } [90m-> null[0m[0m
      [31m-[0m[0m url                               = "https://sqs.us-west-1.amazonaws.com/240462142849/devops-g3-payout-dlq" [90m-> null[0m[0m
      [31m-[0m[0m visibility_timeout_seconds        = 30 [90m-> null[0m[0m
        [90m# (5 unchanged attributes hidden)[0m[0m
    }

[1m  # module.messaging.aws_sqs_queue.dlq["reconciliation"][0m will be [1m[31mdestroyed[0m
[0m  [31m-[0m[0m resource "aws_sqs_queue" "dlq" {
      [31m-[0m[0m arn                               = "arn:aws:sqs:us-west-1:240462142849:devops-g3-reconciliation-dlq" [90m-> null[0m[0m
      [31m-[0m[0m content_based_deduplication       = false [90m-> null[0m[0m
      [31m-[0m[0m delay_seconds                     = 0 [90m-> null[0m[0m
      [31m-[0m[0m fifo_queue                        = false [90m-> null[0m[0m
      [31m-[0m[0m id                                = "https://sqs.us-west-1.amazonaws.com/240462142849/devops-g3-reconciliation-dlq" [90m-> null[0m[0m
      [31m-[0m[0m kms_data_key_reuse_period_seconds = 300 [90m-> null[0m[0m
      [31m-[0m[0m kms_master_key_id                 = "arn:aws:kms:us-west-1:240462142849:key/90e2806f-72c0-4b51-ae60-8cc9436bdfe0" [90m-> null[0m[0m
      [31m-[0m[0m max_message_size                  = 262144 [90m-> null[0m[0m
      [31m-[0m[0m message_retention_seconds         = 1209600 [90m-> null[0m[0m
      [31m-[0m[0m name                              = "devops-g3-reconciliation-dlq" [90m-> null[0m[0m
      [31m-[0m[0m receive_wait_time_seconds         = 0 [90m-> null[0m[0m
      [31m-[0m[0m redrive_allow_policy              = jsonencode(
            {
              [31m-[0m[0m redrivePermission = "byQueue"
              [31m-[0m[0m sourceQueueArns   = [
                  [31m-[0m[0m "arn:aws:sqs:us-west-1:240462142849:devops-g3-reconciliation",
                ]
            }
        ) [90m-> null[0m[0m
      [31m-[0m[0m region                            = "us-west-1" [90m-> null[0m[0m
      [31m-[0m[0m sqs_managed_sse_enabled           = false [90m-> null[0m[0m
      [31m-[0m[0m tags                              = {
          [31m-[0m[0m "Name" = "devops-g3-reconciliation-dlq"
        } [90m-> null[0m[0m
      [31m-[0m[0m tags_all                          = {
          [31m-[0m[0m "Name"        = "devops-g3-reconciliation-dlq"
          [31m-[0m[0m "capstone"    = "tillflow"
          [31m-[0m[0m "environment" = "dev"
          [31m-[0m[0m "group"       = "devops-g3"
          [31m-[0m[0m "managed-by"  = "terraform"
          [31m-[0m[0m "owner"       = "lwam"
          [31m-[0m[0m "service"     = "platform"
        } [90m-> null[0m[0m
      [31m-[0m[0m url                               = "https://sqs.us-west-1.amazonaws.com/240462142849/devops-g3-reconciliation-dlq" [90m-> null[0m[0m
      [31m-[0m[0m visibility_timeout_seconds        = 30 [90m-> null[0m[0m
        [90m# (5 unchanged attributes hidden)[0m[0m
    }

[1m  # module.messaging.aws_sqs_queue.main["payout"][0m will be [1m[31mdestroyed[0m
[0m  [31m-[0m[0m resource "aws_sqs_queue" "main" {
      [31m-[0m[0m arn                               = "arn:aws:sqs:us-west-1:240462142849:devops-g3-payout" [90m-> null[0m[0m
      [31m-[0m[0m content_based_deduplication       = false [90m-> null[0m[0m
      [31m-[0m[0m delay_seconds                     = 0 [90m-> null[0m[0m
      [31m-[0m[0m fifo_queue                        = false [90m-> null[0m[0m
      [31m-[0m[0m id                                = "https://sqs.us-west-1.amazonaws.com/240462142849/devops-g3-payout" [90m-> null[0m[0m
      [31m-[0m[0m kms_data_key_reuse_period_seconds = 300 [90m-> null[0m[0m
      [31m-[0m[0m kms_master_key_id                 = "arn:aws:kms:us-west-1:240462142849:key/90e2806f-72c0-4b51-ae60-8cc9436bdfe0" [90m-> null[0m[0m
      [31m-[0m[0m max_message_size                  = 262144 [90m-> null[0m[0m
      [31m-[0m[0m message_retention_seconds         = 345600 [90m-> null[0m[0m
      [31m-[0m[0m name                              = "devops-g3-payout" [90m-> null[0m[0m
      [31m-[0m[0m receive_wait_time_seconds         = 20 [90m-> null[0m[0m
      [31m-[0m[0m redrive_policy                    = jsonencode(
            {
              [31m-[0m[0m deadLetterTargetArn = "arn:aws:sqs:us-west-1:240462142849:devops-g3-payout-dlq"
              [31m-[0m[0m maxReceiveCount     = 3
            }
        ) [90m-> null[0m[0m
      [31m-[0m[0m region                            = "us-west-1" [90m-> null[0m[0m
      [31m-[0m[0m sqs_managed_sse_enabled           = false [90m-> null[0m[0m
      [31m-[0m[0m tags                              = {
          [31m-[0m[0m "Name" = "devops-g3-payout"
        } [90m-> null[0m[0m
      [31m-[0m[0m tags_all                          = {
          [31m-[0m[0m "Name"        = "devops-g3-payout"
          [31m-[0m[0m "capstone"    = "tillflow"
          [31m-[0m[0m "environment" = "dev"
          [31m-[0m[0m "group"       = "devops-g3"
          [31m-[0m[0m "managed-by"  = "terraform"
          [31m-[0m[0m "owner"       = "lwam"
          [31m-[0m[0m "service"     = "platform"
        } [90m-> null[0m[0m
      [31m-[0m[0m url                               = "https://sqs.us-west-1.amazonaws.com/240462142849/devops-g3-payout" [90m-> null[0m[0m
      [31m-[0m[0m visibility_timeout_seconds        = 300 [90m-> null[0m[0m
        [90m# (5 unchanged attributes hidden)[0m[0m
    }

[1m  # module.messaging.aws_sqs_queue.main["reconciliation"][0m will be [1m[31mdestroyed[0m
[0m  [31m-[0m[0m resource "aws_sqs_queue" "main" {
      [31m-[0m[0m arn                               = "arn:aws:sqs:us-west-1:240462142849:devops-g3-reconciliation" [90m-> null[0m[0m
      [31m-[0m[0m content_based_deduplication       = false [90m-> null[0m[0m
      [31m-[0m[0m delay_seconds                     = 0 [90m-> null[0m[0m
      [31m-[0m[0m fifo_queue                        = false [90m-> null[0m[0m
      [31m-[0m[0m id                                = "https://sqs.us-west-1.amazonaws.com/240462142849/devops-g3-reconciliation" [90m-> null[0m[0m
      [31m-[0m[0m kms_data_key_reuse_period_seconds = 300 [90m-> null[0m[0m
      [31m-[0m[0m kms_master_key_id                 = "arn:aws:kms:us-west-1:240462142849:key/90e2806f-72c0-4b51-ae60-8cc9436bdfe0" [90m-> null[0m[0m
      [31m-[0m[0m max_message_size                  = 262144 [90m-> null[0m[0m
      [31m-[0m[0m message_retention_seconds         = 345600 [90m-> null[0m[0m
      [31m-[0m[0m name                              = "devops-g3-reconciliation" [90m-> null[0m[0m
      [31m-[0m[0m receive_wait_time_seconds         = 20 [90m-> null[0m[0m
      [31m-[0m[0m redrive_policy                    = jsonencode(
            {
              [31m-[0m[0m deadLetterTargetArn = "arn:aws:sqs:us-west-1:240462142849:devops-g3-reconciliation-dlq"
              [31m-[0m[0m maxReceiveCount     = 5
            }
        ) [90m-> null[0m[0m
      [31m-[0m[0m region                            = "us-west-1" [90m-> null[0m[0m
      [31m-[0m[0m sqs_managed_sse_enabled           = false [90m-> null[0m[0m
      [31m-[0m[0m tags                              = {
          [31m-[0m[0m "Name" = "devops-g3-reconciliation"
        } [90m-> null[0m[0m
      [31m-[0m[0m tags_all                          = {
          [31m-[0m[0m "Name"        = "devops-g3-reconciliation"
          [31m-[0m[0m "capstone"    = "tillflow"
          [31m-[0m[0m "environment" = "dev"
          [31m-[0m[0m "group"       = "devops-g3"
          [31m-[0m[0m "managed-by"  = "terraform"
          [31m-[0m[0m "owner"       = "lwam"
          [31m-[0m[0m "service"     = "platform"
        } [90m-> null[0m[0m
      [31m-[0m[0m url                               = "https://sqs.us-west-1.amazonaws.com/240462142849/devops-g3-reconciliation" [90m-> null[0m[0m
      [31m-[0m[0m visibility_timeout_seconds        = 300 [90m-> null[0m[0m
        [90m# (5 unchanged attributes hidden)[0m[0m
    }

[1m  # module.messaging.aws_sqs_queue_redrive_allow_policy.dlq["payout"][0m will be [1m[31mdestroyed[0m
[0m  [31m-[0m[0m resource "aws_sqs_queue_redrive_allow_policy" "dlq" {
      [31m-[0m[0m id                   = "https://sqs.us-west-1.amazonaws.com/240462142849/devops-g3-payout-dlq" [90m-> null[0m[0m
      [31m-[0m[0m queue_url            = "https://sqs.us-west-1.amazonaws.com/240462142849/devops-g3-payout-dlq" [90m-> null[0m[0m
      [31m-[0m[0m redrive_allow_policy = jsonencode(
            {
              [31m-[0m[0m redrivePermission = "byQueue"
              [31m-[0m[0m sourceQueueArns   = [
                  [31m-[0m[0m "arn:aws:sqs:us-west-1:240462142849:devops-g3-payout",
                ]
            }
        ) [90m-> null[0m[0m
      [31m-[0m[0m region               = "us-west-1" [90m-> null[0m[0m
    }

[1m  # module.messaging.aws_sqs_queue_redrive_allow_policy.dlq["reconciliation"][0m will be [1m[31mdestroyed[0m
[0m  [31m-[0m[0m resource "aws_sqs_queue_redrive_allow_policy" "dlq" {
      [31m-[0m[0m id                   = "https://sqs.us-west-1.amazonaws.com/240462142849/devops-g3-reconciliation-dlq" [90m-> null[0m[0m
      [31m-[0m[0m queue_url            = "https://sqs.us-west-1.amazonaws.com/240462142849/devops-g3-reconciliation-dlq" [90m-> null[0m[0m
      [31m-[0m[0m redrive_allow_policy = jsonencode(
            {
              [31m-[0m[0m redrivePermission = "byQueue"
              [31m-[0m[0m sourceQueueArns   = [
                  [31m-[0m[0m "arn:aws:sqs:us-west-1:240462142849:devops-g3-reconciliation",
                ]
            }
        ) [90m-> null[0m[0m
      [31m-[0m[0m region               = "us-west-1" [90m-> null[0m[0m
    }

[1m  # module.network.aws_cloudwatch_log_group.flow_logs[0m will be [1m[31mdestroyed[0m
[0m  [31m-[0m[0m resource "aws_cloudwatch_log_group" "flow_logs" {
      [31m-[0m[0m arn                         = "arn:aws:logs:us-west-1:240462142849:log-group:/devops-g3/vpc-flow-logs" [90m-> null[0m[0m
      [31m-[0m[0m deletion_protection_enabled = false [90m-> null[0m[0m
      [31m-[0m[0m id                          = "/devops-g3/vpc-flow-logs" [90m-> null[0m[0m
      [31m-[0m[0m kms_key_id                  = "arn:aws:kms:us-west-1:240462142849:key/90e2806f-72c0-4b51-ae60-8cc9436bdfe0" [90m-> null[0m[0m
      [31m-[0m[0m log_group_class             = "STANDARD" [90m-> null[0m[0m
      [31m-[0m[0m name                        = "/devops-g3/vpc-flow-logs" [90m-> null[0m[0m
      [31m-[0m[0m region                      = "us-west-1" [90m-> null[0m[0m
      [31m-[0m[0m retention_in_days           = 30 [90m-> null[0m[0m
      [31m-[0m[0m skip_destroy                = false [90m-> null[0m[0m
      [31m-[0m[0m tags                        = {
          [31m-[0m[0m "Name" = "devops-g3-vpc-flow-logs"
        } [90m-> null[0m[0m
      [31m-[0m[0m tags_all                    = {
          [31m-[0m[0m "Name"        = "devops-g3-vpc-flow-logs"
          [31m-[0m[0m "capstone"    = "tillflow"
          [31m-[0m[0m "environment" = "dev"
          [31m-[0m[0m "group"       = "devops-g3"
          [31m-[0m[0m "managed-by"  = "terraform"
          [31m-[0m[0m "owner"       = "lwam"
          [31m-[0m[0m "service"     = "platform"
        } [90m-> null[0m[0m
        [90m# (1 unchanged attribute hidden)[0m[0m
    }

[1m  # module.network.aws_eip.nat[0][0m will be [1m[31mdestroyed[0m
[0m  [31m-[0m[0m resource "aws_eip" "nat" {
      [31m-[0m[0m allocation_id            = "eipalloc-07697e89a453723dd" [90m-> null[0m[0m
      [31m-[0m[0m arn                      = "arn:aws:ec2:us-west-1:240462142849:elastic-ip/eipalloc-07697e89a453723dd" [90m-> null[0m[0m
      [31m-[0m[0m association_id           = "eipassoc-0f8739903fc26681d" [90m-> null[0m[0m
      [31m-[0m[0m domain                   = "vpc" [90m-> null[0m[0m
      [31m-[0m[0m id                       = "eipalloc-07697e89a453723dd" [90m-> null[0m[0m
      [31m-[0m[0m network_border_group     = "us-west-1" [90m-> null[0m[0m
      [31m-[0m[0m network_interface        = "eni-00342f1573798372a" [90m-> null[0m[0m
      [31m-[0m[0m private_dns              = "ip-10-20-12-49.us-west-1.compute.internal" [90m-> null[0m[0m
      [31m-[0m[0m private_ip               = "10.20.12.49" [90m-> null[0m[0m
      [31m-[0m[0m public_dns               = "ec2-54-177-39-18.us-west-1.compute.amazonaws.com" [90m-> null[0m[0m
      [31m-[0m[0m public_ip                = "54.177.39.18" [90m-> null[0m[0m
      [31m-[0m[0m public_ipv4_pool         = "amazon" [90m-> null[0m[0m
      [31m-[0m[0m region                   = "us-west-1" [90m-> null[0m[0m
      [31m-[0m[0m tags                     = {
          [31m-[0m[0m "Name" = "devops-g3-nat-eip-0"
        } [90m-> null[0m[0m
      [31m-[0m[0m tags_all                 = {
          [31m-[0m[0m "Name"        = "devops-g3-nat-eip-0"
          [31m-[0m[0m "capstone"    = "tillflow"
          [31m-[0m[0m "environment" = "dev"
          [31m-[0m[0m "group"       = "devops-g3"
          [31m-[0m[0m "managed-by"  = "terraform"
          [31m-[0m[0m "owner"       = "lwam"
          [31m-[0m[0m "service"     = "platform"
        } [90m-> null[0m[0m
        [90m# (6 unchanged attributes hidden)[0m[0m
    }

[1m  # module.network.aws_flow_log.this[0m will be [1m[31mdestroyed[0m
[0m  [31m-[0m[0m resource "aws_flow_log" "this" {
      [31m-[0m[0m arn                        = "arn:aws:ec2:us-west-1:240462142849:vpc-flow-log/fl-05d511a552405269c" [90m-> null[0m[0m
      [31m-[0m[0m iam_role_arn               = "arn:aws:iam::240462142849:role/devops-g3-vpc-flow-logs" [90m-> null[0m[0m
      [31m-[0m[0m id                         = "fl-05d511a552405269c" [90m-> null[0m[0m
      [31m-[0m[0m log_destination            = "arn:aws:logs:us-west-1:240462142849:log-group:/devops-g3/vpc-flow-logs" [90m-> null[0m[0m
      [31m-[0m[0m log_destination_type       = "cloud-watch-logs" [90m-> null[0m[0m
      [31m-[0m[0m log_format                 = "${version} ${account-id} ${interface-id} ${srcaddr} ${dstaddr} ${srcport} ${dstport} ${protocol} ${packets} ${bytes} ${start} ${end} ${action} ${log-status}" [90m-> null[0m[0m
      [31m-[0m[0m max_aggregation_interval   = 60 [90m-> null[0m[0m
      [31m-[0m[0m region                     = "us-west-1" [90m-> null[0m[0m
      [31m-[0m[0m tags                       = {
          [31m-[0m[0m "Name" = "devops-g3-flow-logs"
        } [90m-> null[0m[0m
      [31m-[0m[0m tags_all                   = {
          [31m-[0m[0m "Name"        = "devops-g3-flow-logs"
          [31m-[0m[0m "capstone"    = "tillflow"
          [31m-[0m[0m "environment" = "dev"
          [31m-[0m[0m "group"       = "devops-g3"
          [31m-[0m[0m "managed-by"  = "terraform"
          [31m-[0m[0m "owner"       = "lwam"
          [31m-[0m[0m "service"     = "platform"
        } [90m-> null[0m[0m
      [31m-[0m[0m traffic_type               = "ALL" [90m-> null[0m[0m
      [31m-[0m[0m vpc_id                     = "vpc-00cfe1339e0c0c86b" [90m-> null[0m[0m
        [90m# (1 unchanged attribute hidden)[0m[0m
    }

[1m  # module.network.aws_iam_role.flow_logs[0m will be [1m[31mdestroyed[0m
[0m  [31m-[0m[0m resource "aws_iam_role" "flow_logs" {
      [31m-[0m[0m arn                   = "arn:aws:iam::240462142849:role/devops-g3-vpc-flow-logs" [90m-> null[0m[0m
      [31m-[0m[0m assume_role_policy    = jsonencode(
            {
              [31m-[0m[0m Statement = [
                  [31m-[0m[0m {
                      [31m-[0m[0m Action    = "sts:AssumeRole"
                      [31m-[0m[0m Effect    = "Allow"
                      [31m-[0m[0m Principal = {
                          [31m-[0m[0m Service = "vpc-flow-logs.amazonaws.com"
                        }
                    },
                ]
              [31m-[0m[0m Version   = "2012-10-17"
            }
        ) [90m-> null[0m[0m
      [31m-[0m[0m create_date           = "2026-09-11T18:02:12Z" [90m-> null[0m[0m
      [31m-[0m[0m force_detach_policies = false [90m-> null[0m[0m
      [31m-[0m[0m id                    = "devops-g3-vpc-flow-logs" [90m-> null[0m[0m
      [31m-[0m[0m managed_policy_arns   = [] [90m-> null[0m[0m
      [31m-[0m[0m max_session_duration  = 3600 [90m-> null[0m[0m
      [31m-[0m[0m name                  = "devops-g3-vpc-flow-logs" [90m-> null[0m[0m
      [31m-[0m[0m path                  = "/" [90m-> null[0m[0m
      [31m-[0m[0m tags                  = {} [90m-> null[0m[0m
      [31m-[0m[0m tags_all              = {
          [31m-[0m[0m "capstone"    = "tillflow"
          [31m-[0m[0m "environment" = "dev"
          [31m-[0m[0m "group"       = "devops-g3"
          [31m-[0m[0m "managed-by"  = "terraform"
          [31m-[0m[0m "owner"       = "lwam"
          [31m-[0m[0m "service"     = "platform"
        } [90m-> null[0m[0m
      [31m-[0m[0m unique_id             = "AROATP7FJDWA5E25WIQAP" [90m-> null[0m[0m
        [90m# (3 unchanged attributes hidden)[0m[0m

      [31m-[0m[0m inline_policy {
          [31m-[0m[0m name   = "publish" [90m-> null[0m[0m
          [31m-[0m[0m policy = jsonencode(
                {
                  [31m-[0m[0m Statement = [
                      [31m-[0m[0m {
                          [31m-[0m[0m Action   = [
                              [31m-[0m[0m "logs:PutLogEvents",
                              [31m-[0m[0m "logs:DescribeLogStreams",
                              [31m-[0m[0m "logs:DescribeLogGroups",
                              [31m-[0m[0m "logs:CreateLogStream",
                            ]
                          [31m-[0m[0m Effect   = "Allow"
                          [31m-[0m[0m Resource = "arn:aws:logs:us-west-1:240462142849:log-group:/devops-g3/vpc-flow-logs:*"
                        },
                    ]
                  [31m-[0m[0m Version   = "2012-10-17"
                }
            ) [90m-> null[0m[0m
        }
    }

[1m  # module.network.aws_iam_role_policy.flow_logs[0m will be [1m[31mdestroyed[0m
[0m  [31m-[0m[0m resource "aws_iam_role_policy" "flow_logs" {
      [31m-[0m[0m id          = "devops-g3-vpc-flow-logs:publish" [90m-> null[0m[0m
      [31m-[0m[0m name        = "publish" [90m-> null[0m[0m
      [31m-[0m[0m policy      = jsonencode(
            {
              [31m-[0m[0m Statement = [
                  [31m-[0m[0m {
                      [31m-[0m[0m Action   = [
                          [31m-[0m[0m "logs:PutLogEvents",
                          [31m-[0m[0m "logs:DescribeLogStreams",
                          [31m-[0m[0m "logs:DescribeLogGroups",
                          [31m-[0m[0m "logs:CreateLogStream",
                        ]
                      [31m-[0m[0m Effect   = "Allow"
                      [31m-[0m[0m Resource = "arn:aws:logs:us-west-1:240462142849:log-group:/devops-g3/vpc-flow-logs:*"
                    },
                ]
              [31m-[0m[0m Version   = "2012-10-17"
            }
        ) [90m-> null[0m[0m
      [31m-[0m[0m role        = "devops-g3-vpc-flow-logs" [90m-> null[0m[0m
        [90m# (1 unchanged attribute hidden)[0m[0m
    }

[1m  # module.network.aws_internet_gateway.this[0m will be [1m[31mdestroyed[0m
[0m  [31m-[0m[0m resource "aws_internet_gateway" "this" {
      [31m-[0m[0m arn      = "arn:aws:ec2:us-west-1:240462142849:internet-gateway/igw-0dba5c136fffec573" [90m-> null[0m[0m
      [31m-[0m[0m id       = "igw-0dba5c136fffec573" [90m-> null[0m[0m
      [31m-[0m[0m owner_id = "240462142849" [90m-> null[0m[0m
      [31m-[0m[0m region   = "us-west-1" [90m-> null[0m[0m
      [31m-[0m[0m tags     = {
          [31m-[0m[0m "Name" = "devops-g3-igw"
        } [90m-> null[0m[0m
      [31m-[0m[0m tags_all = {
          [31m-[0m[0m "Name"        = "devops-g3-igw"
          [31m-[0m[0m "capstone"    = "tillflow"
          [31m-[0m[0m "environment" = "dev"
          [31m-[0m[0m "group"       = "devops-g3"
          [31m-[0m[0m "managed-by"  = "terraform"
          [31m-[0m[0m "owner"       = "lwam"
          [31m-[0m[0m "service"     = "platform"
        } [90m-> null[0m[0m
      [31m-[0m[0m vpc_id   = "vpc-00cfe1339e0c0c86b" [90m-> null[0m[0m
    }

[1m  # module.network.aws_nat_gateway.this[0][0m will be [1m[31mdestroyed[0m
[0m  [31m-[0m[0m resource "aws_nat_gateway" "this" {
      [31m-[0m[0m allocation_id                      = "eipalloc-07697e89a453723dd" [90m-> null[0m[0m
      [31m-[0m[0m association_id                     = "eipassoc-0f8739903fc26681d" [90m-> null[0m[0m
      [31m-[0m[0m availability_mode                  = "zonal" [90m-> null[0m[0m
      [31m-[0m[0m connectivity_type                  = "public" [90m-> null[0m[0m
      [31m-[0m[0m id                                 = "nat-08182978c9275ca47" [90m-> null[0m[0m
      [31m-[0m[0m network_interface_id               = "eni-00342f1573798372a" [90m-> null[0m[0m
      [31m-[0m[0m private_ip                         = "10.20.12.49" [90m-> null[0m[0m
      [31m-[0m[0m public_ip                          = "54.177.39.18" [90m-> null[0m[0m
      [31m-[0m[0m region                             = "us-west-1" [90m-> null[0m[0m
      [31m-[0m[0m regional_nat_gateway_address       = [] [90m-> null[0m[0m
      [31m-[0m[0m secondary_allocation_ids           = [] [90m-> null[0m[0m
      [31m-[0m[0m secondary_private_ip_address_count = 0 [90m-> null[0m[0m
      [31m-[0m[0m secondary_private_ip_addresses     = [] [90m-> null[0m[0m
      [31m-[0m[0m subnet_id                          = "subnet-05555a87ba61db0e7" [90m-> null[0m[0m
      [31m-[0m[0m tags                               = {
          [31m-[0m[0m "Name" = "devops-g3-nat-0"
        } [90m-> null[0m[0m
      [31m-[0m[0m tags_all                           = {
          [31m-[0m[0m "Name"        = "devops-g3-nat-0"
          [31m-[0m[0m "capstone"    = "tillflow"
          [31m-[0m[0m "environment" = "dev"
          [31m-[0m[0m "group"       = "devops-g3"
          [31m-[0m[0m "managed-by"  = "terraform"
          [31m-[0m[0m "owner"       = "lwam"
          [31m-[0m[0m "service"     = "platform"
        } [90m-> null[0m[0m
      [31m-[0m[0m vpc_id                             = "vpc-00cfe1339e0c0c86b" [90m-> null[0m[0m
    }

[1m  # module.network.aws_route.private_app_nat["us-west-1a"][0m will be [1m[31mdestroyed[0m
[0m  [31m-[0m[0m resource "aws_route" "private_app_nat" {
      [31m-[0m[0m destination_cidr_block      = "0.0.0.0/0" [90m-> null[0m[0m
      [31m-[0m[0m id                          = "r-rtb-0eeb3098cb76250761080289494" [90m-> null[0m[0m
      [31m-[0m[0m nat_gateway_id              = "nat-08182978c9275ca47" [90m-> null[0m[0m
      [31m-[0m[0m origin                      = "CreateRoute" [90m-> null[0m[0m
      [31m-[0m[0m region                      = "us-west-1" [90m-> null[0m[0m
      [31m-[0m[0m route_table_id              = "rtb-0eeb3098cb7625076" [90m-> null[0m[0m
      [31m-[0m[0m state                       = "active" [90m-> null[0m[0m
        [90m# (14 unchanged attributes hidden)[0m[0m
    }

[1m  # module.network.aws_route.private_app_nat["us-west-1c"][0m will be [1m[31mdestroyed[0m
[0m  [31m-[0m[0m resource "aws_route" "private_app_nat" {
      [31m-[0m[0m destination_cidr_block      = "0.0.0.0/0" [90m-> null[0m[0m
      [31m-[0m[0m id                          = "r-rtb-0f92fdecec3e8260e1080289494" [90m-> null[0m[0m
      [31m-[0m[0m nat_gateway_id              = "nat-08182978c9275ca47" [90m-> null[0m[0m
      [31m-[0m[0m origin                      = "CreateRoute" [90m-> null[0m[0m
      [31m-[0m[0m region                      = "us-west-1" [90m-> null[0m[0m
      [31m-[0m[0m route_table_id              = "rtb-0f92fdecec3e8260e" [90m-> null[0m[0m
      [31m-[0m[0m state                       = "active" [90m-> null[0m[0m
        [90m# (14 unchanged attributes hidden)[0m[0m
    }

[1m  # module.network.aws_route.public_internet[0m will be [1m[31mdestroyed[0m
[0m  [31m-[0m[0m resource "aws_route" "public_internet" {
      [31m-[0m[0m destination_cidr_block      = "0.0.0.0/0" [90m-> null[0m[0m
      [31m-[0m[0m gateway_id                  = "igw-0dba5c136fffec573" [90m-> null[0m[0m
      [31m-[0m[0m id                          = "r-rtb-038f517bebd99601b1080289494" [90m-> null[0m[0m
      [31m-[0m[0m origin                      = "CreateRoute" [90m-> null[0m[0m
      [31m-[0m[0m region                      = "us-west-1" [90m-> null[0m[0m
      [31m-[0m[0m route_table_id              = "rtb-038f517bebd99601b" [90m-> null[0m[0m
      [31m-[0m[0m state                       = "active" [90m-> null[0m[0m
        [90m# (14 unchanged attributes hidden)[0m[0m
    }

[1m  # module.network.aws_route_table.private_app["us-west-1a"][0m will be [1m[31mdestroyed[0m
[0m  [31m-[0m[0m resource "aws_route_table" "private_app" {
      [31m-[0m[0m arn              = "arn:aws:ec2:us-west-1:240462142849:route-table/rtb-0eeb3098cb7625076" [90m-> null[0m[0m
      [31m-[0m[0m id               = "rtb-0eeb3098cb7625076" [90m-> null[0m[0m
      [31m-[0m[0m owner_id         = "240462142849" [90m-> null[0m[0m
      [31m-[0m[0m propagating_vgws = [] [90m-> null[0m[0m
      [31m-[0m[0m region           = "us-west-1" [90m-> null[0m[0m
      [31m-[0m[0m route            = [
          [31m-[0m[0m {
              [31m-[0m[0m cidr_block                 = "0.0.0.0/0"
              [31m-[0m[0m nat_gateway_id             = "nat-08182978c9275ca47"
                [90m# (12 unchanged attributes hidden)[0m[0m
            },
        ] [90m-> null[0m[0m
      [31m-[0m[0m tags             = {
          [31m-[0m[0m "Name" = "devops-g3-rt-private-app-us-west-1a"
        } [90m-> null[0m[0m
      [31m-[0m[0m tags_all         = {
          [31m-[0m[0m "Name"        = "devops-g3-rt-private-app-us-west-1a"
          [31m-[0m[0m "capstone"    = "tillflow"
          [31m-[0m[0m "environment" = "dev"
          [31m-[0m[0m "group"       = "devops-g3"
          [31m-[0m[0m "managed-by"  = "terraform"
          [31m-[0m[0m "owner"       = "lwam"
          [31m-[0m[0m "service"     = "platform"
        } [90m-> null[0m[0m
      [31m-[0m[0m vpc_id           = "vpc-00cfe1339e0c0c86b" [90m-> null[0m[0m
    }

[1m  # module.network.aws_route_table.private_app["us-west-1c"][0m will be [1m[31mdestroyed[0m
[0m  [31m-[0m[0m resource "aws_route_table" "private_app" {
      [31m-[0m[0m arn              = "arn:aws:ec2:us-west-1:240462142849:route-table/rtb-0f92fdecec3e8260e" [90m-> null[0m[0m
      [31m-[0m[0m id               = "rtb-0f92fdecec3e8260e" [90m-> null[0m[0m
      [31m-[0m[0m owner_id         = "240462142849" [90m-> null[0m[0m
      [31m-[0m[0m propagating_vgws = [] [90m-> null[0m[0m
      [31m-[0m[0m region           = "us-west-1" [90m-> null[0m[0m
      [31m-[0m[0m route            = [
          [31m-[0m[0m {
              [31m-[0m[0m cidr_block                 = "0.0.0.0/0"
              [31m-[0m[0m nat_gateway_id             = "nat-08182978c9275ca47"
                [90m# (12 unchanged attributes hidden)[0m[0m
            },
        ] [90m-> null[0m[0m
      [31m-[0m[0m tags             = {
          [31m-[0m[0m "Name" = "devops-g3-rt-private-app-us-west-1c"
        } [90m-> null[0m[0m
      [31m-[0m[0m tags_all         = {
          [31m-[0m[0m "Name"        = "devops-g3-rt-private-app-us-west-1c"
          [31m-[0m[0m "capstone"    = "tillflow"
          [31m-[0m[0m "environment" = "dev"
          [31m-[0m[0m "group"       = "devops-g3"
          [31m-[0m[0m "managed-by"  = "terraform"
          [31m-[0m[0m "owner"       = "lwam"
          [31m-[0m[0m "service"     = "platform"
        } [90m-> null[0m[0m
      [31m-[0m[0m vpc_id           = "vpc-00cfe1339e0c0c86b" [90m-> null[0m[0m
    }

[1m  # module.network.aws_route_table.private_data[0m will be [1m[31mdestroyed[0m
[0m  [31m-[0m[0m resource "aws_route_table" "private_data" {
      [31m-[0m[0m arn              = "arn:aws:ec2:us-west-1:240462142849:route-table/rtb-012b7624dc9da2b3f" [90m-> null[0m[0m
      [31m-[0m[0m id               = "rtb-012b7624dc9da2b3f" [90m-> null[0m[0m
      [31m-[0m[0m owner_id         = "240462142849" [90m-> null[0m[0m
      [31m-[0m[0m propagating_vgws = [] [90m-> null[0m[0m
      [31m-[0m[0m region           = "us-west-1" [90m-> null[0m[0m
      [31m-[0m[0m route            = [] [90m-> null[0m[0m
      [31m-[0m[0m tags             = {
          [31m-[0m[0m "Name" = "devops-g3-rt-private-data"
        } [90m-> null[0m[0m
      [31m-[0m[0m tags_all         = {
          [31m-[0m[0m "Name"        = "devops-g3-rt-private-data"
          [31m-[0m[0m "capstone"    = "tillflow"
          [31m-[0m[0m "environment" = "dev"
          [31m-[0m[0m "group"       = "devops-g3"
          [31m-[0m[0m "managed-by"  = "terraform"
          [31m-[0m[0m "owner"       = "lwam"
          [31m-[0m[0m "service"     = "platform"
        } [90m-> null[0m[0m
      [31m-[0m[0m vpc_id           = "vpc-00cfe1339e0c0c86b" [90m-> null[0m[0m
    }

[1m  # module.network.aws_route_table.public[0m will be [1m[31mdestroyed[0m
[0m  [31m-[0m[0m resource "aws_route_table" "public" {
      [31m-[0m[0m arn              = "arn:aws:ec2:us-west-1:240462142849:route-table/rtb-038f517bebd99601b" [90m-> null[0m[0m
      [31m-[0m[0m id               = "rtb-038f517bebd99601b" [90m-> null[0m[0m
      [31m-[0m[0m owner_id         = "240462142849" [90m-> null[0m[0m
      [31m-[0m[0m propagating_vgws = [] [90m-> null[0m[0m
      [31m-[0m[0m region           = "us-west-1" [90m-> null[0m[0m
      [31m-[0m[0m route            = [
          [31m-[0m[0m {
              [31m-[0m[0m cidr_block                 = "0.0.0.0/0"
              [31m-[0m[0m gateway_id                 = "igw-0dba5c136fffec573"
                [90m# (12 unchanged attributes hidden)[0m[0m
            },
        ] [90m-> null[0m[0m
      [31m-[0m[0m tags             = {
          [31m-[0m[0m "Name" = "devops-g3-rt-public"
        } [90m-> null[0m[0m
      [31m-[0m[0m tags_all         = {
          [31m-[0m[0m "Name"        = "devops-g3-rt-public"
          [31m-[0m[0m "capstone"    = "tillflow"
          [31m-[0m[0m "environment" = "dev"
          [31m-[0m[0m "group"       = "devops-g3"
          [31m-[0m[0m "managed-by"  = "terraform"
          [31m-[0m[0m "owner"       = "lwam"
          [31m-[0m[0m "service"     = "platform"
        } [90m-> null[0m[0m
      [31m-[0m[0m vpc_id           = "vpc-00cfe1339e0c0c86b" [90m-> null[0m[0m
    }

[1m  # module.network.aws_route_table_association.private_app["us-west-1a"][0m will be [1m[31mdestroyed[0m
[0m  [31m-[0m[0m resource "aws_route_table_association" "private_app" {
      [31m-[0m[0m id             = "rtbassoc-05068da4014e2701c" [90m-> null[0m[0m
      [31m-[0m[0m region         = "us-west-1" [90m-> null[0m[0m
      [31m-[0m[0m route_table_id = "rtb-0eeb3098cb7625076" [90m-> null[0m[0m
      [31m-[0m[0m subnet_id      = "subnet-07343877e9a03db98" [90m-> null[0m[0m
        [90m# (1 unchanged attribute hidden)[0m[0m
    }

[1m  # module.network.aws_route_table_association.private_app["us-west-1c"][0m will be [1m[31mdestroyed[0m
[0m  [31m-[0m[0m resource "aws_route_table_association" "private_app" {
      [31m-[0m[0m id             = "rtbassoc-0d3d910fab0c96916" [90m-> null[0m[0m
      [31m-[0m[0m region         = "us-west-1" [90m-> null[0m[0m
      [31m-[0m[0m route_table_id = "rtb-0f92fdecec3e8260e" [90m-> null[0m[0m
      [31m-[0m[0m subnet_id      = "subnet-01cdc84de3b32c135" [90m-> null[0m[0m
        [90m# (1 unchanged attribute hidden)[0m[0m
    }

[1m  # module.network.aws_route_table_association.private_data["us-west-1a"][0m will be [1m[31mdestroyed[0m
[0m  [31m-[0m[0m resource "aws_route_table_association" "private_data" {
      [31m-[0m[0m id             = "rtbassoc-060ecbb37e78568a2" [90m-> null[0m[0m
      [31m-[0m[0m region         = "us-west-1" [90m-> null[0m[0m
      [31m-[0m[0m route_table_id = "rtb-012b7624dc9da2b3f" [90m-> null[0m[0m
      [31m-[0m[0m subnet_id      = "subnet-0f56c09ff417af280" [90m-> null[0m[0m
        [90m# (1 unchanged attribute hidden)[0m[0m
    }

[1m  # module.network.aws_route_table_association.private_data["us-west-1c"][0m will be [1m[31mdestroyed[0m
[0m  [31m-[0m[0m resource "aws_route_table_association" "private_data" {
      [31m-[0m[0m id             = "rtbassoc-0aaa5c08982094210" [90m-> null[0m[0m
      [31m-[0m[0m region         = "us-west-1" [90m-> null[0m[0m
      [31m-[0m[0m route_table_id = "rtb-012b7624dc9da2b3f" [90m-> null[0m[0m
      [31m-[0m[0m subnet_id      = "subnet-003d95ccc6e642205" [90m-> null[0m[0m
        [90m# (1 unchanged attribute hidden)[0m[0m
    }

[1m  # module.network.aws_route_table_association.public["us-west-1a"][0m will be [1m[31mdestroyed[0m
[0m  [31m-[0m[0m resource "aws_route_table_association" "public" {
      [31m-[0m[0m id             = "rtbassoc-00ffc5eb7199c8f0c" [90m-> null[0m[0m
      [31m-[0m[0m region         = "us-west-1" [90m-> null[0m[0m
      [31m-[0m[0m route_table_id = "rtb-038f517bebd99601b" [90m-> null[0m[0m
      [31m-[0m[0m subnet_id      = "subnet-05555a87ba61db0e7" [90m-> null[0m[0m
        [90m# (1 unchanged attribute hidden)[0m[0m
    }

[1m  # module.network.aws_route_table_association.public["us-west-1c"][0m will be [1m[31mdestroyed[0m
[0m  [31m-[0m[0m resource "aws_route_table_association" "public" {
      [31m-[0m[0m id             = "rtbassoc-0788e4ea61acb8c3c" [90m-> null[0m[0m
      [31m-[0m[0m region         = "us-west-1" [90m-> null[0m[0m
      [31m-[0m[0m route_table_id = "rtb-038f517bebd99601b" [90m-> null[0m[0m
      [31m-[0m[0m subnet_id      = "subnet-067aa00162ebedda1" [90m-> null[0m[0m
        [90m# (1 unchanged attribute hidden)[0m[0m
    }

[1m  # module.network.aws_security_group.vpc_endpoints[0m will be [1m[31mdestroyed[0m
[0m  [31m-[0m[0m resource "aws_security_group" "vpc_endpoints" {
      [31m-[0m[0m arn                    = "arn:aws:ec2:us-west-1:240462142849:security-group/sg-0e001a493c4d7dc4f" [90m-> null[0m[0m
      [31m-[0m[0m description            = "Interface VPC endpoints - HTTPS from inside the VPC only" [90m-> null[0m[0m
      [31m-[0m[0m egress                 = [] [90m-> null[0m[0m
      [31m-[0m[0m id                     = "sg-0e001a493c4d7dc4f" [90m-> null[0m[0m
      [31m-[0m[0m ingress                = [
          [31m-[0m[0m {
              [31m-[0m[0m cidr_blocks      = [
                  [31m-[0m[0m "10.20.0.0/16",
                ]
              [31m-[0m[0m description      = "HTTPS from within the VPC"
              [31m-[0m[0m from_port        = 443
              [31m-[0m[0m ipv6_cidr_blocks = []
              [31m-[0m[0m prefix_list_ids  = []
              [31m-[0m[0m protocol         = "tcp"
              [31m-[0m[0m security_groups  = []
              [31m-[0m[0m self             = false
              [31m-[0m[0m to_port          = 443
            },
        ] [90m-> null[0m[0m
      [31m-[0m[0m name                   = "devops-g3-vpce" [90m-> null[0m[0m
      [31m-[0m[0m owner_id               = "240462142849" [90m-> null[0m[0m
      [31m-[0m[0m region                 = "us-west-1" [90m-> null[0m[0m
      [31m-[0m[0m revoke_rules_on_delete = false [90m-> null[0m[0m
      [31m-[0m[0m tags                   = {
          [31m-[0m[0m "Name" = "devops-g3-vpce"
        } [90m-> null[0m[0m
      [31m-[0m[0m tags_all               = {
          [31m-[0m[0m "Name"        = "devops-g3-vpce"
          [31m-[0m[0m "capstone"    = "tillflow"
          [31m-[0m[0m "environment" = "dev"
          [31m-[0m[0m "group"       = "devops-g3"
          [31m-[0m[0m "managed-by"  = "terraform"
          [31m-[0m[0m "owner"       = "lwam"
          [31m-[0m[0m "service"     = "platform"
        } [90m-> null[0m[0m
      [31m-[0m[0m vpc_id                 = "vpc-00cfe1339e0c0c86b" [90m-> null[0m[0m
        [90m# (1 unchanged attribute hidden)[0m[0m
    }

[1m  # module.network.aws_subnet.private_app["us-west-1a"][0m will be [1m[31mdestroyed[0m
[0m  [31m-[0m[0m resource "aws_subnet" "private_app" {
      [31m-[0m[0m arn                                            = "arn:aws:ec2:us-west-1:240462142849:subnet/subnet-07343877e9a03db98" [90m-> null[0m[0m
      [31m-[0m[0m assign_ipv6_address_on_creation                = false [90m-> null[0m[0m
      [31m-[0m[0m availability_zone                              = "us-west-1a" [90m-> null[0m[0m
      [31m-[0m[0m availability_zone_id                           = "usw1-az1" [90m-> null[0m[0m
      [31m-[0m[0m cidr_block                                     = "10.20.64.0/20" [90m-> null[0m[0m
      [31m-[0m[0m enable_dns64                                   = false [90m-> null[0m[0m
      [31m-[0m[0m enable_lni_at_device_index                     = 0 [90m-> null[0m[0m
      [31m-[0m[0m enable_resource_name_dns_a_record_on_launch    = false [90m-> null[0m[0m
      [31m-[0m[0m enable_resource_name_dns_aaaa_record_on_launch = false [90m-> null[0m[0m
      [31m-[0m[0m id                                             = "subnet-07343877e9a03db98" [90m-> null[0m[0m
      [31m-[0m[0m ipv6_native                                    = false [90m-> null[0m[0m
      [31m-[0m[0m map_customer_owned_ip_on_launch                = false [90m-> null[0m[0m
      [31m-[0m[0m map_public_ip_on_launch                        = false [90m-> null[0m[0m
      [31m-[0m[0m owner_id                                       = "240462142849" [90m-> null[0m[0m
      [31m-[0m[0m private_dns_hostname_type_on_launch            = "ip-name" [90m-> null[0m[0m
      [31m-[0m[0m region                                         = "us-west-1" [90m-> null[0m[0m
      [31m-[0m[0m tags                                           = {
          [31m-[0m[0m "Name" = "devops-g3-private-app-us-west-1a"
          [31m-[0m[0m "tier" = "private-app"
        } [90m-> null[0m[0m
      [31m-[0m[0m tags_all                                       = {
          [31m-[0m[0m "Name"        = "devops-g3-private-app-us-west-1a"
          [31m-[0m[0m "capstone"    = "tillflow"
          [31m-[0m[0m "environment" = "dev"
          [31m-[0m[0m "group"       = "devops-g3"
          [31m-[0m[0m "managed-by"  = "terraform"
          [31m-[0m[0m "owner"       = "lwam"
          [31m-[0m[0m "service"     = "platform"
          [31m-[0m[0m "tier"        = "private-app"
        } [90m-> null[0m[0m
      [31m-[0m[0m vpc_id                                         = "vpc-00cfe1339e0c0c86b" [90m-> null[0m[0m
        [90m# (4 unchanged attributes hidden)[0m[0m
    }

[1m  # module.network.aws_subnet.private_app["us-west-1c"][0m will be [1m[31mdestroyed[0m
[0m  [31m-[0m[0m resource "aws_subnet" "private_app" {
      [31m-[0m[0m arn                                            = "arn:aws:ec2:us-west-1:240462142849:subnet/subnet-01cdc84de3b32c135" [90m-> null[0m[0m
      [31m-[0m[0m assign_ipv6_address_on_creation                = false [90m-> null[0m[0m
      [31m-[0m[0m availability_zone                              = "us-west-1c" [90m-> null[0m[0m
      [31m-[0m[0m availability_zone_id                           = "usw1-az3" [90m-> null[0m[0m
      [31m-[0m[0m cidr_block                                     = "10.20.80.0/20" [90m-> null[0m[0m
      [31m-[0m[0m enable_dns64                                   = false [90m-> null[0m[0m
      [31m-[0m[0m enable_lni_at_device_index                     = 0 [90m-> null[0m[0m
      [31m-[0m[0m enable_resource_name_dns_a_record_on_launch    = false [90m-> null[0m[0m
      [31m-[0m[0m enable_resource_name_dns_aaaa_record_on_launch = false [90m-> null[0m[0m
      [31m-[0m[0m id                                             = "subnet-01cdc84de3b32c135" [90m-> null[0m[0m
      [31m-[0m[0m ipv6_native                                    = false [90m-> null[0m[0m
      [31m-[0m[0m map_customer_owned_ip_on_launch                = false [90m-> null[0m[0m
      [31m-[0m[0m map_public_ip_on_launch                        = false [90m-> null[0m[0m
      [31m-[0m[0m owner_id                                       = "240462142849" [90m-> null[0m[0m
      [31m-[0m[0m private_dns_hostname_type_on_launch            = "ip-name" [90m-> null[0m[0m
      [31m-[0m[0m region                                         = "us-west-1" [90m-> null[0m[0m
      [31m-[0m[0m tags                                           = {
          [31m-[0m[0m "Name" = "devops-g3-private-app-us-west-1c"
          [31m-[0m[0m "tier" = "private-app"
        } [90m-> null[0m[0m
      [31m-[0m[0m tags_all                                       = {
          [31m-[0m[0m "Name"        = "devops-g3-private-app-us-west-1c"
          [31m-[0m[0m "capstone"    = "tillflow"
          [31m-[0m[0m "environment" = "dev"
          [31m-[0m[0m "group"       = "devops-g3"
          [31m-[0m[0m "managed-by"  = "terraform"
          [31m-[0m[0m "owner"       = "lwam"
          [31m-[0m[0m "service"     = "platform"
          [31m-[0m[0m "tier"        = "private-app"
        } [90m-> null[0m[0m
      [31m-[0m[0m vpc_id                                         = "vpc-00cfe1339e0c0c86b" [90m-> null[0m[0m
        [90m# (4 unchanged attributes hidden)[0m[0m
    }

[1m  # module.network.aws_subnet.private_data["us-west-1a"][0m will be [1m[31mdestroyed[0m
[0m  [31m-[0m[0m resource "aws_subnet" "private_data" {
      [31m-[0m[0m arn                                            = "arn:aws:ec2:us-west-1:240462142849:subnet/subnet-0f56c09ff417af280" [90m-> null[0m[0m
      [31m-[0m[0m assign_ipv6_address_on_creation                = false [90m-> null[0m[0m
      [31m-[0m[0m availability_zone                              = "us-west-1a" [90m-> null[0m[0m
      [31m-[0m[0m availability_zone_id                           = "usw1-az1" [90m-> null[0m[0m
      [31m-[0m[0m cidr_block                                     = "10.20.128.0/20" [90m-> null[0m[0m
      [31m-[0m[0m enable_dns64                                   = false [90m-> null[0m[0m
      [31m-[0m[0m enable_lni_at_device_index                     = 0 [90m-> null[0m[0m
      [31m-[0m[0m enable_resource_name_dns_a_record_on_launch    = false [90m-> null[0m[0m
      [31m-[0m[0m enable_resource_name_dns_aaaa_record_on_launch = false [90m-> null[0m[0m
      [31m-[0m[0m id                                             = "subnet-0f56c09ff417af280" [90m-> null[0m[0m
      [31m-[0m[0m ipv6_native                                    = false [90m-> null[0m[0m
      [31m-[0m[0m map_customer_owned_ip_on_launch                = false [90m-> null[0m[0m
      [31m-[0m[0m map_public_ip_on_launch                        = false [90m-> null[0m[0m
      [31m-[0m[0m owner_id                                       = "240462142849" [90m-> null[0m[0m
      [31m-[0m[0m private_dns_hostname_type_on_launch            = "ip-name" [90m-> null[0m[0m
      [31m-[0m[0m region                                         = "us-west-1" [90m-> null[0m[0m
      [31m-[0m[0m tags                                           = {
          [31m-[0m[0m "Name" = "devops-g3-private-data-us-west-1a"
          [31m-[0m[0m "tier" = "private-data"
        } [90m-> null[0m[0m
      [31m-[0m[0m tags_all                                       = {
          [31m-[0m[0m "Name"        = "devops-g3-private-data-us-west-1a"
          [31m-[0m[0m "capstone"    = "tillflow"
          [31m-[0m[0m "environment" = "dev"
          [31m-[0m[0m "group"       = "devops-g3"
          [31m-[0m[0m "managed-by"  = "terraform"
          [31m-[0m[0m "owner"       = "lwam"
          [31m-[0m[0m "service"     = "platform"
          [31m-[0m[0m "tier"        = "private-data"
        } [90m-> null[0m[0m
      [31m-[0m[0m vpc_id                                         = "vpc-00cfe1339e0c0c86b" [90m-> null[0m[0m
        [90m# (4 unchanged attributes hidden)[0m[0m
    }

[1m  # module.network.aws_subnet.private_data["us-west-1c"][0m will be [1m[31mdestroyed[0m
[0m  [31m-[0m[0m resource "aws_subnet" "private_data" {
      [31m-[0m[0m arn                                            = "arn:aws:ec2:us-west-1:240462142849:subnet/subnet-003d95ccc6e642205" [90m-> null[0m[0m
      [31m-[0m[0m assign_ipv6_address_on_creation                = false [90m-> null[0m[0m
      [31m-[0m[0m availability_zone                              = "us-west-1c" [90m-> null[0m[0m
      [31m-[0m[0m availability_zone_id                           = "usw1-az3" [90m-> null[0m[0m
      [31m-[0m[0m cidr_block                                     = "10.20.144.0/20" [90m-> null[0m[0m
      [31m-[0m[0m enable_dns64                                   = false [90m-> null[0m[0m
      [31m-[0m[0m enable_lni_at_device_index                     = 0 [90m-> null[0m[0m
      [31m-[0m[0m enable_resource_name_dns_a_record_on_launch    = false [90m-> null[0m[0m
      [31m-[0m[0m enable_resource_name_dns_aaaa_record_on_launch = false [90m-> null[0m[0m
      [31m-[0m[0m id                                             = "subnet-003d95ccc6e642205" [90m-> null[0m[0m
      [31m-[0m[0m ipv6_native                                    = false [90m-> null[0m[0m
      [31m-[0m[0m map_customer_owned_ip_on_launch                = false [90m-> null[0m[0m
      [31m-[0m[0m map_public_ip_on_launch                        = false [90m-> null[0m[0m
      [31m-[0m[0m owner_id                                       = "240462142849" [90m-> null[0m[0m
      [31m-[0m[0m private_dns_hostname_type_on_launch            = "ip-name" [90m-> null[0m[0m
      [31m-[0m[0m region                                         = "us-west-1" [90m-> null[0m[0m
      [31m-[0m[0m tags                                           = {
          [31m-[0m[0m "Name" = "devops-g3-private-data-us-west-1c"
          [31m-[0m[0m "tier" = "private-data"
        } [90m-> null[0m[0m
      [31m-[0m[0m tags_all                                       = {
          [31m-[0m[0m "Name"        = "devops-g3-private-data-us-west-1c"
          [31m-[0m[0m "capstone"    = "tillflow"
          [31m-[0m[0m "environment" = "dev"
          [31m-[0m[0m "group"       = "devops-g3"
          [31m-[0m[0m "managed-by"  = "terraform"
          [31m-[0m[0m "owner"       = "lwam"
          [31m-[0m[0m "service"     = "platform"
          [31m-[0m[0m "tier"        = "private-data"
        } [90m-> null[0m[0m
      [31m-[0m[0m vpc_id                                         = "vpc-00cfe1339e0c0c86b" [90m-> null[0m[0m
        [90m# (4 unchanged attributes hidden)[0m[0m
    }

[1m  # module.network.aws_subnet.public["us-west-1a"][0m will be [1m[31mdestroyed[0m
[0m  [31m-[0m[0m resource "aws_subnet" "public" {
      [31m-[0m[0m arn                                            = "arn:aws:ec2:us-west-1:240462142849:subnet/subnet-05555a87ba61db0e7" [90m-> null[0m[0m
      [31m-[0m[0m assign_ipv6_address_on_creation                = false [90m-> null[0m[0m
      [31m-[0m[0m availability_zone                              = "us-west-1a" [90m-> null[0m[0m
      [31m-[0m[0m availability_zone_id                           = "usw1-az1" [90m-> null[0m[0m
      [31m-[0m[0m cidr_block                                     = "10.20.0.0/20" [90m-> null[0m[0m
      [31m-[0m[0m enable_dns64                                   = false [90m-> null[0m[0m
      [31m-[0m[0m enable_lni_at_device_index                     = 0 [90m-> null[0m[0m
      [31m-[0m[0m enable_resource_name_dns_a_record_on_launch    = false [90m-> null[0m[0m
      [31m-[0m[0m enable_resource_name_dns_aaaa_record_on_launch = false [90m-> null[0m[0m
      [31m-[0m[0m id                                             = "subnet-05555a87ba61db0e7" [90m-> null[0m[0m
      [31m-[0m[0m ipv6_native                                    = false [90m-> null[0m[0m
      [31m-[0m[0m map_customer_owned_ip_on_launch                = false [90m-> null[0m[0m
      [31m-[0m[0m map_public_ip_on_launch                        = false [90m-> null[0m[0m
      [31m-[0m[0m owner_id                                       = "240462142849" [90m-> null[0m[0m
      [31m-[0m[0m private_dns_hostname_type_on_launch            = "ip-name" [90m-> null[0m[0m
      [31m-[0m[0m region                                         = "us-west-1" [90m-> null[0m[0m
      [31m-[0m[0m tags                                           = {
          [31m-[0m[0m "Name" = "devops-g3-public-us-west-1a"
          [31m-[0m[0m "tier" = "public"
        } [90m-> null[0m[0m
      [31m-[0m[0m tags_all                                       = {
          [31m-[0m[0m "Name"        = "devops-g3-public-us-west-1a"
          [31m-[0m[0m "capstone"    = "tillflow"
          [31m-[0m[0m "environment" = "dev"
          [31m-[0m[0m "group"       = "devops-g3"
          [31m-[0m[0m "managed-by"  = "terraform"
          [31m-[0m[0m "owner"       = "lwam"
          [31m-[0m[0m "service"     = "platform"
          [31m-[0m[0m "tier"        = "public"
        } [90m-> null[0m[0m
      [31m-[0m[0m vpc_id                                         = "vpc-00cfe1339e0c0c86b" [90m-> null[0m[0m
        [90m# (4 unchanged attributes hidden)[0m[0m
    }

[1m  # module.network.aws_subnet.public["us-west-1c"][0m will be [1m[31mdestroyed[0m
[0m  [31m-[0m[0m resource "aws_subnet" "public" {
      [31m-[0m[0m arn                                            = "arn:aws:ec2:us-west-1:240462142849:subnet/subnet-067aa00162ebedda1" [90m-> null[0m[0m
      [31m-[0m[0m assign_ipv6_address_on_creation                = false [90m-> null[0m[0m
      [31m-[0m[0m availability_zone                              = "us-west-1c" [90m-> null[0m[0m
      [31m-[0m[0m availability_zone_id                           = "usw1-az3" [90m-> null[0m[0m
      [31m-[0m[0m cidr_block                                     = "10.20.16.0/20" [90m-> null[0m[0m
      [31m-[0m[0m enable_dns64                                   = false [90m-> null[0m[0m
      [31m-[0m[0m enable_lni_at_device_index                     = 0 [90m-> null[0m[0m
      [31m-[0m[0m enable_resource_name_dns_a_record_on_launch    = false [90m-> null[0m[0m
      [31m-[0m[0m enable_resource_name_dns_aaaa_record_on_launch = false [90m-> null[0m[0m
      [31m-[0m[0m id                                             = "subnet-067aa00162ebedda1" [90m-> null[0m[0m
      [31m-[0m[0m ipv6_native                                    = false [90m-> null[0m[0m
      [31m-[0m[0m map_customer_owned_ip_on_launch                = false [90m-> null[0m[0m
      [31m-[0m[0m map_public_ip_on_launch                        = false [90m-> null[0m[0m
      [31m-[0m[0m owner_id                                       = "240462142849" [90m-> null[0m[0m
      [31m-[0m[0m private_dns_hostname_type_on_launch            = "ip-name" [90m-> null[0m[0m
      [31m-[0m[0m region                                         = "us-west-1" [90m-> null[0m[0m
      [31m-[0m[0m tags                                           = {
          [31m-[0m[0m "Name" = "devops-g3-public-us-west-1c"
          [31m-[0m[0m "tier" = "public"
        } [90m-> null[0m[0m
      [31m-[0m[0m tags_all                                       = {
          [31m-[0m[0m "Name"        = "devops-g3-public-us-west-1c"
          [31m-[0m[0m "capstone"    = "tillflow"
          [31m-[0m[0m "environment" = "dev"
          [31m-[0m[0m "group"       = "devops-g3"
          [31m-[0m[0m "managed-by"  = "terraform"
          [31m-[0m[0m "owner"       = "lwam"
          [31m-[0m[0m "service"     = "platform"
          [31m-[0m[0m "tier"        = "public"
        } [90m-> null[0m[0m
      [31m-[0m[0m vpc_id                                         = "vpc-00cfe1339e0c0c86b" [90m-> null[0m[0m
        [90m# (4 unchanged attributes hidden)[0m[0m
    }

[1m  # module.network.aws_vpc.this[0m will be [1m[31mdestroyed[0m
[0m  [31m-[0m[0m resource "aws_vpc" "this" {
      [31m-[0m[0m arn                                  = "arn:aws:ec2:us-west-1:240462142849:vpc/vpc-00cfe1339e0c0c86b" [90m-> null[0m[0m
      [31m-[0m[0m assign_generated_ipv6_cidr_block     = false [90m-> null[0m[0m
      [31m-[0m[0m cidr_block                           = "10.20.0.0/16" [90m-> null[0m[0m
      [31m-[0m[0m default_network_acl_id               = "acl-0598ec5730da49f27" [90m-> null[0m[0m
      [31m-[0m[0m default_route_table_id               = "rtb-0e02291fcc1fc6431" [90m-> null[0m[0m
      [31m-[0m[0m default_security_group_id            = "sg-0255225dfa5fe1b79" [90m-> null[0m[0m
      [31m-[0m[0m dhcp_options_id                      = "dopt-049fae93b2daf95b9" [90m-> null[0m[0m
      [31m-[0m[0m enable_dns_hostnames                 = true [90m-> null[0m[0m
      [31m-[0m[0m enable_dns_support                   = true [90m-> null[0m[0m
      [31m-[0m[0m enable_network_address_usage_metrics = false [90m-> null[0m[0m
      [31m-[0m[0m id                                   = "vpc-00cfe1339e0c0c86b" [90m-> null[0m[0m
      [31m-[0m[0m instance_tenancy                     = "default" [90m-> null[0m[0m
      [31m-[0m[0m ipv6_netmask_length                  = 0 [90m-> null[0m[0m
      [31m-[0m[0m main_route_table_id                  = "rtb-0e02291fcc1fc6431" [90m-> null[0m[0m
      [31m-[0m[0m owner_id                             = "240462142849" [90m-> null[0m[0m
      [31m-[0m[0m region                               = "us-west-1" [90m-> null[0m[0m
      [31m-[0m[0m tags                                 = {
          [31m-[0m[0m "Name" = "devops-g3-vpc"
        } [90m-> null[0m[0m
      [31m-[0m[0m tags_all                             = {
          [31m-[0m[0m "Name"        = "devops-g3-vpc"
          [31m-[0m[0m "capstone"    = "tillflow"
          [31m-[0m[0m "environment" = "dev"
          [31m-[0m[0m "group"       = "devops-g3"
          [31m-[0m[0m "managed-by"  = "terraform"
          [31m-[0m[0m "owner"       = "lwam"
          [31m-[0m[0m "service"     = "platform"
        } [90m-> null[0m[0m
        [90m# (4 unchanged attributes hidden)[0m[0m
    }

[1m  # module.network.aws_vpc_endpoint.interface["ecr.api"][0m will be [1m[31mdestroyed[0m
[0m  [31m-[0m[0m resource "aws_vpc_endpoint" "interface" {
      [31m-[0m[0m arn                        = "arn:aws:ec2:us-west-1:240462142849:vpc-endpoint/vpce-022d904b8df71a105" [90m-> null[0m[0m
      [31m-[0m[0m cidr_blocks                = [] [90m-> null[0m[0m
      [31m-[0m[0m dns_entry                  = [
          [31m-[0m[0m {
              [31m-[0m[0m dns_name       = "vpce-022d904b8df71a105-6su7rqck.api.ecr.us-west-1.vpce.amazonaws.com"
              [31m-[0m[0m hosted_zone_id = "Z12I86A8N7VCZO"
            },
          [31m-[0m[0m {
              [31m-[0m[0m dns_name       = "vpce-022d904b8df71a105-6su7rqck-us-west-1a.api.ecr.us-west-1.vpce.amazonaws.com"
              [31m-[0m[0m hosted_zone_id = "Z12I86A8N7VCZO"
            },
          [31m-[0m[0m {
              [31m-[0m[0m dns_name       = "vpce-022d904b8df71a105-6su7rqck-us-west-1c.api.ecr.us-west-1.vpce.amazonaws.com"
              [31m-[0m[0m hosted_zone_id = "Z12I86A8N7VCZO"
            },
          [31m-[0m[0m {
              [31m-[0m[0m dns_name       = "api.ecr.us-west-1.amazonaws.com"
              [31m-[0m[0m hosted_zone_id = "Z0094467WV4JKEG500ZN"
            },
          [31m-[0m[0m {
              [31m-[0m[0m dns_name       = "ecr.us-west-1.api.aws"
              [31m-[0m[0m hosted_zone_id = "Z0260219GAHYAZSQS0HZ"
            },
        ] [90m-> null[0m[0m
      [31m-[0m[0m id                         = "vpce-022d904b8df71a105" [90m-> null[0m[0m
      [31m-[0m[0m ip_address_type            = "ipv4" [90m-> null[0m[0m
      [31m-[0m[0m network_interface_ids      = [
          [31m-[0m[0m "eni-02b78bec42589a82c",
          [31m-[0m[0m "eni-088f344bf2b1df2c5",
        ] [90m-> null[0m[0m
      [31m-[0m[0m owner_id                   = "240462142849" [90m-> null[0m[0m
      [31m-[0m[0m policy                     = jsonencode(
            {
              [31m-[0m[0m Statement = [
                  [31m-[0m[0m {
                      [31m-[0m[0m Action    = "*"
                      [31m-[0m[0m Effect    = "Allow"
                      [31m-[0m[0m Principal = "*"
                      [31m-[0m[0m Resource  = "*"
                    },
                ]
            }
        ) [90m-> null[0m[0m
      [31m-[0m[0m private_dns_enabled        = true [90m-> null[0m[0m
      [31m-[0m[0m region                     = "us-west-1" [90m-> null[0m[0m
      [31m-[0m[0m requester_managed          = false [90m-> null[0m[0m
      [31m-[0m[0m route_table_ids            = [] [90m-> null[0m[0m
      [31m-[0m[0m security_group_ids         = [
          [31m-[0m[0m "sg-0e001a493c4d7dc4f",
        ] [90m-> null[0m[0m
      [31m-[0m[0m service_name               = "com.amazonaws.us-west-1.ecr.api" [90m-> null[0m[0m
      [31m-[0m[0m service_region             = "us-west-1" [90m-> null[0m[0m
      [31m-[0m[0m state                      = "available" [90m-> null[0m[0m
      [31m-[0m[0m subnet_ids                 = [
          [31m-[0m[0m "subnet-01cdc84de3b32c135",
          [31m-[0m[0m "subnet-07343877e9a03db98",
        ] [90m-> null[0m[0m
      [31m-[0m[0m tags                       = {
          [31m-[0m[0m "Name" = "devops-g3-vpce-ecr.api"
        } [90m-> null[0m[0m
      [31m-[0m[0m tags_all                   = {
          [31m-[0m[0m "Name"        = "devops-g3-vpce-ecr.api"
          [31m-[0m[0m "capstone"    = "tillflow"
          [31m-[0m[0m "environment" = "dev"
          [31m-[0m[0m "group"       = "devops-g3"
          [31m-[0m[0m "managed-by"  = "terraform"
          [31m-[0m[0m "owner"       = "lwam"
          [31m-[0m[0m "service"     = "platform"
        } [90m-> null[0m[0m
      [31m-[0m[0m vpc_endpoint_type          = "Interface" [90m-> null[0m[0m
      [31m-[0m[0m vpc_id                     = "vpc-00cfe1339e0c0c86b" [90m-> null[0m[0m
        [90m# (2 unchanged attributes hidden)[0m[0m

      [31m-[0m[0m dns_options {
          [31m-[0m[0m dns_record_ip_type                             = "ipv4" [90m-> null[0m[0m
          [31m-[0m[0m private_dns_only_for_inbound_resolver_endpoint = false [90m-> null[0m[0m
          [31m-[0m[0m private_dns_specified_domains                  = [] [90m-> null[0m[0m
            [90m# (1 unchanged attribute hidden)[0m[0m
        }

      [31m-[0m[0m subnet_configuration {
          [31m-[0m[0m ipv4      = "10.20.74.48" [90m-> null[0m[0m
          [31m-[0m[0m subnet_id = "subnet-07343877e9a03db98" [90m-> null[0m[0m
            [90m# (1 unchanged attribute hidden)[0m[0m
        }
      [31m-[0m[0m subnet_configuration {
          [31m-[0m[0m ipv4      = "10.20.85.180" [90m-> null[0m[0m
          [31m-[0m[0m subnet_id = "subnet-01cdc84de3b32c135" [90m-> null[0m[0m
            [90m# (1 unchanged attribute hidden)[0m[0m
        }
    }

[1m  # module.network.aws_vpc_endpoint.interface["ecr.dkr"][0m will be [1m[31mdestroyed[0m
[0m  [31m-[0m[0m resource "aws_vpc_endpoint" "interface" {
      [31m-[0m[0m arn                        = "arn:aws:ec2:us-west-1:240462142849:vpc-endpoint/vpce-009e491b003411d99" [90m-> null[0m[0m
      [31m-[0m[0m cidr_blocks                = [] [90m-> null[0m[0m
      [31m-[0m[0m dns_entry                  = [
          [31m-[0m[0m {
              [31m-[0m[0m dns_name       = "vpce-009e491b003411d99-yzjdw8m1.dkr.ecr.us-west-1.vpce.amazonaws.com"
              [31m-[0m[0m hosted_zone_id = "Z12I86A8N7VCZO"
            },
          [31m-[0m[0m {
              [31m-[0m[0m dns_name       = "vpce-009e491b003411d99-yzjdw8m1-us-west-1a.dkr.ecr.us-west-1.vpce.amazonaws.com"
              [31m-[0m[0m hosted_zone_id = "Z12I86A8N7VCZO"
            },
          [31m-[0m[0m {
              [31m-[0m[0m dns_name       = "vpce-009e491b003411d99-yzjdw8m1-us-west-1c.dkr.ecr.us-west-1.vpce.amazonaws.com"
              [31m-[0m[0m hosted_zone_id = "Z12I86A8N7VCZO"
            },
          [31m-[0m[0m {
              [31m-[0m[0m dns_name       = "dkr.ecr.us-west-1.amazonaws.com"
              [31m-[0m[0m hosted_zone_id = "Z09575401KSCM73QL6MDO"
            },
          [31m-[0m[0m {
              [31m-[0m[0m dns_name       = "*.dkr.ecr.us-west-1.amazonaws.com"
              [31m-[0m[0m hosted_zone_id = "Z09575401KSCM73QL6MDO"
            },
          [31m-[0m[0m {
              [31m-[0m[0m dns_name       = "dkr-ecr.us-west-1.on.aws"
              [31m-[0m[0m hosted_zone_id = "Z02601893KO2HHGM1LUQN"
            },
          [31m-[0m[0m {
              [31m-[0m[0m dns_name       = "*.dkr-ecr.us-west-1.on.aws"
              [31m-[0m[0m hosted_zone_id = "Z02601893KO2HHGM1LUQN"
            },
        ] [90m-> null[0m[0m
      [31m-[0m[0m id                         = "vpce-009e491b003411d99" [90m-> null[0m[0m
      [31m-[0m[0m ip_address_type            = "ipv4" [90m-> null[0m[0m
      [31m-[0m[0m network_interface_ids      = [
          [31m-[0m[0m "eni-055a0529aa61d0625",
          [31m-[0m[0m "eni-08ca9f5f0dacfc16b",
        ] [90m-> null[0m[0m
      [31m-[0m[0m owner_id                   = "240462142849" [90m-> null[0m[0m
      [31m-[0m[0m policy                     = jsonencode(
            {
              [31m-[0m[0m Statement = [
                  [31m-[0m[0m {
                      [31m-[0m[0m Action    = "*"
                      [31m-[0m[0m Effect    = "Allow"
                      [31m-[0m[0m Principal = "*"
                      [31m-[0m[0m Resource  = "*"
                    },
                ]
            }
        ) [90m-> null[0m[0m
      [31m-[0m[0m private_dns_enabled        = true [90m-> null[0m[0m
      [31m-[0m[0m region                     = "us-west-1" [90m-> null[0m[0m
      [31m-[0m[0m requester_managed          = false [90m-> null[0m[0m
      [31m-[0m[0m route_table_ids            = [] [90m-> null[0m[0m
      [31m-[0m[0m security_group_ids         = [
          [31m-[0m[0m "sg-0e001a493c4d7dc4f",
        ] [90m-> null[0m[0m
      [31m-[0m[0m service_name               = "com.amazonaws.us-west-1.ecr.dkr" [90m-> null[0m[0m
      [31m-[0m[0m service_region             = "us-west-1" [90m-> null[0m[0m
      [31m-[0m[0m state                      = "available" [90m-> null[0m[0m
      [31m-[0m[0m subnet_ids                 = [
          [31m-[0m[0m "subnet-01cdc84de3b32c135",
          [31m-[0m[0m "subnet-07343877e9a03db98",
        ] [90m-> null[0m[0m
      [31m-[0m[0m tags                       = {
          [31m-[0m[0m "Name" = "devops-g3-vpce-ecr.dkr"
        } [90m-> null[0m[0m
      [31m-[0m[0m tags_all                   = {
          [31m-[0m[0m "Name"        = "devops-g3-vpce-ecr.dkr"
          [31m-[0m[0m "capstone"    = "tillflow"
          [31m-[0m[0m "environment" = "dev"
          [31m-[0m[0m "group"       = "devops-g3"
          [31m-[0m[0m "managed-by"  = "terraform"
          [31m-[0m[0m "owner"       = "lwam"
          [31m-[0m[0m "service"     = "platform"
        } [90m-> null[0m[0m
      [31m-[0m[0m vpc_endpoint_type          = "Interface" [90m-> null[0m[0m
      [31m-[0m[0m vpc_id                     = "vpc-00cfe1339e0c0c86b" [90m-> null[0m[0m
        [90m# (2 unchanged attributes hidden)[0m[0m

      [31m-[0m[0m dns_options {
          [31m-[0m[0m dns_record_ip_type                             = "ipv4" [90m-> null[0m[0m
          [31m-[0m[0m private_dns_only_for_inbound_resolver_endpoint = false [90m-> null[0m[0m
          [31m-[0m[0m private_dns_specified_domains                  = [] [90m-> null[0m[0m
            [90m# (1 unchanged attribute hidden)[0m[0m
        }

      [31m-[0m[0m subnet_configuration {
          [31m-[0m[0m ipv4      = "10.20.72.212" [90m-> null[0m[0m
          [31m-[0m[0m subnet_id = "subnet-07343877e9a03db98" [90m-> null[0m[0m
            [90m# (1 unchanged attribute hidden)[0m[0m
        }
      [31m-[0m[0m subnet_configuration {
          [31m-[0m[0m ipv4      = "10.20.94.191" [90m-> null[0m[0m
          [31m-[0m[0m subnet_id = "subnet-01cdc84de3b32c135" [90m-> null[0m[0m
            [90m# (1 unchanged attribute hidden)[0m[0m
        }
    }

[1m  # module.network.aws_vpc_endpoint.interface["kms"][0m will be [1m[31mdestroyed[0m
[0m  [31m-[0m[0m resource "aws_vpc_endpoint" "interface" {
      [31m-[0m[0m arn                        = "arn:aws:ec2:us-west-1:240462142849:vpc-endpoint/vpce-05d60e8aae831ce58" [90m-> null[0m[0m
      [31m-[0m[0m cidr_blocks                = [] [90m-> null[0m[0m
      [31m-[0m[0m dns_entry                  = [
          [31m-[0m[0m {
              [31m-[0m[0m dns_name       = "vpce-05d60e8aae831ce58-31zocuvy.kms.us-west-1.vpce.amazonaws.com"
              [31m-[0m[0m hosted_zone_id = "Z12I86A8N7VCZO"
            },
          [31m-[0m[0m {
              [31m-[0m[0m dns_name       = "vpce-05d60e8aae831ce58-31zocuvy-us-west-1a.kms.us-west-1.vpce.amazonaws.com"
              [31m-[0m[0m hosted_zone_id = "Z12I86A8N7VCZO"
            },
          [31m-[0m[0m {
              [31m-[0m[0m dns_name       = "vpce-05d60e8aae831ce58-31zocuvy-us-west-1c.kms.us-west-1.vpce.amazonaws.com"
              [31m-[0m[0m hosted_zone_id = "Z12I86A8N7VCZO"
            },
          [31m-[0m[0m {
              [31m-[0m[0m dns_name       = "kms.us-west-1.amazonaws.com"
              [31m-[0m[0m hosted_zone_id = "Z009505214A25I93FO6U8"
            },
          [31m-[0m[0m {
              [31m-[0m[0m dns_name       = "kms.us-west-1.api.aws"
              [31m-[0m[0m hosted_zone_id = "Z00977821A9BA0ODMU5UI"
            },
        ] [90m-> null[0m[0m
      [31m-[0m[0m id                         = "vpce-05d60e8aae831ce58" [90m-> null[0m[0m
      [31m-[0m[0m ip_address_type            = "ipv4" [90m-> null[0m[0m
      [31m-[0m[0m network_interface_ids      = [
          [31m-[0m[0m "eni-017dd09f73c0fede7",
          [31m-[0m[0m "eni-0f1cbf65c19409942",
        ] [90m-> null[0m[0m
      [31m-[0m[0m owner_id                   = "240462142849" [90m-> null[0m[0m
      [31m-[0m[0m policy                     = jsonencode(
            {
              [31m-[0m[0m Statement = [
                  [31m-[0m[0m {
                      [31m-[0m[0m Action    = "*"
                      [31m-[0m[0m Effect    = "Allow"
                      [31m-[0m[0m Principal = "*"
                      [31m-[0m[0m Resource  = "*"
                    },
                ]
            }
        ) [90m-> null[0m[0m
      [31m-[0m[0m private_dns_enabled        = true [90m-> null[0m[0m
      [31m-[0m[0m region                     = "us-west-1" [90m-> null[0m[0m
      [31m-[0m[0m requester_managed          = false [90m-> null[0m[0m
      [31m-[0m[0m route_table_ids            = [] [90m-> null[0m[0m
      [31m-[0m[0m security_group_ids         = [
          [31m-[0m[0m "sg-0e001a493c4d7dc4f",
        ] [90m-> null[0m[0m
      [31m-[0m[0m service_name               = "com.amazonaws.us-west-1.kms" [90m-> null[0m[0m
      [31m-[0m[0m service_region             = "us-west-1" [90m-> null[0m[0m
      [31m-[0m[0m state                      = "available" [90m-> null[0m[0m
      [31m-[0m[0m subnet_ids                 = [
          [31m-[0m[0m "subnet-01cdc84de3b32c135",
          [31m-[0m[0m "subnet-07343877e9a03db98",
        ] [90m-> null[0m[0m
      [31m-[0m[0m tags                       = {
          [31m-[0m[0m "Name" = "devops-g3-vpce-kms"
        } [90m-> null[0m[0m
      [31m-[0m[0m tags_all                   = {
          [31m-[0m[0m "Name"        = "devops-g3-vpce-kms"
          [31m-[0m[0m "capstone"    = "tillflow"
          [31m-[0m[0m "environment" = "dev"
          [31m-[0m[0m "group"       = "devops-g3"
          [31m-[0m[0m "managed-by"  = "terraform"
          [31m-[0m[0m "owner"       = "lwam"
          [31m-[0m[0m "service"     = "platform"
        } [90m-> null[0m[0m
      [31m-[0m[0m vpc_endpoint_type          = "Interface" [90m-> null[0m[0m
      [31m-[0m[0m vpc_id                     = "vpc-00cfe1339e0c0c86b" [90m-> null[0m[0m
        [90m# (2 unchanged attributes hidden)[0m[0m

      [31m-[0m[0m dns_options {
          [31m-[0m[0m dns_record_ip_type                             = "ipv4" [90m-> null[0m[0m
          [31m-[0m[0m private_dns_only_for_inbound_resolver_endpoint = false [90m-> null[0m[0m
          [31m-[0m[0m private_dns_specified_domains                  = [] [90m-> null[0m[0m
            [90m# (1 unchanged attribute hidden)[0m[0m
        }

      [31m-[0m[0m subnet_configuration {
          [31m-[0m[0m ipv4      = "10.20.66.176" [90m-> null[0m[0m
          [31m-[0m[0m subnet_id = "subnet-07343877e9a03db98" [90m-> null[0m[0m
            [90m# (1 unchanged attribute hidden)[0m[0m
        }
      [31m-[0m[0m subnet_configuration {
          [31m-[0m[0m ipv4      = "10.20.95.116" [90m-> null[0m[0m
          [31m-[0m[0m subnet_id = "subnet-01cdc84de3b32c135" [90m-> null[0m[0m
            [90m# (1 unchanged attribute hidden)[0m[0m
        }
    }

[1m  # module.network.aws_vpc_endpoint.interface["logs"][0m will be [1m[31mdestroyed[0m
[0m  [31m-[0m[0m resource "aws_vpc_endpoint" "interface" {
      [31m-[0m[0m arn                        = "arn:aws:ec2:us-west-1:240462142849:vpc-endpoint/vpce-01beb76e3a370dcba" [90m-> null[0m[0m
      [31m-[0m[0m cidr_blocks                = [] [90m-> null[0m[0m
      [31m-[0m[0m dns_entry                  = [
          [31m-[0m[0m {
              [31m-[0m[0m dns_name       = "vpce-01beb76e3a370dcba-gk5j7b3k.logs.us-west-1.vpce.amazonaws.com"
              [31m-[0m[0m hosted_zone_id = "Z12I86A8N7VCZO"
            },
          [31m-[0m[0m {
              [31m-[0m[0m dns_name       = "vpce-01beb76e3a370dcba-gk5j7b3k-us-west-1a.logs.us-west-1.vpce.amazonaws.com"
              [31m-[0m[0m hosted_zone_id = "Z12I86A8N7VCZO"
            },
          [31m-[0m[0m {
              [31m-[0m[0m dns_name       = "vpce-01beb76e3a370dcba-gk5j7b3k-us-west-1c.logs.us-west-1.vpce.amazonaws.com"
              [31m-[0m[0m hosted_zone_id = "Z12I86A8N7VCZO"
            },
          [31m-[0m[0m {
              [31m-[0m[0m dns_name       = "logs.us-west-1.amazonaws.com"
              [31m-[0m[0m hosted_zone_id = "Z0950446153KIHDNP4EUG"
            },
          [31m-[0m[0m {
              [31m-[0m[0m dns_name       = "logs.us-west-1.api.aws"
              [31m-[0m[0m hosted_zone_id = "Z09575493OON912ZROG1E"
            },
          [31m-[0m[0m {
              [31m-[0m[0m dns_name       = "streaming-logs.us-west-1.amazonaws.com"
              [31m-[0m[0m hosted_zone_id = "Z09575363V045NZCTQENH"
            },
          [31m-[0m[0m {
              [31m-[0m[0m dns_name       = "streaming-logs.us-west-1.api.aws"
              [31m-[0m[0m hosted_zone_id = "Z00953812FGFLD3UYDK38"
            },
        ] [90m-> null[0m[0m
      [31m-[0m[0m id                         = "vpce-01beb76e3a370dcba" [90m-> null[0m[0m
      [31m-[0m[0m ip_address_type            = "ipv4" [90m-> null[0m[0m
      [31m-[0m[0m network_interface_ids      = [
          [31m-[0m[0m "eni-043ff6b2ce9378c3e",
          [31m-[0m[0m "eni-0a320bb9e499af9e3",
        ] [90m-> null[0m[0m
      [31m-[0m[0m owner_id                   = "240462142849" [90m-> null[0m[0m
      [31m-[0m[0m policy                     = jsonencode(
            {
              [31m-[0m[0m Statement = [
                  [31m-[0m[0m {
                      [31m-[0m[0m Action    = "*"
                      [31m-[0m[0m Effect    = "Allow"
                      [31m-[0m[0m Principal = "*"
                      [31m-[0m[0m Resource  = "*"
                    },
                ]
            }
        ) [90m-> null[0m[0m
      [31m-[0m[0m private_dns_enabled        = true [90m-> null[0m[0m
      [31m-[0m[0m region                     = "us-west-1" [90m-> null[0m[0m
      [31m-[0m[0m requester_managed          = false [90m-> null[0m[0m
      [31m-[0m[0m route_table_ids            = [] [90m-> null[0m[0m
      [31m-[0m[0m security_group_ids         = [
          [31m-[0m[0m "sg-0e001a493c4d7dc4f",
        ] [90m-> null[0m[0m
      [31m-[0m[0m service_name               = "com.amazonaws.us-west-1.logs" [90m-> null[0m[0m
      [31m-[0m[0m service_region             = "us-west-1" [90m-> null[0m[0m
      [31m-[0m[0m state                      = "available" [90m-> null[0m[0m
      [31m-[0m[0m subnet_ids                 = [
          [31m-[0m[0m "subnet-01cdc84de3b32c135",
          [31m-[0m[0m "subnet-07343877e9a03db98",
        ] [90m-> null[0m[0m
      [31m-[0m[0m tags                       = {
          [31m-[0m[0m "Name" = "devops-g3-vpce-logs"
        } [90m-> null[0m[0m
      [31m-[0m[0m tags_all                   = {
          [31m-[0m[0m "Name"        = "devops-g3-vpce-logs"
          [31m-[0m[0m "capstone"    = "tillflow"
          [31m-[0m[0m "environment" = "dev"
          [31m-[0m[0m "group"       = "devops-g3"
          [31m-[0m[0m "managed-by"  = "terraform"
          [31m-[0m[0m "owner"       = "lwam"
          [31m-[0m[0m "service"     = "platform"
        } [90m-> null[0m[0m
      [31m-[0m[0m vpc_endpoint_type          = "Interface" [90m-> null[0m[0m
      [31m-[0m[0m vpc_id                     = "vpc-00cfe1339e0c0c86b" [90m-> null[0m[0m
        [90m# (2 unchanged attributes hidden)[0m[0m

      [31m-[0m[0m dns_options {
          [31m-[0m[0m dns_record_ip_type                             = "ipv4" [90m-> null[0m[0m
          [31m-[0m[0m private_dns_only_for_inbound_resolver_endpoint = false [90m-> null[0m[0m
          [31m-[0m[0m private_dns_specified_domains                  = [] [90m-> null[0m[0m
            [90m# (1 unchanged attribute hidden)[0m[0m
        }

      [31m-[0m[0m subnet_configuration {
          [31m-[0m[0m ipv4      = "10.20.69.153" [90m-> null[0m[0m
          [31m-[0m[0m subnet_id = "subnet-07343877e9a03db98" [90m-> null[0m[0m
            [90m# (1 unchanged attribute hidden)[0m[0m
        }
      [31m-[0m[0m subnet_configuration {
          [31m-[0m[0m ipv4      = "10.20.94.249" [90m-> null[0m[0m
          [31m-[0m[0m subnet_id = "subnet-01cdc84de3b32c135" [90m-> null[0m[0m
            [90m# (1 unchanged attribute hidden)[0m[0m
        }
    }

[1m  # module.network.aws_vpc_endpoint.interface["monitoring"][0m will be [1m[31mdestroyed[0m
[0m  [31m-[0m[0m resource "aws_vpc_endpoint" "interface" {
      [31m-[0m[0m arn                        = "arn:aws:ec2:us-west-1:240462142849:vpc-endpoint/vpce-0376719ed6304a8d7" [90m-> null[0m[0m
      [31m-[0m[0m cidr_blocks                = [] [90m-> null[0m[0m
      [31m-[0m[0m dns_entry                  = [
          [31m-[0m[0m {
              [31m-[0m[0m dns_name       = "vpce-0376719ed6304a8d7-o9luvce9.monitoring.us-west-1.vpce.amazonaws.com"
              [31m-[0m[0m hosted_zone_id = "Z12I86A8N7VCZO"
            },
          [31m-[0m[0m {
              [31m-[0m[0m dns_name       = "vpce-0376719ed6304a8d7-o9luvce9-us-west-1c.monitoring.us-west-1.vpce.amazonaws.com"
              [31m-[0m[0m hosted_zone_id = "Z12I86A8N7VCZO"
            },
          [31m-[0m[0m {
              [31m-[0m[0m dns_name       = "vpce-0376719ed6304a8d7-o9luvce9-us-west-1a.monitoring.us-west-1.vpce.amazonaws.com"
              [31m-[0m[0m hosted_zone_id = "Z12I86A8N7VCZO"
            },
          [31m-[0m[0m {
              [31m-[0m[0m dns_name       = "monitoring.us-west-1.amazonaws.com"
              [31m-[0m[0m hosted_zone_id = "Z05150933O6JC9RLLMCLW"
            },
          [31m-[0m[0m {
              [31m-[0m[0m dns_name       = "monitoring-fips.us-west-1.amazonaws.com"
              [31m-[0m[0m hosted_zone_id = "Z009581418S7XX3ZCRGDC"
            },
          [31m-[0m[0m {
              [31m-[0m[0m dns_name       = "monitoring-fips.us-west-1.api.aws"
              [31m-[0m[0m hosted_zone_id = "Z0954576O0KSBY1KZVZC"
            },
          [31m-[0m[0m {
              [31m-[0m[0m dns_name       = "monitoring.us-west-1.api.aws"
              [31m-[0m[0m hosted_zone_id = "Z00958159GY1U3NZUVM5"
            },
        ] [90m-> null[0m[0m
      [31m-[0m[0m id                         = "vpce-0376719ed6304a8d7" [90m-> null[0m[0m
      [31m-[0m[0m ip_address_type            = "ipv4" [90m-> null[0m[0m
      [31m-[0m[0m network_interface_ids      = [
          [31m-[0m[0m "eni-01b15514aef4e83d1",
          [31m-[0m[0m "eni-0a423a1a14db5e20c",
        ] [90m-> null[0m[0m
      [31m-[0m[0m owner_id                   = "240462142849" [90m-> null[0m[0m
      [31m-[0m[0m policy                     = jsonencode(
            {
              [31m-[0m[0m Statement = [
                  [31m-[0m[0m {
                      [31m-[0m[0m Action    = "*"
                      [31m-[0m[0m Effect    = "Allow"
                      [31m-[0m[0m Principal = "*"
                      [31m-[0m[0m Resource  = "*"
                    },
                ]
            }
        ) [90m-> null[0m[0m
      [31m-[0m[0m private_dns_enabled        = true [90m-> null[0m[0m
      [31m-[0m[0m region                     = "us-west-1" [90m-> null[0m[0m
      [31m-[0m[0m requester_managed          = false [90m-> null[0m[0m
      [31m-[0m[0m route_table_ids            = [] [90m-> null[0m[0m
      [31m-[0m[0m security_group_ids         = [
          [31m-[0m[0m "sg-0e001a493c4d7dc4f",
        ] [90m-> null[0m[0m
      [31m-[0m[0m service_name               = "com.amazonaws.us-west-1.monitoring" [90m-> null[0m[0m
      [31m-[0m[0m service_region             = "us-west-1" [90m-> null[0m[0m
      [31m-[0m[0m state                      = "available" [90m-> null[0m[0m
      [31m-[0m[0m subnet_ids                 = [
          [31m-[0m[0m "subnet-01cdc84de3b32c135",
          [31m-[0m[0m "subnet-07343877e9a03db98",
        ] [90m-> null[0m[0m
      [31m-[0m[0m tags                       = {
          [31m-[0m[0m "Name" = "devops-g3-vpce-monitoring"
        } [90m-> null[0m[0m
      [31m-[0m[0m tags_all                   = {
          [31m-[0m[0m "Name"        = "devops-g3-vpce-monitoring"
          [31m-[0m[0m "capstone"    = "tillflow"
          [31m-[0m[0m "environment" = "dev"
          [31m-[0m[0m "group"       = "devops-g3"
          [31m-[0m[0m "managed-by"  = "terraform"
          [31m-[0m[0m "owner"       = "lwam"
          [31m-[0m[0m "service"     = "platform"
        } [90m-> null[0m[0m
      [31m-[0m[0m vpc_endpoint_type          = "Interface" [90m-> null[0m[0m
      [31m-[0m[0m vpc_id                     = "vpc-00cfe1339e0c0c86b" [90m-> null[0m[0m
        [90m# (2 unchanged attributes hidden)[0m[0m

      [31m-[0m[0m dns_options {
          [31m-[0m[0m dns_record_ip_type                             = "ipv4" [90m-> null[0m[0m
          [31m-[0m[0m private_dns_only_for_inbound_resolver_endpoint = false [90m-> null[0m[0m
          [31m-[0m[0m private_dns_specified_domains                  = [] [90m-> null[0m[0m
            [90m# (1 unchanged attribute hidden)[0m[0m
        }

      [31m-[0m[0m subnet_configuration {
          [31m-[0m[0m ipv4      = "10.20.67.226" [90m-> null[0m[0m
          [31m-[0m[0m subnet_id = "subnet-07343877e9a03db98" [90m-> null[0m[0m
            [90m# (1 unchanged attribute hidden)[0m[0m
        }
      [31m-[0m[0m subnet_configuration {
          [31m-[0m[0m ipv4      = "10.20.84.63" [90m-> null[0m[0m
          [31m-[0m[0m subnet_id = "subnet-01cdc84de3b32c135" [90m-> null[0m[0m
            [90m# (1 unchanged attribute hidden)[0m[0m
        }
    }

[1m  # module.network.aws_vpc_endpoint.interface["secretsmanager"][0m will be [1m[31mdestroyed[0m
[0m  [31m-[0m[0m resource "aws_vpc_endpoint" "interface" {
      [31m-[0m[0m arn                        = "arn:aws:ec2:us-west-1:240462142849:vpc-endpoint/vpce-01e327735fad7db41" [90m-> null[0m[0m
      [31m-[0m[0m cidr_blocks                = [] [90m-> null[0m[0m
      [31m-[0m[0m dns_entry                  = [
          [31m-[0m[0m {
              [31m-[0m[0m dns_name       = "vpce-01e327735fad7db41-rxmp4ht4.secretsmanager.us-west-1.vpce.amazonaws.com"
              [31m-[0m[0m hosted_zone_id = "Z12I86A8N7VCZO"
            },
          [31m-[0m[0m {
              [31m-[0m[0m dns_name       = "vpce-01e327735fad7db41-rxmp4ht4-us-west-1c.secretsmanager.us-west-1.vpce.amazonaws.com"
              [31m-[0m[0m hosted_zone_id = "Z12I86A8N7VCZO"
            },
          [31m-[0m[0m {
              [31m-[0m[0m dns_name       = "vpce-01e327735fad7db41-rxmp4ht4-us-west-1a.secretsmanager.us-west-1.vpce.amazonaws.com"
              [31m-[0m[0m hosted_zone_id = "Z12I86A8N7VCZO"
            },
          [31m-[0m[0m {
              [31m-[0m[0m dns_name       = "secretsmanager.us-west-1.amazonaws.com"
              [31m-[0m[0m hosted_zone_id = "Z02594873CRRK64L3M82U"
            },
        ] [90m-> null[0m[0m
      [31m-[0m[0m id                         = "vpce-01e327735fad7db41" [90m-> null[0m[0m
      [31m-[0m[0m ip_address_type            = "ipv4" [90m-> null[0m[0m
      [31m-[0m[0m network_interface_ids      = [
          [31m-[0m[0m "eni-0545b9f4306181d80",
          [31m-[0m[0m "eni-05574c089c01c61c1",
        ] [90m-> null[0m[0m
      [31m-[0m[0m owner_id                   = "240462142849" [90m-> null[0m[0m
      [31m-[0m[0m policy                     = jsonencode(
            {
              [31m-[0m[0m Statement = [
                  [31m-[0m[0m {
                      [31m-[0m[0m Action    = "*"
                      [31m-[0m[0m Effect    = "Allow"
                      [31m-[0m[0m Principal = "*"
                      [31m-[0m[0m Resource  = "*"
                    },
                ]
            }
        ) [90m-> null[0m[0m
      [31m-[0m[0m private_dns_enabled        = true [90m-> null[0m[0m
      [31m-[0m[0m region                     = "us-west-1" [90m-> null[0m[0m
      [31m-[0m[0m requester_managed          = false [90m-> null[0m[0m
      [31m-[0m[0m route_table_ids            = [] [90m-> null[0m[0m
      [31m-[0m[0m security_group_ids         = [
          [31m-[0m[0m "sg-0e001a493c4d7dc4f",
        ] [90m-> null[0m[0m
      [31m-[0m[0m service_name               = "com.amazonaws.us-west-1.secretsmanager" [90m-> null[0m[0m
      [31m-[0m[0m service_region             = "us-west-1" [90m-> null[0m[0m
      [31m-[0m[0m state                      = "available" [90m-> null[0m[0m
      [31m-[0m[0m subnet_ids                 = [
          [31m-[0m[0m "subnet-01cdc84de3b32c135",
          [31m-[0m[0m "subnet-07343877e9a03db98",
        ] [90m-> null[0m[0m
      [31m-[0m[0m tags                       = {
          [31m-[0m[0m "Name" = "devops-g3-vpce-secretsmanager"
        } [90m-> null[0m[0m
      [31m-[0m[0m tags_all                   = {
          [31m-[0m[0m "Name"        = "devops-g3-vpce-secretsmanager"
          [31m-[0m[0m "capstone"    = "tillflow"
          [31m-[0m[0m "environment" = "dev"
          [31m-[0m[0m "group"       = "devops-g3"
          [31m-[0m[0m "managed-by"  = "terraform"
          [31m-[0m[0m "owner"       = "lwam"
          [31m-[0m[0m "service"     = "platform"
        } [90m-> null[0m[0m
      [31m-[0m[0m vpc_endpoint_type          = "Interface" [90m-> null[0m[0m
      [31m-[0m[0m vpc_id                     = "vpc-00cfe1339e0c0c86b" [90m-> null[0m[0m
        [90m# (2 unchanged attributes hidden)[0m[0m

      [31m-[0m[0m dns_options {
          [31m-[0m[0m dns_record_ip_type                             = "ipv4" [90m-> null[0m[0m
          [31m-[0m[0m private_dns_only_for_inbound_resolver_endpoint = false [90m-> null[0m[0m
          [31m-[0m[0m private_dns_specified_domains                  = [] [90m-> null[0m[0m
            [90m# (1 unchanged attribute hidden)[0m[0m
        }

      [31m-[0m[0m subnet_configuration {
          [31m-[0m[0m ipv4      = "10.20.76.20" [90m-> null[0m[0m
          [31m-[0m[0m subnet_id = "subnet-07343877e9a03db98" [90m-> null[0m[0m
            [90m# (1 unchanged attribute hidden)[0m[0m
        }
      [31m-[0m[0m subnet_configuration {
          [31m-[0m[0m ipv4      = "10.20.92.89" [90m-> null[0m[0m
          [31m-[0m[0m subnet_id = "subnet-01cdc84de3b32c135" [90m-> null[0m[0m
            [90m# (1 unchanged attribute hidden)[0m[0m
        }
    }

[1m  # module.network.aws_vpc_endpoint.interface["sqs"][0m will be [1m[31mdestroyed[0m
[0m  [31m-[0m[0m resource "aws_vpc_endpoint" "interface" {
      [31m-[0m[0m arn                        = "arn:aws:ec2:us-west-1:240462142849:vpc-endpoint/vpce-0d3cdafbb95df006b" [90m-> null[0m[0m
      [31m-[0m[0m cidr_blocks                = [] [90m-> null[0m[0m
      [31m-[0m[0m dns_entry                  = [
          [31m-[0m[0m {
              [31m-[0m[0m dns_name       = "vpce-0d3cdafbb95df006b-yec76udi.sqs.us-west-1.vpce.amazonaws.com"
              [31m-[0m[0m hosted_zone_id = "Z12I86A8N7VCZO"
            },
          [31m-[0m[0m {
              [31m-[0m[0m dns_name       = "vpce-0d3cdafbb95df006b-yec76udi-us-west-1a.sqs.us-west-1.vpce.amazonaws.com"
              [31m-[0m[0m hosted_zone_id = "Z12I86A8N7VCZO"
            },
          [31m-[0m[0m {
              [31m-[0m[0m dns_name       = "vpce-0d3cdafbb95df006b-yec76udi-us-west-1c.sqs.us-west-1.vpce.amazonaws.com"
              [31m-[0m[0m hosted_zone_id = "Z12I86A8N7VCZO"
            },
          [31m-[0m[0m {
              [31m-[0m[0m dns_name       = "sqs.us-west-1.amazonaws.com"
              [31m-[0m[0m hosted_zone_id = "Z02589412IUGYCC63V1C4"
            },
          [31m-[0m[0m {
              [31m-[0m[0m dns_name       = "sqs.us-west-1.api.aws"
              [31m-[0m[0m hosted_zone_id = "Z0957542X0ILFEP29YDV"
            },
        ] [90m-> null[0m[0m
      [31m-[0m[0m id                         = "vpce-0d3cdafbb95df006b" [90m-> null[0m[0m
      [31m-[0m[0m ip_address_type            = "ipv4" [90m-> null[0m[0m
      [31m-[0m[0m network_interface_ids      = [
          [31m-[0m[0m "eni-03198c0d137aace18",
          [31m-[0m[0m "eni-07db5faaf7374384e",
        ] [90m-> null[0m[0m
      [31m-[0m[0m owner_id                   = "240462142849" [90m-> null[0m[0m
      [31m-[0m[0m policy                     = jsonencode(
            {
              [31m-[0m[0m Statement = [
                  [31m-[0m[0m {
                      [31m-[0m[0m Action    = "*"
                      [31m-[0m[0m Effect    = "Allow"
                      [31m-[0m[0m Principal = "*"
                      [31m-[0m[0m Resource  = "*"
                    },
                ]
            }
        ) [90m-> null[0m[0m
      [31m-[0m[0m private_dns_enabled        = true [90m-> null[0m[0m
      [31m-[0m[0m region                     = "us-west-1" [90m-> null[0m[0m
      [31m-[0m[0m requester_managed          = false [90m-> null[0m[0m
      [31m-[0m[0m route_table_ids            = [] [90m-> null[0m[0m
      [31m-[0m[0m security_group_ids         = [
          [31m-[0m[0m "sg-0e001a493c4d7dc4f",
        ] [90m-> null[0m[0m
      [31m-[0m[0m service_name               = "com.amazonaws.us-west-1.sqs" [90m-> null[0m[0m
      [31m-[0m[0m service_region             = "us-west-1" [90m-> null[0m[0m
      [31m-[0m[0m state                      = "available" [90m-> null[0m[0m
      [31m-[0m[0m subnet_ids                 = [
          [31m-[0m[0m "subnet-01cdc84de3b32c135",
          [31m-[0m[0m "subnet-07343877e9a03db98",
        ] [90m-> null[0m[0m
      [31m-[0m[0m tags                       = {
          [31m-[0m[0m "Name" = "devops-g3-vpce-sqs"
        } [90m-> null[0m[0m
      [31m-[0m[0m tags_all                   = {
          [31m-[0m[0m "Name"        = "devops-g3-vpce-sqs"
          [31m-[0m[0m "capstone"    = "tillflow"
          [31m-[0m[0m "environment" = "dev"
          [31m-[0m[0m "group"       = "devops-g3"
          [31m-[0m[0m "managed-by"  = "terraform"
          [31m-[0m[0m "owner"       = "lwam"
          [31m-[0m[0m "service"     = "platform"
        } [90m-> null[0m[0m
      [31m-[0m[0m vpc_endpoint_type          = "Interface" [90m-> null[0m[0m
      [31m-[0m[0m vpc_id                     = "vpc-00cfe1339e0c0c86b" [90m-> null[0m[0m
        [90m# (2 unchanged attributes hidden)[0m[0m

      [31m-[0m[0m dns_options {
          [31m-[0m[0m dns_record_ip_type                             = "ipv4" [90m-> null[0m[0m
          [31m-[0m[0m private_dns_only_for_inbound_resolver_endpoint = false [90m-> null[0m[0m
          [31m-[0m[0m private_dns_specified_domains                  = [] [90m-> null[0m[0m
            [90m# (1 unchanged attribute hidden)[0m[0m
        }

      [31m-[0m[0m subnet_configuration {
          [31m-[0m[0m ipv4      = "10.20.77.41" [90m-> null[0m[0m
          [31m-[0m[0m subnet_id = "subnet-07343877e9a03db98" [90m-> null[0m[0m
            [90m# (1 unchanged attribute hidden)[0m[0m
        }
      [31m-[0m[0m subnet_configuration {
          [31m-[0m[0m ipv4      = "10.20.95.220" [90m-> null[0m[0m
          [31m-[0m[0m subnet_id = "subnet-01cdc84de3b32c135" [90m-> null[0m[0m
            [90m# (1 unchanged attribute hidden)[0m[0m
        }
    }

[1m  # module.network.aws_vpc_endpoint.interface["ssm"][0m will be [1m[31mdestroyed[0m
[0m  [31m-[0m[0m resource "aws_vpc_endpoint" "interface" {
      [31m-[0m[0m arn                        = "arn:aws:ec2:us-west-1:240462142849:vpc-endpoint/vpce-0b77525571c45a63e" [90m-> null[0m[0m
      [31m-[0m[0m cidr_blocks                = [] [90m-> null[0m[0m
      [31m-[0m[0m dns_entry                  = [
          [31m-[0m[0m {
              [31m-[0m[0m dns_name       = "vpce-0b77525571c45a63e-s4oel3bs.ssm.us-west-1.vpce.amazonaws.com"
              [31m-[0m[0m hosted_zone_id = "Z12I86A8N7VCZO"
            },
          [31m-[0m[0m {
              [31m-[0m[0m dns_name       = "vpce-0b77525571c45a63e-s4oel3bs-us-west-1c.ssm.us-west-1.vpce.amazonaws.com"
              [31m-[0m[0m hosted_zone_id = "Z12I86A8N7VCZO"
            },
          [31m-[0m[0m {
              [31m-[0m[0m dns_name       = "vpce-0b77525571c45a63e-s4oel3bs-us-west-1a.ssm.us-west-1.vpce.amazonaws.com"
              [31m-[0m[0m hosted_zone_id = "Z12I86A8N7VCZO"
            },
          [31m-[0m[0m {
              [31m-[0m[0m dns_name       = "ssm.us-west-1.amazonaws.com"
              [31m-[0m[0m hosted_zone_id = "Z09550861NJ5GICHQH7XO"
            },
          [31m-[0m[0m {
              [31m-[0m[0m dns_name       = "ssm.us-west-1.api.aws"
              [31m-[0m[0m hosted_zone_id = "Z09573752BMS2EE8IR277"
            },
        ] [90m-> null[0m[0m
      [31m-[0m[0m id                         = "vpce-0b77525571c45a63e" [90m-> null[0m[0m
      [31m-[0m[0m ip_address_type            = "ipv4" [90m-> null[0m[0m
      [31m-[0m[0m network_interface_ids      = [
          [31m-[0m[0m "eni-0411fe4128b360eb9",
          [31m-[0m[0m "eni-0a741fbce34601b58",
        ] [90m-> null[0m[0m
      [31m-[0m[0m owner_id                   = "240462142849" [90m-> null[0m[0m
      [31m-[0m[0m policy                     = jsonencode(
            {
              [31m-[0m[0m Statement = [
                  [31m-[0m[0m {
                      [31m-[0m[0m Action    = "*"
                      [31m-[0m[0m Effect    = "Allow"
                      [31m-[0m[0m Principal = "*"
                      [31m-[0m[0m Resource  = "*"
                    },
                ]
            }
        ) [90m-> null[0m[0m
      [31m-[0m[0m private_dns_enabled        = true [90m-> null[0m[0m
      [31m-[0m[0m region                     = "us-west-1" [90m-> null[0m[0m
      [31m-[0m[0m requester_managed          = false [90m-> null[0m[0m
      [31m-[0m[0m route_table_ids            = [] [90m-> null[0m[0m
      [31m-[0m[0m security_group_ids         = [
          [31m-[0m[0m "sg-0e001a493c4d7dc4f",
        ] [90m-> null[0m[0m
      [31m-[0m[0m service_name               = "com.amazonaws.us-west-1.ssm" [90m-> null[0m[0m
      [31m-[0m[0m service_region             = "us-west-1" [90m-> null[0m[0m
      [31m-[0m[0m state                      = "available" [90m-> null[0m[0m
      [31m-[0m[0m subnet_ids                 = [
          [31m-[0m[0m "subnet-01cdc84de3b32c135",
          [31m-[0m[0m "subnet-07343877e9a03db98",
        ] [90m-> null[0m[0m
      [31m-[0m[0m tags                       = {
          [31m-[0m[0m "Name" = "devops-g3-vpce-ssm"
        } [90m-> null[0m[0m
      [31m-[0m[0m tags_all                   = {
          [31m-[0m[0m "Name"        = "devops-g3-vpce-ssm"
          [31m-[0m[0m "capstone"    = "tillflow"
          [31m-[0m[0m "environment" = "dev"
          [31m-[0m[0m "group"       = "devops-g3"
          [31m-[0m[0m "managed-by"  = "terraform"
          [31m-[0m[0m "owner"       = "lwam"
          [31m-[0m[0m "service"     = "platform"
        } [90m-> null[0m[0m
      [31m-[0m[0m vpc_endpoint_type          = "Interface" [90m-> null[0m[0m
      [31m-[0m[0m vpc_id                     = "vpc-00cfe1339e0c0c86b" [90m-> null[0m[0m
        [90m# (2 unchanged attributes hidden)[0m[0m

      [31m-[0m[0m dns_options {
          [31m-[0m[0m dns_record_ip_type                             = "ipv4" [90m-> null[0m[0m
          [31m-[0m[0m private_dns_only_for_inbound_resolver_endpoint = false [90m-> null[0m[0m
          [31m-[0m[0m private_dns_specified_domains                  = [] [90m-> null[0m[0m
            [90m# (1 unchanged attribute hidden)[0m[0m
        }

      [31m-[0m[0m subnet_configuration {
          [31m-[0m[0m ipv4      = "10.20.66.27" [90m-> null[0m[0m
          [31m-[0m[0m subnet_id = "subnet-07343877e9a03db98" [90m-> null[0m[0m
            [90m# (1 unchanged attribute hidden)[0m[0m
        }
      [31m-[0m[0m subnet_configuration {
          [31m-[0m[0m ipv4      = "10.20.87.180" [90m-> null[0m[0m
          [31m-[0m[0m subnet_id = "subnet-01cdc84de3b32c135" [90m-> null[0m[0m
            [90m# (1 unchanged attribute hidden)[0m[0m
        }
    }

[1m  # module.network.aws_vpc_endpoint.interface["ssmmessages"][0m will be [1m[31mdestroyed[0m
[0m  [31m-[0m[0m resource "aws_vpc_endpoint" "interface" {
      [31m-[0m[0m arn                        = "arn:aws:ec2:us-west-1:240462142849:vpc-endpoint/vpce-062a1df30b98f033f" [90m-> null[0m[0m
      [31m-[0m[0m cidr_blocks                = [] [90m-> null[0m[0m
      [31m-[0m[0m dns_entry                  = [
          [31m-[0m[0m {
              [31m-[0m[0m dns_name       = "vpce-062a1df30b98f033f-46p0uhce.ssmmessages.us-west-1.vpce.amazonaws.com"
              [31m-[0m[0m hosted_zone_id = "Z12I86A8N7VCZO"
            },
          [31m-[0m[0m {
              [31m-[0m[0m dns_name       = "vpce-062a1df30b98f033f-46p0uhce-us-west-1c.ssmmessages.us-west-1.vpce.amazonaws.com"
              [31m-[0m[0m hosted_zone_id = "Z12I86A8N7VCZO"
            },
          [31m-[0m[0m {
              [31m-[0m[0m dns_name       = "vpce-062a1df30b98f033f-46p0uhce-us-west-1a.ssmmessages.us-west-1.vpce.amazonaws.com"
              [31m-[0m[0m hosted_zone_id = "Z12I86A8N7VCZO"
            },
          [31m-[0m[0m {
              [31m-[0m[0m dns_name       = "ssmmessages.us-west-1.amazonaws.com"
              [31m-[0m[0m hosted_zone_id = "Z0957537LV313WIQRHQM"
            },
          [31m-[0m[0m {
              [31m-[0m[0m dns_name       = "ssmmessages.us-west-1.api.aws"
              [31m-[0m[0m hosted_zone_id = "Z0095385173EQIHIFW4PL"
            },
        ] [90m-> null[0m[0m
      [31m-[0m[0m id                         = "vpce-062a1df30b98f033f" [90m-> null[0m[0m
      [31m-[0m[0m ip_address_type            = "ipv4" [90m-> null[0m[0m
      [31m-[0m[0m network_interface_ids      = [
          [31m-[0m[0m "eni-01405d2dc8ca4aacb",
          [31m-[0m[0m "eni-0eacff65dbadd37f0",
        ] [90m-> null[0m[0m
      [31m-[0m[0m owner_id                   = "240462142849" [90m-> null[0m[0m
      [31m-[0m[0m policy                     = jsonencode(
            {
              [31m-[0m[0m Statement = [
                  [31m-[0m[0m {
                      [31m-[0m[0m Action    = "*"
                      [31m-[0m[0m Effect    = "Allow"
                      [31m-[0m[0m Principal = "*"
                      [31m-[0m[0m Resource  = "*"
                    },
                ]
            }
        ) [90m-> null[0m[0m
      [31m-[0m[0m private_dns_enabled        = true [90m-> null[0m[0m
      [31m-[0m[0m region                     = "us-west-1" [90m-> null[0m[0m
      [31m-[0m[0m requester_managed          = false [90m-> null[0m[0m
      [31m-[0m[0m route_table_ids            = [] [90m-> null[0m[0m
      [31m-[0m[0m security_group_ids         = [
          [31m-[0m[0m "sg-0e001a493c4d7dc4f",
        ] [90m-> null[0m[0m
      [31m-[0m[0m service_name               = "com.amazonaws.us-west-1.ssmmessages" [90m-> null[0m[0m
      [31m-[0m[0m service_region             = "us-west-1" [90m-> null[0m[0m
      [31m-[0m[0m state                      = "available" [90m-> null[0m[0m
      [31m-[0m[0m subnet_ids                 = [
          [31m-[0m[0m "subnet-01cdc84de3b32c135",
          [31m-[0m[0m "subnet-07343877e9a03db98",
        ] [90m-> null[0m[0m
      [31m-[0m[0m tags                       = {
          [31m-[0m[0m "Name" = "devops-g3-vpce-ssmmessages"
        } [90m-> null[0m[0m
      [31m-[0m[0m tags_all                   = {
          [31m-[0m[0m "Name"        = "devops-g3-vpce-ssmmessages"
          [31m-[0m[0m "capstone"    = "tillflow"
          [31m-[0m[0m "environment" = "dev"
          [31m-[0m[0m "group"       = "devops-g3"
          [31m-[0m[0m "managed-by"  = "terraform"
          [31m-[0m[0m "owner"       = "lwam"
          [31m-[0m[0m "service"     = "platform"
        } [90m-> null[0m[0m
      [31m-[0m[0m vpc_endpoint_type          = "Interface" [90m-> null[0m[0m
      [31m-[0m[0m vpc_id                     = "vpc-00cfe1339e0c0c86b" [90m-> null[0m[0m
        [90m# (2 unchanged attributes hidden)[0m[0m

      [31m-[0m[0m dns_options {
          [31m-[0m[0m dns_record_ip_type                             = "ipv4" [90m-> null[0m[0m
          [31m-[0m[0m private_dns_only_for_inbound_resolver_endpoint = false [90m-> null[0m[0m
          [31m-[0m[0m private_dns_specified_domains                  = [] [90m-> null[0m[0m
            [90m# (1 unchanged attribute hidden)[0m[0m
        }

      [31m-[0m[0m subnet_configuration {
          [31m-[0m[0m ipv4      = "10.20.69.113" [90m-> null[0m[0m
          [31m-[0m[0m subnet_id = "subnet-07343877e9a03db98" [90m-> null[0m[0m
            [90m# (1 unchanged attribute hidden)[0m[0m
        }
      [31m-[0m[0m subnet_configuration {
          [31m-[0m[0m ipv4      = "10.20.94.57" [90m-> null[0m[0m
          [31m-[0m[0m subnet_id = "subnet-01cdc84de3b32c135" [90m-> null[0m[0m
            [90m# (1 unchanged attribute hidden)[0m[0m
        }
    }

[1m  # module.network.aws_vpc_endpoint.s3[0m will be [1m[31mdestroyed[0m
[0m  [31m-[0m[0m resource "aws_vpc_endpoint" "s3" {
      [31m-[0m[0m arn                        = "arn:aws:ec2:us-west-1:240462142849:vpc-endpoint/vpce-0422a6ecdc7e77c14" [90m-> null[0m[0m
      [31m-[0m[0m cidr_blocks                = [
          [31m-[0m[0m "52.219.220.0/23",
          [31m-[0m[0m "52.219.120.0/22",
          [31m-[0m[0m "16.15.0.0/21",
          [31m-[0m[0m "52.219.216.0/23",
          [31m-[0m[0m "52.219.194.0/24",
          [31m-[0m[0m "52.219.24.0/21",
          [31m-[0m[0m "52.219.112.0/21",
          [31m-[0m[0m "3.5.160.0/22",
          [31m-[0m[0m "52.219.255.0/24",
          [31m-[0m[0m "52.219.23.0/24",
          [31m-[0m[0m "52.219.192.0/23",
        ] [90m-> null[0m[0m
      [31m-[0m[0m dns_entry                  = [] [90m-> null[0m[0m
      [31m-[0m[0m id                         = "vpce-0422a6ecdc7e77c14" [90m-> null[0m[0m
      [31m-[0m[0m ip_address_type            = "ipv4" [90m-> null[0m[0m
      [31m-[0m[0m network_interface_ids      = [] [90m-> null[0m[0m
      [31m-[0m[0m owner_id                   = "240462142849" [90m-> null[0m[0m
      [31m-[0m[0m policy                     = jsonencode(
            {
              [31m-[0m[0m Statement = [
                  [31m-[0m[0m {
                      [31m-[0m[0m Action    = "*"
                      [31m-[0m[0m Effect    = "Allow"
                      [31m-[0m[0m Principal = "*"
                      [31m-[0m[0m Resource  = "*"
                    },
                ]
              [31m-[0m[0m Version   = "2008-10-17"
            }
        ) [90m-> null[0m[0m
      [31m-[0m[0m prefix_list_id             = "pl-6ba54002" [90m-> null[0m[0m
      [31m-[0m[0m private_dns_enabled        = false [90m-> null[0m[0m
      [31m-[0m[0m region                     = "us-west-1" [90m-> null[0m[0m
      [31m-[0m[0m requester_managed          = false [90m-> null[0m[0m
      [31m-[0m[0m route_table_ids            = [
          [31m-[0m[0m "rtb-012b7624dc9da2b3f",
          [31m-[0m[0m "rtb-0eeb3098cb7625076",
          [31m-[0m[0m "rtb-0f92fdecec3e8260e",
        ] [90m-> null[0m[0m
      [31m-[0m[0m security_group_ids         = [] [90m-> null[0m[0m
      [31m-[0m[0m service_name               = "com.amazonaws.us-west-1.s3" [90m-> null[0m[0m
      [31m-[0m[0m service_region             = "us-west-1" [90m-> null[0m[0m
      [31m-[0m[0m state                      = "available" [90m-> null[0m[0m
      [31m-[0m[0m subnet_ids                 = [] [90m-> null[0m[0m
      [31m-[0m[0m tags                       = {
          [31m-[0m[0m "Name" = "devops-g3-vpce-s3"
        } [90m-> null[0m[0m
      [31m-[0m[0m tags_all                   = {
          [31m-[0m[0m "Name"        = "devops-g3-vpce-s3"
          [31m-[0m[0m "capstone"    = "tillflow"
          [31m-[0m[0m "environment" = "dev"
          [31m-[0m[0m "group"       = "devops-g3"
          [31m-[0m[0m "managed-by"  = "terraform"
          [31m-[0m[0m "owner"       = "lwam"
          [31m-[0m[0m "service"     = "platform"
        } [90m-> null[0m[0m
      [31m-[0m[0m vpc_endpoint_type          = "Gateway" [90m-> null[0m[0m
      [31m-[0m[0m vpc_id                     = "vpc-00cfe1339e0c0c86b" [90m-> null[0m[0m
        [90m# (2 unchanged attributes hidden)[0m[0m

      [31m-[0m[0m dns_options {
          [31m-[0m[0m dns_record_ip_type                             = "service-defined" [90m-> null[0m[0m
          [31m-[0m[0m private_dns_only_for_inbound_resolver_endpoint = false [90m-> null[0m[0m
          [31m-[0m[0m private_dns_specified_domains                  = [] [90m-> null[0m[0m
            [90m# (1 unchanged attribute hidden)[0m[0m
        }
    }

[1m  # module.network.aws_vpc_security_group_ingress_rule.vpc_endpoints_https[0m will be [1m[31mdestroyed[0m
[0m  [31m-[0m[0m resource "aws_vpc_security_group_ingress_rule" "vpc_endpoints_https" {
      [31m-[0m[0m arn                    = "arn:aws:ec2:us-west-1:240462142849:security-group-rule/sgr-07011932e6376d6bc" [90m-> null[0m[0m
      [31m-[0m[0m cidr_ipv4              = "10.20.0.0/16" [90m-> null[0m[0m
      [31m-[0m[0m description            = "HTTPS from within the VPC" [90m-> null[0m[0m
      [31m-[0m[0m from_port              = 443 [90m-> null[0m[0m
      [31m-[0m[0m id                     = "sgr-07011932e6376d6bc" [90m-> null[0m[0m
      [31m-[0m[0m ip_protocol            = "tcp" [90m-> null[0m[0m
      [31m-[0m[0m region                 = "us-west-1" [90m-> null[0m[0m
      [31m-[0m[0m security_group_id      = "sg-0e001a493c4d7dc4f" [90m-> null[0m[0m
      [31m-[0m[0m security_group_rule_id = "sgr-07011932e6376d6bc" [90m-> null[0m[0m
      [31m-[0m[0m tags_all               = {
          [31m-[0m[0m "capstone"    = "tillflow"
          [31m-[0m[0m "environment" = "dev"
          [31m-[0m[0m "group"       = "devops-g3"
          [31m-[0m[0m "managed-by"  = "terraform"
          [31m-[0m[0m "owner"       = "lwam"
          [31m-[0m[0m "service"     = "platform"
        } [90m-> null[0m[0m
      [31m-[0m[0m to_port                = 443 [90m-> null[0m[0m
    }

[1m  # module.observability_alarms.aws_cloudwatch_metric_alarm.canary_success[0][0m will be [1m[31mdestroyed[0m
[0m  [31m-[0m[0m resource "aws_cloudwatch_metric_alarm" "canary_success" {
      [31m-[0m[0m actions_enabled                       = true [90m-> null[0m[0m
      [31m-[0m[0m alarm_actions                         = [] [90m-> null[0m[0m
      [31m-[0m[0m alarm_description                     = "External synthetics success rate below 90% — check API Gateway, ALB, web service (runbook EdgeProbeFailed)." [90m-> null[0m[0m
      [31m-[0m[0m alarm_name                            = "devops-g3-edge-health-canary" [90m-> null[0m[0m
      [31m-[0m[0m arn                                   = "arn:aws:cloudwatch:us-west-1:240462142849:alarm:devops-g3-edge-health-canary" [90m-> null[0m[0m
      [31m-[0m[0m comparison_operator                   = "LessThanThreshold" [90m-> null[0m[0m
      [31m-[0m[0m datapoints_to_alarm                   = 0 [90m-> null[0m[0m
      [31m-[0m[0m dimensions                            = {
          [31m-[0m[0m "CanaryName" = "devops-g3-edge-health"
        } [90m-> null[0m[0m
      [31m-[0m[0m evaluation_interval                   = 0 [90m-> null[0m[0m
      [31m-[0m[0m evaluation_periods                    = 2 [90m-> null[0m[0m
      [31m-[0m[0m id                                    = "devops-g3-edge-health-canary" [90m-> null[0m[0m
      [31m-[0m[0m insufficient_data_actions             = [] [90m-> null[0m[0m
      [31m-[0m[0m metric_name                           = "SuccessPercent" [90m-> null[0m[0m
      [31m-[0m[0m namespace                             = "CloudWatchSynthetics" [90m-> null[0m[0m
      [31m-[0m[0m ok_actions                            = [] [90m-> null[0m[0m
      [31m-[0m[0m period                                = 60 [90m-> null[0m[0m
      [31m-[0m[0m region                                = "us-west-1" [90m-> null[0m[0m
      [31m-[0m[0m statistic                             = "Average" [90m-> null[0m[0m
      [31m-[0m[0m tags                                  = {
          [31m-[0m[0m "Name"    = "devops-g3-edge-health-canary"
          [31m-[0m[0m "owner"   = "minage"
          [31m-[0m[0m "service" = "platform"
        } [90m-> null[0m[0m
      [31m-[0m[0m tags_all                              = {
          [31m-[0m[0m "Name"        = "devops-g3-edge-health-canary"
          [31m-[0m[0m "capstone"    = "tillflow"
          [31m-[0m[0m "environment" = "dev"
          [31m-[0m[0m "group"       = "devops-g3"
          [31m-[0m[0m "managed-by"  = "terraform"
          [31m-[0m[0m "owner"       = "minage"
          [31m-[0m[0m "service"     = "platform"
        } [90m-> null[0m[0m
      [31m-[0m[0m threshold                             = 90 [90m-> null[0m[0m
      [31m-[0m[0m treat_missing_data                    = "breaching" [90m-> null[0m[0m
        [90m# (4 unchanged attributes hidden)[0m[0m
    }

[1m  # module.observability_alarms.aws_cloudwatch_metric_alarm.dlq_depth["payout"][0m will be [1m[31mdestroyed[0m
[0m  [31m-[0m[0m resource "aws_cloudwatch_metric_alarm" "dlq_depth" {
      [31m-[0m[0m actions_enabled                       = true [90m-> null[0m[0m
      [31m-[0m[0m alarm_actions                         = [] [90m-> null[0m[0m
      [31m-[0m[0m alarm_description                     = "Messages visible on payout DLQ — replay or fix consumer (runbook § Observability alerts)." [90m-> null[0m[0m
      [31m-[0m[0m alarm_name                            = "devops-g3-payout-dlq-depth" [90m-> null[0m[0m
      [31m-[0m[0m arn                                   = "arn:aws:cloudwatch:us-west-1:240462142849:alarm:devops-g3-payout-dlq-depth" [90m-> null[0m[0m
      [31m-[0m[0m comparison_operator                   = "GreaterThanOrEqualToThreshold" [90m-> null[0m[0m
      [31m-[0m[0m datapoints_to_alarm                   = 0 [90m-> null[0m[0m
      [31m-[0m[0m dimensions                            = {
          [31m-[0m[0m "QueueName" = "devops-g3-payout-dlq"
        } [90m-> null[0m[0m
      [31m-[0m[0m evaluation_interval                   = 0 [90m-> null[0m[0m
      [31m-[0m[0m evaluation_periods                    = 1 [90m-> null[0m[0m
      [31m-[0m[0m id                                    = "devops-g3-payout-dlq-depth" [90m-> null[0m[0m
      [31m-[0m[0m insufficient_data_actions             = [] [90m-> null[0m[0m
      [31m-[0m[0m metric_name                           = "ApproximateNumberOfMessagesVisible" [90m-> null[0m[0m
      [31m-[0m[0m namespace                             = "AWS/SQS" [90m-> null[0m[0m
      [31m-[0m[0m ok_actions                            = [] [90m-> null[0m[0m
      [31m-[0m[0m period                                = 60 [90m-> null[0m[0m
      [31m-[0m[0m region                                = "us-west-1" [90m-> null[0m[0m
      [31m-[0m[0m statistic                             = "Maximum" [90m-> null[0m[0m
      [31m-[0m[0m tags                                  = {
          [31m-[0m[0m "Name"    = "devops-g3-payout-dlq-depth"
          [31m-[0m[0m "owner"   = "minage"
          [31m-[0m[0m "service" = "payout"
        } [90m-> null[0m[0m
      [31m-[0m[0m tags_all                              = {
          [31m-[0m[0m "Name"        = "devops-g3-payout-dlq-depth"
          [31m-[0m[0m "capstone"    = "tillflow"
          [31m-[0m[0m "environment" = "dev"
          [31m-[0m[0m "group"       = "devops-g3"
          [31m-[0m[0m "managed-by"  = "terraform"
          [31m-[0m[0m "owner"       = "minage"
          [31m-[0m[0m "service"     = "payout"
        } [90m-> null[0m[0m
      [31m-[0m[0m threshold                             = 1 [90m-> null[0m[0m
      [31m-[0m[0m treat_missing_data                    = "notBreaching" [90m-> null[0m[0m
        [90m# (4 unchanged attributes hidden)[0m[0m
    }

[1m  # module.observability_alarms.aws_cloudwatch_metric_alarm.dlq_depth["reconciliation"][0m will be [1m[31mdestroyed[0m
[0m  [31m-[0m[0m resource "aws_cloudwatch_metric_alarm" "dlq_depth" {
      [31m-[0m[0m actions_enabled                       = true [90m-> null[0m[0m
      [31m-[0m[0m alarm_actions                         = [] [90m-> null[0m[0m
      [31m-[0m[0m alarm_description                     = "Messages visible on reconciliation DLQ — replay or fix consumer (runbook § Observability alerts)." [90m-> null[0m[0m
      [31m-[0m[0m alarm_name                            = "devops-g3-reconciliation-dlq-depth" [90m-> null[0m[0m
      [31m-[0m[0m arn                                   = "arn:aws:cloudwatch:us-west-1:240462142849:alarm:devops-g3-reconciliation-dlq-depth" [90m-> null[0m[0m
      [31m-[0m[0m comparison_operator                   = "GreaterThanOrEqualToThreshold" [90m-> null[0m[0m
      [31m-[0m[0m datapoints_to_alarm                   = 0 [90m-> null[0m[0m
      [31m-[0m[0m dimensions                            = {
          [31m-[0m[0m "QueueName" = "devops-g3-reconciliation-dlq"
        } [90m-> null[0m[0m
      [31m-[0m[0m evaluation_interval                   = 0 [90m-> null[0m[0m
      [31m-[0m[0m evaluation_periods                    = 1 [90m-> null[0m[0m
      [31m-[0m[0m id                                    = "devops-g3-reconciliation-dlq-depth" [90m-> null[0m[0m
      [31m-[0m[0m insufficient_data_actions             = [] [90m-> null[0m[0m
      [31m-[0m[0m metric_name                           = "ApproximateNumberOfMessagesVisible" [90m-> null[0m[0m
      [31m-[0m[0m namespace                             = "AWS/SQS" [90m-> null[0m[0m
      [31m-[0m[0m ok_actions                            = [] [90m-> null[0m[0m
      [31m-[0m[0m period                                = 60 [90m-> null[0m[0m
      [31m-[0m[0m region                                = "us-west-1" [90m-> null[0m[0m
      [31m-[0m[0m statistic                             = "Maximum" [90m-> null[0m[0m
      [31m-[0m[0m tags                                  = {
          [31m-[0m[0m "Name"    = "devops-g3-reconciliation-dlq-depth"
          [31m-[0m[0m "owner"   = "minage"
          [31m-[0m[0m "service" = "reconciliation"
        } [90m-> null[0m[0m
      [31m-[0m[0m tags_all                              = {
          [31m-[0m[0m "Name"        = "devops-g3-reconciliation-dlq-depth"
          [31m-[0m[0m "capstone"    = "tillflow"
          [31m-[0m[0m "environment" = "dev"
          [31m-[0m[0m "group"       = "devops-g3"
          [31m-[0m[0m "managed-by"  = "terraform"
          [31m-[0m[0m "owner"       = "minage"
          [31m-[0m[0m "service"     = "reconciliation"
        } [90m-> null[0m[0m
      [31m-[0m[0m threshold                             = 1 [90m-> null[0m[0m
      [31m-[0m[0m treat_missing_data                    = "notBreaching" [90m-> null[0m[0m
        [90m# (4 unchanged attributes hidden)[0m[0m
    }

[1m  # module.observability_alarms.aws_cloudwatch_metric_alarm.ecs_cpu_high["commission"][0m will be [1m[31mdestroyed[0m
[0m  [31m-[0m[0m resource "aws_cloudwatch_metric_alarm" "ecs_cpu_high" {
      [31m-[0m[0m actions_enabled                       = true [90m-> null[0m[0m
      [31m-[0m[0m alarm_actions                         = [] [90m-> null[0m[0m
      [31m-[0m[0m alarm_description                     = "ECS CPU above 80% for commission; check recent deploy, task health and scaling." [90m-> null[0m[0m
      [31m-[0m[0m alarm_name                            = "devops-g3-commission-ecs-cpu-high" [90m-> null[0m[0m
      [31m-[0m[0m arn                                   = "arn:aws:cloudwatch:us-west-1:240462142849:alarm:devops-g3-commission-ecs-cpu-high" [90m-> null[0m[0m
      [31m-[0m[0m comparison_operator                   = "GreaterThanThreshold" [90m-> null[0m[0m
      [31m-[0m[0m datapoints_to_alarm                   = 0 [90m-> null[0m[0m
      [31m-[0m[0m dimensions                            = {
          [31m-[0m[0m "ClusterName" = "devops-g3"
          [31m-[0m[0m "ServiceName" = "devops-g3-commission"
        } [90m-> null[0m[0m
      [31m-[0m[0m evaluation_interval                   = 0 [90m-> null[0m[0m
      [31m-[0m[0m evaluation_periods                    = 5 [90m-> null[0m[0m
      [31m-[0m[0m id                                    = "devops-g3-commission-ecs-cpu-high" [90m-> null[0m[0m
      [31m-[0m[0m insufficient_data_actions             = [] [90m-> null[0m[0m
      [31m-[0m[0m metric_name                           = "CPUUtilization" [90m-> null[0m[0m
      [31m-[0m[0m namespace                             = "AWS/ECS" [90m-> null[0m[0m
      [31m-[0m[0m ok_actions                            = [] [90m-> null[0m[0m
      [31m-[0m[0m period                                = 60 [90m-> null[0m[0m
      [31m-[0m[0m region                                = "us-west-1" [90m-> null[0m[0m
      [31m-[0m[0m statistic                             = "Average" [90m-> null[0m[0m
      [31m-[0m[0m tags                                  = {
          [31m-[0m[0m "Name"    = "devops-g3-commission-ecs-cpu-high"
          [31m-[0m[0m "owner"   = "minage"
          [31m-[0m[0m "service" = "commission"
        } [90m-> null[0m[0m
      [31m-[0m[0m tags_all                              = {
          [31m-[0m[0m "Name"        = "devops-g3-commission-ecs-cpu-high"
          [31m-[0m[0m "capstone"    = "tillflow"
          [31m-[0m[0m "environment" = "dev"
          [31m-[0m[0m "group"       = "devops-g3"
          [31m-[0m[0m "managed-by"  = "terraform"
          [31m-[0m[0m "owner"       = "minage"
          [31m-[0m[0m "service"     = "commission"
        } [90m-> null[0m[0m
      [31m-[0m[0m threshold                             = 80 [90m-> null[0m[0m
      [31m-[0m[0m treat_missing_data                    = "notBreaching" [90m-> null[0m[0m
        [90m# (4 unchanged attributes hidden)[0m[0m
    }

[1m  # module.observability_alarms.aws_cloudwatch_metric_alarm.ecs_cpu_high["payments"][0m will be [1m[31mdestroyed[0m
[0m  [31m-[0m[0m resource "aws_cloudwatch_metric_alarm" "ecs_cpu_high" {
      [31m-[0m[0m actions_enabled                       = true [90m-> null[0m[0m
      [31m-[0m[0m alarm_actions                         = [] [90m-> null[0m[0m
      [31m-[0m[0m alarm_description                     = "ECS CPU above 80% for payments; check recent deploy, task health and scaling." [90m-> null[0m[0m
      [31m-[0m[0m alarm_name                            = "devops-g3-payments-ecs-cpu-high" [90m-> null[0m[0m
      [31m-[0m[0m arn                                   = "arn:aws:cloudwatch:us-west-1:240462142849:alarm:devops-g3-payments-ecs-cpu-high" [90m-> null[0m[0m
      [31m-[0m[0m comparison_operator                   = "GreaterThanThreshold" [90m-> null[0m[0m
      [31m-[0m[0m datapoints_to_alarm                   = 0 [90m-> null[0m[0m
      [31m-[0m[0m dimensions                            = {
          [31m-[0m[0m "ClusterName" = "devops-g3"
          [31m-[0m[0m "ServiceName" = "devops-g3-payments"
        } [90m-> null[0m[0m
      [31m-[0m[0m evaluation_interval                   = 0 [90m-> null[0m[0m
      [31m-[0m[0m evaluation_periods                    = 5 [90m-> null[0m[0m
      [31m-[0m[0m id                                    = "devops-g3-payments-ecs-cpu-high" [90m-> null[0m[0m
      [31m-[0m[0m insufficient_data_actions             = [] [90m-> null[0m[0m
      [31m-[0m[0m metric_name                           = "CPUUtilization" [90m-> null[0m[0m
      [31m-[0m[0m namespace                             = "AWS/ECS" [90m-> null[0m[0m
      [31m-[0m[0m ok_actions                            = [] [90m-> null[0m[0m
      [31m-[0m[0m period                                = 60 [90m-> null[0m[0m
      [31m-[0m[0m region                                = "us-west-1" [90m-> null[0m[0m
      [31m-[0m[0m statistic                             = "Average" [90m-> null[0m[0m
      [31m-[0m[0m tags                                  = {
          [31m-[0m[0m "Name"    = "devops-g3-payments-ecs-cpu-high"
          [31m-[0m[0m "owner"   = "minage"
          [31m-[0m[0m "service" = "payments"
        } [90m-> null[0m[0m
      [31m-[0m[0m tags_all                              = {
          [31m-[0m[0m "Name"        = "devops-g3-payments-ecs-cpu-high"
          [31m-[0m[0m "capstone"    = "tillflow"
          [31m-[0m[0m "environment" = "dev"
          [31m-[0m[0m "group"       = "devops-g3"
          [31m-[0m[0m "managed-by"  = "terraform"
          [31m-[0m[0m "owner"       = "minage"
          [31m-[0m[0m "service"     = "payments"
        } [90m-> null[0m[0m
      [31m-[0m[0m threshold                             = 80 [90m-> null[0m[0m
      [31m-[0m[0m treat_missing_data                    = "notBreaching" [90m-> null[0m[0m
        [90m# (4 unchanged attributes hidden)[0m[0m
    }

[1m  # module.observability_alarms.aws_cloudwatch_metric_alarm.ecs_cpu_high["pos"][0m will be [1m[31mdestroyed[0m
[0m  [31m-[0m[0m resource "aws_cloudwatch_metric_alarm" "ecs_cpu_high" {
      [31m-[0m[0m actions_enabled                       = true [90m-> null[0m[0m
      [31m-[0m[0m alarm_actions                         = [] [90m-> null[0m[0m
      [31m-[0m[0m alarm_description                     = "ECS CPU above 80% for pos; check recent deploy, task health and scaling." [90m-> null[0m[0m
      [31m-[0m[0m alarm_name                            = "devops-g3-pos-ecs-cpu-high" [90m-> null[0m[0m
      [31m-[0m[0m arn                                   = "arn:aws:cloudwatch:us-west-1:240462142849:alarm:devops-g3-pos-ecs-cpu-high" [90m-> null[0m[0m
      [31m-[0m[0m comparison_operator                   = "GreaterThanThreshold" [90m-> null[0m[0m
      [31m-[0m[0m datapoints_to_alarm                   = 0 [90m-> null[0m[0m
      [31m-[0m[0m dimensions                            = {
          [31m-[0m[0m "ClusterName" = "devops-g3"
          [31m-[0m[0m "ServiceName" = "devops-g3-pos"
        } [90m-> null[0m[0m
      [31m-[0m[0m evaluation_interval                   = 0 [90m-> null[0m[0m
      [31m-[0m[0m evaluation_periods                    = 5 [90m-> null[0m[0m
      [31m-[0m[0m id                                    = "devops-g3-pos-ecs-cpu-high" [90m-> null[0m[0m
      [31m-[0m[0m insufficient_data_actions             = [] [90m-> null[0m[0m
      [31m-[0m[0m metric_name                           = "CPUUtilization" [90m-> null[0m[0m
      [31m-[0m[0m namespace                             = "AWS/ECS" [90m-> null[0m[0m
      [31m-[0m[0m ok_actions                            = [] [90m-> null[0m[0m
      [31m-[0m[0m period                                = 60 [90m-> null[0m[0m
      [31m-[0m[0m region                                = "us-west-1" [90m-> null[0m[0m
      [31m-[0m[0m statistic                             = "Average" [90m-> null[0m[0m
      [31m-[0m[0m tags                                  = {
          [31m-[0m[0m "Name"    = "devops-g3-pos-ecs-cpu-high"
          [31m-[0m[0m "owner"   = "minage"
          [31m-[0m[0m "service" = "pos"
        } [90m-> null[0m[0m
      [31m-[0m[0m tags_all                              = {
          [31m-[0m[0m "Name"        = "devops-g3-pos-ecs-cpu-high"
          [31m-[0m[0m "capstone"    = "tillflow"
          [31m-[0m[0m "environment" = "dev"
          [31m-[0m[0m "group"       = "devops-g3"
          [31m-[0m[0m "managed-by"  = "terraform"
          [31m-[0m[0m "owner"       = "minage"
          [31m-[0m[0m "service"     = "pos"
        } [90m-> null[0m[0m
      [31m-[0m[0m threshold                             = 80 [90m-> null[0m[0m
      [31m-[0m[0m treat_missing_data                    = "notBreaching" [90m-> null[0m[0m
        [90m# (4 unchanged attributes hidden)[0m[0m
    }

[1m  # module.observability_alarms.aws_cloudwatch_metric_alarm.ecs_cpu_high["web"][0m will be [1m[31mdestroyed[0m
[0m  [31m-[0m[0m resource "aws_cloudwatch_metric_alarm" "ecs_cpu_high" {
      [31m-[0m[0m actions_enabled                       = true [90m-> null[0m[0m
      [31m-[0m[0m alarm_actions                         = [] [90m-> null[0m[0m
      [31m-[0m[0m alarm_description                     = "ECS CPU above 80% for web; check recent deploy, task health and scaling." [90m-> null[0m[0m
      [31m-[0m[0m alarm_name                            = "devops-g3-web-ecs-cpu-high" [90m-> null[0m[0m
      [31m-[0m[0m arn                                   = "arn:aws:cloudwatch:us-west-1:240462142849:alarm:devops-g3-web-ecs-cpu-high" [90m-> null[0m[0m
      [31m-[0m[0m comparison_operator                   = "GreaterThanThreshold" [90m-> null[0m[0m
      [31m-[0m[0m datapoints_to_alarm                   = 0 [90m-> null[0m[0m
      [31m-[0m[0m dimensions                            = {
          [31m-[0m[0m "ClusterName" = "devops-g3"
          [31m-[0m[0m "ServiceName" = "devops-g3-web"
        } [90m-> null[0m[0m
      [31m-[0m[0m evaluation_interval                   = 0 [90m-> null[0m[0m
      [31m-[0m[0m evaluation_periods                    = 5 [90m-> null[0m[0m
      [31m-[0m[0m id                                    = "devops-g3-web-ecs-cpu-high" [90m-> null[0m[0m
      [31m-[0m[0m insufficient_data_actions             = [] [90m-> null[0m[0m
      [31m-[0m[0m metric_name                           = "CPUUtilization" [90m-> null[0m[0m
      [31m-[0m[0m namespace                             = "AWS/ECS" [90m-> null[0m[0m
      [31m-[0m[0m ok_actions                            = [] [90m-> null[0m[0m
      [31m-[0m[0m period                                = 60 [90m-> null[0m[0m
      [31m-[0m[0m region                                = "us-west-1" [90m-> null[0m[0m
      [31m-[0m[0m statistic                             = "Average" [90m-> null[0m[0m
      [31m-[0m[0m tags                                  = {
          [31m-[0m[0m "Name"    = "devops-g3-web-ecs-cpu-high"
          [31m-[0m[0m "owner"   = "minage"
          [31m-[0m[0m "service" = "web"
        } [90m-> null[0m[0m
      [31m-[0m[0m tags_all                              = {
          [31m-[0m[0m "Name"        = "devops-g3-web-ecs-cpu-high"
          [31m-[0m[0m "capstone"    = "tillflow"
          [31m-[0m[0m "environment" = "dev"
          [31m-[0m[0m "group"       = "devops-g3"
          [31m-[0m[0m "managed-by"  = "terraform"
          [31m-[0m[0m "owner"       = "minage"
          [31m-[0m[0m "service"     = "web"
        } [90m-> null[0m[0m
      [31m-[0m[0m threshold                             = 80 [90m-> null[0m[0m
      [31m-[0m[0m treat_missing_data                    = "notBreaching" [90m-> null[0m[0m
        [90m# (4 unchanged attributes hidden)[0m[0m
    }

[1m  # module.observability_alarms.aws_cloudwatch_metric_alarm.rds_connections_high[0m will be [1m[31mdestroyed[0m
[0m  [31m-[0m[0m resource "aws_cloudwatch_metric_alarm" "rds_connections_high" {
      [31m-[0m[0m actions_enabled                       = true [90m-> null[0m[0m
      [31m-[0m[0m alarm_actions                         = [] [90m-> null[0m[0m
      [31m-[0m[0m alarm_description                     = "RDS connections high for dev; check pool sizing, RDS Proxy and stuck tasks." [90m-> null[0m[0m
      [31m-[0m[0m alarm_name                            = "devops-g3-rds-connections-high" [90m-> null[0m[0m
      [31m-[0m[0m arn                                   = "arn:aws:cloudwatch:us-west-1:240462142849:alarm:devops-g3-rds-connections-high" [90m-> null[0m[0m
      [31m-[0m[0m comparison_operator                   = "GreaterThanThreshold" [90m-> null[0m[0m
      [31m-[0m[0m datapoints_to_alarm                   = 0 [90m-> null[0m[0m
      [31m-[0m[0m dimensions                            = {
          [31m-[0m[0m "DBInstanceIdentifier" = "devops-g3-db"
        } [90m-> null[0m[0m
      [31m-[0m[0m evaluation_interval                   = 0 [90m-> null[0m[0m
      [31m-[0m[0m evaluation_periods                    = 5 [90m-> null[0m[0m
      [31m-[0m[0m id                                    = "devops-g3-rds-connections-high" [90m-> null[0m[0m
      [31m-[0m[0m insufficient_data_actions             = [] [90m-> null[0m[0m
      [31m-[0m[0m metric_name                           = "DatabaseConnections" [90m-> null[0m[0m
      [31m-[0m[0m namespace                             = "AWS/RDS" [90m-> null[0m[0m
      [31m-[0m[0m ok_actions                            = [] [90m-> null[0m[0m
      [31m-[0m[0m period                                = 60 [90m-> null[0m[0m
      [31m-[0m[0m region                                = "us-west-1" [90m-> null[0m[0m
      [31m-[0m[0m statistic                             = "Average" [90m-> null[0m[0m
      [31m-[0m[0m tags                                  = {
          [31m-[0m[0m "Name"    = "devops-g3-rds-connections-high"
          [31m-[0m[0m "owner"   = "minage"
          [31m-[0m[0m "service" = "database"
        } [90m-> null[0m[0m
      [31m-[0m[0m tags_all                              = {
          [31m-[0m[0m "Name"        = "devops-g3-rds-connections-high"
          [31m-[0m[0m "capstone"    = "tillflow"
          [31m-[0m[0m "environment" = "dev"
          [31m-[0m[0m "group"       = "devops-g3"
          [31m-[0m[0m "managed-by"  = "terraform"
          [31m-[0m[0m "owner"       = "minage"
          [31m-[0m[0m "service"     = "database"
        } [90m-> null[0m[0m
      [31m-[0m[0m threshold                             = 80 [90m-> null[0m[0m
      [31m-[0m[0m treat_missing_data                    = "notBreaching" [90m-> null[0m[0m
        [90m# (4 unchanged attributes hidden)[0m[0m
    }

[1m  # module.observability_alarms.aws_cloudwatch_metric_alarm.rds_cpu_high[0m will be [1m[31mdestroyed[0m
[0m  [31m-[0m[0m resource "aws_cloudwatch_metric_alarm" "rds_cpu_high" {
      [31m-[0m[0m actions_enabled                       = true [90m-> null[0m[0m
      [31m-[0m[0m alarm_actions                         = [] [90m-> null[0m[0m
      [31m-[0m[0m alarm_description                     = "RDS CPU above 80%; check DB connections, slow queries and RDS events." [90m-> null[0m[0m
      [31m-[0m[0m alarm_name                            = "devops-g3-rds-cpu-high" [90m-> null[0m[0m
      [31m-[0m[0m arn                                   = "arn:aws:cloudwatch:us-west-1:240462142849:alarm:devops-g3-rds-cpu-high" [90m-> null[0m[0m
      [31m-[0m[0m comparison_operator                   = "GreaterThanThreshold" [90m-> null[0m[0m
      [31m-[0m[0m datapoints_to_alarm                   = 0 [90m-> null[0m[0m
      [31m-[0m[0m dimensions                            = {
          [31m-[0m[0m "DBInstanceIdentifier" = "devops-g3-db"
        } [90m-> null[0m[0m
      [31m-[0m[0m evaluation_interval                   = 0 [90m-> null[0m[0m
      [31m-[0m[0m evaluation_periods                    = 5 [90m-> null[0m[0m
      [31m-[0m[0m id                                    = "devops-g3-rds-cpu-high" [90m-> null[0m[0m
      [31m-[0m[0m insufficient_data_actions             = [] [90m-> null[0m[0m
      [31m-[0m[0m metric_name                           = "CPUUtilization" [90m-> null[0m[0m
      [31m-[0m[0m namespace                             = "AWS/RDS" [90m-> null[0m[0m
      [31m-[0m[0m ok_actions                            = [] [90m-> null[0m[0m
      [31m-[0m[0m period                                = 60 [90m-> null[0m[0m
      [31m-[0m[0m region                                = "us-west-1" [90m-> null[0m[0m
      [31m-[0m[0m statistic                             = "Average" [90m-> null[0m[0m
      [31m-[0m[0m tags                                  = {
          [31m-[0m[0m "Name"    = "devops-g3-rds-cpu-high"
          [31m-[0m[0m "owner"   = "minage"
          [31m-[0m[0m "service" = "database"
        } [90m-> null[0m[0m
      [31m-[0m[0m tags_all                              = {
          [31m-[0m[0m "Name"        = "devops-g3-rds-cpu-high"
          [31m-[0m[0m "capstone"    = "tillflow"
          [31m-[0m[0m "environment" = "dev"
          [31m-[0m[0m "group"       = "devops-g3"
          [31m-[0m[0m "managed-by"  = "terraform"
          [31m-[0m[0m "owner"       = "minage"
          [31m-[0m[0m "service"     = "database"
        } [90m-> null[0m[0m
      [31m-[0m[0m threshold                             = 80 [90m-> null[0m[0m
      [31m-[0m[0m treat_missing_data                    = "notBreaching" [90m-> null[0m[0m
        [90m# (4 unchanged attributes hidden)[0m[0m
    }

[1m  # module.rds.aws_db_instance.this[0m will be [1m[31mdestroyed[0m
[0m  [31m-[0m[0m resource "aws_db_instance" "this" {
      [31m-[0m[0m address                               = "devops-g3-db.chgiwkc8muat.us-west-1.rds.amazonaws.com" [90m-> null[0m[0m
      [31m-[0m[0m allocated_storage                     = 20 [90m-> null[0m[0m
      [31m-[0m[0m apply_immediately                     = false [90m-> null[0m[0m
      [31m-[0m[0m arn                                   = "arn:aws:rds:us-west-1:240462142849:db:devops-g3-db" [90m-> null[0m[0m
      [31m-[0m[0m auto_minor_version_upgrade            = true [90m-> null[0m[0m
      [31m-[0m[0m availability_zone                     = "us-west-1a" [90m-> null[0m[0m
      [31m-[0m[0m backup_retention_period               = 7 [90m-> null[0m[0m
      [31m-[0m[0m backup_target                         = "region" [90m-> null[0m[0m
      [31m-[0m[0m backup_window                         = "03:00-04:00" [90m-> null[0m[0m
      [31m-[0m[0m ca_cert_identifier                    = "rds-ca-rsa2048-g1" [90m-> null[0m[0m
      [31m-[0m[0m copy_tags_to_snapshot                 = true [90m-> null[0m[0m
      [31m-[0m[0m customer_owned_ip_enabled             = false [90m-> null[0m[0m
      [31m-[0m[0m database_insights_mode                = "standard" [90m-> null[0m[0m
      [31m-[0m[0m db_name                               = "tillflow" [90m-> null[0m[0m
      [31m-[0m[0m db_subnet_group_name                  = "devops-g3-db" [90m-> null[0m[0m
      [31m-[0m[0m dedicated_log_volume                  = false [90m-> null[0m[0m
      [31m-[0m[0m delete_automated_backups              = true [90m-> null[0m[0m
      [31m-[0m[0m deletion_protection                   = false [90m-> null[0m[0m
      [31m-[0m[0m domain_dns_ips                        = [] [90m-> null[0m[0m
      [31m-[0m[0m enabled_cloudwatch_logs_exports       = [
          [31m-[0m[0m "postgresql",
          [31m-[0m[0m "upgrade",
        ] [90m-> null[0m[0m
      [31m-[0m[0m endpoint                              = "devops-g3-db.chgiwkc8muat.us-west-1.rds.amazonaws.com:5432" [90m-> null[0m[0m
      [31m-[0m[0m engine                                = "postgres" [90m-> null[0m[0m
      [31m-[0m[0m engine_lifecycle_support              = "open-source-rds-extended-support" [90m-> null[0m[0m
      [31m-[0m[0m engine_version                        = "16" [90m-> null[0m[0m
      [31m-[0m[0m engine_version_actual                 = "16.13" [90m-> null[0m[0m
      [31m-[0m[0m hosted_zone_id                        = "Z10WI91S59XXQN" [90m-> null[0m[0m
      [31m-[0m[0m iam_database_authentication_enabled   = false [90m-> null[0m[0m
      [31m-[0m[0m id                                    = "db-HVAO22PELES7QNEKGW52V6XV2E" [90m-> null[0m[0m
      [31m-[0m[0m identifier                            = "devops-g3-db" [90m-> null[0m[0m
      [31m-[0m[0m instance_class                        = "db.t4g.medium" [90m-> null[0m[0m
      [31m-[0m[0m iops                                  = 3000 [90m-> null[0m[0m
      [31m-[0m[0m kms_key_id                            = "arn:aws:kms:us-west-1:240462142849:key/90e2806f-72c0-4b51-ae60-8cc9436bdfe0" [90m-> null[0m[0m
      [31m-[0m[0m latest_restorable_time                = "2026-09-20T14:20:46Z" [90m-> null[0m[0m
      [31m-[0m[0m license_model                         = "postgresql-license" [90m-> null[0m[0m
      [31m-[0m[0m listener_endpoint                     = [] [90m-> null[0m[0m
      [31m-[0m[0m maintenance_window                    = "sun:04:30-sun:05:30" [90m-> null[0m[0m
      [31m-[0m[0m manage_master_user_password           = true [90m-> null[0m[0m
      [31m-[0m[0m master_user_secret                    = [
          [31m-[0m[0m {
              [31m-[0m[0m kms_key_id    = "arn:aws:kms:us-west-1:240462142849:key/90e2806f-72c0-4b51-ae60-8cc9436bdfe0"
              [31m-[0m[0m secret_arn    = "arn:aws:secretsmanager:us-west-1:240462142849:secret:rds!db-13d47250-d138-4310-b085-699782421330-fd0Cy3"
              [31m-[0m[0m secret_status = "active"
            },
        ] [90m-> null[0m[0m
      [31m-[0m[0m master_user_secret_kms_key_id         = "arn:aws:kms:us-west-1:240462142849:key/90e2806f-72c0-4b51-ae60-8cc9436bdfe0" [90m-> null[0m[0m
      [31m-[0m[0m max_allocated_storage                 = 100 [90m-> null[0m[0m
      [31m-[0m[0m monitoring_interval                   = 0 [90m-> null[0m[0m
      [31m-[0m[0m multi_az                              = false [90m-> null[0m[0m
      [31m-[0m[0m network_type                          = "IPV4" [90m-> null[0m[0m
      [31m-[0m[0m option_group_name                     = "default:postgres-16" [90m-> null[0m[0m
      [31m-[0m[0m parameter_group_name                  = "devops-g3-pg16" [90m-> null[0m[0m
      [31m-[0m[0m password_wo                           = (write-only attribute) [90m-> null[0m[0m
      [31m-[0m[0m performance_insights_enabled          = true [90m-> null[0m[0m
      [31m-[0m[0m performance_insights_kms_key_id       = "arn:aws:kms:us-west-1:240462142849:key/24975400-bca4-4f60-8ee9-6d7bfe48c763" [90m-> null[0m[0m
      [31m-[0m[0m performance_insights_retention_period = 7 [90m-> null[0m[0m
      [31m-[0m[0m port                                  = 5432 [90m-> null[0m[0m
      [31m-[0m[0m publicly_accessible                   = false [90m-> null[0m[0m
      [31m-[0m[0m region                                = "us-west-1" [90m-> null[0m[0m
      [31m-[0m[0m replicas                              = [] [90m-> null[0m[0m
      [31m-[0m[0m resource_id                           = "db-HVAO22PELES7QNEKGW52V6XV2E" [90m-> null[0m[0m
      [31m-[0m[0m skip_final_snapshot                   = true [90m-> null[0m[0m
      [31m-[0m[0m status                                = "available" [90m-> null[0m[0m
      [31m-[0m[0m storage_encrypted                     = true [90m-> null[0m[0m
      [31m-[0m[0m storage_throughput                    = 125 [90m-> null[0m[0m
      [31m-[0m[0m storage_type                          = "gp3" [90m-> null[0m[0m
      [31m-[0m[0m tags                                  = {
          [31m-[0m[0m "Name" = "devops-g3-db"
        } [90m-> null[0m[0m
      [31m-[0m[0m tags_all                              = {
          [31m-[0m[0m "Name"        = "devops-g3-db"
          [31m-[0m[0m "capstone"    = "tillflow"
          [31m-[0m[0m "environment" = "dev"
          [31m-[0m[0m "group"       = "devops-g3"
          [31m-[0m[0m "managed-by"  = "terraform"
          [31m-[0m[0m "owner"       = "lwam"
          [31m-[0m[0m "service"     = "platform"
        } [90m-> null[0m[0m
      [31m-[0m[0m upgrade_rollout_order                 = "second" [90m-> null[0m[0m
      [31m-[0m[0m username                              = "tillflow_admin" [90m-> null[0m[0m
      [31m-[0m[0m vpc_security_group_ids                = [
          [31m-[0m[0m "sg-094b175b2a606da8e",
        ] [90m-> null[0m[0m
        [90m# (13 unchanged attributes hidden)[0m[0m
    }

[1m  # module.rds.aws_db_parameter_group.this[0m will be [1m[31mdestroyed[0m
[0m  [31m-[0m[0m resource "aws_db_parameter_group" "this" {
      [31m-[0m[0m arn          = "arn:aws:rds:us-west-1:240462142849:pg:devops-g3-pg16" [90m-> null[0m[0m
      [31m-[0m[0m description  = "TillFlow PostgreSQL parameters (ADR-002)" [90m-> null[0m[0m
      [31m-[0m[0m family       = "postgres16" [90m-> null[0m[0m
      [31m-[0m[0m id           = "devops-g3-pg16" [90m-> null[0m[0m
      [31m-[0m[0m name         = "devops-g3-pg16" [90m-> null[0m[0m
      [31m-[0m[0m region       = "us-west-1" [90m-> null[0m[0m
      [31m-[0m[0m skip_destroy = false [90m-> null[0m[0m
      [31m-[0m[0m tags         = {} [90m-> null[0m[0m
      [31m-[0m[0m tags_all     = {
          [31m-[0m[0m "capstone"    = "tillflow"
          [31m-[0m[0m "environment" = "dev"
          [31m-[0m[0m "group"       = "devops-g3"
          [31m-[0m[0m "managed-by"  = "terraform"
          [31m-[0m[0m "owner"       = "lwam"
          [31m-[0m[0m "service"     = "platform"
        } [90m-> null[0m[0m
        [90m# (1 unchanged attribute hidden)[0m[0m

      [31m-[0m[0m parameter {
          [31m-[0m[0m apply_method = "immediate" [90m-> null[0m[0m
          [31m-[0m[0m name         = "idle_in_transaction_session_timeout" [90m-> null[0m[0m
          [31m-[0m[0m value        = "60000" [90m-> null[0m[0m
        }
      [31m-[0m[0m parameter {
          [31m-[0m[0m apply_method = "immediate" [90m-> null[0m[0m
          [31m-[0m[0m name         = "log_connections" [90m-> null[0m[0m
          [31m-[0m[0m value        = "1" [90m-> null[0m[0m
        }
      [31m-[0m[0m parameter {
          [31m-[0m[0m apply_method = "immediate" [90m-> null[0m[0m
          [31m-[0m[0m name         = "log_disconnections" [90m-> null[0m[0m
          [31m-[0m[0m value        = "1" [90m-> null[0m[0m
        }
      [31m-[0m[0m parameter {
          [31m-[0m[0m apply_method = "immediate" [90m-> null[0m[0m
          [31m-[0m[0m name         = "log_min_duration_statement" [90m-> null[0m[0m
          [31m-[0m[0m value        = "1000" [90m-> null[0m[0m
        }
      [31m-[0m[0m parameter {
          [31m-[0m[0m apply_method = "immediate" [90m-> null[0m[0m
          [31m-[0m[0m name         = "statement_timeout" [90m-> null[0m[0m
          [31m-[0m[0m value        = "30000" [90m-> null[0m[0m
        }
    }

[1m  # module.rds.aws_db_proxy.this[0m will be [1m[31mdestroyed[0m
[0m  [31m-[0m[0m resource "aws_db_proxy" "this" {
      [31m-[0m[0m arn                            = "arn:aws:rds:us-west-1:240462142849:db-proxy:prx-09b0aa45313a3ff61" [90m-> null[0m[0m
      [31m-[0m[0m debug_logging                  = false [90m-> null[0m[0m
      [31m-[0m[0m default_auth_scheme            = "NONE" [90m-> null[0m[0m
      [31m-[0m[0m endpoint                       = "devops-g3-db-proxy.proxy-chgiwkc8muat.us-west-1.rds.amazonaws.com" [90m-> null[0m[0m
      [31m-[0m[0m endpoint_network_type          = "IPV4" [90m-> null[0m[0m
      [31m-[0m[0m engine_family                  = "POSTGRESQL" [90m-> null[0m[0m
      [31m-[0m[0m id                             = "devops-g3-db-proxy" [90m-> null[0m[0m
      [31m-[0m[0m idle_client_timeout            = 1800 [90m-> null[0m[0m
      [31m-[0m[0m name                           = "devops-g3-db-proxy" [90m-> null[0m[0m
      [31m-[0m[0m region                         = "us-west-1" [90m-> null[0m[0m
      [31m-[0m[0m require_tls                    = true [90m-> null[0m[0m
      [31m-[0m[0m role_arn                       = "arn:aws:iam::240462142849:role/devops-g3-db-proxy" [90m-> null[0m[0m
      [31m-[0m[0m tags                           = {
          [31m-[0m[0m "Name" = "devops-g3-db-proxy"
        } [90m-> null[0m[0m
      [31m-[0m[0m tags_all                       = {
          [31m-[0m[0m "Name"        = "devops-g3-db-proxy"
          [31m-[0m[0m "capstone"    = "tillflow"
          [31m-[0m[0m "environment" = "dev"
          [31m-[0m[0m "group"       = "devops-g3"
          [31m-[0m[0m "managed-by"  = "terraform"
          [31m-[0m[0m "owner"       = "lwam"
          [31m-[0m[0m "service"     = "platform"
        } [90m-> null[0m[0m
      [31m-[0m[0m target_connection_network_type = "IPV4" [90m-> null[0m[0m
      [31m-[0m[0m vpc_security_group_ids         = [
          [31m-[0m[0m "sg-0db8e5e404f8ec7f6",
        ] [90m-> null[0m[0m
      [31m-[0m[0m vpc_subnet_ids                 = [
          [31m-[0m[0m "subnet-003d95ccc6e642205",
          [31m-[0m[0m "subnet-0f56c09ff417af280",
        ] [90m-> null[0m[0m

      [31m-[0m[0m auth {
          [31m-[0m[0m auth_scheme               = "SECRETS" [90m-> null[0m[0m
          [31m-[0m[0m client_password_auth_type = "POSTGRES_SCRAM_SHA_256" [90m-> null[0m[0m
          [31m-[0m[0m iam_auth                  = "DISABLED" [90m-> null[0m[0m
          [31m-[0m[0m secret_arn                = "arn:aws:secretsmanager:us-west-1:240462142849:secret:devops-g3/db-proxy-commission-O3w8qA" [90m-> null[0m[0m
            [90m# (2 unchanged attributes hidden)[0m[0m
        }
      [31m-[0m[0m auth {
          [31m-[0m[0m auth_scheme               = "SECRETS" [90m-> null[0m[0m
          [31m-[0m[0m client_password_auth_type = "POSTGRES_SCRAM_SHA_256" [90m-> null[0m[0m
          [31m-[0m[0m iam_auth                  = "DISABLED" [90m-> null[0m[0m
          [31m-[0m[0m secret_arn                = "arn:aws:secretsmanager:us-west-1:240462142849:secret:devops-g3/db-proxy-payments-H5SL8D" [90m-> null[0m[0m
            [90m# (2 unchanged attributes hidden)[0m[0m
        }
      [31m-[0m[0m auth {
          [31m-[0m[0m auth_scheme               = "SECRETS" [90m-> null[0m[0m
          [31m-[0m[0m client_password_auth_type = "POSTGRES_SCRAM_SHA_256" [90m-> null[0m[0m
          [31m-[0m[0m iam_auth                  = "DISABLED" [90m-> null[0m[0m
          [31m-[0m[0m secret_arn                = "arn:aws:secretsmanager:us-west-1:240462142849:secret:devops-g3/db-proxy-pos-L7bCoD" [90m-> null[0m[0m
            [90m# (2 unchanged attributes hidden)[0m[0m
        }
      [31m-[0m[0m auth {
          [31m-[0m[0m auth_scheme               = "SECRETS" [90m-> null[0m[0m
          [31m-[0m[0m client_password_auth_type = "POSTGRES_SCRAM_SHA_256" [90m-> null[0m[0m
          [31m-[0m[0m iam_auth                  = "DISABLED" [90m-> null[0m[0m
          [31m-[0m[0m secret_arn                = "arn:aws:secretsmanager:us-west-1:240462142849:secret:devops-g3/db-proxy-web-1bqHbE" [90m-> null[0m[0m
            [90m# (2 unchanged attributes hidden)[0m[0m
        }
      [31m-[0m[0m auth {
          [31m-[0m[0m auth_scheme               = "SECRETS" [90m-> null[0m[0m
          [31m-[0m[0m client_password_auth_type = "POSTGRES_SCRAM_SHA_256" [90m-> null[0m[0m
          [31m-[0m[0m iam_auth                  = "DISABLED" [90m-> null[0m[0m
          [31m-[0m[0m secret_arn                = "arn:aws:secretsmanager:us-west-1:240462142849:secret:rds!db-13d47250-d138-4310-b085-699782421330-fd0Cy3" [90m-> null[0m[0m
            [90m# (2 unchanged attributes hidden)[0m[0m
        }
    }

[1m  # module.rds.aws_db_proxy_default_target_group.this[0m will be [1m[31mdestroyed[0m
[0m  [31m-[0m[0m resource "aws_db_proxy_default_target_group" "this" {
      [31m-[0m[0m arn           = "arn:aws:rds:us-west-1:240462142849:target-group:prx-tg-05449c0adfe1e393a" [90m-> null[0m[0m
      [31m-[0m[0m db_proxy_name = "devops-g3-db-proxy" [90m-> null[0m[0m
      [31m-[0m[0m id            = "devops-g3-db-proxy" [90m-> null[0m[0m
      [31m-[0m[0m name          = "default" [90m-> null[0m[0m
      [31m-[0m[0m region        = "us-west-1" [90m-> null[0m[0m

      [31m-[0m[0m connection_pool_config {
          [31m-[0m[0m connection_borrow_timeout    = 120 [90m-> null[0m[0m
          [31m-[0m[0m max_connections_percent      = 75 [90m-> null[0m[0m
          [31m-[0m[0m max_idle_connections_percent = 50 [90m-> null[0m[0m
          [31m-[0m[0m session_pinning_filters      = [] [90m-> null[0m[0m
            [90m# (1 unchanged attribute hidden)[0m[0m
        }
    }

[1m  # module.rds.aws_db_proxy_target.this[0m will be [1m[31mdestroyed[0m
[0m  [31m-[0m[0m resource "aws_db_proxy_target" "this" {
      [31m-[0m[0m db_instance_identifier = "devops-g3-db" [90m-> null[0m[0m
      [31m-[0m[0m db_proxy_name          = "devops-g3-db-proxy" [90m-> null[0m[0m
      [31m-[0m[0m endpoint               = "devops-g3-db.chgiwkc8muat.us-west-1.rds.amazonaws.com" [90m-> null[0m[0m
      [31m-[0m[0m id                     = "devops-g3-db-proxy/default/RDS_INSTANCE/devops-g3-db" [90m-> null[0m[0m
      [31m-[0m[0m port                   = 5432 [90m-> null[0m[0m
      [31m-[0m[0m rds_resource_id        = "devops-g3-db" [90m-> null[0m[0m
      [31m-[0m[0m region                 = "us-west-1" [90m-> null[0m[0m
      [31m-[0m[0m target_group_name      = "default" [90m-> null[0m[0m
      [31m-[0m[0m type                   = "RDS_INSTANCE" [90m-> null[0m[0m
        [90m# (2 unchanged attributes hidden)[0m[0m
    }

[1m  # module.rds.aws_db_subnet_group.this[0m will be [1m[31mdestroyed[0m
[0m  [31m-[0m[0m resource "aws_db_subnet_group" "this" {
      [31m-[0m[0m arn                     = "arn:aws:rds:us-west-1:240462142849:subgrp:devops-g3-db" [90m-> null[0m[0m
      [31m-[0m[0m description             = "Managed by Terraform" [90m-> null[0m[0m
      [31m-[0m[0m id                      = "devops-g3-db" [90m-> null[0m[0m
      [31m-[0m[0m name                    = "devops-g3-db" [90m-> null[0m[0m
      [31m-[0m[0m region                  = "us-west-1" [90m-> null[0m[0m
      [31m-[0m[0m subnet_ids              = [
          [31m-[0m[0m "subnet-003d95ccc6e642205",
          [31m-[0m[0m "subnet-0f56c09ff417af280",
        ] [90m-> null[0m[0m
      [31m-[0m[0m supported_network_types = [
          [31m-[0m[0m "IPV4",
        ] [90m-> null[0m[0m
      [31m-[0m[0m tags                    = {
          [31m-[0m[0m "Name" = "devops-g3-db"
        } [90m-> null[0m[0m
      [31m-[0m[0m tags_all                = {
          [31m-[0m[0m "Name"        = "devops-g3-db"
          [31m-[0m[0m "capstone"    = "tillflow"
          [31m-[0m[0m "environment" = "dev"
          [31m-[0m[0m "group"       = "devops-g3"
          [31m-[0m[0m "managed-by"  = "terraform"
          [31m-[0m[0m "owner"       = "lwam"
          [31m-[0m[0m "service"     = "platform"
        } [90m-> null[0m[0m
      [31m-[0m[0m vpc_id                  = "vpc-00cfe1339e0c0c86b" [90m-> null[0m[0m
        [90m# (1 unchanged attribute hidden)[0m[0m
    }

[1m  # module.rds.aws_iam_role.proxy[0m will be [1m[31mdestroyed[0m
[0m  [31m-[0m[0m resource "aws_iam_role" "proxy" {
      [31m-[0m[0m arn                   = "arn:aws:iam::240462142849:role/devops-g3-db-proxy" [90m-> null[0m[0m
      [31m-[0m[0m assume_role_policy    = jsonencode(
            {
              [31m-[0m[0m Statement = [
                  [31m-[0m[0m {
                      [31m-[0m[0m Action    = "sts:AssumeRole"
                      [31m-[0m[0m Effect    = "Allow"
                      [31m-[0m[0m Principal = {
                          [31m-[0m[0m Service = "rds.amazonaws.com"
                        }
                    },
                ]
              [31m-[0m[0m Version   = "2012-10-17"
            }
        ) [90m-> null[0m[0m
      [31m-[0m[0m create_date           = "2026-09-11T18:02:12Z" [90m-> null[0m[0m
      [31m-[0m[0m force_detach_policies = false [90m-> null[0m[0m
      [31m-[0m[0m id                    = "devops-g3-db-proxy" [90m-> null[0m[0m
      [31m-[0m[0m managed_policy_arns   = [] [90m-> null[0m[0m
      [31m-[0m[0m max_session_duration  = 3600 [90m-> null[0m[0m
      [31m-[0m[0m name                  = "devops-g3-db-proxy" [90m-> null[0m[0m
      [31m-[0m[0m path                  = "/" [90m-> null[0m[0m
      [31m-[0m[0m tags                  = {} [90m-> null[0m[0m
      [31m-[0m[0m tags_all              = {
          [31m-[0m[0m "capstone"    = "tillflow"
          [31m-[0m[0m "environment" = "dev"
          [31m-[0m[0m "group"       = "devops-g3"
          [31m-[0m[0m "managed-by"  = "terraform"
          [31m-[0m[0m "owner"       = "lwam"
          [31m-[0m[0m "service"     = "platform"
        } [90m-> null[0m[0m
      [31m-[0m[0m unique_id             = "AROATP7FJDWARWLT5LDUS" [90m-> null[0m[0m
        [90m# (3 unchanged attributes hidden)[0m[0m

      [31m-[0m[0m inline_policy {
          [31m-[0m[0m name   = "read-db-secret" [90m-> null[0m[0m
          [31m-[0m[0m policy = jsonencode(
                {
                  [31m-[0m[0m Statement = [
                      [31m-[0m[0m {
                          [31m-[0m[0m Action   = "secretsmanager:GetSecretValue"
                          [31m-[0m[0m Effect   = "Allow"
                          [31m-[0m[0m Resource = [
                              [31m-[0m[0m "arn:aws:secretsmanager:us-west-1:240462142849:secret:rds!db-13d47250-d138-4310-b085-699782421330-fd0Cy3",
                              [31m-[0m[0m "arn:aws:secretsmanager:us-west-1:240462142849:secret:devops-g3/db-proxy-web-1bqHbE",
                              [31m-[0m[0m "arn:aws:secretsmanager:us-west-1:240462142849:secret:devops-g3/db-proxy-pos-L7bCoD",
                              [31m-[0m[0m "arn:aws:secretsmanager:us-west-1:240462142849:secret:devops-g3/db-proxy-payments-H5SL8D",
                              [31m-[0m[0m "arn:aws:secretsmanager:us-west-1:240462142849:secret:devops-g3/db-proxy-commission-O3w8qA",
                            ]
                        },
                      [31m-[0m[0m {
                          [31m-[0m[0m Action    = "kms:Decrypt"
                          [31m-[0m[0m Condition = {
                              [31m-[0m[0m StringEquals = {
                                  [31m-[0m[0m "kms:ViaService" = "secretsmanager.us-west-1.amazonaws.com"
                                }
                            }
                          [31m-[0m[0m Effect    = "Allow"
                          [31m-[0m[0m Resource  = "arn:aws:kms:us-west-1:240462142849:key/90e2806f-72c0-4b51-ae60-8cc9436bdfe0"
                        },
                    ]
                  [31m-[0m[0m Version   = "2012-10-17"
                }
            ) [90m-> null[0m[0m
        }
    }

[1m  # module.rds.aws_iam_role_policy.proxy[0m will be [1m[31mdestroyed[0m
[0m  [31m-[0m[0m resource "aws_iam_role_policy" "proxy" {
      [31m-[0m[0m id          = "devops-g3-db-proxy:read-db-secret" [90m-> null[0m[0m
      [31m-[0m[0m name        = "read-db-secret" [90m-> null[0m[0m
      [31m-[0m[0m policy      = jsonencode(
            {
              [31m-[0m[0m Statement = [
                  [31m-[0m[0m {
                      [31m-[0m[0m Action   = "secretsmanager:GetSecretValue"
                      [31m-[0m[0m Effect   = "Allow"
                      [31m-[0m[0m Resource = [
                          [31m-[0m[0m "arn:aws:secretsmanager:us-west-1:240462142849:secret:rds!db-13d47250-d138-4310-b085-699782421330-fd0Cy3",
                          [31m-[0m[0m "arn:aws:secretsmanager:us-west-1:240462142849:secret:devops-g3/db-proxy-web-1bqHbE",
                          [31m-[0m[0m "arn:aws:secretsmanager:us-west-1:240462142849:secret:devops-g3/db-proxy-pos-L7bCoD",
                          [31m-[0m[0m "arn:aws:secretsmanager:us-west-1:240462142849:secret:devops-g3/db-proxy-payments-H5SL8D",
                          [31m-[0m[0m "arn:aws:secretsmanager:us-west-1:240462142849:secret:devops-g3/db-proxy-commission-O3w8qA",
                        ]
                    },
                  [31m-[0m[0m {
                      [31m-[0m[0m Action    = "kms:Decrypt"
                      [31m-[0m[0m Condition = {
                          [31m-[0m[0m StringEquals = {
                              [31m-[0m[0m "kms:ViaService" = "secretsmanager.us-west-1.amazonaws.com"
                            }
                        }
                      [31m-[0m[0m Effect    = "Allow"
                      [31m-[0m[0m Resource  = "arn:aws:kms:us-west-1:240462142849:key/90e2806f-72c0-4b51-ae60-8cc9436bdfe0"
                    },
                ]
              [31m-[0m[0m Version   = "2012-10-17"
            }
        ) [90m-> null[0m[0m
      [31m-[0m[0m role        = "devops-g3-db-proxy" [90m-> null[0m[0m
        [90m# (1 unchanged attribute hidden)[0m[0m
    }

[1m  # module.rds.aws_security_group.db[0m will be [1m[31mdestroyed[0m
[0m  [31m-[0m[0m resource "aws_security_group" "db" {
      [31m-[0m[0m arn                    = "arn:aws:ec2:us-west-1:240462142849:security-group/sg-094b175b2a606da8e" [90m-> null[0m[0m
      [31m-[0m[0m description            = "PostgreSQL - reachable only from the RDS Proxy" [90m-> null[0m[0m
      [31m-[0m[0m egress                 = [] [90m-> null[0m[0m
      [31m-[0m[0m id                     = "sg-094b175b2a606da8e" [90m-> null[0m[0m
      [31m-[0m[0m ingress                = [
          [31m-[0m[0m {
              [31m-[0m[0m cidr_blocks      = []
              [31m-[0m[0m description      = "PostgreSQL from RDS Proxy only"
              [31m-[0m[0m from_port        = 5432
              [31m-[0m[0m ipv6_cidr_blocks = []
              [31m-[0m[0m prefix_list_ids  = []
              [31m-[0m[0m protocol         = "tcp"
              [31m-[0m[0m security_groups  = [
                  [31m-[0m[0m "sg-0db8e5e404f8ec7f6",
                ]
              [31m-[0m[0m self             = false
              [31m-[0m[0m to_port          = 5432
            },
        ] [90m-> null[0m[0m
      [31m-[0m[0m name                   = "devops-g3-db" [90m-> null[0m[0m
      [31m-[0m[0m owner_id               = "240462142849" [90m-> null[0m[0m
      [31m-[0m[0m region                 = "us-west-1" [90m-> null[0m[0m
      [31m-[0m[0m revoke_rules_on_delete = false [90m-> null[0m[0m
      [31m-[0m[0m tags                   = {
          [31m-[0m[0m "Name" = "devops-g3-db"
        } [90m-> null[0m[0m
      [31m-[0m[0m tags_all               = {
          [31m-[0m[0m "Name"        = "devops-g3-db"
          [31m-[0m[0m "capstone"    = "tillflow"
          [31m-[0m[0m "environment" = "dev"
          [31m-[0m[0m "group"       = "devops-g3"
          [31m-[0m[0m "managed-by"  = "terraform"
          [31m-[0m[0m "owner"       = "lwam"
          [31m-[0m[0m "service"     = "platform"
        } [90m-> null[0m[0m
      [31m-[0m[0m vpc_id                 = "vpc-00cfe1339e0c0c86b" [90m-> null[0m[0m
        [90m# (1 unchanged attribute hidden)[0m[0m
    }

[1m  # module.rds.aws_security_group.proxy[0m will be [1m[31mdestroyed[0m
[0m  [31m-[0m[0m resource "aws_security_group" "proxy" {
      [31m-[0m[0m arn                    = "arn:aws:ec2:us-west-1:240462142849:security-group/sg-0db8e5e404f8ec7f6" [90m-> null[0m[0m
      [31m-[0m[0m description            = "RDS Proxy - reachable only from named service security groups" [90m-> null[0m[0m
      [31m-[0m[0m egress                 = [
          [31m-[0m[0m {
              [31m-[0m[0m cidr_blocks      = []
              [31m-[0m[0m description      = "Proxy to PostgreSQL"
              [31m-[0m[0m from_port        = 5432
              [31m-[0m[0m ipv6_cidr_blocks = []
              [31m-[0m[0m prefix_list_ids  = []
              [31m-[0m[0m protocol         = "tcp"
              [31m-[0m[0m security_groups  = [
                  [31m-[0m[0m "sg-094b175b2a606da8e",
                ]
              [31m-[0m[0m self             = false
              [31m-[0m[0m to_port          = 5432
            },
        ] [90m-> null[0m[0m
      [31m-[0m[0m id                     = "sg-0db8e5e404f8ec7f6" [90m-> null[0m[0m
      [31m-[0m[0m ingress                = [
          [31m-[0m[0m {
              [31m-[0m[0m cidr_blocks      = []
              [31m-[0m[0m description      = "PostgreSQL from commission"
              [31m-[0m[0m from_port        = 5432
              [31m-[0m[0m ipv6_cidr_blocks = []
              [31m-[0m[0m prefix_list_ids  = []
              [31m-[0m[0m protocol         = "tcp"
              [31m-[0m[0m security_groups  = [
                  [31m-[0m[0m "sg-0720e98de7189082b",
                ]
              [31m-[0m[0m self             = false
              [31m-[0m[0m to_port          = 5432
            },
          [31m-[0m[0m {
              [31m-[0m[0m cidr_blocks      = []
              [31m-[0m[0m description      = "PostgreSQL from db-bootstrap"
              [31m-[0m[0m from_port        = 5432
              [31m-[0m[0m ipv6_cidr_blocks = []
              [31m-[0m[0m prefix_list_ids  = []
              [31m-[0m[0m protocol         = "tcp"
              [31m-[0m[0m security_groups  = [
                  [31m-[0m[0m "sg-02e0f6e55a8d685c1",
                ]
              [31m-[0m[0m self             = false
              [31m-[0m[0m to_port          = 5432
            },
          [31m-[0m[0m {
              [31m-[0m[0m cidr_blocks      = []
              [31m-[0m[0m description      = "PostgreSQL from payments"
              [31m-[0m[0m from_port        = 5432
              [31m-[0m[0m ipv6_cidr_blocks = []
              [31m-[0m[0m prefix_list_ids  = []
              [31m-[0m[0m protocol         = "tcp"
              [31m-[0m[0m security_groups  = [
                  [31m-[0m[0m "sg-004dbdefe2bcada7b",
                ]
              [31m-[0m[0m self             = false
              [31m-[0m[0m to_port          = 5432
            },
          [31m-[0m[0m {
              [31m-[0m[0m cidr_blocks      = []
              [31m-[0m[0m description      = "PostgreSQL from pos"
              [31m-[0m[0m from_port        = 5432
              [31m-[0m[0m ipv6_cidr_blocks = []
              [31m-[0m[0m prefix_list_ids  = []
              [31m-[0m[0m protocol         = "tcp"
              [31m-[0m[0m security_groups  = [
                  [31m-[0m[0m "sg-011cf1096a418ef96",
                ]
              [31m-[0m[0m self             = false
              [31m-[0m[0m to_port          = 5432
            },
          [31m-[0m[0m {
              [31m-[0m[0m cidr_blocks      = []
              [31m-[0m[0m description      = "PostgreSQL from web"
              [31m-[0m[0m from_port        = 5432
              [31m-[0m[0m ipv6_cidr_blocks = []
              [31m-[0m[0m prefix_list_ids  = []
              [31m-[0m[0m protocol         = "tcp"
              [31m-[0m[0m security_groups  = [
                  [31m-[0m[0m "sg-0ad16bc17ad21d907",
                ]
              [31m-[0m[0m self             = false
              [31m-[0m[0m to_port          = 5432
            },
        ] [90m-> null[0m[0m
      [31m-[0m[0m name                   = "devops-g3-db-proxy" [90m-> null[0m[0m
      [31m-[0m[0m owner_id               = "240462142849" [90m-> null[0m[0m
      [31m-[0m[0m region                 = "us-west-1" [90m-> null[0m[0m
      [31m-[0m[0m revoke_rules_on_delete = false [90m-> null[0m[0m
      [31m-[0m[0m tags                   = {
          [31m-[0m[0m "Name" = "devops-g3-db-proxy"
        } [90m-> null[0m[0m
      [31m-[0m[0m tags_all               = {
          [31m-[0m[0m "Name"        = "devops-g3-db-proxy"
          [31m-[0m[0m "capstone"    = "tillflow"
          [31m-[0m[0m "environment" = "dev"
          [31m-[0m[0m "group"       = "devops-g3"
          [31m-[0m[0m "managed-by"  = "terraform"
          [31m-[0m[0m "owner"       = "lwam"
          [31m-[0m[0m "service"     = "platform"
        } [90m-> null[0m[0m
      [31m-[0m[0m vpc_id                 = "vpc-00cfe1339e0c0c86b" [90m-> null[0m[0m
        [90m# (1 unchanged attribute hidden)[0m[0m
    }

[1m  # module.rds.aws_vpc_security_group_egress_rule.proxy_to_db[0m will be [1m[31mdestroyed[0m
[0m  [31m-[0m[0m resource "aws_vpc_security_group_egress_rule" "proxy_to_db" {
      [31m-[0m[0m arn                          = "arn:aws:ec2:us-west-1:240462142849:security-group-rule/sgr-092d29cac1b7b1561" [90m-> null[0m[0m
      [31m-[0m[0m description                  = "Proxy to PostgreSQL" [90m-> null[0m[0m
      [31m-[0m[0m from_port                    = 5432 [90m-> null[0m[0m
      [31m-[0m[0m id                           = "sgr-092d29cac1b7b1561" [90m-> null[0m[0m
      [31m-[0m[0m ip_protocol                  = "tcp" [90m-> null[0m[0m
      [31m-[0m[0m referenced_security_group_id = "sg-094b175b2a606da8e" [90m-> null[0m[0m
      [31m-[0m[0m region                       = "us-west-1" [90m-> null[0m[0m
      [31m-[0m[0m security_group_id            = "sg-0db8e5e404f8ec7f6" [90m-> null[0m[0m
      [31m-[0m[0m security_group_rule_id       = "sgr-092d29cac1b7b1561" [90m-> null[0m[0m
      [31m-[0m[0m tags_all                     = {
          [31m-[0m[0m "capstone"    = "tillflow"
          [31m-[0m[0m "environment" = "dev"
          [31m-[0m[0m "group"       = "devops-g3"
          [31m-[0m[0m "managed-by"  = "terraform"
          [31m-[0m[0m "owner"       = "lwam"
          [31m-[0m[0m "service"     = "platform"
        } [90m-> null[0m[0m
      [31m-[0m[0m to_port                      = 5432 [90m-> null[0m[0m
    }

[1m  # module.rds.aws_vpc_security_group_ingress_rule.db_from_proxy[0m will be [1m[31mdestroyed[0m
[0m  [31m-[0m[0m resource "aws_vpc_security_group_ingress_rule" "db_from_proxy" {
      [31m-[0m[0m arn                          = "arn:aws:ec2:us-west-1:240462142849:security-group-rule/sgr-0c424cbbe0ec05530" [90m-> null[0m[0m
      [31m-[0m[0m description                  = "PostgreSQL from RDS Proxy only" [90m-> null[0m[0m
      [31m-[0m[0m from_port                    = 5432 [90m-> null[0m[0m
      [31m-[0m[0m id                           = "sgr-0c424cbbe0ec05530" [90m-> null[0m[0m
      [31m-[0m[0m ip_protocol                  = "tcp" [90m-> null[0m[0m
      [31m-[0m[0m referenced_security_group_id = "sg-0db8e5e404f8ec7f6" [90m-> null[0m[0m
      [31m-[0m[0m region                       = "us-west-1" [90m-> null[0m[0m
      [31m-[0m[0m security_group_id            = "sg-094b175b2a606da8e" [90m-> null[0m[0m
      [31m-[0m[0m security_group_rule_id       = "sgr-0c424cbbe0ec05530" [90m-> null[0m[0m
      [31m-[0m[0m tags_all                     = {
          [31m-[0m[0m "capstone"    = "tillflow"
          [31m-[0m[0m "environment" = "dev"
          [31m-[0m[0m "group"       = "devops-g3"
          [31m-[0m[0m "managed-by"  = "terraform"
          [31m-[0m[0m "owner"       = "lwam"
          [31m-[0m[0m "service"     = "platform"
        } [90m-> null[0m[0m
      [31m-[0m[0m to_port                      = 5432 [90m-> null[0m[0m
    }

[1m  # module.rds.aws_vpc_security_group_ingress_rule.proxy_from_services["commission"][0m will be [1m[31mdestroyed[0m
[0m  [31m-[0m[0m resource "aws_vpc_security_group_ingress_rule" "proxy_from_services" {
      [31m-[0m[0m arn                          = "arn:aws:ec2:us-west-1:240462142849:security-group-rule/sgr-0f2cf98f7200026b4" [90m-> null[0m[0m
      [31m-[0m[0m description                  = "PostgreSQL from commission" [90m-> null[0m[0m
      [31m-[0m[0m from_port                    = 5432 [90m-> null[0m[0m
      [31m-[0m[0m id                           = "sgr-0f2cf98f7200026b4" [90m-> null[0m[0m
      [31m-[0m[0m ip_protocol                  = "tcp" [90m-> null[0m[0m
      [31m-[0m[0m referenced_security_group_id = "sg-0720e98de7189082b" [90m-> null[0m[0m
      [31m-[0m[0m region                       = "us-west-1" [90m-> null[0m[0m
      [31m-[0m[0m security_group_id            = "sg-0db8e5e404f8ec7f6" [90m-> null[0m[0m
      [31m-[0m[0m security_group_rule_id       = "sgr-0f2cf98f7200026b4" [90m-> null[0m[0m
      [31m-[0m[0m tags_all                     = {
          [31m-[0m[0m "capstone"    = "tillflow"
          [31m-[0m[0m "environment" = "dev"
          [31m-[0m[0m "group"       = "devops-g3"
          [31m-[0m[0m "managed-by"  = "terraform"
          [31m-[0m[0m "owner"       = "lwam"
          [31m-[0m[0m "service"     = "platform"
        } [90m-> null[0m[0m
      [31m-[0m[0m to_port                      = 5432 [90m-> null[0m[0m
    }

[1m  # module.rds.aws_vpc_security_group_ingress_rule.proxy_from_services["db-bootstrap"][0m will be [1m[31mdestroyed[0m
[0m  [31m-[0m[0m resource "aws_vpc_security_group_ingress_rule" "proxy_from_services" {
      [31m-[0m[0m arn                          = "arn:aws:ec2:us-west-1:240462142849:security-group-rule/sgr-041e93abdd706db4b" [90m-> null[0m[0m
      [31m-[0m[0m description                  = "PostgreSQL from db-bootstrap" [90m-> null[0m[0m
      [31m-[0m[0m from_port                    = 5432 [90m-> null[0m[0m
      [31m-[0m[0m id                           = "sgr-041e93abdd706db4b" [90m-> null[0m[0m
      [31m-[0m[0m ip_protocol                  = "tcp" [90m-> null[0m[0m
      [31m-[0m[0m referenced_security_group_id = "sg-02e0f6e55a8d685c1" [90m-> null[0m[0m
      [31m-[0m[0m region                       = "us-west-1" [90m-> null[0m[0m
      [31m-[0m[0m security_group_id            = "sg-0db8e5e404f8ec7f6" [90m-> null[0m[0m
      [31m-[0m[0m security_group_rule_id       = "sgr-041e93abdd706db4b" [90m-> null[0m[0m
      [31m-[0m[0m tags_all                     = {
          [31m-[0m[0m "capstone"    = "tillflow"
          [31m-[0m[0m "environment" = "dev"
          [31m-[0m[0m "group"       = "devops-g3"
          [31m-[0m[0m "managed-by"  = "terraform"
          [31m-[0m[0m "owner"       = "lwam"
          [31m-[0m[0m "service"     = "platform"
        } [90m-> null[0m[0m
      [31m-[0m[0m to_port                      = 5432 [90m-> null[0m[0m
    }

[1m  # module.rds.aws_vpc_security_group_ingress_rule.proxy_from_services["payments"][0m will be [1m[31mdestroyed[0m
[0m  [31m-[0m[0m resource "aws_vpc_security_group_ingress_rule" "proxy_from_services" {
      [31m-[0m[0m arn                          = "arn:aws:ec2:us-west-1:240462142849:security-group-rule/sgr-0c2aba176f9615264" [90m-> null[0m[0m
      [31m-[0m[0m description                  = "PostgreSQL from payments" [90m-> null[0m[0m
      [31m-[0m[0m from_port                    = 5432 [90m-> null[0m[0m
      [31m-[0m[0m id                           = "sgr-0c2aba176f9615264" [90m-> null[0m[0m
      [31m-[0m[0m ip_protocol                  = "tcp" [90m-> null[0m[0m
      [31m-[0m[0m referenced_security_group_id = "sg-004dbdefe2bcada7b" [90m-> null[0m[0m
      [31m-[0m[0m region                       = "us-west-1" [90m-> null[0m[0m
      [31m-[0m[0m security_group_id            = "sg-0db8e5e404f8ec7f6" [90m-> null[0m[0m
      [31m-[0m[0m security_group_rule_id       = "sgr-0c2aba176f9615264" [90m-> null[0m[0m
      [31m-[0m[0m tags_all                     = {
          [31m-[0m[0m "capstone"    = "tillflow"
          [31m-[0m[0m "environment" = "dev"
          [31m-[0m[0m "group"       = "devops-g3"
          [31m-[0m[0m "managed-by"  = "terraform"
          [31m-[0m[0m "owner"       = "lwam"
          [31m-[0m[0m "service"     = "platform"
        } [90m-> null[0m[0m
      [31m-[0m[0m to_port                      = 5432 [90m-> null[0m[0m
    }

[1m  # module.rds.aws_vpc_security_group_ingress_rule.proxy_from_services["pos"][0m will be [1m[31mdestroyed[0m
[0m  [31m-[0m[0m resource "aws_vpc_security_group_ingress_rule" "proxy_from_services" {
      [31m-[0m[0m arn                          = "arn:aws:ec2:us-west-1:240462142849:security-group-rule/sgr-078c8427095212c24" [90m-> null[0m[0m
      [31m-[0m[0m description                  = "PostgreSQL from pos" [90m-> null[0m[0m
      [31m-[0m[0m from_port                    = 5432 [90m-> null[0m[0m
      [31m-[0m[0m id                           = "sgr-078c8427095212c24" [90m-> null[0m[0m
      [31m-[0m[0m ip_protocol                  = "tcp" [90m-> null[0m[0m
      [31m-[0m[0m referenced_security_group_id = "sg-011cf1096a418ef96" [90m-> null[0m[0m
      [31m-[0m[0m region                       = "us-west-1" [90m-> null[0m[0m
      [31m-[0m[0m security_group_id            = "sg-0db8e5e404f8ec7f6" [90m-> null[0m[0m
      [31m-[0m[0m security_group_rule_id       = "sgr-078c8427095212c24" [90m-> null[0m[0m
      [31m-[0m[0m tags_all                     = {
          [31m-[0m[0m "capstone"    = "tillflow"
          [31m-[0m[0m "environment" = "dev"
          [31m-[0m[0m "group"       = "devops-g3"
          [31m-[0m[0m "managed-by"  = "terraform"
          [31m-[0m[0m "owner"       = "lwam"
          [31m-[0m[0m "service"     = "platform"
        } [90m-> null[0m[0m
      [31m-[0m[0m to_port                      = 5432 [90m-> null[0m[0m
    }

[1m  # module.rds.aws_vpc_security_group_ingress_rule.proxy_from_services["web"][0m will be [1m[31mdestroyed[0m
[0m  [31m-[0m[0m resource "aws_vpc_security_group_ingress_rule" "proxy_from_services" {
      [31m-[0m[0m arn                          = "arn:aws:ec2:us-west-1:240462142849:security-group-rule/sgr-020615e9a76cc4e46" [90m-> null[0m[0m
      [31m-[0m[0m description                  = "PostgreSQL from web" [90m-> null[0m[0m
      [31m-[0m[0m from_port                    = 5432 [90m-> null[0m[0m
      [31m-[0m[0m id                           = "sgr-020615e9a76cc4e46" [90m-> null[0m[0m
      [31m-[0m[0m ip_protocol                  = "tcp" [90m-> null[0m[0m
      [31m-[0m[0m referenced_security_group_id = "sg-0ad16bc17ad21d907" [90m-> null[0m[0m
      [31m-[0m[0m region                       = "us-west-1" [90m-> null[0m[0m
      [31m-[0m[0m security_group_id            = "sg-0db8e5e404f8ec7f6" [90m-> null[0m[0m
      [31m-[0m[0m security_group_rule_id       = "sgr-020615e9a76cc4e46" [90m-> null[0m[0m
      [31m-[0m[0m tags_all                     = {
          [31m-[0m[0m "capstone"    = "tillflow"
          [31m-[0m[0m "environment" = "dev"
          [31m-[0m[0m "group"       = "devops-g3"
          [31m-[0m[0m "managed-by"  = "terraform"
          [31m-[0m[0m "owner"       = "lwam"
          [31m-[0m[0m "service"     = "platform"
        } [90m-> null[0m[0m
      [31m-[0m[0m to_port                      = 5432 [90m-> null[0m[0m
    }

[1m  # module.redis.aws_elasticache_replication_group.this[0m will be [1m[31mdestroyed[0m
[0m  [31m-[0m[0m resource "aws_elasticache_replication_group" "this" {
      [31m-[0m[0m apply_immediately          = true [90m-> null[0m[0m
      [31m-[0m[0m arn                        = "arn:aws:elasticache:us-west-1:240462142849:replicationgroup:devops-g3-cache" [90m-> null[0m[0m
      [31m-[0m[0m at_rest_encryption_enabled = "true" [90m-> null[0m[0m
      [31m-[0m[0m auth_token_wo              = (write-only attribute) [90m-> null[0m[0m
      [31m-[0m[0m auto_minor_version_upgrade = "true" [90m-> null[0m[0m
      [31m-[0m[0m automatic_failover_enabled = false [90m-> null[0m[0m
      [31m-[0m[0m cluster_enabled            = false [90m-> null[0m[0m
      [31m-[0m[0m cluster_mode               = "disabled" [90m-> null[0m[0m
      [31m-[0m[0m data_tiering_enabled       = false [90m-> null[0m[0m
      [31m-[0m[0m description                = "TillFlow cache-aside (ADR-002)" [90m-> null[0m[0m
      [31m-[0m[0m engine                     = "valkey" [90m-> null[0m[0m
      [31m-[0m[0m engine_version             = "7.2" [90m-> null[0m[0m
      [31m-[0m[0m engine_version_actual      = "7.2.6" [90m-> null[0m[0m
      [31m-[0m[0m id                         = "devops-g3-cache" [90m-> null[0m[0m
      [31m-[0m[0m ip_discovery               = "ipv4" [90m-> null[0m[0m
      [31m-[0m[0m kms_key_id                 = "arn:aws:kms:us-west-1:240462142849:key/90e2806f-72c0-4b51-ae60-8cc9436bdfe0" [90m-> null[0m[0m
      [31m-[0m[0m maintenance_window         = "sun:05:30-sun:06:30" [90m-> null[0m[0m
      [31m-[0m[0m member_clusters            = [
          [31m-[0m[0m "devops-g3-cache-001",
        ] [90m-> null[0m[0m
      [31m-[0m[0m multi_az_enabled           = false [90m-> null[0m[0m
      [31m-[0m[0m network_type               = "ipv4" [90m-> null[0m[0m
      [31m-[0m[0m node_type                  = "cache.t4g.micro" [90m-> null[0m[0m
      [31m-[0m[0m num_cache_clusters         = 1 [90m-> null[0m[0m
      [31m-[0m[0m num_node_groups            = 1 [90m-> null[0m[0m
      [31m-[0m[0m parameter_group_name       = "default.valkey7" [90m-> null[0m[0m
      [31m-[0m[0m port                       = 6379 [90m-> null[0m[0m
      [31m-[0m[0m primary_endpoint_address   = "master.devops-g3-cache.0xvgqe.usw1.cache.amazonaws.com" [90m-> null[0m[0m
      [31m-[0m[0m reader_endpoint_address    = "replica.devops-g3-cache.0xvgqe.usw1.cache.amazonaws.com" [90m-> null[0m[0m
      [31m-[0m[0m region                     = "us-west-1" [90m-> null[0m[0m
      [31m-[0m[0m replicas_per_node_group    = 0 [90m-> null[0m[0m
      [31m-[0m[0m replication_group_id       = "devops-g3-cache" [90m-> null[0m[0m
      [31m-[0m[0m security_group_ids         = [
          [31m-[0m[0m "sg-00904884e45b5128c",
        ] [90m-> null[0m[0m
      [31m-[0m[0m security_group_names       = [] [90m-> null[0m[0m
      [31m-[0m[0m snapshot_retention_limit   = 0 [90m-> null[0m[0m
      [31m-[0m[0m snapshot_window            = "12:00-13:00" [90m-> null[0m[0m
      [31m-[0m[0m subnet_group_name          = "devops-g3-cache" [90m-> null[0m[0m
      [31m-[0m[0m tags                       = {
          [31m-[0m[0m "Name" = "devops-g3-cache"
        } [90m-> null[0m[0m
      [31m-[0m[0m tags_all                   = {
          [31m-[0m[0m "Name"        = "devops-g3-cache"
          [31m-[0m[0m "capstone"    = "tillflow"
          [31m-[0m[0m "environment" = "dev"
          [31m-[0m[0m "group"       = "devops-g3"
          [31m-[0m[0m "managed-by"  = "terraform"
          [31m-[0m[0m "owner"       = "lwam"
          [31m-[0m[0m "service"     = "platform"
        } [90m-> null[0m[0m
      [31m-[0m[0m transit_encryption_enabled = true [90m-> null[0m[0m
      [31m-[0m[0m transit_encryption_mode    = "required" [90m-> null[0m[0m
      [31m-[0m[0m user_group_ids             = [] [90m-> null[0m[0m
        [90m# (2 unchanged attributes hidden)[0m[0m

      [31m-[0m[0m node_group_configuration {
          [31m-[0m[0m node_group_id              = "0001" [90m-> null[0m[0m
          [31m-[0m[0m primary_availability_zone  = "us-west-1a" [90m-> null[0m[0m
          [31m-[0m[0m replica_availability_zones = [] [90m-> null[0m[0m
          [31m-[0m[0m replica_count              = 0 [90m-> null[0m[0m
          [31m-[0m[0m replica_outpost_arns       = [] [90m-> null[0m[0m
            [90m# (2 unchanged attributes hidden)[0m[0m
        }
    }

[1m  # module.redis.aws_elasticache_subnet_group.this[0m will be [1m[31mdestroyed[0m
[0m  [31m-[0m[0m resource "aws_elasticache_subnet_group" "this" {
      [31m-[0m[0m arn         = "arn:aws:elasticache:us-west-1:240462142849:subnetgroup:devops-g3-cache" [90m-> null[0m[0m
      [31m-[0m[0m description = "Managed by Terraform" [90m-> null[0m[0m
      [31m-[0m[0m id          = "devops-g3-cache" [90m-> null[0m[0m
      [31m-[0m[0m name        = "devops-g3-cache" [90m-> null[0m[0m
      [31m-[0m[0m region      = "us-west-1" [90m-> null[0m[0m
      [31m-[0m[0m subnet_ids  = [
          [31m-[0m[0m "subnet-003d95ccc6e642205",
          [31m-[0m[0m "subnet-0f56c09ff417af280",
        ] [90m-> null[0m[0m
      [31m-[0m[0m tags        = {} [90m-> null[0m[0m
      [31m-[0m[0m tags_all    = {
          [31m-[0m[0m "capstone"    = "tillflow"
          [31m-[0m[0m "environment" = "dev"
          [31m-[0m[0m "group"       = "devops-g3"
          [31m-[0m[0m "managed-by"  = "terraform"
          [31m-[0m[0m "owner"       = "lwam"
          [31m-[0m[0m "service"     = "platform"
        } [90m-> null[0m[0m
      [31m-[0m[0m vpc_id      = "vpc-00cfe1339e0c0c86b" [90m-> null[0m[0m
    }

[1m  # module.redis.aws_security_group.this[0m will be [1m[31mdestroyed[0m
[0m  [31m-[0m[0m resource "aws_security_group" "this" {
      [31m-[0m[0m arn                    = "arn:aws:ec2:us-west-1:240462142849:security-group/sg-00904884e45b5128c" [90m-> null[0m[0m
      [31m-[0m[0m description            = "Valkey - reachable only from named service security groups" [90m-> null[0m[0m
      [31m-[0m[0m egress                 = [] [90m-> null[0m[0m
      [31m-[0m[0m id                     = "sg-00904884e45b5128c" [90m-> null[0m[0m
      [31m-[0m[0m ingress                = [
          [31m-[0m[0m {
              [31m-[0m[0m cidr_blocks      = []
              [31m-[0m[0m description      = "Valkey from commission"
              [31m-[0m[0m from_port        = 6379
              [31m-[0m[0m ipv6_cidr_blocks = []
              [31m-[0m[0m prefix_list_ids  = []
              [31m-[0m[0m protocol         = "tcp"
              [31m-[0m[0m security_groups  = [
                  [31m-[0m[0m "sg-0720e98de7189082b",
                ]
              [31m-[0m[0m self             = false
              [31m-[0m[0m to_port          = 6379
            },
          [31m-[0m[0m {
              [31m-[0m[0m cidr_blocks      = []
              [31m-[0m[0m description      = "Valkey from payments"
              [31m-[0m[0m from_port        = 6379
              [31m-[0m[0m ipv6_cidr_blocks = []
              [31m-[0m[0m prefix_list_ids  = []
              [31m-[0m[0m protocol         = "tcp"
              [31m-[0m[0m security_groups  = [
                  [31m-[0m[0m "sg-004dbdefe2bcada7b",
                ]
              [31m-[0m[0m self             = false
              [31m-[0m[0m to_port          = 6379
            },
          [31m-[0m[0m {
              [31m-[0m[0m cidr_blocks      = []
              [31m-[0m[0m description      = "Valkey from pos"
              [31m-[0m[0m from_port        = 6379
              [31m-[0m[0m ipv6_cidr_blocks = []
              [31m-[0m[0m prefix_list_ids  = []
              [31m-[0m[0m protocol         = "tcp"
              [31m-[0m[0m security_groups  = [
                  [31m-[0m[0m "sg-011cf1096a418ef96",
                ]
              [31m-[0m[0m self             = false
              [31m-[0m[0m to_port          = 6379
            },
          [31m-[0m[0m {
              [31m-[0m[0m cidr_blocks      = []
              [31m-[0m[0m description      = "Valkey from web"
              [31m-[0m[0m from_port        = 6379
              [31m-[0m[0m ipv6_cidr_blocks = []
              [31m-[0m[0m prefix_list_ids  = []
              [31m-[0m[0m protocol         = "tcp"
              [31m-[0m[0m security_groups  = [
                  [31m-[0m[0m "sg-0ad16bc17ad21d907",
                ]
              [31m-[0m[0m self             = false
              [31m-[0m[0m to_port          = 6379
            },
        ] [90m-> null[0m[0m
      [31m-[0m[0m name                   = "devops-g3-cache" [90m-> null[0m[0m
      [31m-[0m[0m owner_id               = "240462142849" [90m-> null[0m[0m
      [31m-[0m[0m region                 = "us-west-1" [90m-> null[0m[0m
      [31m-[0m[0m revoke_rules_on_delete = false [90m-> null[0m[0m
      [31m-[0m[0m tags                   = {
          [31m-[0m[0m "Name" = "devops-g3-cache"
        } [90m-> null[0m[0m
      [31m-[0m[0m tags_all               = {
          [31m-[0m[0m "Name"        = "devops-g3-cache"
          [31m-[0m[0m "capstone"    = "tillflow"
          [31m-[0m[0m "environment" = "dev"
          [31m-[0m[0m "group"       = "devops-g3"
          [31m-[0m[0m "managed-by"  = "terraform"
          [31m-[0m[0m "owner"       = "lwam"
          [31m-[0m[0m "service"     = "platform"
        } [90m-> null[0m[0m
      [31m-[0m[0m vpc_id                 = "vpc-00cfe1339e0c0c86b" [90m-> null[0m[0m
        [90m# (1 unchanged attribute hidden)[0m[0m
    }

[1m  # module.redis.aws_vpc_security_group_ingress_rule.from_services["commission"][0m will be [1m[31mdestroyed[0m
[0m  [31m-[0m[0m resource "aws_vpc_security_group_ingress_rule" "from_services" {
      [31m-[0m[0m arn                          = "arn:aws:ec2:us-west-1:240462142849:security-group-rule/sgr-0fb1b5ce6a4e64612" [90m-> null[0m[0m
      [31m-[0m[0m description                  = "Valkey from commission" [90m-> null[0m[0m
      [31m-[0m[0m from_port                    = 6379 [90m-> null[0m[0m
      [31m-[0m[0m id                           = "sgr-0fb1b5ce6a4e64612" [90m-> null[0m[0m
      [31m-[0m[0m ip_protocol                  = "tcp" [90m-> null[0m[0m
      [31m-[0m[0m referenced_security_group_id = "sg-0720e98de7189082b" [90m-> null[0m[0m
      [31m-[0m[0m region                       = "us-west-1" [90m-> null[0m[0m
      [31m-[0m[0m security_group_id            = "sg-00904884e45b5128c" [90m-> null[0m[0m
      [31m-[0m[0m security_group_rule_id       = "sgr-0fb1b5ce6a4e64612" [90m-> null[0m[0m
      [31m-[0m[0m tags_all                     = {
          [31m-[0m[0m "capstone"    = "tillflow"
          [31m-[0m[0m "environment" = "dev"
          [31m-[0m[0m "group"       = "devops-g3"
          [31m-[0m[0m "managed-by"  = "terraform"
          [31m-[0m[0m "owner"       = "lwam"
          [31m-[0m[0m "service"     = "platform"
        } [90m-> null[0m[0m
      [31m-[0m[0m to_port                      = 6379 [90m-> null[0m[0m
    }

[1m  # module.redis.aws_vpc_security_group_ingress_rule.from_services["payments"][0m will be [1m[31mdestroyed[0m
[0m  [31m-[0m[0m resource "aws_vpc_security_group_ingress_rule" "from_services" {
      [31m-[0m[0m arn                          = "arn:aws:ec2:us-west-1:240462142849:security-group-rule/sgr-0f377ec58b5b14475" [90m-> null[0m[0m
      [31m-[0m[0m description                  = "Valkey from payments" [90m-> null[0m[0m
      [31m-[0m[0m from_port                    = 6379 [90m-> null[0m[0m
      [31m-[0m[0m id                           = "sgr-0f377ec58b5b14475" [90m-> null[0m[0m
      [31m-[0m[0m ip_protocol                  = "tcp" [90m-> null[0m[0m
      [31m-[0m[0m referenced_security_group_id = "sg-004dbdefe2bcada7b" [90m-> null[0m[0m
      [31m-[0m[0m region                       = "us-west-1" [90m-> null[0m[0m
      [31m-[0m[0m security_group_id            = "sg-00904884e45b5128c" [90m-> null[0m[0m
      [31m-[0m[0m security_group_rule_id       = "sgr-0f377ec58b5b14475" [90m-> null[0m[0m
      [31m-[0m[0m tags_all                     = {
          [31m-[0m[0m "capstone"    = "tillflow"
          [31m-[0m[0m "environment" = "dev"
          [31m-[0m[0m "group"       = "devops-g3"
          [31m-[0m[0m "managed-by"  = "terraform"
          [31m-[0m[0m "owner"       = "lwam"
          [31m-[0m[0m "service"     = "platform"
        } [90m-> null[0m[0m
      [31m-[0m[0m to_port                      = 6379 [90m-> null[0m[0m
    }

[1m  # module.redis.aws_vpc_security_group_ingress_rule.from_services["pos"][0m will be [1m[31mdestroyed[0m
[0m  [31m-[0m[0m resource "aws_vpc_security_group_ingress_rule" "from_services" {
      [31m-[0m[0m arn                          = "arn:aws:ec2:us-west-1:240462142849:security-group-rule/sgr-04a3063ae8be0b7bd" [90m-> null[0m[0m
      [31m-[0m[0m description                  = "Valkey from pos" [90m-> null[0m[0m
      [31m-[0m[0m from_port                    = 6379 [90m-> null[0m[0m
      [31m-[0m[0m id                           = "sgr-04a3063ae8be0b7bd" [90m-> null[0m[0m
      [31m-[0m[0m ip_protocol                  = "tcp" [90m-> null[0m[0m
      [31m-[0m[0m referenced_security_group_id = "sg-011cf1096a418ef96" [90m-> null[0m[0m
      [31m-[0m[0m region                       = "us-west-1" [90m-> null[0m[0m
      [31m-[0m[0m security_group_id            = "sg-00904884e45b5128c" [90m-> null[0m[0m
      [31m-[0m[0m security_group_rule_id       = "sgr-04a3063ae8be0b7bd" [90m-> null[0m[0m
      [31m-[0m[0m tags_all                     = {
          [31m-[0m[0m "capstone"    = "tillflow"
          [31m-[0m[0m "environment" = "dev"
          [31m-[0m[0m "group"       = "devops-g3"
          [31m-[0m[0m "managed-by"  = "terraform"
          [31m-[0m[0m "owner"       = "lwam"
          [31m-[0m[0m "service"     = "platform"
        } [90m-> null[0m[0m
      [31m-[0m[0m to_port                      = 6379 [90m-> null[0m[0m
    }

[1m  # module.redis.aws_vpc_security_group_ingress_rule.from_services["web"][0m will be [1m[31mdestroyed[0m
[0m  [31m-[0m[0m resource "aws_vpc_security_group_ingress_rule" "from_services" {
      [31m-[0m[0m arn                          = "arn:aws:ec2:us-west-1:240462142849:security-group-rule/sgr-02fcfb2889916e3d2" [90m-> null[0m[0m
      [31m-[0m[0m description                  = "Valkey from web" [90m-> null[0m[0m
      [31m-[0m[0m from_port                    = 6379 [90m-> null[0m[0m
      [31m-[0m[0m id                           = "sgr-02fcfb2889916e3d2" [90m-> null[0m[0m
      [31m-[0m[0m ip_protocol                  = "tcp" [90m-> null[0m[0m
      [31m-[0m[0m referenced_security_group_id = "sg-0ad16bc17ad21d907" [90m-> null[0m[0m
      [31m-[0m[0m region                       = "us-west-1" [90m-> null[0m[0m
      [31m-[0m[0m security_group_id            = "sg-00904884e45b5128c" [90m-> null[0m[0m
      [31m-[0m[0m security_group_rule_id       = "sgr-02fcfb2889916e3d2" [90m-> null[0m[0m
      [31m-[0m[0m tags_all                     = {
          [31m-[0m[0m "capstone"    = "tillflow"
          [31m-[0m[0m "environment" = "dev"
          [31m-[0m[0m "group"       = "devops-g3"
          [31m-[0m[0m "managed-by"  = "terraform"
          [31m-[0m[0m "owner"       = "lwam"
          [31m-[0m[0m "service"     = "platform"
        } [90m-> null[0m[0m
      [31m-[0m[0m to_port                      = 6379 [90m-> null[0m[0m
    }

[1m  # module.secrets.aws_secretsmanager_secret.this["daraja"][0m will be [1m[31mdestroyed[0m
[0m  [31m-[0m[0m resource "aws_secretsmanager_secret" "this" {
      [31m-[0m[0m arn                            = "arn:aws:secretsmanager:us-west-1:240462142849:secret:devops-g3/daraja-vDnR06" [90m-> null[0m[0m
      [31m-[0m[0m description                    = "Daraja sandbox: consumer key/secret, passkey, initiator credential, callback path segment" [90m-> null[0m[0m
      [31m-[0m[0m force_overwrite_replica_secret = false [90m-> null[0m[0m
      [31m-[0m[0m id                             = "arn:aws:secretsmanager:us-west-1:240462142849:secret:devops-g3/daraja-vDnR06" [90m-> null[0m[0m
      [31m-[0m[0m kms_key_id                     = "arn:aws:kms:us-west-1:240462142849:key/90e2806f-72c0-4b51-ae60-8cc9436bdfe0" [90m-> null[0m[0m
      [31m-[0m[0m name                           = "devops-g3/daraja" [90m-> null[0m[0m
      [31m-[0m[0m policy                         = jsonencode(
            {
              [31m-[0m[0m Statement = [
                  [31m-[0m[0m {
                      [31m-[0m[0m Action    = [
                          [31m-[0m[0m "secretsmanager:GetSecretValue",
                          [31m-[0m[0m "secretsmanager:DescribeSecret",
                        ]
                      [31m-[0m[0m Effect    = "Allow"
                      [31m-[0m[0m Principal = {
                          [31m-[0m[0m AWS = "arn:aws:iam::240462142849:role/devops-g3-payments-task"
                        }
                      [31m-[0m[0m Resource  = "*"
                      [31m-[0m[0m Sid       = "OnlyPaymentsMayReadDaraja"
                    },
                ]
              [31m-[0m[0m Version   = "2012-10-17"
            }
        ) [90m-> null[0m[0m
      [31m-[0m[0m recovery_window_in_days        = 7 [90m-> null[0m[0m
      [31m-[0m[0m region                         = "us-west-1" [90m-> null[0m[0m
      [31m-[0m[0m tags                           = {
          [31m-[0m[0m "Name" = "devops-g3-daraja"
        } [90m-> null[0m[0m
      [31m-[0m[0m tags_all                       = {
          [31m-[0m[0m "Name"        = "devops-g3-daraja"
          [31m-[0m[0m "capstone"    = "tillflow"
          [31m-[0m[0m "environment" = "dev"
          [31m-[0m[0m "group"       = "devops-g3"
          [31m-[0m[0m "managed-by"  = "terraform"
          [31m-[0m[0m "owner"       = "lwam"
          [31m-[0m[0m "service"     = "platform"
        } [90m-> null[0m[0m
        [90m# (2 unchanged attributes hidden)[0m[0m
    }

[1m  # module.secrets.aws_secretsmanager_secret.this["db"][0m will be [1m[31mdestroyed[0m
[0m  [31m-[0m[0m resource "aws_secretsmanager_secret" "this" {
      [31m-[0m[0m arn                            = "arn:aws:secretsmanager:us-west-1:240462142849:secret:devops-g3/db-I364XC" [90m-> null[0m[0m
      [31m-[0m[0m description                    = "Per-service PostgreSQL credentials, consumed via RDS Proxy" [90m-> null[0m[0m
      [31m-[0m[0m force_overwrite_replica_secret = false [90m-> null[0m[0m
      [31m-[0m[0m id                             = "arn:aws:secretsmanager:us-west-1:240462142849:secret:devops-g3/db-I364XC" [90m-> null[0m[0m
      [31m-[0m[0m kms_key_id                     = "arn:aws:kms:us-west-1:240462142849:key/90e2806f-72c0-4b51-ae60-8cc9436bdfe0" [90m-> null[0m[0m
      [31m-[0m[0m name                           = "devops-g3/db" [90m-> null[0m[0m
      [31m-[0m[0m policy                         = jsonencode(
            {
              [31m-[0m[0m Statement = [
                  [31m-[0m[0m {
                      [31m-[0m[0m Action    = [
                          [31m-[0m[0m "secretsmanager:GetSecretValue",
                          [31m-[0m[0m "secretsmanager:DescribeSecret",
                        ]
                      [31m-[0m[0m Effect    = "Allow"
                      [31m-[0m[0m Principal = {
                          [31m-[0m[0m AWS = [
                              [31m-[0m[0m "arn:aws:iam::240462142849:role/devops-g3-commission-task",
                              [31m-[0m[0m "arn:aws:iam::240462142849:role/devops-g3-web-task",
                              [31m-[0m[0m "arn:aws:iam::240462142849:role/devops-g3-pos-task",
                              [31m-[0m[0m "arn:aws:iam::240462142849:role/devops-g3-payments-task",
                            ]
                        }
                      [31m-[0m[0m Resource  = "*"
                      [31m-[0m[0m Sid       = "ServiceTaskRoles"
                    },
                ]
              [31m-[0m[0m Version   = "2012-10-17"
            }
        ) [90m-> null[0m[0m
      [31m-[0m[0m recovery_window_in_days        = 7 [90m-> null[0m[0m
      [31m-[0m[0m region                         = "us-west-1" [90m-> null[0m[0m
      [31m-[0m[0m tags                           = {
          [31m-[0m[0m "Name" = "devops-g3-db"
        } [90m-> null[0m[0m
      [31m-[0m[0m tags_all                       = {
          [31m-[0m[0m "Name"        = "devops-g3-db"
          [31m-[0m[0m "capstone"    = "tillflow"
          [31m-[0m[0m "environment" = "dev"
          [31m-[0m[0m "group"       = "devops-g3"
          [31m-[0m[0m "managed-by"  = "terraform"
          [31m-[0m[0m "owner"       = "lwam"
          [31m-[0m[0m "service"     = "platform"
        } [90m-> null[0m[0m
        [90m# (2 unchanged attributes hidden)[0m[0m
    }

[1m  # module.secrets.aws_secretsmanager_secret.this["db-proxy-commission"][0m will be [1m[31mdestroyed[0m
[0m  [31m-[0m[0m resource "aws_secretsmanager_secret" "this" {
      [31m-[0m[0m arn                            = "arn:aws:secretsmanager:us-west-1:240462142849:secret:devops-g3/db-proxy-commission-O3w8qA" [90m-> null[0m[0m
      [31m-[0m[0m description                    = "RDS Proxy auth secret for tillflow_commission. Value populated by db-bootstrap." [90m-> null[0m[0m
      [31m-[0m[0m force_overwrite_replica_secret = false [90m-> null[0m[0m
      [31m-[0m[0m id                             = "arn:aws:secretsmanager:us-west-1:240462142849:secret:devops-g3/db-proxy-commission-O3w8qA" [90m-> null[0m[0m
      [31m-[0m[0m kms_key_id                     = "arn:aws:kms:us-west-1:240462142849:key/90e2806f-72c0-4b51-ae60-8cc9436bdfe0" [90m-> null[0m[0m
      [31m-[0m[0m name                           = "devops-g3/db-proxy-commission" [90m-> null[0m[0m
      [31m-[0m[0m recovery_window_in_days        = 7 [90m-> null[0m[0m
      [31m-[0m[0m region                         = "us-west-1" [90m-> null[0m[0m
      [31m-[0m[0m tags                           = {
          [31m-[0m[0m "Name" = "devops-g3-db-proxy-commission"
        } [90m-> null[0m[0m
      [31m-[0m[0m tags_all                       = {
          [31m-[0m[0m "Name"        = "devops-g3-db-proxy-commission"
          [31m-[0m[0m "capstone"    = "tillflow"
          [31m-[0m[0m "environment" = "dev"
          [31m-[0m[0m "group"       = "devops-g3"
          [31m-[0m[0m "managed-by"  = "terraform"
          [31m-[0m[0m "owner"       = "lwam"
          [31m-[0m[0m "service"     = "platform"
        } [90m-> null[0m[0m
        [90m# (3 unchanged attributes hidden)[0m[0m
    }

[1m  # module.secrets.aws_secretsmanager_secret.this["db-proxy-payments"][0m will be [1m[31mdestroyed[0m
[0m  [31m-[0m[0m resource "aws_secretsmanager_secret" "this" {
      [31m-[0m[0m arn                            = "arn:aws:secretsmanager:us-west-1:240462142849:secret:devops-g3/db-proxy-payments-H5SL8D" [90m-> null[0m[0m
      [31m-[0m[0m description                    = "RDS Proxy auth secret for tillflow_payments. Value populated by db-bootstrap." [90m-> null[0m[0m
      [31m-[0m[0m force_overwrite_replica_secret = false [90m-> null[0m[0m
      [31m-[0m[0m id                             = "arn:aws:secretsmanager:us-west-1:240462142849:secret:devops-g3/db-proxy-payments-H5SL8D" [90m-> null[0m[0m
      [31m-[0m[0m kms_key_id                     = "arn:aws:kms:us-west-1:240462142849:key/90e2806f-72c0-4b51-ae60-8cc9436bdfe0" [90m-> null[0m[0m
      [31m-[0m[0m name                           = "devops-g3/db-proxy-payments" [90m-> null[0m[0m
      [31m-[0m[0m recovery_window_in_days        = 7 [90m-> null[0m[0m
      [31m-[0m[0m region                         = "us-west-1" [90m-> null[0m[0m
      [31m-[0m[0m tags                           = {
          [31m-[0m[0m "Name" = "devops-g3-db-proxy-payments"
        } [90m-> null[0m[0m
      [31m-[0m[0m tags_all                       = {
          [31m-[0m[0m "Name"        = "devops-g3-db-proxy-payments"
          [31m-[0m[0m "capstone"    = "tillflow"
          [31m-[0m[0m "environment" = "dev"
          [31m-[0m[0m "group"       = "devops-g3"
          [31m-[0m[0m "managed-by"  = "terraform"
          [31m-[0m[0m "owner"       = "lwam"
          [31m-[0m[0m "service"     = "platform"
        } [90m-> null[0m[0m
        [90m# (3 unchanged attributes hidden)[0m[0m
    }

[1m  # module.secrets.aws_secretsmanager_secret.this["db-proxy-pos"][0m will be [1m[31mdestroyed[0m
[0m  [31m-[0m[0m resource "aws_secretsmanager_secret" "this" {
      [31m-[0m[0m arn                            = "arn:aws:secretsmanager:us-west-1:240462142849:secret:devops-g3/db-proxy-pos-L7bCoD" [90m-> null[0m[0m
      [31m-[0m[0m description                    = "RDS Proxy auth secret for tillflow_pos. Value populated by db-bootstrap." [90m-> null[0m[0m
      [31m-[0m[0m force_overwrite_replica_secret = false [90m-> null[0m[0m
      [31m-[0m[0m id                             = "arn:aws:secretsmanager:us-west-1:240462142849:secret:devops-g3/db-proxy-pos-L7bCoD" [90m-> null[0m[0m
      [31m-[0m[0m kms_key_id                     = "arn:aws:kms:us-west-1:240462142849:key/90e2806f-72c0-4b51-ae60-8cc9436bdfe0" [90m-> null[0m[0m
      [31m-[0m[0m name                           = "devops-g3/db-proxy-pos" [90m-> null[0m[0m
      [31m-[0m[0m recovery_window_in_days        = 7 [90m-> null[0m[0m
      [31m-[0m[0m region                         = "us-west-1" [90m-> null[0m[0m
      [31m-[0m[0m tags                           = {
          [31m-[0m[0m "Name" = "devops-g3-db-proxy-pos"
        } [90m-> null[0m[0m
      [31m-[0m[0m tags_all                       = {
          [31m-[0m[0m "Name"        = "devops-g3-db-proxy-pos"
          [31m-[0m[0m "capstone"    = "tillflow"
          [31m-[0m[0m "environment" = "dev"
          [31m-[0m[0m "group"       = "devops-g3"
          [31m-[0m[0m "managed-by"  = "terraform"
          [31m-[0m[0m "owner"       = "lwam"
          [31m-[0m[0m "service"     = "platform"
        } [90m-> null[0m[0m
        [90m# (3 unchanged attributes hidden)[0m[0m
    }

[1m  # module.secrets.aws_secretsmanager_secret.this["db-proxy-web"][0m will be [1m[31mdestroyed[0m
[0m  [31m-[0m[0m resource "aws_secretsmanager_secret" "this" {
      [31m-[0m[0m arn                            = "arn:aws:secretsmanager:us-west-1:240462142849:secret:devops-g3/db-proxy-web-1bqHbE" [90m-> null[0m[0m
      [31m-[0m[0m description                    = "RDS Proxy auth secret for tillflow_web. Value populated by db-bootstrap." [90m-> null[0m[0m
      [31m-[0m[0m force_overwrite_replica_secret = false [90m-> null[0m[0m
      [31m-[0m[0m id                             = "arn:aws:secretsmanager:us-west-1:240462142849:secret:devops-g3/db-proxy-web-1bqHbE" [90m-> null[0m[0m
      [31m-[0m[0m kms_key_id                     = "arn:aws:kms:us-west-1:240462142849:key/90e2806f-72c0-4b51-ae60-8cc9436bdfe0" [90m-> null[0m[0m
      [31m-[0m[0m name                           = "devops-g3/db-proxy-web" [90m-> null[0m[0m
      [31m-[0m[0m recovery_window_in_days        = 7 [90m-> null[0m[0m
      [31m-[0m[0m region                         = "us-west-1" [90m-> null[0m[0m
      [31m-[0m[0m tags                           = {
          [31m-[0m[0m "Name" = "devops-g3-db-proxy-web"
        } [90m-> null[0m[0m
      [31m-[0m[0m tags_all                       = {
          [31m-[0m[0m "Name"        = "devops-g3-db-proxy-web"
          [31m-[0m[0m "capstone"    = "tillflow"
          [31m-[0m[0m "environment" = "dev"
          [31m-[0m[0m "group"       = "devops-g3"
          [31m-[0m[0m "managed-by"  = "terraform"
          [31m-[0m[0m "owner"       = "lwam"
          [31m-[0m[0m "service"     = "platform"
        } [90m-> null[0m[0m
        [90m# (3 unchanged attributes hidden)[0m[0m
    }

[1m  # module.secrets.aws_secretsmanager_secret.this["grafana-admin"][0m will be [1m[31mdestroyed[0m
[0m  [31m-[0m[0m resource "aws_secretsmanager_secret" "this" {
      [31m-[0m[0m arn                            = "arn:aws:secretsmanager:us-west-1:240462142849:secret:devops-g3/grafana-admin-T5XvCb" [90m-> null[0m[0m
      [31m-[0m[0m description                    = "Grafana administrator password (plain string). Populated out-of-band after apply." [90m-> null[0m[0m
      [31m-[0m[0m force_overwrite_replica_secret = false [90m-> null[0m[0m
      [31m-[0m[0m id                             = "arn:aws:secretsmanager:us-west-1:240462142849:secret:devops-g3/grafana-admin-T5XvCb" [90m-> null[0m[0m
      [31m-[0m[0m kms_key_id                     = "arn:aws:kms:us-west-1:240462142849:key/90e2806f-72c0-4b51-ae60-8cc9436bdfe0" [90m-> null[0m[0m
      [31m-[0m[0m name                           = "devops-g3/grafana-admin" [90m-> null[0m[0m
      [31m-[0m[0m policy                         = jsonencode(
            {
              [31m-[0m[0m Statement = [
                  [31m-[0m[0m {
                      [31m-[0m[0m Action    = [
                          [31m-[0m[0m "secretsmanager:GetSecretValue",
                          [31m-[0m[0m "secretsmanager:DescribeSecret",
                        ]
                      [31m-[0m[0m Effect    = "Allow"
                      [31m-[0m[0m Principal = {
                          [31m-[0m[0m AWS = "arn:aws:iam::240462142849:role/devops-g3-grafana-task"
                        }
                      [31m-[0m[0m Resource  = "*"
                      [31m-[0m[0m Sid       = "GrafanaTaskRoleOnly"
                    },
                ]
              [31m-[0m[0m Version   = "2012-10-17"
            }
        ) [90m-> null[0m[0m
      [31m-[0m[0m recovery_window_in_days        = 7 [90m-> null[0m[0m
      [31m-[0m[0m region                         = "us-west-1" [90m-> null[0m[0m
      [31m-[0m[0m tags                           = {
          [31m-[0m[0m "Name" = "devops-g3-grafana-admin"
        } [90m-> null[0m[0m
      [31m-[0m[0m tags_all                       = {
          [31m-[0m[0m "Name"        = "devops-g3-grafana-admin"
          [31m-[0m[0m "capstone"    = "tillflow"
          [31m-[0m[0m "environment" = "dev"
          [31m-[0m[0m "group"       = "devops-g3"
          [31m-[0m[0m "managed-by"  = "terraform"
          [31m-[0m[0m "owner"       = "lwam"
          [31m-[0m[0m "service"     = "platform"
        } [90m-> null[0m[0m
        [90m# (2 unchanged attributes hidden)[0m[0m
    }

[1m  # module.secrets.aws_secretsmanager_secret.this["slack-webhook"][0m will be [1m[31mdestroyed[0m
[0m  [31m-[0m[0m resource "aws_secretsmanager_secret" "this" {
      [31m-[0m[0m arn                            = "arn:aws:secretsmanager:us-west-1:240462142849:secret:devops-g3/slack-webhook-eunYoR" [90m-> null[0m[0m
      [31m-[0m[0m description                    = "Slack incoming webhook for alerting. Never in Git, TF state, or build logs." [90m-> null[0m[0m
      [31m-[0m[0m force_overwrite_replica_secret = false [90m-> null[0m[0m
      [31m-[0m[0m id                             = "arn:aws:secretsmanager:us-west-1:240462142849:secret:devops-g3/slack-webhook-eunYoR" [90m-> null[0m[0m
      [31m-[0m[0m kms_key_id                     = "arn:aws:kms:us-west-1:240462142849:key/90e2806f-72c0-4b51-ae60-8cc9436bdfe0" [90m-> null[0m[0m
      [31m-[0m[0m name                           = "devops-g3/slack-webhook" [90m-> null[0m[0m
      [31m-[0m[0m policy                         = jsonencode(
            {
              [31m-[0m[0m Statement = [
                  [31m-[0m[0m {
                      [31m-[0m[0m Action    = [
                          [31m-[0m[0m "secretsmanager:GetSecretValue",
                          [31m-[0m[0m "secretsmanager:DescribeSecret",
                        ]
                      [31m-[0m[0m Effect    = "Allow"
                      [31m-[0m[0m Principal = {
                          [31m-[0m[0m AWS = "arn:aws:iam::240462142849:role/devops-g3-grafana-task"
                        }
                      [31m-[0m[0m Resource  = "*"
                      [31m-[0m[0m Sid       = "GrafanaAlerting"
                    },
                ]
              [31m-[0m[0m Version   = "2012-10-17"
            }
        ) [90m-> null[0m[0m
      [31m-[0m[0m recovery_window_in_days        = 7 [90m-> null[0m[0m
      [31m-[0m[0m region                         = "us-west-1" [90m-> null[0m[0m
      [31m-[0m[0m tags                           = {
          [31m-[0m[0m "Name" = "devops-g3-slack-webhook"
        } [90m-> null[0m[0m
      [31m-[0m[0m tags_all                       = {
          [31m-[0m[0m "Name"        = "devops-g3-slack-webhook"
          [31m-[0m[0m "capstone"    = "tillflow"
          [31m-[0m[0m "environment" = "dev"
          [31m-[0m[0m "group"       = "devops-g3"
          [31m-[0m[0m "managed-by"  = "terraform"
          [31m-[0m[0m "owner"       = "lwam"
          [31m-[0m[0m "service"     = "platform"
        } [90m-> null[0m[0m
        [90m# (2 unchanged attributes hidden)[0m[0m
    }

[1m  # module.service["commission"].aws_ecs_service.this[0m will be [1m[31mdestroyed[0m
[0m  [31m-[0m[0m resource "aws_ecs_service" "this" {
      [31m-[0m[0m arn                                = "arn:aws:ecs:us-west-1:240462142849:service/devops-g3/devops-g3-commission" [90m-> null[0m[0m
      [31m-[0m[0m availability_zone_rebalancing      = "ENABLED" [90m-> null[0m[0m
      [31m-[0m[0m cluster                            = "arn:aws:ecs:us-west-1:240462142849:cluster/devops-g3" [90m-> null[0m[0m
      [31m-[0m[0m deployment_maximum_percent         = 200 [90m-> null[0m[0m
      [31m-[0m[0m deployment_minimum_healthy_percent = 100 [90m-> null[0m[0m
      [31m-[0m[0m desired_count                      = 1 [90m-> null[0m[0m
      [31m-[0m[0m enable_ecs_managed_tags            = false [90m-> null[0m[0m
      [31m-[0m[0m enable_execute_command             = true [90m-> null[0m[0m
      [31m-[0m[0m health_check_grace_period_seconds  = 0 [90m-> null[0m[0m
      [31m-[0m[0m iam_role                           = "/aws-service-role/ecs.amazonaws.com/AWSServiceRoleForECS" [90m-> null[0m[0m
      [31m-[0m[0m id                                 = "arn:aws:ecs:us-west-1:240462142849:service/devops-g3/devops-g3-commission" [90m-> null[0m[0m
      [31m-[0m[0m launch_type                        = "FARGATE" [90m-> null[0m[0m
      [31m-[0m[0m name                               = "devops-g3-commission" [90m-> null[0m[0m
      [31m-[0m[0m platform_version                   = "1.4.0" [90m-> null[0m[0m
      [31m-[0m[0m propagate_tags                     = "NONE" [90m-> null[0m[0m
      [31m-[0m[0m region                             = "us-west-1" [90m-> null[0m[0m
      [31m-[0m[0m scheduling_strategy                = "REPLICA" [90m-> null[0m[0m
      [31m-[0m[0m tags                               = {
          [31m-[0m[0m "Name"    = "devops-g3-commission"
          [31m-[0m[0m "service" = "commission"
        } [90m-> null[0m[0m
      [31m-[0m[0m tags_all                           = {
          [31m-[0m[0m "Name"        = "devops-g3-commission"
          [31m-[0m[0m "capstone"    = "tillflow"
          [31m-[0m[0m "environment" = "dev"
          [31m-[0m[0m "group"       = "devops-g3"
          [31m-[0m[0m "managed-by"  = "terraform"
          [31m-[0m[0m "owner"       = "lwam"
          [31m-[0m[0m "service"     = "commission"
        } [90m-> null[0m[0m
      [31m-[0m[0m task_definition                    = "arn:aws:ecs:us-west-1:240462142849:task-definition/devops-g3-commission:79" [90m-> null[0m[0m
      [31m-[0m[0m triggers                           = {} [90m-> null[0m[0m
      [31m-[0m[0m wait_for_steady_state              = false [90m-> null[0m[0m

      [31m-[0m[0m deployment_circuit_breaker {
          [31m-[0m[0m enable   = true [90m-> null[0m[0m
          [31m-[0m[0m rollback = true [90m-> null[0m[0m
        }

      [31m-[0m[0m deployment_configuration {
          [31m-[0m[0m bake_time_in_minutes = "0" [90m-> null[0m[0m
          [31m-[0m[0m strategy             = "ROLLING" [90m-> null[0m[0m
        }

      [31m-[0m[0m deployment_controller {
          [31m-[0m[0m type = "ECS" [90m-> null[0m[0m
        }

      [31m-[0m[0m network_configuration {
          [31m-[0m[0m assign_public_ip = false [90m-> null[0m[0m
          [31m-[0m[0m security_groups  = [
              [31m-[0m[0m "sg-0720e98de7189082b",
            ] [90m-> null[0m[0m
          [31m-[0m[0m subnets          = [
              [31m-[0m[0m "subnet-01cdc84de3b32c135",
              [31m-[0m[0m "subnet-07343877e9a03db98",
            ] [90m-> null[0m[0m
        }

      [31m-[0m[0m service_connect_configuration {
          [31m-[0m[0m enabled   = true [90m-> null[0m[0m
          [31m-[0m[0m namespace = "arn:aws:servicediscovery:us-west-1:240462142849:namespace/ns-m3b22vodi4nakqzz" [90m-> null[0m[0m

          [31m-[0m[0m log_configuration {
              [31m-[0m[0m log_driver = "awslogs" [90m-> null[0m[0m
              [31m-[0m[0m options    = {
                  [31m-[0m[0m "awslogs-group"         = "/devops-g3/commission"
                  [31m-[0m[0m "awslogs-region"        = "us-west-1"
                  [31m-[0m[0m "awslogs-stream-prefix" = "service-connect"
                } [90m-> null[0m[0m
            }

          [31m-[0m[0m service {
              [31m-[0m[0m discovery_name        = "commission" [90m-> null[0m[0m
              [31m-[0m[0m ingress_port_override = 0 [90m-> null[0m[0m
              [31m-[0m[0m port_name             = "commission-http" [90m-> null[0m[0m

              [31m-[0m[0m client_alias {
                  [31m-[0m[0m dns_name = "commission" [90m-> null[0m[0m
                  [31m-[0m[0m port     = 8080 [90m-> null[0m[0m
                }
            }
        }
    }

[1m  # module.service["commission"].aws_ecs_task_definition.this[0m will be [1m[31mdestroyed[0m
[0m  [31m-[0m[0m resource "aws_ecs_task_definition" "this" {
      [31m-[0m[0m arn                      = "arn:aws:ecs:us-west-1:240462142849:task-definition/devops-g3-commission:77" [90m-> null[0m[0m
      [31m-[0m[0m arn_without_revision     = "arn:aws:ecs:us-west-1:240462142849:task-definition/devops-g3-commission" [90m-> null[0m[0m
      [31m-[0m[0m container_definitions    = jsonencode(
            [
              [31m-[0m[0m {
                  [31m-[0m[0m command                = [
                      [31m-[0m[0m "--config=/etc/ecs/tillflow-collector.yaml",
                    ]
                  [31m-[0m[0m environment            = [
                      [31m-[0m[0m {
                          [31m-[0m[0m name  = "AWS_PROMETHEUS_ENDPOINT"
                          [31m-[0m[0m value = "https://aps-workspaces.us-west-1.amazonaws.com/workspaces/ws-40261a89-bf51-45ee-a25b-e5fdfa21b69d/api/v1/remote_write"
                        },
                      [31m-[0m[0m {
                          [31m-[0m[0m name  = "AWS_REGION"
                          [31m-[0m[0m value = "us-west-1"
                        },
                    ]
                  [31m-[0m[0m essential              = false
                  [31m-[0m[0m healthCheck            = {
                      [31m-[0m[0m command     = [
                          [31m-[0m[0m "CMD",
                          [31m-[0m[0m "/healthcheck",
                        ]
                      [31m-[0m[0m interval    = 30
                      [31m-[0m[0m retries     = 3
                      [31m-[0m[0m startPeriod = 15
                      [31m-[0m[0m timeout     = 5
                    }
                  [31m-[0m[0m image                  = "240462142849.dkr.ecr.us-west-1.amazonaws.com/devops-g3/adot:v0.43.3-tillflow4"
                  [31m-[0m[0m logConfiguration       = {
                      [31m-[0m[0m logDriver = "awslogs"
                      [31m-[0m[0m options   = {
                          [31m-[0m[0m awslogs-group         = "/devops-g3/commission"
                          [31m-[0m[0m awslogs-region        = "us-west-1"
                          [31m-[0m[0m awslogs-stream-prefix = "adot"
                        }
                    }
                  [31m-[0m[0m mountPoints            = [
                      [31m-[0m[0m {
                          [31m-[0m[0m containerPath = "/tmp"
                          [31m-[0m[0m readOnly      = false
                          [31m-[0m[0m sourceVolume  = "tmp"
                        },
                    ]
                  [31m-[0m[0m name                   = "adot"
                  [31m-[0m[0m portMappings           = [
                      [31m-[0m[0m {
                          [31m-[0m[0m containerPort = 4317
                          [31m-[0m[0m hostPort      = 4317
                          [31m-[0m[0m protocol      = "tcp"
                        },
                      [31m-[0m[0m {
                          [31m-[0m[0m containerPort = 4318
                          [31m-[0m[0m hostPort      = 4318
                          [31m-[0m[0m protocol      = "tcp"
                        },
                    ]
                  [31m-[0m[0m readonlyRootFilesystem = true
                  [31m-[0m[0m systemControls         = []
                  [31m-[0m[0m user                   = "10001:10001"
                  [31m-[0m[0m volumesFrom            = []
                },
              [31m-[0m[0m {
                  [31m-[0m[0m dependsOn              = [
                      [31m-[0m[0m {
                          [31m-[0m[0m condition     = "HEALTHY"
                          [31m-[0m[0m containerName = "adot"
                        },
                    ]
                  [31m-[0m[0m environment            = [
                      [31m-[0m[0m {
                          [31m-[0m[0m name  = "AWS_REGION"
                          [31m-[0m[0m value = "us-west-1"
                        },
                      [31m-[0m[0m {
                          [31m-[0m[0m name  = "DB_HOST"
                          [31m-[0m[0m value = "devops-g3-db-proxy.proxy-chgiwkc8muat.us-west-1.rds.amazonaws.com"
                        },
                      [31m-[0m[0m {
                          [31m-[0m[0m name  = "DB_NAME"
                          [31m-[0m[0m value = "tillflow"
                        },
                      [31m-[0m[0m {
                          [31m-[0m[0m name  = "DB_SCHEMA"
                          [31m-[0m[0m value = "commission"
                        },
                      [31m-[0m[0m {
                          [31m-[0m[0m name  = "ENVIRONMENT"
                          [31m-[0m[0m value = "dev"
                        },
                      [31m-[0m[0m {
                          [31m-[0m[0m name  = "GIT_COMMIT_SHA"
                          [31m-[0m[0m value = "f1043e9610abb4789e51ccc7972e8ccac3762b2c"
                        },
                      [31m-[0m[0m {
                          [31m-[0m[0m name  = "GIT_SHA"
                          [31m-[0m[0m value = "f1043e9610abb4789e51ccc7972e8ccac3762b2c"
                        },
                      [31m-[0m[0m {
                          [31m-[0m[0m name  = "IMAGE_DIGEST"
                          [31m-[0m[0m value = "sha256:c56be8a4bdd985d022a6406af06d3ff62d6ca8cf47813f123f7dfb2b631c40a0"
                        },
                      [31m-[0m[0m {
                          [31m-[0m[0m name  = "MPESA_ADAPTER"
                          [31m-[0m[0m value = "sandbox"
                        },
                      [31m-[0m[0m {
                          [31m-[0m[0m name  = "OTEL_EXPORTER_OTLP_ENDPOINT"
                          [31m-[0m[0m value = "http://localhost:4317"
                        },
                      [31m-[0m[0m {
                          [31m-[0m[0m name  = "OTEL_RESOURCE_ATTRIBUTES"
                          [31m-[0m[0m value = "service.name=commission,deployment.environment=dev"
                        },
                      [31m-[0m[0m {
                          [31m-[0m[0m name  = "OTEL_SERVICE_NAME"
                          [31m-[0m[0m value = "commission"
                        },
                      [31m-[0m[0m {
                          [31m-[0m[0m name  = "PAYMENTS_BASE_URL"
                          [31m-[0m[0m value = "http://payments:8080"
                        },
                      [31m-[0m[0m {
                          [31m-[0m[0m name  = "PAYOUT_QUEUE_URL"
                          [31m-[0m[0m value = "https://sqs.us-west-1.amazonaws.com/240462142849/devops-g3-payout"
                        },
                      [31m-[0m[0m {
                          [31m-[0m[0m name  = "REDIS_HOST"
                          [31m-[0m[0m value = "master.devops-g3-cache.0xvgqe.usw1.cache.amazonaws.com"
                        },
                      [31m-[0m[0m {
                          [31m-[0m[0m name  = "REDIS_PORT"
                          [31m-[0m[0m value = "6379"
                        },
                      [31m-[0m[0m {
                          [31m-[0m[0m name  = "SERVICE_NAME"
                          [31m-[0m[0m value = "commission"
                        },
                      [31m-[0m[0m {
                          [31m-[0m[0m name  = "TILLFLOW_ENVIRONMENT"
                          [31m-[0m[0m value = "dev"
                        },
                    ]
                  [31m-[0m[0m essential              = true
                  [31m-[0m[0m healthCheck            = {
                      [31m-[0m[0m command     = [
                          [31m-[0m[0m "CMD-SHELL",
                          [31m-[0m[0m "python -c \"import urllib.request as u; r = u.urlopen('http://127.0.0.1:8080/health', timeout=2); exit(0 if r.status == 200 else 1)\"",
                        ]
                      [31m-[0m[0m interval    = 30
                      [31m-[0m[0m retries     = 3
                      [31m-[0m[0m startPeriod = 30
                      [31m-[0m[0m timeout     = 5
                    }
                  [31m-[0m[0m image                  = "240462142849.dkr.ecr.us-west-1.amazonaws.com/devops-g3/commission@sha256:c56be8a4bdd985d022a6406af06d3ff62d6ca8cf47813f123f7dfb2b631c40a0"
                  [31m-[0m[0m linuxParameters        = {
                      [31m-[0m[0m initProcessEnabled = true
                    }
                  [31m-[0m[0m logConfiguration       = {
                      [31m-[0m[0m logDriver = "awslogs"
                      [31m-[0m[0m options   = {
                          [31m-[0m[0m awslogs-group         = "/devops-g3/commission"
                          [31m-[0m[0m awslogs-region        = "us-west-1"
                          [31m-[0m[0m awslogs-stream-prefix = "app"
                        }
                    }
                  [31m-[0m[0m mountPoints            = [
                      [31m-[0m[0m {
                          [31m-[0m[0m containerPath = "/tmp"
                          [31m-[0m[0m readOnly      = false
                          [31m-[0m[0m sourceVolume  = "tmp"
                        },
                    ]
                  [31m-[0m[0m name                   = "commission"
                  [31m-[0m[0m portMappings           = [
                      [31m-[0m[0m {
                          [31m-[0m[0m appProtocol   = "http"
                          [31m-[0m[0m containerPort = 8080
                          [31m-[0m[0m hostPort      = 8080
                          [31m-[0m[0m name          = "commission-http"
                          [31m-[0m[0m protocol      = "tcp"
                        },
                    ]
                  [31m-[0m[0m readonlyRootFilesystem = true
                  [31m-[0m[0m secrets                = [
                      [31m-[0m[0m {
                          [31m-[0m[0m name      = "DB_CREDENTIALS"
                          [31m-[0m[0m valueFrom = "arn:aws:secretsmanager:us-west-1:240462142849:secret:devops-g3/db-I364XC:commission::"
                        },
                    ]
                  [31m-[0m[0m systemControls         = []
                  [31m-[0m[0m user                   = "10001:10001"
                  [31m-[0m[0m volumesFrom            = []
                },
            ]
        ) [90m-> null[0m[0m
      [31m-[0m[0m cpu                      = "512" [90m-> null[0m[0m
      [31m-[0m[0m enable_fault_injection   = false [90m-> null[0m[0m
      [31m-[0m[0m execution_role_arn       = "arn:aws:iam::240462142849:role/devops-g3-exec" [90m-> null[0m[0m
      [31m-[0m[0m family                   = "devops-g3-commission" [90m-> null[0m[0m
      [31m-[0m[0m id                       = "devops-g3-commission" [90m-> null[0m[0m
      [31m-[0m[0m memory                   = "1024" [90m-> null[0m[0m
      [31m-[0m[0m network_mode             = "awsvpc" [90m-> null[0m[0m
      [31m-[0m[0m region                   = "us-west-1" [90m-> null[0m[0m
      [31m-[0m[0m requires_compatibilities = [
          [31m-[0m[0m "FARGATE",
        ] [90m-> null[0m[0m
      [31m-[0m[0m revision                 = 77 [90m-> null[0m[0m
      [31m-[0m[0m skip_destroy             = false [90m-> null[0m[0m
      [31m-[0m[0m tags                     = {
          [31m-[0m[0m "Name"    = "devops-g3-commission"
          [31m-[0m[0m "service" = "commission"
        } [90m-> null[0m[0m
      [31m-[0m[0m tags_all                 = {
          [31m-[0m[0m "Name"        = "devops-g3-commission"
          [31m-[0m[0m "capstone"    = "tillflow"
          [31m-[0m[0m "environment" = "dev"
          [31m-[0m[0m "group"       = "devops-g3"
          [31m-[0m[0m "managed-by"  = "terraform"
          [31m-[0m[0m "owner"       = "lwam"
          [31m-[0m[0m "service"     = "commission"
        } [90m-> null[0m[0m
      [31m-[0m[0m task_role_arn            = "arn:aws:iam::240462142849:role/devops-g3-commission-task" [90m-> null[0m[0m
      [31m-[0m[0m track_latest             = false [90m-> null[0m[0m
        [90m# (2 unchanged attributes hidden)[0m[0m

      [31m-[0m[0m runtime_platform {
          [31m-[0m[0m cpu_architecture        = "ARM64" [90m-> null[0m[0m
          [31m-[0m[0m operating_system_family = "LINUX" [90m-> null[0m[0m
        }

      [31m-[0m[0m volume {
          [31m-[0m[0m configure_at_launch = false [90m-> null[0m[0m
          [31m-[0m[0m name                = "tmp" [90m-> null[0m[0m
            [90m# (1 unchanged attribute hidden)[0m[0m
        }
    }

[1m  # module.service["commission"].aws_iam_role.task[0m will be [1m[31mdestroyed[0m
[0m  [31m-[0m[0m resource "aws_iam_role" "task" {
      [31m-[0m[0m arn                   = "arn:aws:iam::240462142849:role/devops-g3-commission-task" [90m-> null[0m[0m
      [31m-[0m[0m assume_role_policy    = jsonencode(
            {
              [31m-[0m[0m Statement = [
                  [31m-[0m[0m {
                      [31m-[0m[0m Action    = "sts:AssumeRole"
                      [31m-[0m[0m Condition = {
                          [31m-[0m[0m StringEquals = {
                              [31m-[0m[0m "aws:SourceAccount" = "240462142849"
                            }
                        }
                      [31m-[0m[0m Effect    = "Allow"
                      [31m-[0m[0m Principal = {
                          [31m-[0m[0m Service = "ecs-tasks.amazonaws.com"
                        }
                    },
                ]
              [31m-[0m[0m Version   = "2012-10-17"
            }
        ) [90m-> null[0m[0m
      [31m-[0m[0m create_date           = "2026-09-11T18:02:14Z" [90m-> null[0m[0m
      [31m-[0m[0m description           = "Task role for commission" [90m-> null[0m[0m
      [31m-[0m[0m force_detach_policies = false [90m-> null[0m[0m
      [31m-[0m[0m id                    = "devops-g3-commission-task" [90m-> null[0m[0m
      [31m-[0m[0m managed_policy_arns   = [] [90m-> null[0m[0m
      [31m-[0m[0m max_session_duration  = 3600 [90m-> null[0m[0m
      [31m-[0m[0m name                  = "devops-g3-commission-task" [90m-> null[0m[0m
      [31m-[0m[0m path                  = "/" [90m-> null[0m[0m
      [31m-[0m[0m tags                  = {
          [31m-[0m[0m "Name"    = "devops-g3-commission-task"
          [31m-[0m[0m "service" = "commission"
        } [90m-> null[0m[0m
      [31m-[0m[0m tags_all              = {
          [31m-[0m[0m "Name"        = "devops-g3-commission-task"
          [31m-[0m[0m "capstone"    = "tillflow"
          [31m-[0m[0m "environment" = "dev"
          [31m-[0m[0m "group"       = "devops-g3"
          [31m-[0m[0m "managed-by"  = "terraform"
          [31m-[0m[0m "owner"       = "lwam"
          [31m-[0m[0m "service"     = "commission"
        } [90m-> null[0m[0m
      [31m-[0m[0m unique_id             = "AROATP7FJDWA2HOW5UKAH" [90m-> null[0m[0m
        [90m# (2 unchanged attributes hidden)[0m[0m

      [31m-[0m[0m inline_policy {
          [31m-[0m[0m name   = "service-permissions" [90m-> null[0m[0m
          [31m-[0m[0m policy = jsonencode(
                {
                  [31m-[0m[0m Statement = [
                      [31m-[0m[0m {
                          [31m-[0m[0m Action   = [
                              [31m-[0m[0m "xray:PutTraceSegments",
                              [31m-[0m[0m "xray:PutTelemetryRecords",
                              [31m-[0m[0m "xray:GetSamplingTargets",
                              [31m-[0m[0m "xray:GetSamplingRules",
                              [31m-[0m[0m "logs:PutLogEvents",
                              [31m-[0m[0m "logs:CreateLogStream",
                              [31m-[0m[0m "cloudwatch:PutMetricData",
                              [31m-[0m[0m "aps:RemoteWrite",
                            ]
                          [31m-[0m[0m Effect   = "Allow"
                          [31m-[0m[0m Resource = "arn:aws:aps:us-west-1:240462142849:workspace/ws-40261a89-bf51-45ee-a25b-e5fdfa21b69d"
                          [31m-[0m[0m Sid      = "Telemetry"
                        },
                      [31m-[0m[0m {
                          [31m-[0m[0m Action   = [
                              [31m-[0m[0m "ssmmessages:OpenDataChannel",
                              [31m-[0m[0m "ssmmessages:OpenControlChannel",
                              [31m-[0m[0m "ssmmessages:CreateDataChannel",
                              [31m-[0m[0m "ssmmessages:CreateControlChannel",
                            ]
                          [31m-[0m[0m Effect   = "Allow"
                          [31m-[0m[0m Resource = "*"
                          [31m-[0m[0m Sid      = "ExecCommand"
                        },
                      [31m-[0m[0m {
                          [31m-[0m[0m Action   = "secretsmanager:GetSecretValue"
                          [31m-[0m[0m Effect   = "Allow"
                          [31m-[0m[0m Resource = "arn:aws:secretsmanager:us-west-1:240462142849:secret:devops-g3/db-I364XC"
                          [31m-[0m[0m Sid      = "ReadOwnSecrets"
                        },
                      [31m-[0m[0m {
                          [31m-[0m[0m Action   = [
                              [31m-[0m[0m "sqs:SendMessage",
                              [31m-[0m[0m "sqs:GetQueueUrl",
                              [31m-[0m[0m "sqs:GetQueueAttributes",
                            ]
                          [31m-[0m[0m Effect   = "Allow"
                          [31m-[0m[0m Resource = "arn:aws:sqs:us-west-1:240462142849:devops-g3-payout"
                          [31m-[0m[0m Sid      = "SqsSend"
                        },
                      [31m-[0m[0m {
                          [31m-[0m[0m Action   = [
                              [31m-[0m[0m "kms:GenerateDataKey",
                              [31m-[0m[0m "kms:Decrypt",
                            ]
                          [31m-[0m[0m Effect   = "Allow"
                          [31m-[0m[0m Resource = "arn:aws:kms:us-west-1:240462142849:key/90e2806f-72c0-4b51-ae60-8cc9436bdfe0"
                          [31m-[0m[0m Sid      = "DecryptWithSharedKey"
                        },
                    ]
                  [31m-[0m[0m Version   = "2012-10-17"
                }
            ) [90m-> null[0m[0m
        }
    }

[1m  # module.service["commission"].aws_iam_role_policy.task[0m will be [1m[31mdestroyed[0m
[0m  [31m-[0m[0m resource "aws_iam_role_policy" "task" {
      [31m-[0m[0m id          = "devops-g3-commission-task:service-permissions" [90m-> null[0m[0m
      [31m-[0m[0m name        = "service-permissions" [90m-> null[0m[0m
      [31m-[0m[0m policy      = jsonencode(
            {
              [31m-[0m[0m Statement = [
                  [31m-[0m[0m {
                      [31m-[0m[0m Action   = [
                          [31m-[0m[0m "xray:PutTraceSegments",
                          [31m-[0m[0m "xray:PutTelemetryRecords",
                          [31m-[0m[0m "xray:GetSamplingTargets",
                          [31m-[0m[0m "xray:GetSamplingRules",
                          [31m-[0m[0m "logs:PutLogEvents",
                          [31m-[0m[0m "logs:CreateLogStream",
                          [31m-[0m[0m "cloudwatch:PutMetricData",
                          [31m-[0m[0m "aps:RemoteWrite",
                        ]
                      [31m-[0m[0m Effect   = "Allow"
                      [31m-[0m[0m Resource = "arn:aws:aps:us-west-1:240462142849:workspace/ws-40261a89-bf51-45ee-a25b-e5fdfa21b69d"
                      [31m-[0m[0m Sid      = "Telemetry"
                    },
                  [31m-[0m[0m {
                      [31m-[0m[0m Action   = [
                          [31m-[0m[0m "ssmmessages:OpenDataChannel",
                          [31m-[0m[0m "ssmmessages:OpenControlChannel",
                          [31m-[0m[0m "ssmmessages:CreateDataChannel",
                          [31m-[0m[0m "ssmmessages:CreateControlChannel",
                        ]
                      [31m-[0m[0m Effect   = "Allow"
                      [31m-[0m[0m Resource = "*"
                      [31m-[0m[0m Sid      = "ExecCommand"
                    },
                  [31m-[0m[0m {
                      [31m-[0m[0m Action   = "secretsmanager:GetSecretValue"
                      [31m-[0m[0m Effect   = "Allow"
                      [31m-[0m[0m Resource = "arn:aws:secretsmanager:us-west-1:240462142849:secret:devops-g3/db-I364XC"
                      [31m-[0m[0m Sid      = "ReadOwnSecrets"
                    },
                  [31m-[0m[0m {
                      [31m-[0m[0m Action   = [
                          [31m-[0m[0m "sqs:SendMessage",
                          [31m-[0m[0m "sqs:GetQueueUrl",
                          [31m-[0m[0m "sqs:GetQueueAttributes",
                        ]
                      [31m-[0m[0m Effect   = "Allow"
                      [31m-[0m[0m Resource = "arn:aws:sqs:us-west-1:240462142849:devops-g3-payout"
                      [31m-[0m[0m Sid      = "SqsSend"
                    },
                  [31m-[0m[0m {
                      [31m-[0m[0m Action   = [
                          [31m-[0m[0m "kms:GenerateDataKey",
                          [31m-[0m[0m "kms:Decrypt",
                        ]
                      [31m-[0m[0m Effect   = "Allow"
                      [31m-[0m[0m Resource = "arn:aws:kms:us-west-1:240462142849:key/90e2806f-72c0-4b51-ae60-8cc9436bdfe0"
                      [31m-[0m[0m Sid      = "DecryptWithSharedKey"
                    },
                ]
              [31m-[0m[0m Version   = "2012-10-17"
            }
        ) [90m-> null[0m[0m
      [31m-[0m[0m role        = "devops-g3-commission-task" [90m-> null[0m[0m
        [90m# (1 unchanged attribute hidden)[0m[0m
    }

[1m  # module.service["commission"].aws_security_group.this[0m will be [1m[31mdestroyed[0m
[0m  [31m-[0m[0m resource "aws_security_group" "this" {
      [31m-[0m[0m arn                    = "arn:aws:ec2:us-west-1:240462142849:security-group/sg-0720e98de7189082b" [90m-> null[0m[0m
      [31m-[0m[0m description            = "commission task" [90m-> null[0m[0m
      [31m-[0m[0m egress                 = [
          [31m-[0m[0m {
              [31m-[0m[0m cidr_blocks      = [
                  [31m-[0m[0m "10.20.0.0/16",
                ]
              [31m-[0m[0m description      = "In-VPC egress (VPC endpoints, RDS Proxy, cache, Service Connect peers)"
              [31m-[0m[0m from_port        = 0
              [31m-[0m[0m ipv6_cidr_blocks = []
              [31m-[0m[0m prefix_list_ids  = []
              [31m-[0m[0m protocol         = "-1"
              [31m-[0m[0m security_groups  = []
              [31m-[0m[0m self             = false
              [31m-[0m[0m to_port          = 0
            },
          [31m-[0m[0m {
              [31m-[0m[0m cidr_blocks      = []
              [31m-[0m[0m description      = "HTTPS to S3 gateway endpoint for ECR image layers"
              [31m-[0m[0m from_port        = 443
              [31m-[0m[0m ipv6_cidr_blocks = []
              [31m-[0m[0m prefix_list_ids  = [
                  [31m-[0m[0m "pl-6ba54002",
                ]
              [31m-[0m[0m protocol         = "tcp"
              [31m-[0m[0m security_groups  = []
              [31m-[0m[0m self             = false
              [31m-[0m[0m to_port          = 443
            },
        ] [90m-> null[0m[0m
      [31m-[0m[0m id                     = "sg-0720e98de7189082b" [90m-> null[0m[0m
      [31m-[0m[0m ingress                = [] [90m-> null[0m[0m
      [31m-[0m[0m name                   = "devops-g3-commission" [90m-> null[0m[0m
      [31m-[0m[0m owner_id               = "240462142849" [90m-> null[0m[0m
      [31m-[0m[0m region                 = "us-west-1" [90m-> null[0m[0m
      [31m-[0m[0m revoke_rules_on_delete = false [90m-> null[0m[0m
      [31m-[0m[0m tags                   = {
          [31m-[0m[0m "Name"    = "devops-g3-commission"
          [31m-[0m[0m "service" = "commission"
        } [90m-> null[0m[0m
      [31m-[0m[0m tags_all               = {
          [31m-[0m[0m "Name"        = "devops-g3-commission"
          [31m-[0m[0m "capstone"    = "tillflow"
          [31m-[0m[0m "environment" = "dev"
          [31m-[0m[0m "group"       = "devops-g3"
          [31m-[0m[0m "managed-by"  = "terraform"
          [31m-[0m[0m "owner"       = "lwam"
          [31m-[0m[0m "service"     = "commission"
        } [90m-> null[0m[0m
      [31m-[0m[0m vpc_id                 = "vpc-00cfe1339e0c0c86b" [90m-> null[0m[0m
        [90m# (1 unchanged attribute hidden)[0m[0m
    }

[1m  # module.service["commission"].aws_vpc_security_group_egress_rule.in_vpc[0m will be [1m[31mdestroyed[0m
[0m  [31m-[0m[0m resource "aws_vpc_security_group_egress_rule" "in_vpc" {
      [31m-[0m[0m arn                    = "arn:aws:ec2:us-west-1:240462142849:security-group-rule/sgr-0205217a38128acd4" [90m-> null[0m[0m
      [31m-[0m[0m cidr_ipv4              = "10.20.0.0/16" [90m-> null[0m[0m
      [31m-[0m[0m description            = "In-VPC egress (VPC endpoints, RDS Proxy, cache, Service Connect peers)" [90m-> null[0m[0m
      [31m-[0m[0m id                     = "sgr-0205217a38128acd4" [90m-> null[0m[0m
      [31m-[0m[0m ip_protocol            = "-1" [90m-> null[0m[0m
      [31m-[0m[0m region                 = "us-west-1" [90m-> null[0m[0m
      [31m-[0m[0m security_group_id      = "sg-0720e98de7189082b" [90m-> null[0m[0m
      [31m-[0m[0m security_group_rule_id = "sgr-0205217a38128acd4" [90m-> null[0m[0m
      [31m-[0m[0m tags_all               = {
          [31m-[0m[0m "capstone"    = "tillflow"
          [31m-[0m[0m "environment" = "dev"
          [31m-[0m[0m "group"       = "devops-g3"
          [31m-[0m[0m "managed-by"  = "terraform"
          [31m-[0m[0m "owner"       = "lwam"
          [31m-[0m[0m "service"     = "platform"
        } [90m-> null[0m[0m
    }

[1m  # module.service["commission"].aws_vpc_security_group_egress_rule.s3_gateway_https[0m will be [1m[31mdestroyed[0m
[0m  [31m-[0m[0m resource "aws_vpc_security_group_egress_rule" "s3_gateway_https" {
      [31m-[0m[0m arn                    = "arn:aws:ec2:us-west-1:240462142849:security-group-rule/sgr-0462ef343ed01f42e" [90m-> null[0m[0m
      [31m-[0m[0m description            = "HTTPS to S3 gateway endpoint for ECR image layers" [90m-> null[0m[0m
      [31m-[0m[0m from_port              = 443 [90m-> null[0m[0m
      [31m-[0m[0m id                     = "sgr-0462ef343ed01f42e" [90m-> null[0m[0m
      [31m-[0m[0m ip_protocol            = "tcp" [90m-> null[0m[0m
      [31m-[0m[0m prefix_list_id         = "pl-6ba54002" [90m-> null[0m[0m
      [31m-[0m[0m region                 = "us-west-1" [90m-> null[0m[0m
      [31m-[0m[0m security_group_id      = "sg-0720e98de7189082b" [90m-> null[0m[0m
      [31m-[0m[0m security_group_rule_id = "sgr-0462ef343ed01f42e" [90m-> null[0m[0m
      [31m-[0m[0m tags_all               = {
          [31m-[0m[0m "capstone"    = "tillflow"
          [31m-[0m[0m "environment" = "dev"
          [31m-[0m[0m "group"       = "devops-g3"
          [31m-[0m[0m "managed-by"  = "terraform"
          [31m-[0m[0m "owner"       = "lwam"
          [31m-[0m[0m "service"     = "platform"
        } [90m-> null[0m[0m
      [31m-[0m[0m to_port                = 443 [90m-> null[0m[0m
    }

[1m  # module.service["payments"].aws_ecs_service.this[0m will be [1m[31mdestroyed[0m
[0m  [31m-[0m[0m resource "aws_ecs_service" "this" {
      [31m-[0m[0m arn                                = "arn:aws:ecs:us-west-1:240462142849:service/devops-g3/devops-g3-payments" [90m-> null[0m[0m
      [31m-[0m[0m availability_zone_rebalancing      = "ENABLED" [90m-> null[0m[0m
      [31m-[0m[0m cluster                            = "arn:aws:ecs:us-west-1:240462142849:cluster/devops-g3" [90m-> null[0m[0m
      [31m-[0m[0m deployment_maximum_percent         = 200 [90m-> null[0m[0m
      [31m-[0m[0m deployment_minimum_healthy_percent = 100 [90m-> null[0m[0m
      [31m-[0m[0m desired_count                      = 2 [90m-> null[0m[0m
      [31m-[0m[0m enable_ecs_managed_tags            = false [90m-> null[0m[0m
      [31m-[0m[0m enable_execute_command             = true [90m-> null[0m[0m
      [31m-[0m[0m health_check_grace_period_seconds  = 60 [90m-> null[0m[0m
      [31m-[0m[0m iam_role                           = "/aws-service-role/ecs.amazonaws.com/AWSServiceRoleForECS" [90m-> null[0m[0m
      [31m-[0m[0m id                                 = "arn:aws:ecs:us-west-1:240462142849:service/devops-g3/devops-g3-payments" [90m-> null[0m[0m
      [31m-[0m[0m launch_type                        = "FARGATE" [90m-> null[0m[0m
      [31m-[0m[0m name                               = "devops-g3-payments" [90m-> null[0m[0m
      [31m-[0m[0m platform_version                   = "1.4.0" [90m-> null[0m[0m
      [31m-[0m[0m propagate_tags                     = "NONE" [90m-> null[0m[0m
      [31m-[0m[0m region                             = "us-west-1" [90m-> null[0m[0m
      [31m-[0m[0m scheduling_strategy                = "REPLICA" [90m-> null[0m[0m
      [31m-[0m[0m tags                               = {
          [31m-[0m[0m "Name"    = "devops-g3-payments"
          [31m-[0m[0m "service" = "payments"
        } [90m-> null[0m[0m
      [31m-[0m[0m tags_all                           = {
          [31m-[0m[0m "Name"        = "devops-g3-payments"
          [31m-[0m[0m "capstone"    = "tillflow"
          [31m-[0m[0m "environment" = "dev"
          [31m-[0m[0m "group"       = "devops-g3"
          [31m-[0m[0m "managed-by"  = "terraform"
          [31m-[0m[0m "owner"       = "lwam"
          [31m-[0m[0m "service"     = "payments"
        } [90m-> null[0m[0m
      [31m-[0m[0m task_definition                    = "arn:aws:ecs:us-west-1:240462142849:task-definition/devops-g3-payments:78" [90m-> null[0m[0m
      [31m-[0m[0m triggers                           = {} [90m-> null[0m[0m
      [31m-[0m[0m wait_for_steady_state              = false [90m-> null[0m[0m

      [31m-[0m[0m deployment_circuit_breaker {
          [31m-[0m[0m enable   = true [90m-> null[0m[0m
          [31m-[0m[0m rollback = true [90m-> null[0m[0m
        }

      [31m-[0m[0m deployment_configuration {
          [31m-[0m[0m bake_time_in_minutes = "0" [90m-> null[0m[0m
          [31m-[0m[0m strategy             = "ROLLING" [90m-> null[0m[0m
        }

      [31m-[0m[0m deployment_controller {
          [31m-[0m[0m type = "ECS" [90m-> null[0m[0m
        }

      [31m-[0m[0m load_balancer {
          [31m-[0m[0m container_name   = "payments" [90m-> null[0m[0m
          [31m-[0m[0m container_port   = 8080 [90m-> null[0m[0m
          [31m-[0m[0m target_group_arn = "arn:aws:elasticloadbalancing:us-west-1:240462142849:targetgroup/devops-g3-payments/4f23157db9c7a807" [90m-> null[0m[0m
            [90m# (1 unchanged attribute hidden)[0m[0m
        }

      [31m-[0m[0m network_configuration {
          [31m-[0m[0m assign_public_ip = false [90m-> null[0m[0m
          [31m-[0m[0m security_groups  = [
              [31m-[0m[0m "sg-004dbdefe2bcada7b",
            ] [90m-> null[0m[0m
          [31m-[0m[0m subnets          = [
              [31m-[0m[0m "subnet-01cdc84de3b32c135",
              [31m-[0m[0m "subnet-07343877e9a03db98",
            ] [90m-> null[0m[0m
        }

      [31m-[0m[0m service_connect_configuration {
          [31m-[0m[0m enabled   = true [90m-> null[0m[0m
          [31m-[0m[0m namespace = "arn:aws:servicediscovery:us-west-1:240462142849:namespace/ns-m3b22vodi4nakqzz" [90m-> null[0m[0m

          [31m-[0m[0m log_configuration {
              [31m-[0m[0m log_driver = "awslogs" [90m-> null[0m[0m
              [31m-[0m[0m options    = {
                  [31m-[0m[0m "awslogs-group"         = "/devops-g3/payments"
                  [31m-[0m[0m "awslogs-region"        = "us-west-1"
                  [31m-[0m[0m "awslogs-stream-prefix" = "service-connect"
                } [90m-> null[0m[0m
            }

          [31m-[0m[0m service {
              [31m-[0m[0m discovery_name        = "payments" [90m-> null[0m[0m
              [31m-[0m[0m ingress_port_override = 0 [90m-> null[0m[0m
              [31m-[0m[0m port_name             = "payments-http" [90m-> null[0m[0m

              [31m-[0m[0m client_alias {
                  [31m-[0m[0m dns_name = "payments" [90m-> null[0m[0m
                  [31m-[0m[0m port     = 8080 [90m-> null[0m[0m
                }
            }
        }
    }

[1m  # module.service["payments"].aws_ecs_task_definition.this[0m will be [1m[31mdestroyed[0m
[0m  [31m-[0m[0m resource "aws_ecs_task_definition" "this" {
      [31m-[0m[0m arn                      = "arn:aws:ecs:us-west-1:240462142849:task-definition/devops-g3-payments:76" [90m-> null[0m[0m
      [31m-[0m[0m arn_without_revision     = "arn:aws:ecs:us-west-1:240462142849:task-definition/devops-g3-payments" [90m-> null[0m[0m
      [31m-[0m[0m container_definitions    = jsonencode(
            [
              [31m-[0m[0m {
                  [31m-[0m[0m command                = [
                      [31m-[0m[0m "--config=/etc/ecs/tillflow-collector.yaml",
                    ]
                  [31m-[0m[0m environment            = [
                      [31m-[0m[0m {
                          [31m-[0m[0m name  = "AWS_PROMETHEUS_ENDPOINT"
                          [31m-[0m[0m value = "https://aps-workspaces.us-west-1.amazonaws.com/workspaces/ws-40261a89-bf51-45ee-a25b-e5fdfa21b69d/api/v1/remote_write"
                        },
                      [31m-[0m[0m {
                          [31m-[0m[0m name  = "AWS_REGION"
                          [31m-[0m[0m value = "us-west-1"
                        },
                    ]
                  [31m-[0m[0m essential              = false
                  [31m-[0m[0m healthCheck            = {
                      [31m-[0m[0m command     = [
                          [31m-[0m[0m "CMD",
                          [31m-[0m[0m "/healthcheck",
                        ]
                      [31m-[0m[0m interval    = 30
                      [31m-[0m[0m retries     = 3
                      [31m-[0m[0m startPeriod = 15
                      [31m-[0m[0m timeout     = 5
                    }
                  [31m-[0m[0m image                  = "240462142849.dkr.ecr.us-west-1.amazonaws.com/devops-g3/adot:v0.43.3-tillflow4"
                  [31m-[0m[0m logConfiguration       = {
                      [31m-[0m[0m logDriver = "awslogs"
                      [31m-[0m[0m options   = {
                          [31m-[0m[0m awslogs-group         = "/devops-g3/payments"
                          [31m-[0m[0m awslogs-region        = "us-west-1"
                          [31m-[0m[0m awslogs-stream-prefix = "adot"
                        }
                    }
                  [31m-[0m[0m mountPoints            = [
                      [31m-[0m[0m {
                          [31m-[0m[0m containerPath = "/tmp"
                          [31m-[0m[0m readOnly      = false
                          [31m-[0m[0m sourceVolume  = "tmp"
                        },
                    ]
                  [31m-[0m[0m name                   = "adot"
                  [31m-[0m[0m portMappings           = [
                      [31m-[0m[0m {
                          [31m-[0m[0m containerPort = 4317
                          [31m-[0m[0m hostPort      = 4317
                          [31m-[0m[0m protocol      = "tcp"
                        },
                      [31m-[0m[0m {
                          [31m-[0m[0m containerPort = 4318
                          [31m-[0m[0m hostPort      = 4318
                          [31m-[0m[0m protocol      = "tcp"
                        },
                    ]
                  [31m-[0m[0m readonlyRootFilesystem = true
                  [31m-[0m[0m systemControls         = []
                  [31m-[0m[0m user                   = "10001:10001"
                  [31m-[0m[0m volumesFrom            = []
                },
              [31m-[0m[0m {
                  [31m-[0m[0m dependsOn              = [
                      [31m-[0m[0m {
                          [31m-[0m[0m condition     = "HEALTHY"
                          [31m-[0m[0m containerName = "adot"
                        },
                    ]
                  [31m-[0m[0m environment            = [
                      [31m-[0m[0m {
                          [31m-[0m[0m name  = "AWS_REGION"
                          [31m-[0m[0m value = "us-west-1"
                        },
                      [31m-[0m[0m {
                          [31m-[0m[0m name  = "DB_HOST"
                          [31m-[0m[0m value = "devops-g3-db-proxy.proxy-chgiwkc8muat.us-west-1.rds.amazonaws.com"
                        },
                      [31m-[0m[0m {
                          [31m-[0m[0m name  = "DB_NAME"
                          [31m-[0m[0m value = "tillflow"
                        },
                      [31m-[0m[0m {
                          [31m-[0m[0m name  = "DB_SCHEMA"
                          [31m-[0m[0m value = "payments"
                        },
                      [31m-[0m[0m {
                          [31m-[0m[0m name  = "ENVIRONMENT"
                          [31m-[0m[0m value = "dev"
                        },
                      [31m-[0m[0m {
                          [31m-[0m[0m name  = "GIT_COMMIT_SHA"
                          [31m-[0m[0m value = "f1043e9610abb4789e51ccc7972e8ccac3762b2c"
                        },
                      [31m-[0m[0m {
                          [31m-[0m[0m name  = "GIT_SHA"
                          [31m-[0m[0m value = "f1043e9610abb4789e51ccc7972e8ccac3762b2c"
                        },
                      [31m-[0m[0m {
                          [31m-[0m[0m name  = "IMAGE_DIGEST"
                          [31m-[0m[0m value = "sha256:4302c4116a2f07c8ddd9f784ccde6247377b7199a5ab30229422810404a24962"
                        },
                      [31m-[0m[0m {
                          [31m-[0m[0m name  = "MPESA_ADAPTER"
                          [31m-[0m[0m value = "sandbox"
                        },
                      [31m-[0m[0m {
                          [31m-[0m[0m name  = "OTEL_EXPORTER_OTLP_ENDPOINT"
                          [31m-[0m[0m value = "http://localhost:4317"
                        },
                      [31m-[0m[0m {
                          [31m-[0m[0m name  = "OTEL_RESOURCE_ATTRIBUTES"
                          [31m-[0m[0m value = "service.name=payments,deployment.environment=dev"
                        },
                      [31m-[0m[0m {
                          [31m-[0m[0m name  = "OTEL_SERVICE_NAME"
                          [31m-[0m[0m value = "payments"
                        },
                      [31m-[0m[0m {
                          [31m-[0m[0m name  = "PAYOUT_QUEUE_URL"
                          [31m-[0m[0m value = "https://sqs.us-west-1.amazonaws.com/240462142849/devops-g3-payout"
                        },
                      [31m-[0m[0m {
                          [31m-[0m[0m name  = "POS_BASE_URL"
                          [31m-[0m[0m value = "http://pos:8080"
                        },
                      [31m-[0m[0m {
                          [31m-[0m[0m name  = "RECONCILIATION_QUEUE_URL"
                          [31m-[0m[0m value = "https://sqs.us-west-1.amazonaws.com/240462142849/devops-g3-reconciliation"
                        },
                      [31m-[0m[0m {
                          [31m-[0m[0m name  = "REDIS_HOST"
                          [31m-[0m[0m value = "master.devops-g3-cache.0xvgqe.usw1.cache.amazonaws.com"
                        },
                      [31m-[0m[0m {
                          [31m-[0m[0m name  = "REDIS_PORT"
                          [31m-[0m[0m value = "6379"
                        },
                      [31m-[0m[0m {
                          [31m-[0m[0m name  = "SERVICE_NAME"
                          [31m-[0m[0m value = "payments"
                        },
                      [31m-[0m[0m {
                          [31m-[0m[0m name  = "TILLFLOW_ENVIRONMENT"
                          [31m-[0m[0m value = "dev"
                        },
                    ]
                  [31m-[0m[0m essential              = true
                  [31m-[0m[0m healthCheck            = {
                      [31m-[0m[0m command     = [
                          [31m-[0m[0m "CMD-SHELL",
                          [31m-[0m[0m "python -c \"import urllib.request as u; r = u.urlopen('http://127.0.0.1:8080/health', timeout=2); exit(0 if r.status == 200 else 1)\"",
                        ]
                      [31m-[0m[0m interval    = 30
                      [31m-[0m[0m retries     = 3
                      [31m-[0m[0m startPeriod = 30
                      [31m-[0m[0m timeout     = 5
                    }
                  [31m-[0m[0m image                  = "240462142849.dkr.ecr.us-west-1.amazonaws.com/devops-g3/payments@sha256:4302c4116a2f07c8ddd9f784ccde6247377b7199a5ab30229422810404a24962"
                  [31m-[0m[0m linuxParameters        = {
                      [31m-[0m[0m initProcessEnabled = true
                    }
                  [31m-[0m[0m logConfiguration       = {
                      [31m-[0m[0m logDriver = "awslogs"
                      [31m-[0m[0m options   = {
                          [31m-[0m[0m awslogs-group         = "/devops-g3/payments"
                          [31m-[0m[0m awslogs-region        = "us-west-1"
                          [31m-[0m[0m awslogs-stream-prefix = "app"
                        }
                    }
                  [31m-[0m[0m mountPoints            = [
                      [31m-[0m[0m {
                          [31m-[0m[0m containerPath = "/tmp"
                          [31m-[0m[0m readOnly      = false
                          [31m-[0m[0m sourceVolume  = "tmp"
                        },
                    ]
                  [31m-[0m[0m name                   = "payments"
                  [31m-[0m[0m portMappings           = [
                      [31m-[0m[0m {
                          [31m-[0m[0m appProtocol   = "http"
                          [31m-[0m[0m containerPort = 8080
                          [31m-[0m[0m hostPort      = 8080
                          [31m-[0m[0m name          = "payments-http"
                          [31m-[0m[0m protocol      = "tcp"
                        },
                    ]
                  [31m-[0m[0m readonlyRootFilesystem = true
                  [31m-[0m[0m secrets                = [
                      [31m-[0m[0m {
                          [31m-[0m[0m name      = "DARAJA_CONSUMER_KEY"
                          [31m-[0m[0m valueFrom = "arn:aws:secretsmanager:us-west-1:240462142849:secret:devops-g3/daraja-vDnR06:DARAJA_CONSUMER_KEY::"
                        },
                      [31m-[0m[0m {
                          [31m-[0m[0m name      = "DARAJA_CONSUMER_SECRET"
                          [31m-[0m[0m valueFrom = "arn:aws:secretsmanager:us-west-1:240462142849:secret:devops-g3/daraja-vDnR06:DARAJA_CONSUMER_SECRET::"
                        },
                      [31m-[0m[0m {
                          [31m-[0m[0m name      = "DARAJA_INITIATOR"
                          [31m-[0m[0m valueFrom = "arn:aws:secretsmanager:us-west-1:240462142849:secret:devops-g3/daraja-vDnR06:DARAJA_INITIATOR::"
                        },
                      [31m-[0m[0m {
                          [31m-[0m[0m name      = "DARAJA_PASSKEY"
                          [31m-[0m[0m valueFrom = "arn:aws:secretsmanager:us-west-1:240462142849:secret:devops-g3/daraja-vDnR06:DARAJA_PASSKEY::"
                        },
                      [31m-[0m[0m {
                          [31m-[0m[0m name      = "DARAJA_SECURITY_CREDENTIAL"
                          [31m-[0m[0m valueFrom = "arn:aws:secretsmanager:us-west-1:240462142849:secret:devops-g3/daraja-vDnR06:DARAJA_SECURITY_CREDENTIAL::"
                        },
                      [31m-[0m[0m {
                          [31m-[0m[0m name      = "DARAJA_SHORTCODE"
                          [31m-[0m[0m valueFrom = "arn:aws:secretsmanager:us-west-1:240462142849:secret:devops-g3/daraja-vDnR06:DARAJA_SHORTCODE::"
                        },
                      [31m-[0m[0m {
                          [31m-[0m[0m name      = "DB_CREDENTIALS"
                          [31m-[0m[0m valueFrom = "arn:aws:secretsmanager:us-west-1:240462142849:secret:devops-g3/db-I364XC:payments::"
                        },
                      [31m-[0m[0m {
                          [31m-[0m[0m name      = "MPESA_CALLBACK_SECRET"
                          [31m-[0m[0m valueFrom = "arn:aws:secretsmanager:us-west-1:240462142849:secret:devops-g3/daraja-vDnR06:MPESA_CALLBACK_SECRET::"
                        },
                    ]
                  [31m-[0m[0m systemControls         = []
                  [31m-[0m[0m user                   = "10001:10001"
                  [31m-[0m[0m volumesFrom            = []
                },
            ]
        ) [90m-> null[0m[0m
      [31m-[0m[0m cpu                      = "1024" [90m-> null[0m[0m
      [31m-[0m[0m enable_fault_injection   = false [90m-> null[0m[0m
      [31m-[0m[0m execution_role_arn       = "arn:aws:iam::240462142849:role/devops-g3-exec" [90m-> null[0m[0m
      [31m-[0m[0m family                   = "devops-g3-payments" [90m-> null[0m[0m
      [31m-[0m[0m id                       = "devops-g3-payments" [90m-> null[0m[0m
      [31m-[0m[0m memory                   = "2048" [90m-> null[0m[0m
      [31m-[0m[0m network_mode             = "awsvpc" [90m-> null[0m[0m
      [31m-[0m[0m region                   = "us-west-1" [90m-> null[0m[0m
      [31m-[0m[0m requires_compatibilities = [
          [31m-[0m[0m "FARGATE",
        ] [90m-> null[0m[0m
      [31m-[0m[0m revision                 = 76 [90m-> null[0m[0m
      [31m-[0m[0m skip_destroy             = false [90m-> null[0m[0m
      [31m-[0m[0m tags                     = {
          [31m-[0m[0m "Name"    = "devops-g3-payments"
          [31m-[0m[0m "service" = "payments"
        } [90m-> null[0m[0m
      [31m-[0m[0m tags_all                 = {
          [31m-[0m[0m "Name"        = "devops-g3-payments"
          [31m-[0m[0m "capstone"    = "tillflow"
          [31m-[0m[0m "environment" = "dev"
          [31m-[0m[0m "group"       = "devops-g3"
          [31m-[0m[0m "managed-by"  = "terraform"
          [31m-[0m[0m "owner"       = "lwam"
          [31m-[0m[0m "service"     = "payments"
        } [90m-> null[0m[0m
      [31m-[0m[0m task_role_arn            = "arn:aws:iam::240462142849:role/devops-g3-payments-task" [90m-> null[0m[0m
      [31m-[0m[0m track_latest             = false [90m-> null[0m[0m
        [90m# (2 unchanged attributes hidden)[0m[0m

      [31m-[0m[0m runtime_platform {
          [31m-[0m[0m cpu_architecture        = "ARM64" [90m-> null[0m[0m
          [31m-[0m[0m operating_system_family = "LINUX" [90m-> null[0m[0m
        }

      [31m-[0m[0m volume {
          [31m-[0m[0m configure_at_launch = false [90m-> null[0m[0m
          [31m-[0m[0m name                = "tmp" [90m-> null[0m[0m
            [90m# (1 unchanged attribute hidden)[0m[0m
        }
    }

[1m  # module.service["payments"].aws_iam_role.task[0m will be [1m[31mdestroyed[0m
[0m  [31m-[0m[0m resource "aws_iam_role" "task" {
      [31m-[0m[0m arn                   = "arn:aws:iam::240462142849:role/devops-g3-payments-task" [90m-> null[0m[0m
      [31m-[0m[0m assume_role_policy    = jsonencode(
            {
              [31m-[0m[0m Statement = [
                  [31m-[0m[0m {
                      [31m-[0m[0m Action    = "sts:AssumeRole"
                      [31m-[0m[0m Condition = {
                          [31m-[0m[0m StringEquals = {
                              [31m-[0m[0m "aws:SourceAccount" = "240462142849"
                            }
                        }
                      [31m-[0m[0m Effect    = "Allow"
                      [31m-[0m[0m Principal = {
                          [31m-[0m[0m Service = "ecs-tasks.amazonaws.com"
                        }
                    },
                ]
              [31m-[0m[0m Version   = "2012-10-17"
            }
        ) [90m-> null[0m[0m
      [31m-[0m[0m create_date           = "2026-09-11T18:02:14Z" [90m-> null[0m[0m
      [31m-[0m[0m description           = "Task role for payments" [90m-> null[0m[0m
      [31m-[0m[0m force_detach_policies = false [90m-> null[0m[0m
      [31m-[0m[0m id                    = "devops-g3-payments-task" [90m-> null[0m[0m
      [31m-[0m[0m managed_policy_arns   = [] [90m-> null[0m[0m
      [31m-[0m[0m max_session_duration  = 3600 [90m-> null[0m[0m
      [31m-[0m[0m name                  = "devops-g3-payments-task" [90m-> null[0m[0m
      [31m-[0m[0m path                  = "/" [90m-> null[0m[0m
      [31m-[0m[0m tags                  = {
          [31m-[0m[0m "Name"    = "devops-g3-payments-task"
          [31m-[0m[0m "service" = "payments"
        } [90m-> null[0m[0m
      [31m-[0m[0m tags_all              = {
          [31m-[0m[0m "Name"        = "devops-g3-payments-task"
          [31m-[0m[0m "capstone"    = "tillflow"
          [31m-[0m[0m "environment" = "dev"
          [31m-[0m[0m "group"       = "devops-g3"
          [31m-[0m[0m "managed-by"  = "terraform"
          [31m-[0m[0m "owner"       = "lwam"
          [31m-[0m[0m "service"     = "payments"
        } [90m-> null[0m[0m
      [31m-[0m[0m unique_id             = "AROATP7FJDWAS5Z7RGYEJ" [90m-> null[0m[0m
        [90m# (2 unchanged attributes hidden)[0m[0m

      [31m-[0m[0m inline_policy {
          [31m-[0m[0m name   = "service-permissions" [90m-> null[0m[0m
          [31m-[0m[0m policy = jsonencode(
                {
                  [31m-[0m[0m Statement = [
                      [31m-[0m[0m {
                          [31m-[0m[0m Action   = [
                              [31m-[0m[0m "xray:PutTraceSegments",
                              [31m-[0m[0m "xray:PutTelemetryRecords",
                              [31m-[0m[0m "xray:GetSamplingTargets",
                              [31m-[0m[0m "xray:GetSamplingRules",
                              [31m-[0m[0m "logs:PutLogEvents",
                              [31m-[0m[0m "logs:CreateLogStream",
                              [31m-[0m[0m "cloudwatch:PutMetricData",
                              [31m-[0m[0m "aps:RemoteWrite",
                            ]
                          [31m-[0m[0m Effect   = "Allow"
                          [31m-[0m[0m Resource = "arn:aws:aps:us-west-1:240462142849:workspace/ws-40261a89-bf51-45ee-a25b-e5fdfa21b69d"
                          [31m-[0m[0m Sid      = "Telemetry"
                        },
                      [31m-[0m[0m {
                          [31m-[0m[0m Action   = [
                              [31m-[0m[0m "ssmmessages:OpenDataChannel",
                              [31m-[0m[0m "ssmmessages:OpenControlChannel",
                              [31m-[0m[0m "ssmmessages:CreateDataChannel",
                              [31m-[0m[0m "ssmmessages:CreateControlChannel",
                            ]
                          [31m-[0m[0m Effect   = "Allow"
                          [31m-[0m[0m Resource = "*"
                          [31m-[0m[0m Sid      = "ExecCommand"
                        },
                      [31m-[0m[0m {
                          [31m-[0m[0m Action   = "secretsmanager:GetSecretValue"
                          [31m-[0m[0m Effect   = "Allow"
                          [31m-[0m[0m Resource = [
                              [31m-[0m[0m "arn:aws:secretsmanager:us-west-1:240462142849:secret:devops-g3/db-I364XC",
                              [31m-[0m[0m "arn:aws:secretsmanager:us-west-1:240462142849:secret:devops-g3/daraja-vDnR06",
                            ]
                          [31m-[0m[0m Sid      = "ReadOwnSecrets"
                        },
                      [31m-[0m[0m {
                          [31m-[0m[0m Action   = [
                              [31m-[0m[0m "sqs:SendMessage",
                              [31m-[0m[0m "sqs:GetQueueUrl",
                              [31m-[0m[0m "sqs:GetQueueAttributes",
                            ]
                          [31m-[0m[0m Effect   = "Allow"
                          [31m-[0m[0m Resource = "arn:aws:sqs:us-west-1:240462142849:devops-g3-reconciliation"
                          [31m-[0m[0m Sid      = "SqsSend"
                        },
                      [31m-[0m[0m {
                          [31m-[0m[0m Action   = [
                              [31m-[0m[0m "sqs:ReceiveMessage",
                              [31m-[0m[0m "sqs:GetQueueUrl",
                              [31m-[0m[0m "sqs:GetQueueAttributes",
                              [31m-[0m[0m "sqs:DeleteMessage",
                              [31m-[0m[0m "sqs:ChangeMessageVisibility",
                            ]
                          [31m-[0m[0m Effect   = "Allow"
                          [31m-[0m[0m Resource = [
                              [31m-[0m[0m "arn:aws:sqs:us-west-1:240462142849:devops-g3-reconciliation",
                              [31m-[0m[0m "arn:aws:sqs:us-west-1:240462142849:devops-g3-payout",
                            ]
                          [31m-[0m[0m Sid      = "SqsConsume"
                        },
                      [31m-[0m[0m {
                          [31m-[0m[0m Action   = [
                              [31m-[0m[0m "kms:GenerateDataKey",
                              [31m-[0m[0m "kms:Decrypt",
                            ]
                          [31m-[0m[0m Effect   = "Allow"
                          [31m-[0m[0m Resource = "arn:aws:kms:us-west-1:240462142849:key/90e2806f-72c0-4b51-ae60-8cc9436bdfe0"
                          [31m-[0m[0m Sid      = "DecryptWithSharedKey"
                        },
                    ]
                  [31m-[0m[0m Version   = "2012-10-17"
                }
            ) [90m-> null[0m[0m
        }
    }

[1m  # module.service["payments"].aws_iam_role_policy.task[0m will be [1m[31mdestroyed[0m
[0m  [31m-[0m[0m resource "aws_iam_role_policy" "task" {
      [31m-[0m[0m id          = "devops-g3-payments-task:service-permissions" [90m-> null[0m[0m
      [31m-[0m[0m name        = "service-permissions" [90m-> null[0m[0m
      [31m-[0m[0m policy      = jsonencode(
            {
              [31m-[0m[0m Statement = [
                  [31m-[0m[0m {
                      [31m-[0m[0m Action   = [
                          [31m-[0m[0m "xray:PutTraceSegments",
                          [31m-[0m[0m "xray:PutTelemetryRecords",
                          [31m-[0m[0m "xray:GetSamplingTargets",
                          [31m-[0m[0m "xray:GetSamplingRules",
                          [31m-[0m[0m "logs:PutLogEvents",
                          [31m-[0m[0m "logs:CreateLogStream",
                          [31m-[0m[0m "cloudwatch:PutMetricData",
                          [31m-[0m[0m "aps:RemoteWrite",
                        ]
                      [31m-[0m[0m Effect   = "Allow"
                      [31m-[0m[0m Resource = "arn:aws:aps:us-west-1:240462142849:workspace/ws-40261a89-bf51-45ee-a25b-e5fdfa21b69d"
                      [31m-[0m[0m Sid      = "Telemetry"
                    },
                  [31m-[0m[0m {
                      [31m-[0m[0m Action   = [
                          [31m-[0m[0m "ssmmessages:OpenDataChannel",
                          [31m-[0m[0m "ssmmessages:OpenControlChannel",
                          [31m-[0m[0m "ssmmessages:CreateDataChannel",
                          [31m-[0m[0m "ssmmessages:CreateControlChannel",
                        ]
                      [31m-[0m[0m Effect   = "Allow"
                      [31m-[0m[0m Resource = "*"
                      [31m-[0m[0m Sid      = "ExecCommand"
                    },
                  [31m-[0m[0m {
                      [31m-[0m[0m Action   = "secretsmanager:GetSecretValue"
                      [31m-[0m[0m Effect   = "Allow"
                      [31m-[0m[0m Resource = [
                          [31m-[0m[0m "arn:aws:secretsmanager:us-west-1:240462142849:secret:devops-g3/db-I364XC",
                          [31m-[0m[0m "arn:aws:secretsmanager:us-west-1:240462142849:secret:devops-g3/daraja-vDnR06",
                        ]
                      [31m-[0m[0m Sid      = "ReadOwnSecrets"
                    },
                  [31m-[0m[0m {
                      [31m-[0m[0m Action   = [
                          [31m-[0m[0m "sqs:SendMessage",
                          [31m-[0m[0m "sqs:GetQueueUrl",
                          [31m-[0m[0m "sqs:GetQueueAttributes",
                        ]
                      [31m-[0m[0m Effect   = "Allow"
                      [31m-[0m[0m Resource = "arn:aws:sqs:us-west-1:240462142849:devops-g3-reconciliation"
                      [31m-[0m[0m Sid      = "SqsSend"
                    },
                  [31m-[0m[0m {
                      [31m-[0m[0m Action   = [
                          [31m-[0m[0m "sqs:ReceiveMessage",
                          [31m-[0m[0m "sqs:GetQueueUrl",
                          [31m-[0m[0m "sqs:GetQueueAttributes",
                          [31m-[0m[0m "sqs:DeleteMessage",
                          [31m-[0m[0m "sqs:ChangeMessageVisibility",
                        ]
                      [31m-[0m[0m Effect   = "Allow"
                      [31m-[0m[0m Resource = [
                          [31m-[0m[0m "arn:aws:sqs:us-west-1:240462142849:devops-g3-reconciliation",
                          [31m-[0m[0m "arn:aws:sqs:us-west-1:240462142849:devops-g3-payout",
                        ]
                      [31m-[0m[0m Sid      = "SqsConsume"
                    },
                  [31m-[0m[0m {
                      [31m-[0m[0m Action   = [
                          [31m-[0m[0m "kms:GenerateDataKey",
                          [31m-[0m[0m "kms:Decrypt",
                        ]
                      [31m-[0m[0m Effect   = "Allow"
                      [31m-[0m[0m Resource = "arn:aws:kms:us-west-1:240462142849:key/90e2806f-72c0-4b51-ae60-8cc9436bdfe0"
                      [31m-[0m[0m Sid      = "DecryptWithSharedKey"
                    },
                ]
              [31m-[0m[0m Version   = "2012-10-17"
            }
        ) [90m-> null[0m[0m
      [31m-[0m[0m role        = "devops-g3-payments-task" [90m-> null[0m[0m
        [90m# (1 unchanged attribute hidden)[0m[0m
    }

[1m  # module.service["payments"].aws_security_group.this[0m will be [1m[31mdestroyed[0m
[0m  [31m-[0m[0m resource "aws_security_group" "this" {
      [31m-[0m[0m arn                    = "arn:aws:ec2:us-west-1:240462142849:security-group/sg-004dbdefe2bcada7b" [90m-> null[0m[0m
      [31m-[0m[0m description            = "payments task" [90m-> null[0m[0m
      [31m-[0m[0m egress                 = [
          [31m-[0m[0m {
              [31m-[0m[0m cidr_blocks      = [
                  [31m-[0m[0m "0.0.0.0/0",
                ]
              [31m-[0m[0m description      = "HTTPS to any host (AR-7 - hostname filtering is not expressible with SGs)"
              [31m-[0m[0m from_port        = 443
              [31m-[0m[0m ipv6_cidr_blocks = []
              [31m-[0m[0m prefix_list_ids  = []
              [31m-[0m[0m protocol         = "tcp"
              [31m-[0m[0m security_groups  = []
              [31m-[0m[0m self             = false
              [31m-[0m[0m to_port          = 443
            },
          [31m-[0m[0m {
              [31m-[0m[0m cidr_blocks      = [
                  [31m-[0m[0m "10.20.0.0/16",
                ]
              [31m-[0m[0m description      = "In-VPC egress (VPC endpoints, RDS Proxy, cache, Service Connect peers)"
              [31m-[0m[0m from_port        = 0
              [31m-[0m[0m ipv6_cidr_blocks = []
              [31m-[0m[0m prefix_list_ids  = []
              [31m-[0m[0m protocol         = "-1"
              [31m-[0m[0m security_groups  = []
              [31m-[0m[0m self             = false
              [31m-[0m[0m to_port          = 0
            },
          [31m-[0m[0m {
              [31m-[0m[0m cidr_blocks      = []
              [31m-[0m[0m description      = "HTTPS to S3 gateway endpoint for ECR image layers"
              [31m-[0m[0m from_port        = 443
              [31m-[0m[0m ipv6_cidr_blocks = []
              [31m-[0m[0m prefix_list_ids  = [
                  [31m-[0m[0m "pl-6ba54002",
                ]
              [31m-[0m[0m protocol         = "tcp"
              [31m-[0m[0m security_groups  = []
              [31m-[0m[0m self             = false
              [31m-[0m[0m to_port          = 443
            },
        ] [90m-> null[0m[0m
      [31m-[0m[0m id                     = "sg-004dbdefe2bcada7b" [90m-> null[0m[0m
      [31m-[0m[0m ingress                = [
          [31m-[0m[0m {
              [31m-[0m[0m cidr_blocks      = []
              [31m-[0m[0m description      = "HTTP from the ALB on this service port only"
              [31m-[0m[0m from_port        = 8080
              [31m-[0m[0m ipv6_cidr_blocks = []
              [31m-[0m[0m prefix_list_ids  = []
              [31m-[0m[0m protocol         = "tcp"
              [31m-[0m[0m security_groups  = [
                  [31m-[0m[0m "sg-082d68629ef628a7c",
                ]
              [31m-[0m[0m self             = false
              [31m-[0m[0m to_port          = 8080
            },
          [31m-[0m[0m {
              [31m-[0m[0m cidr_blocks      = []
              [31m-[0m[0m description      = "Service Connect: commission to payments B2C endpoint"
              [31m-[0m[0m from_port        = 8080
              [31m-[0m[0m ipv6_cidr_blocks = []
              [31m-[0m[0m prefix_list_ids  = []
              [31m-[0m[0m protocol         = "tcp"
              [31m-[0m[0m security_groups  = [
                  [31m-[0m[0m "sg-0720e98de7189082b",
                ]
              [31m-[0m[0m self             = false
              [31m-[0m[0m to_port          = 8080
            },
          [31m-[0m[0m {
              [31m-[0m[0m cidr_blocks      = []
              [31m-[0m[0m description      = "Service Connect: pos to payments"
              [31m-[0m[0m from_port        = 8080
              [31m-[0m[0m ipv6_cidr_blocks = []
              [31m-[0m[0m prefix_list_ids  = []
              [31m-[0m[0m protocol         = "tcp"
              [31m-[0m[0m security_groups  = [
                  [31m-[0m[0m "sg-011cf1096a418ef96",
                ]
              [31m-[0m[0m self             = false
              [31m-[0m[0m to_port          = 8080
            },
        ] [90m-> null[0m[0m
      [31m-[0m[0m name                   = "devops-g3-payments" [90m-> null[0m[0m
      [31m-[0m[0m owner_id               = "240462142849" [90m-> null[0m[0m
      [31m-[0m[0m region                 = "us-west-1" [90m-> null[0m[0m
      [31m-[0m[0m revoke_rules_on_delete = false [90m-> null[0m[0m
      [31m-[0m[0m tags                   = {
          [31m-[0m[0m "Name"    = "devops-g3-payments"
          [31m-[0m[0m "service" = "payments"
        } [90m-> null[0m[0m
      [31m-[0m[0m tags_all               = {
          [31m-[0m[0m "Name"        = "devops-g3-payments"
          [31m-[0m[0m "capstone"    = "tillflow"
          [31m-[0m[0m "environment" = "dev"
          [31m-[0m[0m "group"       = "devops-g3"
          [31m-[0m[0m "managed-by"  = "terraform"
          [31m-[0m[0m "owner"       = "lwam"
          [31m-[0m[0m "service"     = "payments"
        } [90m-> null[0m[0m
      [31m-[0m[0m vpc_id                 = "vpc-00cfe1339e0c0c86b" [90m-> null[0m[0m
        [90m# (1 unchanged attribute hidden)[0m[0m
    }

[1m  # module.service["payments"].aws_vpc_security_group_egress_rule.in_vpc[0m will be [1m[31mdestroyed[0m
[0m  [31m-[0m[0m resource "aws_vpc_security_group_egress_rule" "in_vpc" {
      [31m-[0m[0m arn                    = "arn:aws:ec2:us-west-1:240462142849:security-group-rule/sgr-0755c2a82a081f5d1" [90m-> null[0m[0m
      [31m-[0m[0m cidr_ipv4              = "10.20.0.0/16" [90m-> null[0m[0m
      [31m-[0m[0m description            = "In-VPC egress (VPC endpoints, RDS Proxy, cache, Service Connect peers)" [90m-> null[0m[0m
      [31m-[0m[0m id                     = "sgr-0755c2a82a081f5d1" [90m-> null[0m[0m
      [31m-[0m[0m ip_protocol            = "-1" [90m-> null[0m[0m
      [31m-[0m[0m region                 = "us-west-1" [90m-> null[0m[0m
      [31m-[0m[0m security_group_id      = "sg-004dbdefe2bcada7b" [90m-> null[0m[0m
      [31m-[0m[0m security_group_rule_id = "sgr-0755c2a82a081f5d1" [90m-> null[0m[0m
      [31m-[0m[0m tags_all               = {
          [31m-[0m[0m "capstone"    = "tillflow"
          [31m-[0m[0m "environment" = "dev"
          [31m-[0m[0m "group"       = "devops-g3"
          [31m-[0m[0m "managed-by"  = "terraform"
          [31m-[0m[0m "owner"       = "lwam"
          [31m-[0m[0m "service"     = "platform"
        } [90m-> null[0m[0m
    }

[1m  # module.service["payments"].aws_vpc_security_group_egress_rule.internet_https[0][0m will be [1m[31mdestroyed[0m
[0m  [31m-[0m[0m resource "aws_vpc_security_group_egress_rule" "internet_https" {
      [31m-[0m[0m arn                    = "arn:aws:ec2:us-west-1:240462142849:security-group-rule/sgr-00aa3acfafeaa42b0" [90m-> null[0m[0m
      [31m-[0m[0m cidr_ipv4              = "0.0.0.0/0" [90m-> null[0m[0m
      [31m-[0m[0m description            = "HTTPS to any host (AR-7 - hostname filtering is not expressible with SGs)" [90m-> null[0m[0m
      [31m-[0m[0m from_port              = 443 [90m-> null[0m[0m
      [31m-[0m[0m id                     = "sgr-00aa3acfafeaa42b0" [90m-> null[0m[0m
      [31m-[0m[0m ip_protocol            = "tcp" [90m-> null[0m[0m
      [31m-[0m[0m region                 = "us-west-1" [90m-> null[0m[0m
      [31m-[0m[0m security_group_id      = "sg-004dbdefe2bcada7b" [90m-> null[0m[0m
      [31m-[0m[0m security_group_rule_id = "sgr-00aa3acfafeaa42b0" [90m-> null[0m[0m
      [31m-[0m[0m tags_all               = {
          [31m-[0m[0m "capstone"    = "tillflow"
          [31m-[0m[0m "environment" = "dev"
          [31m-[0m[0m "group"       = "devops-g3"
          [31m-[0m[0m "managed-by"  = "terraform"
          [31m-[0m[0m "owner"       = "lwam"
          [31m-[0m[0m "service"     = "platform"
        } [90m-> null[0m[0m
      [31m-[0m[0m to_port                = 443 [90m-> null[0m[0m
    }

[1m  # module.service["payments"].aws_vpc_security_group_egress_rule.s3_gateway_https[0m will be [1m[31mdestroyed[0m
[0m  [31m-[0m[0m resource "aws_vpc_security_group_egress_rule" "s3_gateway_https" {
      [31m-[0m[0m arn                    = "arn:aws:ec2:us-west-1:240462142849:security-group-rule/sgr-01afcb0d4db7dedb0" [90m-> null[0m[0m
      [31m-[0m[0m description            = "HTTPS to S3 gateway endpoint for ECR image layers" [90m-> null[0m[0m
      [31m-[0m[0m from_port              = 443 [90m-> null[0m[0m
      [31m-[0m[0m id                     = "sgr-01afcb0d4db7dedb0" [90m-> null[0m[0m
      [31m-[0m[0m ip_protocol            = "tcp" [90m-> null[0m[0m
      [31m-[0m[0m prefix_list_id         = "pl-6ba54002" [90m-> null[0m[0m
      [31m-[0m[0m region                 = "us-west-1" [90m-> null[0m[0m
      [31m-[0m[0m security_group_id      = "sg-004dbdefe2bcada7b" [90m-> null[0m[0m
      [31m-[0m[0m security_group_rule_id = "sgr-01afcb0d4db7dedb0" [90m-> null[0m[0m
      [31m-[0m[0m tags_all               = {
          [31m-[0m[0m "capstone"    = "tillflow"
          [31m-[0m[0m "environment" = "dev"
          [31m-[0m[0m "group"       = "devops-g3"
          [31m-[0m[0m "managed-by"  = "terraform"
          [31m-[0m[0m "owner"       = "lwam"
          [31m-[0m[0m "service"     = "platform"
        } [90m-> null[0m[0m
      [31m-[0m[0m to_port                = 443 [90m-> null[0m[0m
    }

[1m  # module.service["payments"].aws_vpc_security_group_ingress_rule.from_alb[0][0m will be [1m[31mdestroyed[0m
[0m  [31m-[0m[0m resource "aws_vpc_security_group_ingress_rule" "from_alb" {
      [31m-[0m[0m arn                          = "arn:aws:ec2:us-west-1:240462142849:security-group-rule/sgr-00805be519595e15a" [90m-> null[0m[0m
      [31m-[0m[0m description                  = "HTTP from the ALB on this service port only" [90m-> null[0m[0m
      [31m-[0m[0m from_port                    = 8080 [90m-> null[0m[0m
      [31m-[0m[0m id                           = "sgr-00805be519595e15a" [90m-> null[0m[0m
      [31m-[0m[0m ip_protocol                  = "tcp" [90m-> null[0m[0m
      [31m-[0m[0m referenced_security_group_id = "sg-082d68629ef628a7c" [90m-> null[0m[0m
      [31m-[0m[0m region                       = "us-west-1" [90m-> null[0m[0m
      [31m-[0m[0m security_group_id            = "sg-004dbdefe2bcada7b" [90m-> null[0m[0m
      [31m-[0m[0m security_group_rule_id       = "sgr-00805be519595e15a" [90m-> null[0m[0m
      [31m-[0m[0m tags_all                     = {
          [31m-[0m[0m "capstone"    = "tillflow"
          [31m-[0m[0m "environment" = "dev"
          [31m-[0m[0m "group"       = "devops-g3"
          [31m-[0m[0m "managed-by"  = "terraform"
          [31m-[0m[0m "owner"       = "lwam"
          [31m-[0m[0m "service"     = "platform"
        } [90m-> null[0m[0m
      [31m-[0m[0m to_port                      = 8080 [90m-> null[0m[0m
    }

[1m  # module.service["pos"].aws_ecs_service.this[0m will be [1m[31mdestroyed[0m
[0m  [31m-[0m[0m resource "aws_ecs_service" "this" {
      [31m-[0m[0m arn                                = "arn:aws:ecs:us-west-1:240462142849:service/devops-g3/devops-g3-pos" [90m-> null[0m[0m
      [31m-[0m[0m availability_zone_rebalancing      = "ENABLED" [90m-> null[0m[0m
      [31m-[0m[0m cluster                            = "arn:aws:ecs:us-west-1:240462142849:cluster/devops-g3" [90m-> null[0m[0m
      [31m-[0m[0m deployment_maximum_percent         = 200 [90m-> null[0m[0m
      [31m-[0m[0m deployment_minimum_healthy_percent = 100 [90m-> null[0m[0m
      [31m-[0m[0m desired_count                      = 2 [90m-> null[0m[0m
      [31m-[0m[0m enable_ecs_managed_tags            = false [90m-> null[0m[0m
      [31m-[0m[0m enable_execute_command             = true [90m-> null[0m[0m
      [31m-[0m[0m health_check_grace_period_seconds  = 60 [90m-> null[0m[0m
      [31m-[0m[0m iam_role                           = "/aws-service-role/ecs.amazonaws.com/AWSServiceRoleForECS" [90m-> null[0m[0m
      [31m-[0m[0m id                                 = "arn:aws:ecs:us-west-1:240462142849:service/devops-g3/devops-g3-pos" [90m-> null[0m[0m
      [31m-[0m[0m launch_type                        = "FARGATE" [90m-> null[0m[0m
      [31m-[0m[0m name                               = "devops-g3-pos" [90m-> null[0m[0m
      [31m-[0m[0m platform_version                   = "1.4.0" [90m-> null[0m[0m
      [31m-[0m[0m propagate_tags                     = "NONE" [90m-> null[0m[0m
      [31m-[0m[0m region                             = "us-west-1" [90m-> null[0m[0m
      [31m-[0m[0m scheduling_strategy                = "REPLICA" [90m-> null[0m[0m
      [31m-[0m[0m tags                               = {
          [31m-[0m[0m "Name"    = "devops-g3-pos"
          [31m-[0m[0m "service" = "pos"
        } [90m-> null[0m[0m
      [31m-[0m[0m tags_all                           = {
          [31m-[0m[0m "Name"        = "devops-g3-pos"
          [31m-[0m[0m "capstone"    = "tillflow"
          [31m-[0m[0m "environment" = "dev"
          [31m-[0m[0m "group"       = "devops-g3"
          [31m-[0m[0m "managed-by"  = "terraform"
          [31m-[0m[0m "owner"       = "lwam"
          [31m-[0m[0m "service"     = "pos"
        } [90m-> null[0m[0m
      [31m-[0m[0m task_definition                    = "arn:aws:ecs:us-west-1:240462142849:task-definition/devops-g3-pos:78" [90m-> null[0m[0m
      [31m-[0m[0m triggers                           = {} [90m-> null[0m[0m
      [31m-[0m[0m wait_for_steady_state              = false [90m-> null[0m[0m

      [31m-[0m[0m deployment_circuit_breaker {
          [31m-[0m[0m enable   = true [90m-> null[0m[0m
          [31m-[0m[0m rollback = true [90m-> null[0m[0m
        }

      [31m-[0m[0m deployment_configuration {
          [31m-[0m[0m bake_time_in_minutes = "0" [90m-> null[0m[0m
          [31m-[0m[0m strategy             = "ROLLING" [90m-> null[0m[0m
        }

      [31m-[0m[0m deployment_controller {
          [31m-[0m[0m type = "ECS" [90m-> null[0m[0m
        }

      [31m-[0m[0m load_balancer {
          [31m-[0m[0m container_name   = "pos" [90m-> null[0m[0m
          [31m-[0m[0m container_port   = 8080 [90m-> null[0m[0m
          [31m-[0m[0m target_group_arn = "arn:aws:elasticloadbalancing:us-west-1:240462142849:targetgroup/devops-g3-pos/54807cdfacc45b38" [90m-> null[0m[0m
            [90m# (1 unchanged attribute hidden)[0m[0m
        }

      [31m-[0m[0m network_configuration {
          [31m-[0m[0m assign_public_ip = false [90m-> null[0m[0m
          [31m-[0m[0m security_groups  = [
              [31m-[0m[0m "sg-011cf1096a418ef96",
            ] [90m-> null[0m[0m
          [31m-[0m[0m subnets          = [
              [31m-[0m[0m "subnet-01cdc84de3b32c135",
              [31m-[0m[0m "subnet-07343877e9a03db98",
            ] [90m-> null[0m[0m
        }

      [31m-[0m[0m service_connect_configuration {
          [31m-[0m[0m enabled   = true [90m-> null[0m[0m
          [31m-[0m[0m namespace = "arn:aws:servicediscovery:us-west-1:240462142849:namespace/ns-m3b22vodi4nakqzz" [90m-> null[0m[0m

          [31m-[0m[0m log_configuration {
              [31m-[0m[0m log_driver = "awslogs" [90m-> null[0m[0m
              [31m-[0m[0m options    = {
                  [31m-[0m[0m "awslogs-group"         = "/devops-g3/pos"
                  [31m-[0m[0m "awslogs-region"        = "us-west-1"
                  [31m-[0m[0m "awslogs-stream-prefix" = "service-connect"
                } [90m-> null[0m[0m
            }

          [31m-[0m[0m service {
              [31m-[0m[0m discovery_name        = "pos" [90m-> null[0m[0m
              [31m-[0m[0m ingress_port_override = 0 [90m-> null[0m[0m
              [31m-[0m[0m port_name             = "pos-http" [90m-> null[0m[0m

              [31m-[0m[0m client_alias {
                  [31m-[0m[0m dns_name = "pos" [90m-> null[0m[0m
                  [31m-[0m[0m port     = 8080 [90m-> null[0m[0m
                }
            }
        }
    }

[1m  # module.service["pos"].aws_ecs_task_definition.this[0m will be [1m[31mdestroyed[0m
[0m  [31m-[0m[0m resource "aws_ecs_task_definition" "this" {
      [31m-[0m[0m arn                      = "arn:aws:ecs:us-west-1:240462142849:task-definition/devops-g3-pos:76" [90m-> null[0m[0m
      [31m-[0m[0m arn_without_revision     = "arn:aws:ecs:us-west-1:240462142849:task-definition/devops-g3-pos" [90m-> null[0m[0m
      [31m-[0m[0m container_definitions    = jsonencode(
            [
              [31m-[0m[0m {
                  [31m-[0m[0m command                = [
                      [31m-[0m[0m "--config=/etc/ecs/tillflow-collector.yaml",
                    ]
                  [31m-[0m[0m environment            = [
                      [31m-[0m[0m {
                          [31m-[0m[0m name  = "AWS_PROMETHEUS_ENDPOINT"
                          [31m-[0m[0m value = "https://aps-workspaces.us-west-1.amazonaws.com/workspaces/ws-40261a89-bf51-45ee-a25b-e5fdfa21b69d/api/v1/remote_write"
                        },
                      [31m-[0m[0m {
                          [31m-[0m[0m name  = "AWS_REGION"
                          [31m-[0m[0m value = "us-west-1"
                        },
                    ]
                  [31m-[0m[0m essential              = false
                  [31m-[0m[0m healthCheck            = {
                      [31m-[0m[0m command     = [
                          [31m-[0m[0m "CMD",
                          [31m-[0m[0m "/healthcheck",
                        ]
                      [31m-[0m[0m interval    = 30
                      [31m-[0m[0m retries     = 3
                      [31m-[0m[0m startPeriod = 15
                      [31m-[0m[0m timeout     = 5
                    }
                  [31m-[0m[0m image                  = "240462142849.dkr.ecr.us-west-1.amazonaws.com/devops-g3/adot:v0.43.3-tillflow4"
                  [31m-[0m[0m logConfiguration       = {
                      [31m-[0m[0m logDriver = "awslogs"
                      [31m-[0m[0m options   = {
                          [31m-[0m[0m awslogs-group         = "/devops-g3/pos"
                          [31m-[0m[0m awslogs-region        = "us-west-1"
                          [31m-[0m[0m awslogs-stream-prefix = "adot"
                        }
                    }
                  [31m-[0m[0m mountPoints            = [
                      [31m-[0m[0m {
                          [31m-[0m[0m containerPath = "/tmp"
                          [31m-[0m[0m readOnly      = false
                          [31m-[0m[0m sourceVolume  = "tmp"
                        },
                    ]
                  [31m-[0m[0m name                   = "adot"
                  [31m-[0m[0m portMappings           = [
                      [31m-[0m[0m {
                          [31m-[0m[0m containerPort = 4317
                          [31m-[0m[0m hostPort      = 4317
                          [31m-[0m[0m protocol      = "tcp"
                        },
                      [31m-[0m[0m {
                          [31m-[0m[0m containerPort = 4318
                          [31m-[0m[0m hostPort      = 4318
                          [31m-[0m[0m protocol      = "tcp"
                        },
                    ]
                  [31m-[0m[0m readonlyRootFilesystem = true
                  [31m-[0m[0m systemControls         = []
                  [31m-[0m[0m user                   = "10001:10001"
                  [31m-[0m[0m volumesFrom            = []
                },
              [31m-[0m[0m {
                  [31m-[0m[0m dependsOn              = [
                      [31m-[0m[0m {
                          [31m-[0m[0m condition     = "HEALTHY"
                          [31m-[0m[0m containerName = "adot"
                        },
                    ]
                  [31m-[0m[0m environment            = [
                      [31m-[0m[0m {
                          [31m-[0m[0m name  = "AWS_REGION"
                          [31m-[0m[0m value = "us-west-1"
                        },
                      [31m-[0m[0m {
                          [31m-[0m[0m name  = "DB_HOST"
                          [31m-[0m[0m value = "devops-g3-db-proxy.proxy-chgiwkc8muat.us-west-1.rds.amazonaws.com"
                        },
                      [31m-[0m[0m {
                          [31m-[0m[0m name  = "DB_NAME"
                          [31m-[0m[0m value = "tillflow"
                        },
                      [31m-[0m[0m {
                          [31m-[0m[0m name  = "DB_SCHEMA"
                          [31m-[0m[0m value = "pos"
                        },
                      [31m-[0m[0m {
                          [31m-[0m[0m name  = "ENVIRONMENT"
                          [31m-[0m[0m value = "dev"
                        },
                      [31m-[0m[0m {
                          [31m-[0m[0m name  = "GIT_COMMIT_SHA"
                          [31m-[0m[0m value = "f1043e9610abb4789e51ccc7972e8ccac3762b2c"
                        },
                      [31m-[0m[0m {
                          [31m-[0m[0m name  = "GIT_SHA"
                          [31m-[0m[0m value = "f1043e9610abb4789e51ccc7972e8ccac3762b2c"
                        },
                      [31m-[0m[0m {
                          [31m-[0m[0m name  = "IMAGE_DIGEST"
                          [31m-[0m[0m value = "sha256:b1dfbf63e01ae4df9ac34552998145858ce5cc53ece1fe1aa0ff76af248209d0"
                        },
                      [31m-[0m[0m {
                          [31m-[0m[0m name  = "MPESA_ADAPTER"
                          [31m-[0m[0m value = "sandbox"
                        },
                      [31m-[0m[0m {
                          [31m-[0m[0m name  = "OTEL_EXPORTER_OTLP_ENDPOINT"
                          [31m-[0m[0m value = "http://localhost:4317"
                        },
                      [31m-[0m[0m {
                          [31m-[0m[0m name  = "OTEL_RESOURCE_ATTRIBUTES"
                          [31m-[0m[0m value = "service.name=pos,deployment.environment=dev"
                        },
                      [31m-[0m[0m {
                          [31m-[0m[0m name  = "OTEL_SERVICE_NAME"
                          [31m-[0m[0m value = "pos"
                        },
                      [31m-[0m[0m {
                          [31m-[0m[0m name  = "PAYMENTS_BASE_URL"
                          [31m-[0m[0m value = "http://payments:8080"
                        },
                      [31m-[0m[0m {
                          [31m-[0m[0m name  = "REDIS_HOST"
                          [31m-[0m[0m value = "master.devops-g3-cache.0xvgqe.usw1.cache.amazonaws.com"
                        },
                      [31m-[0m[0m {
                          [31m-[0m[0m name  = "REDIS_PORT"
                          [31m-[0m[0m value = "6379"
                        },
                      [31m-[0m[0m {
                          [31m-[0m[0m name  = "SERVICE_NAME"
                          [31m-[0m[0m value = "pos"
                        },
                      [31m-[0m[0m {
                          [31m-[0m[0m name  = "TILLFLOW_ENVIRONMENT"
                          [31m-[0m[0m value = "dev"
                        },
                    ]
                  [31m-[0m[0m essential              = true
                  [31m-[0m[0m healthCheck            = {
                      [31m-[0m[0m command     = [
                          [31m-[0m[0m "CMD-SHELL",
                          [31m-[0m[0m "python -c \"import urllib.request as u; r = u.urlopen('http://127.0.0.1:8080/health', timeout=2); exit(0 if r.status == 200 else 1)\"",
                        ]
                      [31m-[0m[0m interval    = 30
                      [31m-[0m[0m retries     = 3
                      [31m-[0m[0m startPeriod = 30
                      [31m-[0m[0m timeout     = 5
                    }
                  [31m-[0m[0m image                  = "240462142849.dkr.ecr.us-west-1.amazonaws.com/devops-g3/pos@sha256:b1dfbf63e01ae4df9ac34552998145858ce5cc53ece1fe1aa0ff76af248209d0"
                  [31m-[0m[0m linuxParameters        = {
                      [31m-[0m[0m initProcessEnabled = true
                    }
                  [31m-[0m[0m logConfiguration       = {
                      [31m-[0m[0m logDriver = "awslogs"
                      [31m-[0m[0m options   = {
                          [31m-[0m[0m awslogs-group         = "/devops-g3/pos"
                          [31m-[0m[0m awslogs-region        = "us-west-1"
                          [31m-[0m[0m awslogs-stream-prefix = "app"
                        }
                    }
                  [31m-[0m[0m mountPoints            = [
                      [31m-[0m[0m {
                          [31m-[0m[0m containerPath = "/tmp"
                          [31m-[0m[0m readOnly      = false
                          [31m-[0m[0m sourceVolume  = "tmp"
                        },
                    ]
                  [31m-[0m[0m name                   = "pos"
                  [31m-[0m[0m portMappings           = [
                      [31m-[0m[0m {
                          [31m-[0m[0m appProtocol   = "http"
                          [31m-[0m[0m containerPort = 8080
                          [31m-[0m[0m hostPort      = 8080
                          [31m-[0m[0m name          = "pos-http"
                          [31m-[0m[0m protocol      = "tcp"
                        },
                    ]
                  [31m-[0m[0m readonlyRootFilesystem = true
                  [31m-[0m[0m secrets                = [
                      [31m-[0m[0m {
                          [31m-[0m[0m name      = "DB_CREDENTIALS"
                          [31m-[0m[0m valueFrom = "arn:aws:secretsmanager:us-west-1:240462142849:secret:devops-g3/db-I364XC:pos::"
                        },
                    ]
                  [31m-[0m[0m systemControls         = []
                  [31m-[0m[0m user                   = "10001:10001"
                  [31m-[0m[0m volumesFrom            = []
                },
            ]
        ) [90m-> null[0m[0m
      [31m-[0m[0m cpu                      = "512" [90m-> null[0m[0m
      [31m-[0m[0m enable_fault_injection   = false [90m-> null[0m[0m
      [31m-[0m[0m execution_role_arn       = "arn:aws:iam::240462142849:role/devops-g3-exec" [90m-> null[0m[0m
      [31m-[0m[0m family                   = "devops-g3-pos" [90m-> null[0m[0m
      [31m-[0m[0m id                       = "devops-g3-pos" [90m-> null[0m[0m
      [31m-[0m[0m memory                   = "1024" [90m-> null[0m[0m
      [31m-[0m[0m network_mode             = "awsvpc" [90m-> null[0m[0m
      [31m-[0m[0m region                   = "us-west-1" [90m-> null[0m[0m
      [31m-[0m[0m requires_compatibilities = [
          [31m-[0m[0m "FARGATE",
        ] [90m-> null[0m[0m
      [31m-[0m[0m revision                 = 76 [90m-> null[0m[0m
      [31m-[0m[0m skip_destroy             = false [90m-> null[0m[0m
      [31m-[0m[0m tags                     = {
          [31m-[0m[0m "Name"    = "devops-g3-pos"
          [31m-[0m[0m "service" = "pos"
        } [90m-> null[0m[0m
      [31m-[0m[0m tags_all                 = {
          [31m-[0m[0m "Name"        = "devops-g3-pos"
          [31m-[0m[0m "capstone"    = "tillflow"
          [31m-[0m[0m "environment" = "dev"
          [31m-[0m[0m "group"       = "devops-g3"
          [31m-[0m[0m "managed-by"  = "terraform"
          [31m-[0m[0m "owner"       = "lwam"
          [31m-[0m[0m "service"     = "pos"
        } [90m-> null[0m[0m
      [31m-[0m[0m task_role_arn            = "arn:aws:iam::240462142849:role/devops-g3-pos-task" [90m-> null[0m[0m
      [31m-[0m[0m track_latest             = false [90m-> null[0m[0m
        [90m# (2 unchanged attributes hidden)[0m[0m

      [31m-[0m[0m runtime_platform {
          [31m-[0m[0m cpu_architecture        = "ARM64" [90m-> null[0m[0m
          [31m-[0m[0m operating_system_family = "LINUX" [90m-> null[0m[0m
        }

      [31m-[0m[0m volume {
          [31m-[0m[0m configure_at_launch = false [90m-> null[0m[0m
          [31m-[0m[0m name                = "tmp" [90m-> null[0m[0m
            [90m# (1 unchanged attribute hidden)[0m[0m
        }
    }

[1m  # module.service["pos"].aws_iam_role.task[0m will be [1m[31mdestroyed[0m
[0m  [31m-[0m[0m resource "aws_iam_role" "task" {
      [31m-[0m[0m arn                   = "arn:aws:iam::240462142849:role/devops-g3-pos-task" [90m-> null[0m[0m
      [31m-[0m[0m assume_role_policy    = jsonencode(
            {
              [31m-[0m[0m Statement = [
                  [31m-[0m[0m {
                      [31m-[0m[0m Action    = "sts:AssumeRole"
                      [31m-[0m[0m Condition = {
                          [31m-[0m[0m StringEquals = {
                              [31m-[0m[0m "aws:SourceAccount" = "240462142849"
                            }
                        }
                      [31m-[0m[0m Effect    = "Allow"
                      [31m-[0m[0m Principal = {
                          [31m-[0m[0m Service = "ecs-tasks.amazonaws.com"
                        }
                    },
                ]
              [31m-[0m[0m Version   = "2012-10-17"
            }
        ) [90m-> null[0m[0m
      [31m-[0m[0m create_date           = "2026-09-11T18:02:14Z" [90m-> null[0m[0m
      [31m-[0m[0m description           = "Task role for pos" [90m-> null[0m[0m
      [31m-[0m[0m force_detach_policies = false [90m-> null[0m[0m
      [31m-[0m[0m id                    = "devops-g3-pos-task" [90m-> null[0m[0m
      [31m-[0m[0m managed_policy_arns   = [] [90m-> null[0m[0m
      [31m-[0m[0m max_session_duration  = 3600 [90m-> null[0m[0m
      [31m-[0m[0m name                  = "devops-g3-pos-task" [90m-> null[0m[0m
      [31m-[0m[0m path                  = "/" [90m-> null[0m[0m
      [31m-[0m[0m tags                  = {
          [31m-[0m[0m "Name"    = "devops-g3-pos-task"
          [31m-[0m[0m "service" = "pos"
        } [90m-> null[0m[0m
      [31m-[0m[0m tags_all              = {
          [31m-[0m[0m "Name"        = "devops-g3-pos-task"
          [31m-[0m[0m "capstone"    = "tillflow"
          [31m-[0m[0m "environment" = "dev"
          [31m-[0m[0m "group"       = "devops-g3"
          [31m-[0m[0m "managed-by"  = "terraform"
          [31m-[0m[0m "owner"       = "lwam"
          [31m-[0m[0m "service"     = "pos"
        } [90m-> null[0m[0m
      [31m-[0m[0m unique_id             = "AROATP7FJDWAV7ULLBXKE" [90m-> null[0m[0m
        [90m# (2 unchanged attributes hidden)[0m[0m

      [31m-[0m[0m inline_policy {
          [31m-[0m[0m name   = "service-permissions" [90m-> null[0m[0m
          [31m-[0m[0m policy = jsonencode(
                {
                  [31m-[0m[0m Statement = [
                      [31m-[0m[0m {
                          [31m-[0m[0m Action   = [
                              [31m-[0m[0m "xray:PutTraceSegments",
                              [31m-[0m[0m "xray:PutTelemetryRecords",
                              [31m-[0m[0m "xray:GetSamplingTargets",
                              [31m-[0m[0m "xray:GetSamplingRules",
                              [31m-[0m[0m "logs:PutLogEvents",
                              [31m-[0m[0m "logs:CreateLogStream",
                              [31m-[0m[0m "cloudwatch:PutMetricData",
                              [31m-[0m[0m "aps:RemoteWrite",
                            ]
                          [31m-[0m[0m Effect   = "Allow"
                          [31m-[0m[0m Resource = "arn:aws:aps:us-west-1:240462142849:workspace/ws-40261a89-bf51-45ee-a25b-e5fdfa21b69d"
                          [31m-[0m[0m Sid      = "Telemetry"
                        },
                      [31m-[0m[0m {
                          [31m-[0m[0m Action   = [
                              [31m-[0m[0m "ssmmessages:OpenDataChannel",
                              [31m-[0m[0m "ssmmessages:OpenControlChannel",
                              [31m-[0m[0m "ssmmessages:CreateDataChannel",
                              [31m-[0m[0m "ssmmessages:CreateControlChannel",
                            ]
                          [31m-[0m[0m Effect   = "Allow"
                          [31m-[0m[0m Resource = "*"
                          [31m-[0m[0m Sid      = "ExecCommand"
                        },
                      [31m-[0m[0m {
                          [31m-[0m[0m Action   = "secretsmanager:GetSecretValue"
                          [31m-[0m[0m Effect   = "Allow"
                          [31m-[0m[0m Resource = "arn:aws:secretsmanager:us-west-1:240462142849:secret:devops-g3/db-I364XC"
                          [31m-[0m[0m Sid      = "ReadOwnSecrets"
                        },
                      [31m-[0m[0m {
                          [31m-[0m[0m Action   = [
                              [31m-[0m[0m "kms:GenerateDataKey",
                              [31m-[0m[0m "kms:Decrypt",
                            ]
                          [31m-[0m[0m Effect   = "Allow"
                          [31m-[0m[0m Resource = "arn:aws:kms:us-west-1:240462142849:key/90e2806f-72c0-4b51-ae60-8cc9436bdfe0"
                          [31m-[0m[0m Sid      = "DecryptWithSharedKey"
                        },
                    ]
                  [31m-[0m[0m Version   = "2012-10-17"
                }
            ) [90m-> null[0m[0m
        }
    }

[1m  # module.service["pos"].aws_iam_role_policy.task[0m will be [1m[31mdestroyed[0m
[0m  [31m-[0m[0m resource "aws_iam_role_policy" "task" {
      [31m-[0m[0m id          = "devops-g3-pos-task:service-permissions" [90m-> null[0m[0m
      [31m-[0m[0m name        = "service-permissions" [90m-> null[0m[0m
      [31m-[0m[0m policy      = jsonencode(
            {
              [31m-[0m[0m Statement = [
                  [31m-[0m[0m {
                      [31m-[0m[0m Action   = [
                          [31m-[0m[0m "xray:PutTraceSegments",
                          [31m-[0m[0m "xray:PutTelemetryRecords",
                          [31m-[0m[0m "xray:GetSamplingTargets",
                          [31m-[0m[0m "xray:GetSamplingRules",
                          [31m-[0m[0m "logs:PutLogEvents",
                          [31m-[0m[0m "logs:CreateLogStream",
                          [31m-[0m[0m "cloudwatch:PutMetricData",
                          [31m-[0m[0m "aps:RemoteWrite",
                        ]
                      [31m-[0m[0m Effect   = "Allow"
                      [31m-[0m[0m Resource = "arn:aws:aps:us-west-1:240462142849:workspace/ws-40261a89-bf51-45ee-a25b-e5fdfa21b69d"
                      [31m-[0m[0m Sid      = "Telemetry"
                    },
                  [31m-[0m[0m {
                      [31m-[0m[0m Action   = [
                          [31m-[0m[0m "ssmmessages:OpenDataChannel",
                          [31m-[0m[0m "ssmmessages:OpenControlChannel",
                          [31m-[0m[0m "ssmmessages:CreateDataChannel",
                          [31m-[0m[0m "ssmmessages:CreateControlChannel",
                        ]
                      [31m-[0m[0m Effect   = "Allow"
                      [31m-[0m[0m Resource = "*"
                      [31m-[0m[0m Sid      = "ExecCommand"
                    },
                  [31m-[0m[0m {
                      [31m-[0m[0m Action   = "secretsmanager:GetSecretValue"
                      [31m-[0m[0m Effect   = "Allow"
                      [31m-[0m[0m Resource = "arn:aws:secretsmanager:us-west-1:240462142849:secret:devops-g3/db-I364XC"
                      [31m-[0m[0m Sid      = "ReadOwnSecrets"
                    },
                  [31m-[0m[0m {
                      [31m-[0m[0m Action   = [
                          [31m-[0m[0m "kms:GenerateDataKey",
                          [31m-[0m[0m "kms:Decrypt",
                        ]
                      [31m-[0m[0m Effect   = "Allow"
                      [31m-[0m[0m Resource = "arn:aws:kms:us-west-1:240462142849:key/90e2806f-72c0-4b51-ae60-8cc9436bdfe0"
                      [31m-[0m[0m Sid      = "DecryptWithSharedKey"
                    },
                ]
              [31m-[0m[0m Version   = "2012-10-17"
            }
        ) [90m-> null[0m[0m
      [31m-[0m[0m role        = "devops-g3-pos-task" [90m-> null[0m[0m
        [90m# (1 unchanged attribute hidden)[0m[0m
    }

[1m  # module.service["pos"].aws_security_group.this[0m will be [1m[31mdestroyed[0m
[0m  [31m-[0m[0m resource "aws_security_group" "this" {
      [31m-[0m[0m arn                    = "arn:aws:ec2:us-west-1:240462142849:security-group/sg-011cf1096a418ef96" [90m-> null[0m[0m
      [31m-[0m[0m description            = "pos task" [90m-> null[0m[0m
      [31m-[0m[0m egress                 = [
          [31m-[0m[0m {
              [31m-[0m[0m cidr_blocks      = [
                  [31m-[0m[0m "10.20.0.0/16",
                ]
              [31m-[0m[0m description      = "In-VPC egress (VPC endpoints, RDS Proxy, cache, Service Connect peers)"
              [31m-[0m[0m from_port        = 0
              [31m-[0m[0m ipv6_cidr_blocks = []
              [31m-[0m[0m prefix_list_ids  = []
              [31m-[0m[0m protocol         = "-1"
              [31m-[0m[0m security_groups  = []
              [31m-[0m[0m self             = false
              [31m-[0m[0m to_port          = 0
            },
          [31m-[0m[0m {
              [31m-[0m[0m cidr_blocks      = []
              [31m-[0m[0m description      = "HTTPS to S3 gateway endpoint for ECR image layers"
              [31m-[0m[0m from_port        = 443
              [31m-[0m[0m ipv6_cidr_blocks = []
              [31m-[0m[0m prefix_list_ids  = [
                  [31m-[0m[0m "pl-6ba54002",
                ]
              [31m-[0m[0m protocol         = "tcp"
              [31m-[0m[0m security_groups  = []
              [31m-[0m[0m self             = false
              [31m-[0m[0m to_port          = 443
            },
        ] [90m-> null[0m[0m
      [31m-[0m[0m id                     = "sg-011cf1096a418ef96" [90m-> null[0m[0m
      [31m-[0m[0m ingress                = [
          [31m-[0m[0m {
              [31m-[0m[0m cidr_blocks      = []
              [31m-[0m[0m description      = "HTTP from the ALB on this service port only"
              [31m-[0m[0m from_port        = 8080
              [31m-[0m[0m ipv6_cidr_blocks = []
              [31m-[0m[0m prefix_list_ids  = []
              [31m-[0m[0m protocol         = "tcp"
              [31m-[0m[0m security_groups  = [
                  [31m-[0m[0m "sg-082d68629ef628a7c",
                ]
              [31m-[0m[0m self             = false
              [31m-[0m[0m to_port          = 8080
            },
          [31m-[0m[0m {
              [31m-[0m[0m cidr_blocks      = []
              [31m-[0m[0m description      = "Service Connect: payments to pos internal settlement"
              [31m-[0m[0m from_port        = 8080
              [31m-[0m[0m ipv6_cidr_blocks = []
              [31m-[0m[0m prefix_list_ids  = []
              [31m-[0m[0m protocol         = "tcp"
              [31m-[0m[0m security_groups  = [
                  [31m-[0m[0m "sg-004dbdefe2bcada7b",
                ]
              [31m-[0m[0m self             = false
              [31m-[0m[0m to_port          = 8080
            },
        ] [90m-> null[0m[0m
      [31m-[0m[0m name                   = "devops-g3-pos" [90m-> null[0m[0m
      [31m-[0m[0m owner_id               = "240462142849" [90m-> null[0m[0m
      [31m-[0m[0m region                 = "us-west-1" [90m-> null[0m[0m
      [31m-[0m[0m revoke_rules_on_delete = false [90m-> null[0m[0m
      [31m-[0m[0m tags                   = {
          [31m-[0m[0m "Name"    = "devops-g3-pos"
          [31m-[0m[0m "service" = "pos"
        } [90m-> null[0m[0m
      [31m-[0m[0m tags_all               = {
          [31m-[0m[0m "Name"        = "devops-g3-pos"
          [31m-[0m[0m "capstone"    = "tillflow"
          [31m-[0m[0m "environment" = "dev"
          [31m-[0m[0m "group"       = "devops-g3"
          [31m-[0m[0m "managed-by"  = "terraform"
          [31m-[0m[0m "owner"       = "lwam"
          [31m-[0m[0m "service"     = "pos"
        } [90m-> null[0m[0m
      [31m-[0m[0m vpc_id                 = "vpc-00cfe1339e0c0c86b" [90m-> null[0m[0m
        [90m# (1 unchanged attribute hidden)[0m[0m
    }

[1m  # module.service["pos"].aws_vpc_security_group_egress_rule.in_vpc[0m will be [1m[31mdestroyed[0m
[0m  [31m-[0m[0m resource "aws_vpc_security_group_egress_rule" "in_vpc" {
      [31m-[0m[0m arn                    = "arn:aws:ec2:us-west-1:240462142849:security-group-rule/sgr-0a2b87303d5c726fa" [90m-> null[0m[0m
      [31m-[0m[0m cidr_ipv4              = "10.20.0.0/16" [90m-> null[0m[0m
      [31m-[0m[0m description            = "In-VPC egress (VPC endpoints, RDS Proxy, cache, Service Connect peers)" [90m-> null[0m[0m
      [31m-[0m[0m id                     = "sgr-0a2b87303d5c726fa" [90m-> null[0m[0m
      [31m-[0m[0m ip_protocol            = "-1" [90m-> null[0m[0m
      [31m-[0m[0m region                 = "us-west-1" [90m-> null[0m[0m
      [31m-[0m[0m security_group_id      = "sg-011cf1096a418ef96" [90m-> null[0m[0m
      [31m-[0m[0m security_group_rule_id = "sgr-0a2b87303d5c726fa" [90m-> null[0m[0m
      [31m-[0m[0m tags_all               = {
          [31m-[0m[0m "capstone"    = "tillflow"
          [31m-[0m[0m "environment" = "dev"
          [31m-[0m[0m "group"       = "devops-g3"
          [31m-[0m[0m "managed-by"  = "terraform"
          [31m-[0m[0m "owner"       = "lwam"
          [31m-[0m[0m "service"     = "platform"
        } [90m-> null[0m[0m
    }

[1m  # module.service["pos"].aws_vpc_security_group_egress_rule.s3_gateway_https[0m will be [1m[31mdestroyed[0m
[0m  [31m-[0m[0m resource "aws_vpc_security_group_egress_rule" "s3_gateway_https" {
      [31m-[0m[0m arn                    = "arn:aws:ec2:us-west-1:240462142849:security-group-rule/sgr-0bdf5aec4ddbc7890" [90m-> null[0m[0m
      [31m-[0m[0m description            = "HTTPS to S3 gateway endpoint for ECR image layers" [90m-> null[0m[0m
      [31m-[0m[0m from_port              = 443 [90m-> null[0m[0m
      [31m-[0m[0m id                     = "sgr-0bdf5aec4ddbc7890" [90m-> null[0m[0m
      [31m-[0m[0m ip_protocol            = "tcp" [90m-> null[0m[0m
      [31m-[0m[0m prefix_list_id         = "pl-6ba54002" [90m-> null[0m[0m
      [31m-[0m[0m region                 = "us-west-1" [90m-> null[0m[0m
      [31m-[0m[0m security_group_id      = "sg-011cf1096a418ef96" [90m-> null[0m[0m
      [31m-[0m[0m security_group_rule_id = "sgr-0bdf5aec4ddbc7890" [90m-> null[0m[0m
      [31m-[0m[0m tags_all               = {
          [31m-[0m[0m "capstone"    = "tillflow"
          [31m-[0m[0m "environment" = "dev"
          [31m-[0m[0m "group"       = "devops-g3"
          [31m-[0m[0m "managed-by"  = "terraform"
          [31m-[0m[0m "owner"       = "lwam"
          [31m-[0m[0m "service"     = "platform"
        } [90m-> null[0m[0m
      [31m-[0m[0m to_port                = 443 [90m-> null[0m[0m
    }

[1m  # module.service["pos"].aws_vpc_security_group_ingress_rule.from_alb[0][0m will be [1m[31mdestroyed[0m
[0m  [31m-[0m[0m resource "aws_vpc_security_group_ingress_rule" "from_alb" {
      [31m-[0m[0m arn                          = "arn:aws:ec2:us-west-1:240462142849:security-group-rule/sgr-00c2707d678c6a51c" [90m-> null[0m[0m
      [31m-[0m[0m description                  = "HTTP from the ALB on this service port only" [90m-> null[0m[0m
      [31m-[0m[0m from_port                    = 8080 [90m-> null[0m[0m
      [31m-[0m[0m id                           = "sgr-00c2707d678c6a51c" [90m-> null[0m[0m
      [31m-[0m[0m ip_protocol                  = "tcp" [90m-> null[0m[0m
      [31m-[0m[0m referenced_security_group_id = "sg-082d68629ef628a7c" [90m-> null[0m[0m
      [31m-[0m[0m region                       = "us-west-1" [90m-> null[0m[0m
      [31m-[0m[0m security_group_id            = "sg-011cf1096a418ef96" [90m-> null[0m[0m
      [31m-[0m[0m security_group_rule_id       = "sgr-00c2707d678c6a51c" [90m-> null[0m[0m
      [31m-[0m[0m tags_all                     = {
          [31m-[0m[0m "capstone"    = "tillflow"
          [31m-[0m[0m "environment" = "dev"
          [31m-[0m[0m "group"       = "devops-g3"
          [31m-[0m[0m "managed-by"  = "terraform"
          [31m-[0m[0m "owner"       = "lwam"
          [31m-[0m[0m "service"     = "platform"
        } [90m-> null[0m[0m
      [31m-[0m[0m to_port                      = 8080 [90m-> null[0m[0m
    }

[1m  # module.service["web"].aws_ecs_service.this[0m will be [1m[31mdestroyed[0m
[0m  [31m-[0m[0m resource "aws_ecs_service" "this" {
      [31m-[0m[0m arn                                = "arn:aws:ecs:us-west-1:240462142849:service/devops-g3/devops-g3-web" [90m-> null[0m[0m
      [31m-[0m[0m availability_zone_rebalancing      = "ENABLED" [90m-> null[0m[0m
      [31m-[0m[0m cluster                            = "arn:aws:ecs:us-west-1:240462142849:cluster/devops-g3" [90m-> null[0m[0m
      [31m-[0m[0m deployment_maximum_percent         = 200 [90m-> null[0m[0m
      [31m-[0m[0m deployment_minimum_healthy_percent = 100 [90m-> null[0m[0m
      [31m-[0m[0m desired_count                      = 2 [90m-> null[0m[0m
      [31m-[0m[0m enable_ecs_managed_tags            = false [90m-> null[0m[0m
      [31m-[0m[0m enable_execute_command             = true [90m-> null[0m[0m
      [31m-[0m[0m health_check_grace_period_seconds  = 60 [90m-> null[0m[0m
      [31m-[0m[0m iam_role                           = "/aws-service-role/ecs.amazonaws.com/AWSServiceRoleForECS" [90m-> null[0m[0m
      [31m-[0m[0m id                                 = "arn:aws:ecs:us-west-1:240462142849:service/devops-g3/devops-g3-web" [90m-> null[0m[0m
      [31m-[0m[0m launch_type                        = "FARGATE" [90m-> null[0m[0m
      [31m-[0m[0m name                               = "devops-g3-web" [90m-> null[0m[0m
      [31m-[0m[0m platform_version                   = "1.4.0" [90m-> null[0m[0m
      [31m-[0m[0m propagate_tags                     = "NONE" [90m-> null[0m[0m
      [31m-[0m[0m region                             = "us-west-1" [90m-> null[0m[0m
      [31m-[0m[0m scheduling_strategy                = "REPLICA" [90m-> null[0m[0m
      [31m-[0m[0m tags                               = {
          [31m-[0m[0m "Name"    = "devops-g3-web"
          [31m-[0m[0m "service" = "web"
        } [90m-> null[0m[0m
      [31m-[0m[0m tags_all                           = {
          [31m-[0m[0m "Name"        = "devops-g3-web"
          [31m-[0m[0m "capstone"    = "tillflow"
          [31m-[0m[0m "environment" = "dev"
          [31m-[0m[0m "group"       = "devops-g3"
          [31m-[0m[0m "managed-by"  = "terraform"
          [31m-[0m[0m "owner"       = "lwam"
          [31m-[0m[0m "service"     = "web"
        } [90m-> null[0m[0m
      [31m-[0m[0m task_definition                    = "arn:aws:ecs:us-west-1:240462142849:task-definition/devops-g3-web:80" [90m-> null[0m[0m
      [31m-[0m[0m triggers                           = {} [90m-> null[0m[0m
      [31m-[0m[0m wait_for_steady_state              = false [90m-> null[0m[0m

      [31m-[0m[0m deployment_circuit_breaker {
          [31m-[0m[0m enable   = true [90m-> null[0m[0m
          [31m-[0m[0m rollback = true [90m-> null[0m[0m
        }

      [31m-[0m[0m deployment_configuration {
          [31m-[0m[0m bake_time_in_minutes = "0" [90m-> null[0m[0m
          [31m-[0m[0m strategy             = "ROLLING" [90m-> null[0m[0m
        }

      [31m-[0m[0m deployment_controller {
          [31m-[0m[0m type = "ECS" [90m-> null[0m[0m
        }

      [31m-[0m[0m load_balancer {
          [31m-[0m[0m container_name   = "web" [90m-> null[0m[0m
          [31m-[0m[0m container_port   = 8080 [90m-> null[0m[0m
          [31m-[0m[0m target_group_arn = "arn:aws:elasticloadbalancing:us-west-1:240462142849:targetgroup/devops-g3-web/c6f94e45af05f447" [90m-> null[0m[0m
            [90m# (1 unchanged attribute hidden)[0m[0m
        }

      [31m-[0m[0m network_configuration {
          [31m-[0m[0m assign_public_ip = false [90m-> null[0m[0m
          [31m-[0m[0m security_groups  = [
              [31m-[0m[0m "sg-0ad16bc17ad21d907",
            ] [90m-> null[0m[0m
          [31m-[0m[0m subnets          = [
              [31m-[0m[0m "subnet-01cdc84de3b32c135",
              [31m-[0m[0m "subnet-07343877e9a03db98",
            ] [90m-> null[0m[0m
        }

      [31m-[0m[0m service_connect_configuration {
          [31m-[0m[0m enabled   = true [90m-> null[0m[0m
          [31m-[0m[0m namespace = "arn:aws:servicediscovery:us-west-1:240462142849:namespace/ns-m3b22vodi4nakqzz" [90m-> null[0m[0m

          [31m-[0m[0m log_configuration {
              [31m-[0m[0m log_driver = "awslogs" [90m-> null[0m[0m
              [31m-[0m[0m options    = {
                  [31m-[0m[0m "awslogs-group"         = "/devops-g3/web"
                  [31m-[0m[0m "awslogs-region"        = "us-west-1"
                  [31m-[0m[0m "awslogs-stream-prefix" = "service-connect"
                } [90m-> null[0m[0m
            }

          [31m-[0m[0m service {
              [31m-[0m[0m discovery_name        = "web" [90m-> null[0m[0m
              [31m-[0m[0m ingress_port_override = 0 [90m-> null[0m[0m
              [31m-[0m[0m port_name             = "web-http" [90m-> null[0m[0m

              [31m-[0m[0m client_alias {
                  [31m-[0m[0m dns_name = "web" [90m-> null[0m[0m
                  [31m-[0m[0m port     = 8080 [90m-> null[0m[0m
                }
            }
        }
    }

[1m  # module.service["web"].aws_ecs_task_definition.this[0m will be [1m[31mdestroyed[0m
[0m  [31m-[0m[0m resource "aws_ecs_task_definition" "this" {
      [31m-[0m[0m arn                      = "arn:aws:ecs:us-west-1:240462142849:task-definition/devops-g3-web:78" [90m-> null[0m[0m
      [31m-[0m[0m arn_without_revision     = "arn:aws:ecs:us-west-1:240462142849:task-definition/devops-g3-web" [90m-> null[0m[0m
      [31m-[0m[0m container_definitions    = jsonencode(
            [
              [31m-[0m[0m {
                  [31m-[0m[0m command                = [
                      [31m-[0m[0m "--config=/etc/ecs/tillflow-collector.yaml",
                    ]
                  [31m-[0m[0m environment            = [
                      [31m-[0m[0m {
                          [31m-[0m[0m name  = "AWS_PROMETHEUS_ENDPOINT"
                          [31m-[0m[0m value = "https://aps-workspaces.us-west-1.amazonaws.com/workspaces/ws-40261a89-bf51-45ee-a25b-e5fdfa21b69d/api/v1/remote_write"
                        },
                      [31m-[0m[0m {
                          [31m-[0m[0m name  = "AWS_REGION"
                          [31m-[0m[0m value = "us-west-1"
                        },
                    ]
                  [31m-[0m[0m essential              = false
                  [31m-[0m[0m healthCheck            = {
                      [31m-[0m[0m command     = [
                          [31m-[0m[0m "CMD",
                          [31m-[0m[0m "/healthcheck",
                        ]
                      [31m-[0m[0m interval    = 30
                      [31m-[0m[0m retries     = 3
                      [31m-[0m[0m startPeriod = 15
                      [31m-[0m[0m timeout     = 5
                    }
                  [31m-[0m[0m image                  = "240462142849.dkr.ecr.us-west-1.amazonaws.com/devops-g3/adot:v0.43.3-tillflow4"
                  [31m-[0m[0m logConfiguration       = {
                      [31m-[0m[0m logDriver = "awslogs"
                      [31m-[0m[0m options   = {
                          [31m-[0m[0m awslogs-group         = "/devops-g3/web"
                          [31m-[0m[0m awslogs-region        = "us-west-1"
                          [31m-[0m[0m awslogs-stream-prefix = "adot"
                        }
                    }
                  [31m-[0m[0m mountPoints            = [
                      [31m-[0m[0m {
                          [31m-[0m[0m containerPath = "/tmp"
                          [31m-[0m[0m readOnly      = false
                          [31m-[0m[0m sourceVolume  = "tmp"
                        },
                    ]
                  [31m-[0m[0m name                   = "adot"
                  [31m-[0m[0m portMappings           = [
                      [31m-[0m[0m {
                          [31m-[0m[0m containerPort = 4317
                          [31m-[0m[0m hostPort      = 4317
                          [31m-[0m[0m protocol      = "tcp"
                        },
                      [31m-[0m[0m {
                          [31m-[0m[0m containerPort = 4318
                          [31m-[0m[0m hostPort      = 4318
                          [31m-[0m[0m protocol      = "tcp"
                        },
                    ]
                  [31m-[0m[0m readonlyRootFilesystem = true
                  [31m-[0m[0m systemControls         = []
                  [31m-[0m[0m user                   = "10001:10001"
                  [31m-[0m[0m volumesFrom            = []
                },
              [31m-[0m[0m {
                  [31m-[0m[0m dependsOn              = [
                      [31m-[0m[0m {
                          [31m-[0m[0m condition     = "HEALTHY"
                          [31m-[0m[0m containerName = "adot"
                        },
                    ]
                  [31m-[0m[0m environment            = [
                      [31m-[0m[0m {
                          [31m-[0m[0m name  = "AWS_REGION"
                          [31m-[0m[0m value = "us-west-1"
                        },
                      [31m-[0m[0m {
                          [31m-[0m[0m name  = "DB_HOST"
                          [31m-[0m[0m value = "devops-g3-db-proxy.proxy-chgiwkc8muat.us-west-1.rds.amazonaws.com"
                        },
                      [31m-[0m[0m {
                          [31m-[0m[0m name  = "DB_NAME"
                          [31m-[0m[0m value = "tillflow"
                        },
                      [31m-[0m[0m {
                          [31m-[0m[0m name  = "DB_SCHEMA"
                          [31m-[0m[0m value = "web"
                        },
                      [31m-[0m[0m {
                          [31m-[0m[0m name  = "ENVIRONMENT"
                          [31m-[0m[0m value = "dev"
                        },
                      [31m-[0m[0m {
                          [31m-[0m[0m name  = "GIT_COMMIT_SHA"
                          [31m-[0m[0m value = "f1043e9610abb4789e51ccc7972e8ccac3762b2c"
                        },
                      [31m-[0m[0m {
                          [31m-[0m[0m name  = "GIT_SHA"
                          [31m-[0m[0m value = "f1043e9610abb4789e51ccc7972e8ccac3762b2c"
                        },
                      [31m-[0m[0m {
                          [31m-[0m[0m name  = "IMAGE_DIGEST"
                          [31m-[0m[0m value = "sha256:a79ab724f2b12e0634a0e75c4a9bbc59fef970bbdb1a4bb9a10485e137f710a0"
                        },
                      [31m-[0m[0m {
                          [31m-[0m[0m name  = "MPESA_ADAPTER"
                          [31m-[0m[0m value = "sandbox"
                        },
                      [31m-[0m[0m {
                          [31m-[0m[0m name  = "OTEL_EXPORTER_OTLP_ENDPOINT"
                          [31m-[0m[0m value = "http://localhost:4317"
                        },
                      [31m-[0m[0m {
                          [31m-[0m[0m name  = "OTEL_RESOURCE_ATTRIBUTES"
                          [31m-[0m[0m value = "service.name=web,deployment.environment=dev"
                        },
                      [31m-[0m[0m {
                          [31m-[0m[0m name  = "OTEL_SERVICE_NAME"
                          [31m-[0m[0m value = "web"
                        },
                      [31m-[0m[0m {
                          [31m-[0m[0m name  = "REDIS_HOST"
                          [31m-[0m[0m value = "master.devops-g3-cache.0xvgqe.usw1.cache.amazonaws.com"
                        },
                      [31m-[0m[0m {
                          [31m-[0m[0m name  = "REDIS_PORT"
                          [31m-[0m[0m value = "6379"
                        },
                      [31m-[0m[0m {
                          [31m-[0m[0m name  = "SERVICE_NAME"
                          [31m-[0m[0m value = "web"
                        },
                      [31m-[0m[0m {
                          [31m-[0m[0m name  = "TILLFLOW_ENVIRONMENT"
                          [31m-[0m[0m value = "dev"
                        },
                    ]
                  [31m-[0m[0m essential              = true
                  [31m-[0m[0m healthCheck            = {
                      [31m-[0m[0m command     = [
                          [31m-[0m[0m "CMD-SHELL",
                          [31m-[0m[0m "python -c \"import urllib.request as u; r = u.urlopen('http://127.0.0.1:8080/health', timeout=2); exit(0 if r.status == 200 else 1)\"",
                        ]
                      [31m-[0m[0m interval    = 30
                      [31m-[0m[0m retries     = 3
                      [31m-[0m[0m startPeriod = 30
                      [31m-[0m[0m timeout     = 5
                    }
                  [31m-[0m[0m image                  = "240462142849.dkr.ecr.us-west-1.amazonaws.com/devops-g3/web@sha256:a79ab724f2b12e0634a0e75c4a9bbc59fef970bbdb1a4bb9a10485e137f710a0"
                  [31m-[0m[0m linuxParameters        = {
                      [31m-[0m[0m initProcessEnabled = true
                    }
                  [31m-[0m[0m logConfiguration       = {
                      [31m-[0m[0m logDriver = "awslogs"
                      [31m-[0m[0m options   = {
                          [31m-[0m[0m awslogs-group         = "/devops-g3/web"
                          [31m-[0m[0m awslogs-region        = "us-west-1"
                          [31m-[0m[0m awslogs-stream-prefix = "app"
                        }
                    }
                  [31m-[0m[0m mountPoints            = [
                      [31m-[0m[0m {
                          [31m-[0m[0m containerPath = "/tmp"
                          [31m-[0m[0m readOnly      = false
                          [31m-[0m[0m sourceVolume  = "tmp"
                        },
                    ]
                  [31m-[0m[0m name                   = "web"
                  [31m-[0m[0m portMappings           = [
                      [31m-[0m[0m {
                          [31m-[0m[0m appProtocol   = "http"
                          [31m-[0m[0m containerPort = 8080
                          [31m-[0m[0m hostPort      = 8080
                          [31m-[0m[0m name          = "web-http"
                          [31m-[0m[0m protocol      = "tcp"
                        },
                    ]
                  [31m-[0m[0m readonlyRootFilesystem = true
                  [31m-[0m[0m secrets                = [
                      [31m-[0m[0m {
                          [31m-[0m[0m name      = "DB_CREDENTIALS"
                          [31m-[0m[0m valueFrom = "arn:aws:secretsmanager:us-west-1:240462142849:secret:devops-g3/db-I364XC:web::"
                        },
                    ]
                  [31m-[0m[0m systemControls         = []
                  [31m-[0m[0m user                   = "10001:10001"
                  [31m-[0m[0m volumesFrom            = []
                },
            ]
        ) [90m-> null[0m[0m
      [31m-[0m[0m cpu                      = "512" [90m-> null[0m[0m
      [31m-[0m[0m enable_fault_injection   = false [90m-> null[0m[0m
      [31m-[0m[0m execution_role_arn       = "arn:aws:iam::240462142849:role/devops-g3-exec" [90m-> null[0m[0m
      [31m-[0m[0m family                   = "devops-g3-web" [90m-> null[0m[0m
      [31m-[0m[0m id                       = "devops-g3-web" [90m-> null[0m[0m
      [31m-[0m[0m memory                   = "1024" [90m-> null[0m[0m
      [31m-[0m[0m network_mode             = "awsvpc" [90m-> null[0m[0m
      [31m-[0m[0m region                   = "us-west-1" [90m-> null[0m[0m
      [31m-[0m[0m requires_compatibilities = [
          [31m-[0m[0m "FARGATE",
        ] [90m-> null[0m[0m
      [31m-[0m[0m revision                 = 78 [90m-> null[0m[0m
      [31m-[0m[0m skip_destroy             = false [90m-> null[0m[0m
      [31m-[0m[0m tags                     = {
          [31m-[0m[0m "Name"    = "devops-g3-web"
          [31m-[0m[0m "service" = "web"
        } [90m-> null[0m[0m
      [31m-[0m[0m tags_all                 = {
          [31m-[0m[0m "Name"        = "devops-g3-web"
          [31m-[0m[0m "capstone"    = "tillflow"
          [31m-[0m[0m "environment" = "dev"
          [31m-[0m[0m "group"       = "devops-g3"
          [31m-[0m[0m "managed-by"  = "terraform"
          [31m-[0m[0m "owner"       = "lwam"
          [31m-[0m[0m "service"     = "web"
        } [90m-> null[0m[0m
      [31m-[0m[0m task_role_arn            = "arn:aws:iam::240462142849:role/devops-g3-web-task" [90m-> null[0m[0m
      [31m-[0m[0m track_latest             = false [90m-> null[0m[0m
        [90m# (2 unchanged attributes hidden)[0m[0m

      [31m-[0m[0m runtime_platform {
          [31m-[0m[0m cpu_architecture        = "ARM64" [90m-> null[0m[0m
          [31m-[0m[0m operating_system_family = "LINUX" [90m-> null[0m[0m
        }

      [31m-[0m[0m volume {
          [31m-[0m[0m configure_at_launch = false [90m-> null[0m[0m
          [31m-[0m[0m name                = "tmp" [90m-> null[0m[0m
            [90m# (1 unchanged attribute hidden)[0m[0m
        }
    }

[1m  # module.service["web"].aws_iam_role.task[0m will be [1m[31mdestroyed[0m
[0m  [31m-[0m[0m resource "aws_iam_role" "task" {
      [31m-[0m[0m arn                   = "arn:aws:iam::240462142849:role/devops-g3-web-task" [90m-> null[0m[0m
      [31m-[0m[0m assume_role_policy    = jsonencode(
            {
              [31m-[0m[0m Statement = [
                  [31m-[0m[0m {
                      [31m-[0m[0m Action    = "sts:AssumeRole"
                      [31m-[0m[0m Condition = {
                          [31m-[0m[0m StringEquals = {
                              [31m-[0m[0m "aws:SourceAccount" = "240462142849"
                            }
                        }
                      [31m-[0m[0m Effect    = "Allow"
                      [31m-[0m[0m Principal = {
                          [31m-[0m[0m Service = "ecs-tasks.amazonaws.com"
                        }
                    },
                ]
              [31m-[0m[0m Version   = "2012-10-17"
            }
        ) [90m-> null[0m[0m
      [31m-[0m[0m create_date           = "2026-09-11T18:02:14Z" [90m-> null[0m[0m
      [31m-[0m[0m description           = "Task role for web" [90m-> null[0m[0m
      [31m-[0m[0m force_detach_policies = false [90m-> null[0m[0m
      [31m-[0m[0m id                    = "devops-g3-web-task" [90m-> null[0m[0m
      [31m-[0m[0m managed_policy_arns   = [] [90m-> null[0m[0m
      [31m-[0m[0m max_session_duration  = 3600 [90m-> null[0m[0m
      [31m-[0m[0m name                  = "devops-g3-web-task" [90m-> null[0m[0m
      [31m-[0m[0m path                  = "/" [90m-> null[0m[0m
      [31m-[0m[0m tags                  = {
          [31m-[0m[0m "Name"    = "devops-g3-web-task"
          [31m-[0m[0m "service" = "web"
        } [90m-> null[0m[0m
      [31m-[0m[0m tags_all              = {
          [31m-[0m[0m "Name"        = "devops-g3-web-task"
          [31m-[0m[0m "capstone"    = "tillflow"
          [31m-[0m[0m "environment" = "dev"
          [31m-[0m[0m "group"       = "devops-g3"
          [31m-[0m[0m "managed-by"  = "terraform"
          [31m-[0m[0m "owner"       = "lwam"
          [31m-[0m[0m "service"     = "web"
        } [90m-> null[0m[0m
      [31m-[0m[0m unique_id             = "AROATP7FJDWAYCYRIOIDG" [90m-> null[0m[0m
        [90m# (2 unchanged attributes hidden)[0m[0m

      [31m-[0m[0m inline_policy {
          [31m-[0m[0m name   = "service-permissions" [90m-> null[0m[0m
          [31m-[0m[0m policy = jsonencode(
                {
                  [31m-[0m[0m Statement = [
                      [31m-[0m[0m {
                          [31m-[0m[0m Action   = [
                              [31m-[0m[0m "xray:PutTraceSegments",
                              [31m-[0m[0m "xray:PutTelemetryRecords",
                              [31m-[0m[0m "xray:GetSamplingTargets",
                              [31m-[0m[0m "xray:GetSamplingRules",
                              [31m-[0m[0m "logs:PutLogEvents",
                              [31m-[0m[0m "logs:CreateLogStream",
                              [31m-[0m[0m "cloudwatch:PutMetricData",
                              [31m-[0m[0m "aps:RemoteWrite",
                            ]
                          [31m-[0m[0m Effect   = "Allow"
                          [31m-[0m[0m Resource = "arn:aws:aps:us-west-1:240462142849:workspace/ws-40261a89-bf51-45ee-a25b-e5fdfa21b69d"
                          [31m-[0m[0m Sid      = "Telemetry"
                        },
                      [31m-[0m[0m {
                          [31m-[0m[0m Action   = [
                              [31m-[0m[0m "ssmmessages:OpenDataChannel",
                              [31m-[0m[0m "ssmmessages:OpenControlChannel",
                              [31m-[0m[0m "ssmmessages:CreateDataChannel",
                              [31m-[0m[0m "ssmmessages:CreateControlChannel",
                            ]
                          [31m-[0m[0m Effect   = "Allow"
                          [31m-[0m[0m Resource = "*"
                          [31m-[0m[0m Sid      = "ExecCommand"
                        },
                      [31m-[0m[0m {
                          [31m-[0m[0m Action   = "secretsmanager:GetSecretValue"
                          [31m-[0m[0m Effect   = "Allow"
                          [31m-[0m[0m Resource = "arn:aws:secretsmanager:us-west-1:240462142849:secret:devops-g3/db-I364XC"
                          [31m-[0m[0m Sid      = "ReadOwnSecrets"
                        },
                      [31m-[0m[0m {
                          [31m-[0m[0m Action   = [
                              [31m-[0m[0m "kms:GenerateDataKey",
                              [31m-[0m[0m "kms:Decrypt",
                            ]
                          [31m-[0m[0m Effect   = "Allow"
                          [31m-[0m[0m Resource = "arn:aws:kms:us-west-1:240462142849:key/90e2806f-72c0-4b51-ae60-8cc9436bdfe0"
                          [31m-[0m[0m Sid      = "DecryptWithSharedKey"
                        },
                    ]
                  [31m-[0m[0m Version   = "2012-10-17"
                }
            ) [90m-> null[0m[0m
        }
    }

[1m  # module.service["web"].aws_iam_role_policy.task[0m will be [1m[31mdestroyed[0m
[0m  [31m-[0m[0m resource "aws_iam_role_policy" "task" {
      [31m-[0m[0m id          = "devops-g3-web-task:service-permissions" [90m-> null[0m[0m
      [31m-[0m[0m name        = "service-permissions" [90m-> null[0m[0m
      [31m-[0m[0m policy      = jsonencode(
            {
              [31m-[0m[0m Statement = [
                  [31m-[0m[0m {
                      [31m-[0m[0m Action   = [
                          [31m-[0m[0m "xray:PutTraceSegments",
                          [31m-[0m[0m "xray:PutTelemetryRecords",
                          [31m-[0m[0m "xray:GetSamplingTargets",
                          [31m-[0m[0m "xray:GetSamplingRules",
                          [31m-[0m[0m "logs:PutLogEvents",
                          [31m-[0m[0m "logs:CreateLogStream",
                          [31m-[0m[0m "cloudwatch:PutMetricData",
                          [31m-[0m[0m "aps:RemoteWrite",
                        ]
                      [31m-[0m[0m Effect   = "Allow"
                      [31m-[0m[0m Resource = "arn:aws:aps:us-west-1:240462142849:workspace/ws-40261a89-bf51-45ee-a25b-e5fdfa21b69d"
                      [31m-[0m[0m Sid      = "Telemetry"
                    },
                  [31m-[0m[0m {
                      [31m-[0m[0m Action   = [
                          [31m-[0m[0m "ssmmessages:OpenDataChannel",
                          [31m-[0m[0m "ssmmessages:OpenControlChannel",
                          [31m-[0m[0m "ssmmessages:CreateDataChannel",
                          [31m-[0m[0m "ssmmessages:CreateControlChannel",
                        ]
                      [31m-[0m[0m Effect   = "Allow"
                      [31m-[0m[0m Resource = "*"
                      [31m-[0m[0m Sid      = "ExecCommand"
                    },
                  [31m-[0m[0m {
                      [31m-[0m[0m Action   = "secretsmanager:GetSecretValue"
                      [31m-[0m[0m Effect   = "Allow"
                      [31m-[0m[0m Resource = "arn:aws:secretsmanager:us-west-1:240462142849:secret:devops-g3/db-I364XC"
                      [31m-[0m[0m Sid      = "ReadOwnSecrets"
                    },
                  [31m-[0m[0m {
                      [31m-[0m[0m Action   = [
                          [31m-[0m[0m "kms:GenerateDataKey",
                          [31m-[0m[0m "kms:Decrypt",
                        ]
                      [31m-[0m[0m Effect   = "Allow"
                      [31m-[0m[0m Resource = "arn:aws:kms:us-west-1:240462142849:key/90e2806f-72c0-4b51-ae60-8cc9436bdfe0"
                      [31m-[0m[0m Sid      = "DecryptWithSharedKey"
                    },
                ]
              [31m-[0m[0m Version   = "2012-10-17"
            }
        ) [90m-> null[0m[0m
      [31m-[0m[0m role        = "devops-g3-web-task" [90m-> null[0m[0m
        [90m# (1 unchanged attribute hidden)[0m[0m
    }

[1m  # module.service["web"].aws_security_group.this[0m will be [1m[31mdestroyed[0m
[0m  [31m-[0m[0m resource "aws_security_group" "this" {
      [31m-[0m[0m arn                    = "arn:aws:ec2:us-west-1:240462142849:security-group/sg-0ad16bc17ad21d907" [90m-> null[0m[0m
      [31m-[0m[0m description            = "web task" [90m-> null[0m[0m
      [31m-[0m[0m egress                 = [
          [31m-[0m[0m {
              [31m-[0m[0m cidr_blocks      = [
                  [31m-[0m[0m "10.20.0.0/16",
                ]
              [31m-[0m[0m description      = "In-VPC egress (VPC endpoints, RDS Proxy, cache, Service Connect peers)"
              [31m-[0m[0m from_port        = 0
              [31m-[0m[0m ipv6_cidr_blocks = []
              [31m-[0m[0m prefix_list_ids  = []
              [31m-[0m[0m protocol         = "-1"
              [31m-[0m[0m security_groups  = []
              [31m-[0m[0m self             = false
              [31m-[0m[0m to_port          = 0
            },
          [31m-[0m[0m {
              [31m-[0m[0m cidr_blocks      = []
              [31m-[0m[0m description      = "HTTPS to S3 gateway endpoint for ECR image layers"
              [31m-[0m[0m from_port        = 443
              [31m-[0m[0m ipv6_cidr_blocks = []
              [31m-[0m[0m prefix_list_ids  = [
                  [31m-[0m[0m "pl-6ba54002",
                ]
              [31m-[0m[0m protocol         = "tcp"
              [31m-[0m[0m security_groups  = []
              [31m-[0m[0m self             = false
              [31m-[0m[0m to_port          = 443
            },
        ] [90m-> null[0m[0m
      [31m-[0m[0m id                     = "sg-0ad16bc17ad21d907" [90m-> null[0m[0m
      [31m-[0m[0m ingress                = [
          [31m-[0m[0m {
              [31m-[0m[0m cidr_blocks      = []
              [31m-[0m[0m description      = "HTTP from the ALB on this service port only"
              [31m-[0m[0m from_port        = 8080
              [31m-[0m[0m ipv6_cidr_blocks = []
              [31m-[0m[0m prefix_list_ids  = []
              [31m-[0m[0m protocol         = "tcp"
              [31m-[0m[0m security_groups  = [
                  [31m-[0m[0m "sg-082d68629ef628a7c",
                ]
              [31m-[0m[0m self             = false
              [31m-[0m[0m to_port          = 8080
            },
        ] [90m-> null[0m[0m
      [31m-[0m[0m name                   = "devops-g3-web" [90m-> null[0m[0m
      [31m-[0m[0m owner_id               = "240462142849" [90m-> null[0m[0m
      [31m-[0m[0m region                 = "us-west-1" [90m-> null[0m[0m
      [31m-[0m[0m revoke_rules_on_delete = false [90m-> null[0m[0m
      [31m-[0m[0m tags                   = {
          [31m-[0m[0m "Name"    = "devops-g3-web"
          [31m-[0m[0m "service" = "web"
        } [90m-> null[0m[0m
      [31m-[0m[0m tags_all               = {
          [31m-[0m[0m "Name"        = "devops-g3-web"
          [31m-[0m[0m "capstone"    = "tillflow"
          [31m-[0m[0m "environment" = "dev"
          [31m-[0m[0m "group"       = "devops-g3"
          [31m-[0m[0m "managed-by"  = "terraform"
          [31m-[0m[0m "owner"       = "lwam"
          [31m-[0m[0m "service"     = "web"
        } [90m-> null[0m[0m
      [31m-[0m[0m vpc_id                 = "vpc-00cfe1339e0c0c86b" [90m-> null[0m[0m
        [90m# (1 unchanged attribute hidden)[0m[0m
    }

[1m  # module.service["web"].aws_vpc_security_group_egress_rule.in_vpc[0m will be [1m[31mdestroyed[0m
[0m  [31m-[0m[0m resource "aws_vpc_security_group_egress_rule" "in_vpc" {
      [31m-[0m[0m arn                    = "arn:aws:ec2:us-west-1:240462142849:security-group-rule/sgr-081603609368cd093" [90m-> null[0m[0m
      [31m-[0m[0m cidr_ipv4              = "10.20.0.0/16" [90m-> null[0m[0m
      [31m-[0m[0m description            = "In-VPC egress (VPC endpoints, RDS Proxy, cache, Service Connect peers)" [90m-> null[0m[0m
      [31m-[0m[0m id                     = "sgr-081603609368cd093" [90m-> null[0m[0m
      [31m-[0m[0m ip_protocol            = "-1" [90m-> null[0m[0m
      [31m-[0m[0m region                 = "us-west-1" [90m-> null[0m[0m
      [31m-[0m[0m security_group_id      = "sg-0ad16bc17ad21d907" [90m-> null[0m[0m
      [31m-[0m[0m security_group_rule_id = "sgr-081603609368cd093" [90m-> null[0m[0m
      [31m-[0m[0m tags_all               = {
          [31m-[0m[0m "capstone"    = "tillflow"
          [31m-[0m[0m "environment" = "dev"
          [31m-[0m[0m "group"       = "devops-g3"
          [31m-[0m[0m "managed-by"  = "terraform"
          [31m-[0m[0m "owner"       = "lwam"
          [31m-[0m[0m "service"     = "platform"
        } [90m-> null[0m[0m
    }

[1m  # module.service["web"].aws_vpc_security_group_egress_rule.s3_gateway_https[0m will be [1m[31mdestroyed[0m
[0m  [31m-[0m[0m resource "aws_vpc_security_group_egress_rule" "s3_gateway_https" {
      [31m-[0m[0m arn                    = "arn:aws:ec2:us-west-1:240462142849:security-group-rule/sgr-06ec9a02e46b1e5bb" [90m-> null[0m[0m
      [31m-[0m[0m description            = "HTTPS to S3 gateway endpoint for ECR image layers" [90m-> null[0m[0m
      [31m-[0m[0m from_port              = 443 [90m-> null[0m[0m
      [31m-[0m[0m id                     = "sgr-06ec9a02e46b1e5bb" [90m-> null[0m[0m
      [31m-[0m[0m ip_protocol            = "tcp" [90m-> null[0m[0m
      [31m-[0m[0m prefix_list_id         = "pl-6ba54002" [90m-> null[0m[0m
      [31m-[0m[0m region                 = "us-west-1" [90m-> null[0m[0m
      [31m-[0m[0m security_group_id      = "sg-0ad16bc17ad21d907" [90m-> null[0m[0m
      [31m-[0m[0m security_group_rule_id = "sgr-06ec9a02e46b1e5bb" [90m-> null[0m[0m
      [31m-[0m[0m tags_all               = {
          [31m-[0m[0m "capstone"    = "tillflow"
          [31m-[0m[0m "environment" = "dev"
          [31m-[0m[0m "group"       = "devops-g3"
          [31m-[0m[0m "managed-by"  = "terraform"
          [31m-[0m[0m "owner"       = "lwam"
          [31m-[0m[0m "service"     = "platform"
        } [90m-> null[0m[0m
      [31m-[0m[0m to_port                = 443 [90m-> null[0m[0m
    }

[1m  # module.service["web"].aws_vpc_security_group_ingress_rule.from_alb[0][0m will be [1m[31mdestroyed[0m
[0m  [31m-[0m[0m resource "aws_vpc_security_group_ingress_rule" "from_alb" {
      [31m-[0m[0m arn                          = "arn:aws:ec2:us-west-1:240462142849:security-group-rule/sgr-013d44e58d49ae218" [90m-> null[0m[0m
      [31m-[0m[0m description                  = "HTTP from the ALB on this service port only" [90m-> null[0m[0m
      [31m-[0m[0m from_port                    = 8080 [90m-> null[0m[0m
      [31m-[0m[0m id                           = "sgr-013d44e58d49ae218" [90m-> null[0m[0m
      [31m-[0m[0m ip_protocol                  = "tcp" [90m-> null[0m[0m
      [31m-[0m[0m referenced_security_group_id = "sg-082d68629ef628a7c" [90m-> null[0m[0m
      [31m-[0m[0m region                       = "us-west-1" [90m-> null[0m[0m
      [31m-[0m[0m security_group_id            = "sg-0ad16bc17ad21d907" [90m-> null[0m[0m
      [31m-[0m[0m security_group_rule_id       = "sgr-013d44e58d49ae218" [90m-> null[0m[0m
      [31m-[0m[0m tags_all                     = {
          [31m-[0m[0m "capstone"    = "tillflow"
          [31m-[0m[0m "environment" = "dev"
          [31m-[0m[0m "group"       = "devops-g3"
          [31m-[0m[0m "managed-by"  = "terraform"
          [31m-[0m[0m "owner"       = "lwam"
          [31m-[0m[0m "service"     = "platform"
        } [90m-> null[0m[0m
      [31m-[0m[0m to_port                      = 8080 [90m-> null[0m[0m
    }

[1m  # module.storage.aws_s3_bucket.this["alb-logs"][0m will be [1m[31mdestroyed[0m
[0m  [31m-[0m[0m resource "aws_s3_bucket" "this" {
      [31m-[0m[0m arn                         = "arn:aws:s3:::devops-g3-alb-logs-240462142849" [90m-> null[0m[0m
      [31m-[0m[0m bucket                      = "devops-g3-alb-logs-240462142849" [90m-> null[0m[0m
      [31m-[0m[0m bucket_domain_name          = "devops-g3-alb-logs-240462142849.s3.amazonaws.com" [90m-> null[0m[0m
      [31m-[0m[0m bucket_namespace            = "global" [90m-> null[0m[0m
      [31m-[0m[0m bucket_region               = "us-west-1" [90m-> null[0m[0m
      [31m-[0m[0m bucket_regional_domain_name = "devops-g3-alb-logs-240462142849.s3.us-west-1.amazonaws.com" [90m-> null[0m[0m
      [31m-[0m[0m force_destroy               = true [90m-> null[0m[0m
      [31m-[0m[0m hosted_zone_id              = "Z2F56UZL2M1ACD" [90m-> null[0m[0m
      [31m-[0m[0m id                          = "devops-g3-alb-logs-240462142849" [90m-> null[0m[0m
      [31m-[0m[0m object_lock_enabled         = false [90m-> null[0m[0m
      [31m-[0m[0m policy                      = jsonencode(
            {
              [31m-[0m[0m Statement = [
                  [31m-[0m[0m {
                      [31m-[0m[0m Action    = "s3:*"
                      [31m-[0m[0m Condition = {
                          [31m-[0m[0m Bool = {
                              [31m-[0m[0m "aws:SecureTransport" = "false"
                            }
                        }
                      [31m-[0m[0m Effect    = "Deny"
                      [31m-[0m[0m Principal = "*"
                      [31m-[0m[0m Resource  = [
                          [31m-[0m[0m "arn:aws:s3:::devops-g3-alb-logs-240462142849/*",
                          [31m-[0m[0m "arn:aws:s3:::devops-g3-alb-logs-240462142849",
                        ]
                      [31m-[0m[0m Sid       = "DenyInsecureTransport"
                    },
                  [31m-[0m[0m {
                      [31m-[0m[0m Action    = "s3:PutObject"
                      [31m-[0m[0m Condition = {
                          [31m-[0m[0m StringEquals = {
                              [31m-[0m[0m "s3:x-amz-acl" = "bucket-owner-full-control"
                            }
                        }
                      [31m-[0m[0m Effect    = "Allow"
                      [31m-[0m[0m Principal = {
                          [31m-[0m[0m Service = "logdelivery.elasticloadbalancing.amazonaws.com"
                        }
                      [31m-[0m[0m Resource  = "arn:aws:s3:::devops-g3-alb-logs-240462142849/alb/AWSLogs/240462142849/*"
                      [31m-[0m[0m Sid       = "AllowModernAlbLogDelivery"
                    },
                  [31m-[0m[0m {
                      [31m-[0m[0m Action    = "s3:PutObject"
                      [31m-[0m[0m Effect    = "Allow"
                      [31m-[0m[0m Principal = {
                          [31m-[0m[0m AWS = "arn:aws:iam::027434742980:root"
                        }
                      [31m-[0m[0m Resource  = "arn:aws:s3:::devops-g3-alb-logs-240462142849/alb/AWSLogs/240462142849/*"
                      [31m-[0m[0m Sid       = "AllowLegacyAlbLogDelivery"
                    },
                ]
              [31m-[0m[0m Version   = "2012-10-17"
            }
        ) [90m-> null[0m[0m
      [31m-[0m[0m region                      = "us-west-1" [90m-> null[0m[0m
      [31m-[0m[0m request_payer               = "BucketOwner" [90m-> null[0m[0m
      [31m-[0m[0m tags                        = {
          [31m-[0m[0m "Name"    = "devops-g3-alb-logs"
          [31m-[0m[0m "purpose" = "ALB access logs SSE-S3 per ADR-003 exception"
        } [90m-> null[0m[0m
      [31m-[0m[0m tags_all                    = {
          [31m-[0m[0m "Name"        = "devops-g3-alb-logs"
          [31m-[0m[0m "capstone"    = "tillflow"
          [31m-[0m[0m "environment" = "dev"
          [31m-[0m[0m "group"       = "devops-g3"
          [31m-[0m[0m "managed-by"  = "terraform"
          [31m-[0m[0m "owner"       = "lwam"
          [31m-[0m[0m "purpose"     = "ALB access logs SSE-S3 per ADR-003 exception"
          [31m-[0m[0m "service"     = "platform"
        } [90m-> null[0m[0m
        [90m# (2 unchanged attributes hidden)[0m[0m

      [31m-[0m[0m grant {
          [31m-[0m[0m id          = "b0ebddbba044f8f17ca5d66b2f5b525241dae11cafc298c52eea0e69ae58aae6" [90m-> null[0m[0m
          [31m-[0m[0m permissions = [
              [31m-[0m[0m "FULL_CONTROL",
            ] [90m-> null[0m[0m
          [31m-[0m[0m type        = "CanonicalUser" [90m-> null[0m[0m
            [90m# (1 unchanged attribute hidden)[0m[0m
        }

      [31m-[0m[0m lifecycle_rule {
          [31m-[0m[0m abort_incomplete_multipart_upload_days = 7 [90m-> null[0m[0m
          [31m-[0m[0m enabled                                = true [90m-> null[0m[0m
          [31m-[0m[0m id                                     = "retention" [90m-> null[0m[0m
          [31m-[0m[0m tags                                   = {} [90m-> null[0m[0m
            [90m# (1 unchanged attribute hidden)[0m[0m

          [31m-[0m[0m expiration {
              [31m-[0m[0m days                         = 400 [90m-> null[0m[0m
              [31m-[0m[0m expired_object_delete_marker = false [90m-> null[0m[0m
                [90m# (1 unchanged attribute hidden)[0m[0m
            }

          [31m-[0m[0m noncurrent_version_expiration {
              [31m-[0m[0m days = 30 [90m-> null[0m[0m
            }

          [31m-[0m[0m transition {
              [31m-[0m[0m days          = 30 [90m-> null[0m[0m
              [31m-[0m[0m storage_class = "GLACIER_IR" [90m-> null[0m[0m
                [90m# (1 unchanged attribute hidden)[0m[0m
            }
        }

      [31m-[0m[0m server_side_encryption_configuration {
          [31m-[0m[0m rule {
              [31m-[0m[0m bucket_key_enabled = false [90m-> null[0m[0m

              [31m-[0m[0m apply_server_side_encryption_by_default {
                  [31m-[0m[0m sse_algorithm     = "AES256" [90m-> null[0m[0m
                    [90m# (1 unchanged attribute hidden)[0m[0m
                }
            }
        }

      [31m-[0m[0m versioning {
          [31m-[0m[0m enabled    = true [90m-> null[0m[0m
          [31m-[0m[0m mfa_delete = false [90m-> null[0m[0m
        }
    }

[1m  # module.storage.aws_s3_bucket.this["artifacts"][0m will be [1m[31mdestroyed[0m
[0m  [31m-[0m[0m resource "aws_s3_bucket" "this" {
      [31m-[0m[0m arn                         = "arn:aws:s3:::devops-g3-artifacts-240462142849" [90m-> null[0m[0m
      [31m-[0m[0m bucket                      = "devops-g3-artifacts-240462142849" [90m-> null[0m[0m
      [31m-[0m[0m bucket_domain_name          = "devops-g3-artifacts-240462142849.s3.amazonaws.com" [90m-> null[0m[0m
      [31m-[0m[0m bucket_namespace            = "global" [90m-> null[0m[0m
      [31m-[0m[0m bucket_region               = "us-west-1" [90m-> null[0m[0m
      [31m-[0m[0m bucket_regional_domain_name = "devops-g3-artifacts-240462142849.s3.us-west-1.amazonaws.com" [90m-> null[0m[0m
      [31m-[0m[0m force_destroy               = true [90m-> null[0m[0m
      [31m-[0m[0m hosted_zone_id              = "Z2F56UZL2M1ACD" [90m-> null[0m[0m
      [31m-[0m[0m id                          = "devops-g3-artifacts-240462142849" [90m-> null[0m[0m
      [31m-[0m[0m object_lock_enabled         = false [90m-> null[0m[0m
      [31m-[0m[0m policy                      = jsonencode(
            {
              [31m-[0m[0m Statement = [
                  [31m-[0m[0m {
                      [31m-[0m[0m Action    = "s3:*"
                      [31m-[0m[0m Condition = {
                          [31m-[0m[0m Bool = {
                              [31m-[0m[0m "aws:SecureTransport" = "false"
                            }
                        }
                      [31m-[0m[0m Effect    = "Deny"
                      [31m-[0m[0m Principal = "*"
                      [31m-[0m[0m Resource  = [
                          [31m-[0m[0m "arn:aws:s3:::devops-g3-artifacts-240462142849/*",
                          [31m-[0m[0m "arn:aws:s3:::devops-g3-artifacts-240462142849",
                        ]
                      [31m-[0m[0m Sid       = "DenyInsecureTransport"
                    },
                ]
              [31m-[0m[0m Version   = "2012-10-17"
            }
        ) [90m-> null[0m[0m
      [31m-[0m[0m region                      = "us-west-1" [90m-> null[0m[0m
      [31m-[0m[0m request_payer               = "BucketOwner" [90m-> null[0m[0m
      [31m-[0m[0m tags                        = {
          [31m-[0m[0m "Name"    = "devops-g3-artifacts"
          [31m-[0m[0m "purpose" = "Pipeline and build artifacts"
        } [90m-> null[0m[0m
      [31m-[0m[0m tags_all                    = {
          [31m-[0m[0m "Name"        = "devops-g3-artifacts"
          [31m-[0m[0m "capstone"    = "tillflow"
          [31m-[0m[0m "environment" = "dev"
          [31m-[0m[0m "group"       = "devops-g3"
          [31m-[0m[0m "managed-by"  = "terraform"
          [31m-[0m[0m "owner"       = "lwam"
          [31m-[0m[0m "purpose"     = "Pipeline and build artifacts"
          [31m-[0m[0m "service"     = "platform"
        } [90m-> null[0m[0m
        [90m# (2 unchanged attributes hidden)[0m[0m

      [31m-[0m[0m grant {
          [31m-[0m[0m id          = "b0ebddbba044f8f17ca5d66b2f5b525241dae11cafc298c52eea0e69ae58aae6" [90m-> null[0m[0m
          [31m-[0m[0m permissions = [
              [31m-[0m[0m "FULL_CONTROL",
            ] [90m-> null[0m[0m
          [31m-[0m[0m type        = "CanonicalUser" [90m-> null[0m[0m
            [90m# (1 unchanged attribute hidden)[0m[0m
        }

      [31m-[0m[0m lifecycle_rule {
          [31m-[0m[0m abort_incomplete_multipart_upload_days = 7 [90m-> null[0m[0m
          [31m-[0m[0m enabled                                = true [90m-> null[0m[0m
          [31m-[0m[0m id                                     = "retention" [90m-> null[0m[0m
          [31m-[0m[0m tags                                   = {} [90m-> null[0m[0m
            [90m# (1 unchanged attribute hidden)[0m[0m

          [31m-[0m[0m expiration {
              [31m-[0m[0m days                         = 180 [90m-> null[0m[0m
              [31m-[0m[0m expired_object_delete_marker = false [90m-> null[0m[0m
                [90m# (1 unchanged attribute hidden)[0m[0m
            }

          [31m-[0m[0m noncurrent_version_expiration {
              [31m-[0m[0m days = 30 [90m-> null[0m[0m
            }

          [31m-[0m[0m transition {
              [31m-[0m[0m days          = 30 [90m-> null[0m[0m
              [31m-[0m[0m storage_class = "GLACIER_IR" [90m-> null[0m[0m
                [90m# (1 unchanged attribute hidden)[0m[0m
            }
        }

      [31m-[0m[0m server_side_encryption_configuration {
          [31m-[0m[0m rule {
              [31m-[0m[0m bucket_key_enabled = true [90m-> null[0m[0m

              [31m-[0m[0m apply_server_side_encryption_by_default {
                  [31m-[0m[0m kms_master_key_id = "arn:aws:kms:us-west-1:240462142849:key/90e2806f-72c0-4b51-ae60-8cc9436bdfe0" [90m-> null[0m[0m
                  [31m-[0m[0m sse_algorithm     = "aws:kms" [90m-> null[0m[0m
                }
            }
        }

      [31m-[0m[0m versioning {
          [31m-[0m[0m enabled    = true [90m-> null[0m[0m
          [31m-[0m[0m mfa_delete = false [90m-> null[0m[0m
        }
    }

[1m  # module.storage.aws_s3_bucket.this["backups"][0m will be [1m[31mdestroyed[0m
[0m  [31m-[0m[0m resource "aws_s3_bucket" "this" {
      [31m-[0m[0m arn                         = "arn:aws:s3:::devops-g3-backups-240462142849" [90m-> null[0m[0m
      [31m-[0m[0m bucket                      = "devops-g3-backups-240462142849" [90m-> null[0m[0m
      [31m-[0m[0m bucket_domain_name          = "devops-g3-backups-240462142849.s3.amazonaws.com" [90m-> null[0m[0m
      [31m-[0m[0m bucket_namespace            = "global" [90m-> null[0m[0m
      [31m-[0m[0m bucket_region               = "us-west-1" [90m-> null[0m[0m
      [31m-[0m[0m bucket_regional_domain_name = "devops-g3-backups-240462142849.s3.us-west-1.amazonaws.com" [90m-> null[0m[0m
      [31m-[0m[0m force_destroy               = true [90m-> null[0m[0m
      [31m-[0m[0m hosted_zone_id              = "Z2F56UZL2M1ACD" [90m-> null[0m[0m
      [31m-[0m[0m id                          = "devops-g3-backups-240462142849" [90m-> null[0m[0m
      [31m-[0m[0m object_lock_enabled         = false [90m-> null[0m[0m
      [31m-[0m[0m policy                      = jsonencode(
            {
              [31m-[0m[0m Statement = [
                  [31m-[0m[0m {
                      [31m-[0m[0m Action    = "s3:*"
                      [31m-[0m[0m Condition = {
                          [31m-[0m[0m Bool = {
                              [31m-[0m[0m "aws:SecureTransport" = "false"
                            }
                        }
                      [31m-[0m[0m Effect    = "Deny"
                      [31m-[0m[0m Principal = "*"
                      [31m-[0m[0m Resource  = [
                          [31m-[0m[0m "arn:aws:s3:::devops-g3-backups-240462142849/*",
                          [31m-[0m[0m "arn:aws:s3:::devops-g3-backups-240462142849",
                        ]
                      [31m-[0m[0m Sid       = "DenyInsecureTransport"
                    },
                ]
              [31m-[0m[0m Version   = "2012-10-17"
            }
        ) [90m-> null[0m[0m
      [31m-[0m[0m region                      = "us-west-1" [90m-> null[0m[0m
      [31m-[0m[0m request_payer               = "BucketOwner" [90m-> null[0m[0m
      [31m-[0m[0m tags                        = {
          [31m-[0m[0m "Name"    = "devops-g3-backups"
          [31m-[0m[0m "purpose" = "Database exports and backups"
        } [90m-> null[0m[0m
      [31m-[0m[0m tags_all                    = {
          [31m-[0m[0m "Name"        = "devops-g3-backups"
          [31m-[0m[0m "capstone"    = "tillflow"
          [31m-[0m[0m "environment" = "dev"
          [31m-[0m[0m "group"       = "devops-g3"
          [31m-[0m[0m "managed-by"  = "terraform"
          [31m-[0m[0m "owner"       = "lwam"
          [31m-[0m[0m "purpose"     = "Database exports and backups"
          [31m-[0m[0m "service"     = "platform"
        } [90m-> null[0m[0m
        [90m# (2 unchanged attributes hidden)[0m[0m

      [31m-[0m[0m grant {
          [31m-[0m[0m id          = "b0ebddbba044f8f17ca5d66b2f5b525241dae11cafc298c52eea0e69ae58aae6" [90m-> null[0m[0m
          [31m-[0m[0m permissions = [
              [31m-[0m[0m "FULL_CONTROL",
            ] [90m-> null[0m[0m
          [31m-[0m[0m type        = "CanonicalUser" [90m-> null[0m[0m
            [90m# (1 unchanged attribute hidden)[0m[0m
        }

      [31m-[0m[0m lifecycle_rule {
          [31m-[0m[0m abort_incomplete_multipart_upload_days = 7 [90m-> null[0m[0m
          [31m-[0m[0m enabled                                = true [90m-> null[0m[0m
          [31m-[0m[0m id                                     = "retention" [90m-> null[0m[0m
          [31m-[0m[0m tags                                   = {} [90m-> null[0m[0m
            [90m# (1 unchanged attribute hidden)[0m[0m

          [31m-[0m[0m expiration {
              [31m-[0m[0m days                         = 35 [90m-> null[0m[0m
              [31m-[0m[0m expired_object_delete_marker = false [90m-> null[0m[0m
                [90m# (1 unchanged attribute hidden)[0m[0m
            }

          [31m-[0m[0m noncurrent_version_expiration {
              [31m-[0m[0m days = 30 [90m-> null[0m[0m
            }
        }

      [31m-[0m[0m server_side_encryption_configuration {
          [31m-[0m[0m rule {
              [31m-[0m[0m bucket_key_enabled = true [90m-> null[0m[0m

              [31m-[0m[0m apply_server_side_encryption_by_default {
                  [31m-[0m[0m kms_master_key_id = "arn:aws:kms:us-west-1:240462142849:key/90e2806f-72c0-4b51-ae60-8cc9436bdfe0" [90m-> null[0m[0m
                  [31m-[0m[0m sse_algorithm     = "aws:kms" [90m-> null[0m[0m
                }
            }
        }

      [31m-[0m[0m versioning {
          [31m-[0m[0m enabled    = true [90m-> null[0m[0m
          [31m-[0m[0m mfa_delete = false [90m-> null[0m[0m
        }
    }

[1m  # module.storage.aws_s3_bucket.this["evidence"][0m will be [1m[31mdestroyed[0m
[0m  [31m-[0m[0m resource "aws_s3_bucket" "this" {
      [31m-[0m[0m arn                         = "arn:aws:s3:::devops-g3-evidence-240462142849" [90m-> null[0m[0m
      [31m-[0m[0m bucket                      = "devops-g3-evidence-240462142849" [90m-> null[0m[0m
      [31m-[0m[0m bucket_domain_name          = "devops-g3-evidence-240462142849.s3.amazonaws.com" [90m-> null[0m[0m
      [31m-[0m[0m bucket_namespace            = "global" [90m-> null[0m[0m
      [31m-[0m[0m bucket_region               = "us-west-1" [90m-> null[0m[0m
      [31m-[0m[0m bucket_regional_domain_name = "devops-g3-evidence-240462142849.s3.us-west-1.amazonaws.com" [90m-> null[0m[0m
      [31m-[0m[0m force_destroy               = false [90m-> null[0m[0m
      [31m-[0m[0m hosted_zone_id              = "Z2F56UZL2M1ACD" [90m-> null[0m[0m
      [31m-[0m[0m id                          = "devops-g3-evidence-240462142849" [90m-> null[0m[0m
      [31m-[0m[0m object_lock_enabled         = false [90m-> null[0m[0m
      [31m-[0m[0m policy                      = jsonencode(
            {
              [31m-[0m[0m Statement = [
                  [31m-[0m[0m {
                      [31m-[0m[0m Action    = "s3:*"
                      [31m-[0m[0m Condition = {
                          [31m-[0m[0m Bool = {
                              [31m-[0m[0m "aws:SecureTransport" = "false"
                            }
                        }
                      [31m-[0m[0m Effect    = "Deny"
                      [31m-[0m[0m Principal = "*"
                      [31m-[0m[0m Resource  = [
                          [31m-[0m[0m "arn:aws:s3:::devops-g3-evidence-240462142849/*",
                          [31m-[0m[0m "arn:aws:s3:::devops-g3-evidence-240462142849",
                        ]
                      [31m-[0m[0m Sid       = "DenyInsecureTransport"
                    },
                ]
              [31m-[0m[0m Version   = "2012-10-17"
            }
        ) [90m-> null[0m[0m
      [31m-[0m[0m region                      = "us-west-1" [90m-> null[0m[0m
      [31m-[0m[0m request_payer               = "BucketOwner" [90m-> null[0m[0m
      [31m-[0m[0m tags                        = {
          [31m-[0m[0m "Name"    = "devops-g3-evidence"
          [31m-[0m[0m "purpose" = "Graded capstone evidence"
        } [90m-> null[0m[0m
      [31m-[0m[0m tags_all                    = {
          [31m-[0m[0m "Name"        = "devops-g3-evidence"
          [31m-[0m[0m "capstone"    = "tillflow"
          [31m-[0m[0m "environment" = "dev"
          [31m-[0m[0m "group"       = "devops-g3"
          [31m-[0m[0m "managed-by"  = "terraform"
          [31m-[0m[0m "owner"       = "lwam"
          [31m-[0m[0m "purpose"     = "Graded capstone evidence"
          [31m-[0m[0m "service"     = "platform"
        } [90m-> null[0m[0m
        [90m# (2 unchanged attributes hidden)[0m[0m

      [31m-[0m[0m grant {
          [31m-[0m[0m id          = "b0ebddbba044f8f17ca5d66b2f5b525241dae11cafc298c52eea0e69ae58aae6" [90m-> null[0m[0m
          [31m-[0m[0m permissions = [
              [31m-[0m[0m "FULL_CONTROL",
            ] [90m-> null[0m[0m
          [31m-[0m[0m type        = "CanonicalUser" [90m-> null[0m[0m
            [90m# (1 unchanged attribute hidden)[0m[0m
        }

      [31m-[0m[0m server_side_encryption_configuration {
          [31m-[0m[0m rule {
              [31m-[0m[0m bucket_key_enabled = true [90m-> null[0m[0m

              [31m-[0m[0m apply_server_side_encryption_by_default {
                  [31m-[0m[0m kms_master_key_id = "arn:aws:kms:us-west-1:240462142849:key/90e2806f-72c0-4b51-ae60-8cc9436bdfe0" [90m-> null[0m[0m
                  [31m-[0m[0m sse_algorithm     = "aws:kms" [90m-> null[0m[0m
                }
            }
        }

      [31m-[0m[0m versioning {
          [31m-[0m[0m enabled    = true [90m-> null[0m[0m
          [31m-[0m[0m mfa_delete = false [90m-> null[0m[0m
        }
    }

[1m  # module.storage.aws_s3_bucket.this["logs"][0m will be [1m[31mdestroyed[0m
[0m  [31m-[0m[0m resource "aws_s3_bucket" "this" {
      [31m-[0m[0m arn                         = "arn:aws:s3:::devops-g3-logs-240462142849" [90m-> null[0m[0m
      [31m-[0m[0m bucket                      = "devops-g3-logs-240462142849" [90m-> null[0m[0m
      [31m-[0m[0m bucket_domain_name          = "devops-g3-logs-240462142849.s3.amazonaws.com" [90m-> null[0m[0m
      [31m-[0m[0m bucket_namespace            = "global" [90m-> null[0m[0m
      [31m-[0m[0m bucket_region               = "us-west-1" [90m-> null[0m[0m
      [31m-[0m[0m bucket_regional_domain_name = "devops-g3-logs-240462142849.s3.us-west-1.amazonaws.com" [90m-> null[0m[0m
      [31m-[0m[0m force_destroy               = true [90m-> null[0m[0m
      [31m-[0m[0m hosted_zone_id              = "Z2F56UZL2M1ACD" [90m-> null[0m[0m
      [31m-[0m[0m id                          = "devops-g3-logs-240462142849" [90m-> null[0m[0m
      [31m-[0m[0m object_lock_enabled         = false [90m-> null[0m[0m
      [31m-[0m[0m policy                      = jsonencode(
            {
              [31m-[0m[0m Statement = [
                  [31m-[0m[0m {
                      [31m-[0m[0m Action    = "s3:*"
                      [31m-[0m[0m Condition = {
                          [31m-[0m[0m Bool = {
                              [31m-[0m[0m "aws:SecureTransport" = "false"
                            }
                        }
                      [31m-[0m[0m Effect    = "Deny"
                      [31m-[0m[0m Principal = "*"
                      [31m-[0m[0m Resource  = [
                          [31m-[0m[0m "arn:aws:s3:::devops-g3-logs-240462142849/*",
                          [31m-[0m[0m "arn:aws:s3:::devops-g3-logs-240462142849",
                        ]
                      [31m-[0m[0m Sid       = "DenyInsecureTransport"
                    },
                ]
              [31m-[0m[0m Version   = "2012-10-17"
            }
        ) [90m-> null[0m[0m
      [31m-[0m[0m region                      = "us-west-1" [90m-> null[0m[0m
      [31m-[0m[0m request_payer               = "BucketOwner" [90m-> null[0m[0m
      [31m-[0m[0m tags                        = {
          [31m-[0m[0m "Name"    = "devops-g3-logs"
          [31m-[0m[0m "purpose" = "Application and service logs"
        } [90m-> null[0m[0m
      [31m-[0m[0m tags_all                    = {
          [31m-[0m[0m "Name"        = "devops-g3-logs"
          [31m-[0m[0m "capstone"    = "tillflow"
          [31m-[0m[0m "environment" = "dev"
          [31m-[0m[0m "group"       = "devops-g3"
          [31m-[0m[0m "managed-by"  = "terraform"
          [31m-[0m[0m "owner"       = "lwam"
          [31m-[0m[0m "purpose"     = "Application and service logs"
          [31m-[0m[0m "service"     = "platform"
        } [90m-> null[0m[0m
        [90m# (2 unchanged attributes hidden)[0m[0m

      [31m-[0m[0m grant {
          [31m-[0m[0m id          = "b0ebddbba044f8f17ca5d66b2f5b525241dae11cafc298c52eea0e69ae58aae6" [90m-> null[0m[0m
          [31m-[0m[0m permissions = [
              [31m-[0m[0m "FULL_CONTROL",
            ] [90m-> null[0m[0m
          [31m-[0m[0m type        = "CanonicalUser" [90m-> null[0m[0m
            [90m# (1 unchanged attribute hidden)[0m[0m
        }

      [31m-[0m[0m lifecycle_rule {
          [31m-[0m[0m abort_incomplete_multipart_upload_days = 7 [90m-> null[0m[0m
          [31m-[0m[0m enabled                                = true [90m-> null[0m[0m
          [31m-[0m[0m id                                     = "retention" [90m-> null[0m[0m
          [31m-[0m[0m tags                                   = {} [90m-> null[0m[0m
            [90m# (1 unchanged attribute hidden)[0m[0m

          [31m-[0m[0m expiration {
              [31m-[0m[0m days                         = 400 [90m-> null[0m[0m
              [31m-[0m[0m expired_object_delete_marker = false [90m-> null[0m[0m
                [90m# (1 unchanged attribute hidden)[0m[0m
            }

          [31m-[0m[0m noncurrent_version_expiration {
              [31m-[0m[0m days = 30 [90m-> null[0m[0m
            }

          [31m-[0m[0m transition {
              [31m-[0m[0m days          = 30 [90m-> null[0m[0m
              [31m-[0m[0m storage_class = "GLACIER_IR" [90m-> null[0m[0m
                [90m# (1 unchanged attribute hidden)[0m[0m
            }
        }

      [31m-[0m[0m server_side_encryption_configuration {
          [31m-[0m[0m rule {
              [31m-[0m[0m bucket_key_enabled = true [90m-> null[0m[0m

              [31m-[0m[0m apply_server_side_encryption_by_default {
                  [31m-[0m[0m kms_master_key_id = "arn:aws:kms:us-west-1:240462142849:key/90e2806f-72c0-4b51-ae60-8cc9436bdfe0" [90m-> null[0m[0m
                  [31m-[0m[0m sse_algorithm     = "aws:kms" [90m-> null[0m[0m
                }
            }
        }

      [31m-[0m[0m versioning {
          [31m-[0m[0m enabled    = true [90m-> null[0m[0m
          [31m-[0m[0m mfa_delete = false [90m-> null[0m[0m
        }
    }

[1m  # module.storage.aws_s3_bucket_lifecycle_configuration.this["alb-logs"][0m will be [1m[31mdestroyed[0m
[0m  [31m-[0m[0m resource "aws_s3_bucket_lifecycle_configuration" "this" {
      [31m-[0m[0m bucket                                 = "devops-g3-alb-logs-240462142849" [90m-> null[0m[0m
      [31m-[0m[0m id                                     = "devops-g3-alb-logs-240462142849" [90m-> null[0m[0m
      [31m-[0m[0m region                                 = "us-west-1" [90m-> null[0m[0m
      [31m-[0m[0m transition_default_minimum_object_size = "all_storage_classes_128K" [90m-> null[0m[0m
        [90m# (1 unchanged attribute hidden)[0m[0m

      [31m-[0m[0m rule {
          [31m-[0m[0m id     = "retention" [90m-> null[0m[0m
          [31m-[0m[0m status = "Enabled" [90m-> null[0m[0m
            [90m# (1 unchanged attribute hidden)[0m[0m

          [31m-[0m[0m abort_incomplete_multipart_upload {
              [31m-[0m[0m days_after_initiation = 7 [90m-> null[0m[0m
            }

          [31m-[0m[0m expiration {
              [31m-[0m[0m days                         = 400 [90m-> null[0m[0m
              [31m-[0m[0m expired_object_delete_marker = false [90m-> null[0m[0m
            }

          [31m-[0m[0m filter {
                [90m# (1 unchanged attribute hidden)[0m[0m
            }

          [31m-[0m[0m noncurrent_version_expiration {
              [31m-[0m[0m noncurrent_days = 30 [90m-> null[0m[0m
            }

          [31m-[0m[0m transition {
              [31m-[0m[0m days          = 30 [90m-> null[0m[0m
              [31m-[0m[0m storage_class = "GLACIER_IR" [90m-> null[0m[0m
            }
        }
    }

[1m  # module.storage.aws_s3_bucket_lifecycle_configuration.this["artifacts"][0m will be [1m[31mdestroyed[0m
[0m  [31m-[0m[0m resource "aws_s3_bucket_lifecycle_configuration" "this" {
      [31m-[0m[0m bucket                                 = "devops-g3-artifacts-240462142849" [90m-> null[0m[0m
      [31m-[0m[0m id                                     = "devops-g3-artifacts-240462142849" [90m-> null[0m[0m
      [31m-[0m[0m region                                 = "us-west-1" [90m-> null[0m[0m
      [31m-[0m[0m transition_default_minimum_object_size = "all_storage_classes_128K" [90m-> null[0m[0m
        [90m# (1 unchanged attribute hidden)[0m[0m

      [31m-[0m[0m rule {
          [31m-[0m[0m id     = "retention" [90m-> null[0m[0m
          [31m-[0m[0m status = "Enabled" [90m-> null[0m[0m
            [90m# (1 unchanged attribute hidden)[0m[0m

          [31m-[0m[0m abort_incomplete_multipart_upload {
              [31m-[0m[0m days_after_initiation = 7 [90m-> null[0m[0m
            }

          [31m-[0m[0m expiration {
              [31m-[0m[0m days                         = 180 [90m-> null[0m[0m
              [31m-[0m[0m expired_object_delete_marker = false [90m-> null[0m[0m
            }

          [31m-[0m[0m filter {
                [90m# (1 unchanged attribute hidden)[0m[0m
            }

          [31m-[0m[0m noncurrent_version_expiration {
              [31m-[0m[0m noncurrent_days = 30 [90m-> null[0m[0m
            }

          [31m-[0m[0m transition {
              [31m-[0m[0m days          = 30 [90m-> null[0m[0m
              [31m-[0m[0m storage_class = "GLACIER_IR" [90m-> null[0m[0m
            }
        }
    }

[1m  # module.storage.aws_s3_bucket_lifecycle_configuration.this["backups"][0m will be [1m[31mdestroyed[0m
[0m  [31m-[0m[0m resource "aws_s3_bucket_lifecycle_configuration" "this" {
      [31m-[0m[0m bucket                                 = "devops-g3-backups-240462142849" [90m-> null[0m[0m
      [31m-[0m[0m id                                     = "devops-g3-backups-240462142849" [90m-> null[0m[0m
      [31m-[0m[0m region                                 = "us-west-1" [90m-> null[0m[0m
      [31m-[0m[0m transition_default_minimum_object_size = "all_storage_classes_128K" [90m-> null[0m[0m
        [90m# (1 unchanged attribute hidden)[0m[0m

      [31m-[0m[0m rule {
          [31m-[0m[0m id     = "retention" [90m-> null[0m[0m
          [31m-[0m[0m status = "Enabled" [90m-> null[0m[0m
            [90m# (1 unchanged attribute hidden)[0m[0m

          [31m-[0m[0m abort_incomplete_multipart_upload {
              [31m-[0m[0m days_after_initiation = 7 [90m-> null[0m[0m
            }

          [31m-[0m[0m expiration {
              [31m-[0m[0m days                         = 35 [90m-> null[0m[0m
              [31m-[0m[0m expired_object_delete_marker = false [90m-> null[0m[0m
            }

          [31m-[0m[0m filter {
                [90m# (1 unchanged attribute hidden)[0m[0m
            }

          [31m-[0m[0m noncurrent_version_expiration {
              [31m-[0m[0m noncurrent_days = 30 [90m-> null[0m[0m
            }
        }
    }

[1m  # module.storage.aws_s3_bucket_lifecycle_configuration.this["logs"][0m will be [1m[31mdestroyed[0m
[0m  [31m-[0m[0m resource "aws_s3_bucket_lifecycle_configuration" "this" {
      [31m-[0m[0m bucket                                 = "devops-g3-logs-240462142849" [90m-> null[0m[0m
      [31m-[0m[0m id                                     = "devops-g3-logs-240462142849" [90m-> null[0m[0m
      [31m-[0m[0m region                                 = "us-west-1" [90m-> null[0m[0m
      [31m-[0m[0m transition_default_minimum_object_size = "all_storage_classes_128K" [90m-> null[0m[0m
        [90m# (1 unchanged attribute hidden)[0m[0m

      [31m-[0m[0m rule {
          [31m-[0m[0m id     = "retention" [90m-> null[0m[0m
          [31m-[0m[0m status = "Enabled" [90m-> null[0m[0m
            [90m# (1 unchanged attribute hidden)[0m[0m

          [31m-[0m[0m abort_incomplete_multipart_upload {
              [31m-[0m[0m days_after_initiation = 7 [90m-> null[0m[0m
            }

          [31m-[0m[0m expiration {
              [31m-[0m[0m days                         = 400 [90m-> null[0m[0m
              [31m-[0m[0m expired_object_delete_marker = false [90m-> null[0m[0m
            }

          [31m-[0m[0m filter {
                [90m# (1 unchanged attribute hidden)[0m[0m
            }

          [31m-[0m[0m noncurrent_version_expiration {
              [31m-[0m[0m noncurrent_days = 30 [90m-> null[0m[0m
            }

          [31m-[0m[0m transition {
              [31m-[0m[0m days          = 30 [90m-> null[0m[0m
              [31m-[0m[0m storage_class = "GLACIER_IR" [90m-> null[0m[0m
            }
        }
    }

[1m  # module.storage.aws_s3_bucket_policy.this["alb-logs"][0m will be [1m[31mdestroyed[0m
[0m  [31m-[0m[0m resource "aws_s3_bucket_policy" "this" {
      [31m-[0m[0m bucket = "devops-g3-alb-logs-240462142849" [90m-> null[0m[0m
      [31m-[0m[0m id     = "devops-g3-alb-logs-240462142849" [90m-> null[0m[0m
      [31m-[0m[0m policy = jsonencode(
            {
              [31m-[0m[0m Statement = [
                  [31m-[0m[0m {
                      [31m-[0m[0m Action    = "s3:*"
                      [31m-[0m[0m Condition = {
                          [31m-[0m[0m Bool = {
                              [31m-[0m[0m "aws:SecureTransport" = "false"
                            }
                        }
                      [31m-[0m[0m Effect    = "Deny"
                      [31m-[0m[0m Principal = "*"
                      [31m-[0m[0m Resource  = [
                          [31m-[0m[0m "arn:aws:s3:::devops-g3-alb-logs-240462142849/*",
                          [31m-[0m[0m "arn:aws:s3:::devops-g3-alb-logs-240462142849",
                        ]
                      [31m-[0m[0m Sid       = "DenyInsecureTransport"
                    },
                  [31m-[0m[0m {
                      [31m-[0m[0m Action    = "s3:PutObject"
                      [31m-[0m[0m Condition = {
                          [31m-[0m[0m StringEquals = {
                              [31m-[0m[0m "s3:x-amz-acl" = "bucket-owner-full-control"
                            }
                        }
                      [31m-[0m[0m Effect    = "Allow"
                      [31m-[0m[0m Principal = {
                          [31m-[0m[0m Service = "logdelivery.elasticloadbalancing.amazonaws.com"
                        }
                      [31m-[0m[0m Resource  = "arn:aws:s3:::devops-g3-alb-logs-240462142849/alb/AWSLogs/240462142849/*"
                      [31m-[0m[0m Sid       = "AllowModernAlbLogDelivery"
                    },
                  [31m-[0m[0m {
                      [31m-[0m[0m Action    = "s3:PutObject"
                      [31m-[0m[0m Effect    = "Allow"
                      [31m-[0m[0m Principal = {
                          [31m-[0m[0m AWS = "arn:aws:iam::027434742980:root"
                        }
                      [31m-[0m[0m Resource  = "arn:aws:s3:::devops-g3-alb-logs-240462142849/alb/AWSLogs/240462142849/*"
                      [31m-[0m[0m Sid       = "AllowLegacyAlbLogDelivery"
                    },
                ]
              [31m-[0m[0m Version   = "2012-10-17"
            }
        ) [90m-> null[0m[0m
      [31m-[0m[0m region = "us-west-1" [90m-> null[0m[0m
    }

[1m  # module.storage.aws_s3_bucket_policy.this["artifacts"][0m will be [1m[31mdestroyed[0m
[0m  [31m-[0m[0m resource "aws_s3_bucket_policy" "this" {
      [31m-[0m[0m bucket = "devops-g3-artifacts-240462142849" [90m-> null[0m[0m
      [31m-[0m[0m id     = "devops-g3-artifacts-240462142849" [90m-> null[0m[0m
      [31m-[0m[0m policy = jsonencode(
            {
              [31m-[0m[0m Statement = [
                  [31m-[0m[0m {
                      [31m-[0m[0m Action    = "s3:*"
                      [31m-[0m[0m Condition = {
                          [31m-[0m[0m Bool = {
                              [31m-[0m[0m "aws:SecureTransport" = "false"
                            }
                        }
                      [31m-[0m[0m Effect    = "Deny"
                      [31m-[0m[0m Principal = "*"
                      [31m-[0m[0m Resource  = [
                          [31m-[0m[0m "arn:aws:s3:::devops-g3-artifacts-240462142849/*",
                          [31m-[0m[0m "arn:aws:s3:::devops-g3-artifacts-240462142849",
                        ]
                      [31m-[0m[0m Sid       = "DenyInsecureTransport"
                    },
                ]
              [31m-[0m[0m Version   = "2012-10-17"
            }
        ) [90m-> null[0m[0m
      [31m-[0m[0m region = "us-west-1" [90m-> null[0m[0m
    }

[1m  # module.storage.aws_s3_bucket_policy.this["backups"][0m will be [1m[31mdestroyed[0m
[0m  [31m-[0m[0m resource "aws_s3_bucket_policy" "this" {
      [31m-[0m[0m bucket = "devops-g3-backups-240462142849" [90m-> null[0m[0m
      [31m-[0m[0m id     = "devops-g3-backups-240462142849" [90m-> null[0m[0m
      [31m-[0m[0m policy = jsonencode(
            {
              [31m-[0m[0m Statement = [
                  [31m-[0m[0m {
                      [31m-[0m[0m Action    = "s3:*"
                      [31m-[0m[0m Condition = {
                          [31m-[0m[0m Bool = {
                              [31m-[0m[0m "aws:SecureTransport" = "false"
                            }
                        }
                      [31m-[0m[0m Effect    = "Deny"
                      [31m-[0m[0m Principal = "*"
                      [31m-[0m[0m Resource  = [
                          [31m-[0m[0m "arn:aws:s3:::devops-g3-backups-240462142849/*",
                          [31m-[0m[0m "arn:aws:s3:::devops-g3-backups-240462142849",
                        ]
                      [31m-[0m[0m Sid       = "DenyInsecureTransport"
                    },
                ]
              [31m-[0m[0m Version   = "2012-10-17"
            }
        ) [90m-> null[0m[0m
      [31m-[0m[0m region = "us-west-1" [90m-> null[0m[0m
    }

[1m  # module.storage.aws_s3_bucket_policy.this["evidence"][0m will be [1m[31mdestroyed[0m
[0m  [31m-[0m[0m resource "aws_s3_bucket_policy" "this" {
      [31m-[0m[0m bucket = "devops-g3-evidence-240462142849" [90m-> null[0m[0m
      [31m-[0m[0m id     = "devops-g3-evidence-240462142849" [90m-> null[0m[0m
      [31m-[0m[0m policy = jsonencode(
            {
              [31m-[0m[0m Statement = [
                  [31m-[0m[0m {
                      [31m-[0m[0m Action    = "s3:*"
                      [31m-[0m[0m Condition = {
                          [31m-[0m[0m Bool = {
                              [31m-[0m[0m "aws:SecureTransport" = "false"
                            }
                        }
                      [31m-[0m[0m Effect    = "Deny"
                      [31m-[0m[0m Principal = "*"
                      [31m-[0m[0m Resource  = [
                          [31m-[0m[0m "arn:aws:s3:::devops-g3-evidence-240462142849/*",
                          [31m-[0m[0m "arn:aws:s3:::devops-g3-evidence-240462142849",
                        ]
                      [31m-[0m[0m Sid       = "DenyInsecureTransport"
                    },
                ]
              [31m-[0m[0m Version   = "2012-10-17"
            }
        ) [90m-> null[0m[0m
      [31m-[0m[0m region = "us-west-1" [90m-> null[0m[0m
    }

[1m  # module.storage.aws_s3_bucket_policy.this["logs"][0m will be [1m[31mdestroyed[0m
[0m  [31m-[0m[0m resource "aws_s3_bucket_policy" "this" {
      [31m-[0m[0m bucket = "devops-g3-logs-240462142849" [90m-> null[0m[0m
      [31m-[0m[0m id     = "devops-g3-logs-240462142849" [90m-> null[0m[0m
      [31m-[0m[0m policy = jsonencode(
            {
              [31m-[0m[0m Statement = [
                  [31m-[0m[0m {
                      [31m-[0m[0m Action    = "s3:*"
                      [31m-[0m[0m Condition = {
                          [31m-[0m[0m Bool = {
                              [31m-[0m[0m "aws:SecureTransport" = "false"
                            }
                        }
                      [31m-[0m[0m Effect    = "Deny"
                      [31m-[0m[0m Principal = "*"
                      [31m-[0m[0m Resource  = [
                          [31m-[0m[0m "arn:aws:s3:::devops-g3-logs-240462142849/*",
                          [31m-[0m[0m "arn:aws:s3:::devops-g3-logs-240462142849",
                        ]
                      [31m-[0m[0m Sid       = "DenyInsecureTransport"
                    },
                ]
              [31m-[0m[0m Version   = "2012-10-17"
            }
        ) [90m-> null[0m[0m
      [31m-[0m[0m region = "us-west-1" [90m-> null[0m[0m
    }

[1m  # module.storage.aws_s3_bucket_public_access_block.this["alb-logs"][0m will be [1m[31mdestroyed[0m
[0m  [31m-[0m[0m resource "aws_s3_bucket_public_access_block" "this" {
      [31m-[0m[0m block_public_acls       = true [90m-> null[0m[0m
      [31m-[0m[0m block_public_policy     = true [90m-> null[0m[0m
      [31m-[0m[0m bucket                  = "devops-g3-alb-logs-240462142849" [90m-> null[0m[0m
      [31m-[0m[0m id                      = "devops-g3-alb-logs-240462142849" [90m-> null[0m[0m
      [31m-[0m[0m ignore_public_acls      = true [90m-> null[0m[0m
      [31m-[0m[0m region                  = "us-west-1" [90m-> null[0m[0m
      [31m-[0m[0m restrict_public_buckets = true [90m-> null[0m[0m
    }

[1m  # module.storage.aws_s3_bucket_public_access_block.this["artifacts"][0m will be [1m[31mdestroyed[0m
[0m  [31m-[0m[0m resource "aws_s3_bucket_public_access_block" "this" {
      [31m-[0m[0m block_public_acls       = true [90m-> null[0m[0m
      [31m-[0m[0m block_public_policy     = true [90m-> null[0m[0m
      [31m-[0m[0m bucket                  = "devops-g3-artifacts-240462142849" [90m-> null[0m[0m
      [31m-[0m[0m id                      = "devops-g3-artifacts-240462142849" [90m-> null[0m[0m
      [31m-[0m[0m ignore_public_acls      = true [90m-> null[0m[0m
      [31m-[0m[0m region                  = "us-west-1" [90m-> null[0m[0m
      [31m-[0m[0m restrict_public_buckets = true [90m-> null[0m[0m
    }

[1m  # module.storage.aws_s3_bucket_public_access_block.this["backups"][0m will be [1m[31mdestroyed[0m
[0m  [31m-[0m[0m resource "aws_s3_bucket_public_access_block" "this" {
      [31m-[0m[0m block_public_acls       = true [90m-> null[0m[0m
      [31m-[0m[0m block_public_policy     = true [90m-> null[0m[0m
      [31m-[0m[0m bucket                  = "devops-g3-backups-240462142849" [90m-> null[0m[0m
      [31m-[0m[0m id                      = "devops-g3-backups-240462142849" [90m-> null[0m[0m
      [31m-[0m[0m ignore_public_acls      = true [90m-> null[0m[0m
      [31m-[0m[0m region                  = "us-west-1" [90m-> null[0m[0m
      [31m-[0m[0m restrict_public_buckets = true [90m-> null[0m[0m
    }

[1m  # module.storage.aws_s3_bucket_public_access_block.this["evidence"][0m will be [1m[31mdestroyed[0m
[0m  [31m-[0m[0m resource "aws_s3_bucket_public_access_block" "this" {
      [31m-[0m[0m block_public_acls       = true [90m-> null[0m[0m
      [31m-[0m[0m block_public_policy     = true [90m-> null[0m[0m
      [31m-[0m[0m bucket                  = "devops-g3-evidence-240462142849" [90m-> null[0m[0m
      [31m-[0m[0m id                      = "devops-g3-evidence-240462142849" [90m-> null[0m[0m
      [31m-[0m[0m ignore_public_acls      = true [90m-> null[0m[0m
      [31m-[0m[0m region                  = "us-west-1" [90m-> null[0m[0m
      [31m-[0m[0m restrict_public_buckets = true [90m-> null[0m[0m
    }

[1m  # module.storage.aws_s3_bucket_public_access_block.this["logs"][0m will be [1m[31mdestroyed[0m
[0m  [31m-[0m[0m resource "aws_s3_bucket_public_access_block" "this" {
      [31m-[0m[0m block_public_acls       = true [90m-> null[0m[0m
      [31m-[0m[0m block_public_policy     = true [90m-> null[0m[0m
      [31m-[0m[0m bucket                  = "devops-g3-logs-240462142849" [90m-> null[0m[0m
      [31m-[0m[0m id                      = "devops-g3-logs-240462142849" [90m-> null[0m[0m
      [31m-[0m[0m ignore_public_acls      = true [90m-> null[0m[0m
      [31m-[0m[0m region                  = "us-west-1" [90m-> null[0m[0m
      [31m-[0m[0m restrict_public_buckets = true [90m-> null[0m[0m
    }

[1m  # module.storage.aws_s3_bucket_server_side_encryption_configuration.this["alb-logs"][0m will be [1m[31mdestroyed[0m
[0m  [31m-[0m[0m resource "aws_s3_bucket_server_side_encryption_configuration" "this" {
      [31m-[0m[0m bucket                = "devops-g3-alb-logs-240462142849" [90m-> null[0m[0m
      [31m-[0m[0m id                    = "devops-g3-alb-logs-240462142849" [90m-> null[0m[0m
      [31m-[0m[0m region                = "us-west-1" [90m-> null[0m[0m
        [90m# (1 unchanged attribute hidden)[0m[0m

      [31m-[0m[0m rule {
          [31m-[0m[0m blocked_encryption_types = [
              [31m-[0m[0m "SSE-C",
            ] [90m-> null[0m[0m
          [31m-[0m[0m bucket_key_enabled       = false [90m-> null[0m[0m

          [31m-[0m[0m apply_server_side_encryption_by_default {
              [31m-[0m[0m sse_algorithm     = "AES256" [90m-> null[0m[0m
                [90m# (1 unchanged attribute hidden)[0m[0m
            }
        }
    }

[1m  # module.storage.aws_s3_bucket_server_side_encryption_configuration.this["artifacts"][0m will be [1m[31mdestroyed[0m
[0m  [31m-[0m[0m resource "aws_s3_bucket_server_side_encryption_configuration" "this" {
      [31m-[0m[0m bucket                = "devops-g3-artifacts-240462142849" [90m-> null[0m[0m
      [31m-[0m[0m id                    = "devops-g3-artifacts-240462142849" [90m-> null[0m[0m
      [31m-[0m[0m region                = "us-west-1" [90m-> null[0m[0m
        [90m# (1 unchanged attribute hidden)[0m[0m

      [31m-[0m[0m rule {
          [31m-[0m[0m blocked_encryption_types = [
              [31m-[0m[0m "SSE-C",
            ] [90m-> null[0m[0m
          [31m-[0m[0m bucket_key_enabled       = true [90m-> null[0m[0m

          [31m-[0m[0m apply_server_side_encryption_by_default {
              [31m-[0m[0m kms_master_key_id = "arn:aws:kms:us-west-1:240462142849:key/90e2806f-72c0-4b51-ae60-8cc9436bdfe0" [90m-> null[0m[0m
              [31m-[0m[0m sse_algorithm     = "aws:kms" [90m-> null[0m[0m
            }
        }
    }

[1m  # module.storage.aws_s3_bucket_server_side_encryption_configuration.this["backups"][0m will be [1m[31mdestroyed[0m
[0m  [31m-[0m[0m resource "aws_s3_bucket_server_side_encryption_configuration" "this" {
      [31m-[0m[0m bucket                = "devops-g3-backups-240462142849" [90m-> null[0m[0m
      [31m-[0m[0m id                    = "devops-g3-backups-240462142849" [90m-> null[0m[0m
      [31m-[0m[0m region                = "us-west-1" [90m-> null[0m[0m
        [90m# (1 unchanged attribute hidden)[0m[0m

      [31m-[0m[0m rule {
          [31m-[0m[0m blocked_encryption_types = [
              [31m-[0m[0m "SSE-C",
            ] [90m-> null[0m[0m
          [31m-[0m[0m bucket_key_enabled       = true [90m-> null[0m[0m

          [31m-[0m[0m apply_server_side_encryption_by_default {
              [31m-[0m[0m kms_master_key_id = "arn:aws:kms:us-west-1:240462142849:key/90e2806f-72c0-4b51-ae60-8cc9436bdfe0" [90m-> null[0m[0m
              [31m-[0m[0m sse_algorithm     = "aws:kms" [90m-> null[0m[0m
            }
        }
    }

[1m  # module.storage.aws_s3_bucket_server_side_encryption_configuration.this["evidence"][0m will be [1m[31mdestroyed[0m
[0m  [31m-[0m[0m resource "aws_s3_bucket_server_side_encryption_configuration" "this" {
      [31m-[0m[0m bucket                = "devops-g3-evidence-240462142849" [90m-> null[0m[0m
      [31m-[0m[0m id                    = "devops-g3-evidence-240462142849" [90m-> null[0m[0m
      [31m-[0m[0m region                = "us-west-1" [90m-> null[0m[0m
        [90m# (1 unchanged attribute hidden)[0m[0m

      [31m-[0m[0m rule {
          [31m-[0m[0m blocked_encryption_types = [
              [31m-[0m[0m "SSE-C",
            ] [90m-> null[0m[0m
          [31m-[0m[0m bucket_key_enabled       = true [90m-> null[0m[0m

          [31m-[0m[0m apply_server_side_encryption_by_default {
              [31m-[0m[0m kms_master_key_id = "arn:aws:kms:us-west-1:240462142849:key/90e2806f-72c0-4b51-ae60-8cc9436bdfe0" [90m-> null[0m[0m
              [31m-[0m[0m sse_algorithm     = "aws:kms" [90m-> null[0m[0m
            }
        }
    }

[1m  # module.storage.aws_s3_bucket_server_side_encryption_configuration.this["logs"][0m will be [1m[31mdestroyed[0m
[0m  [31m-[0m[0m resource "aws_s3_bucket_server_side_encryption_configuration" "this" {
      [31m-[0m[0m bucket                = "devops-g3-logs-240462142849" [90m-> null[0m[0m
      [31m-[0m[0m id                    = "devops-g3-logs-240462142849" [90m-> null[0m[0m
      [31m-[0m[0m region                = "us-west-1" [90m-> null[0m[0m
        [90m# (1 unchanged attribute hidden)[0m[0m

      [31m-[0m[0m rule {
          [31m-[0m[0m blocked_encryption_types = [
              [31m-[0m[0m "SSE-C",
            ] [90m-> null[0m[0m
          [31m-[0m[0m bucket_key_enabled       = true [90m-> null[0m[0m

          [31m-[0m[0m apply_server_side_encryption_by_default {
              [31m-[0m[0m kms_master_key_id = "arn:aws:kms:us-west-1:240462142849:key/90e2806f-72c0-4b51-ae60-8cc9436bdfe0" [90m-> null[0m[0m
              [31m-[0m[0m sse_algorithm     = "aws:kms" [90m-> null[0m[0m
            }
        }
    }

[1m  # module.storage.aws_s3_bucket_versioning.this["alb-logs"][0m will be [1m[31mdestroyed[0m
[0m  [31m-[0m[0m resource "aws_s3_bucket_versioning" "this" {
      [31m-[0m[0m bucket                = "devops-g3-alb-logs-240462142849" [90m-> null[0m[0m
      [31m-[0m[0m id                    = "devops-g3-alb-logs-240462142849" [90m-> null[0m[0m
      [31m-[0m[0m region                = "us-west-1" [90m-> null[0m[0m
        [90m# (1 unchanged attribute hidden)[0m[0m

      [31m-[0m[0m versioning_configuration {
          [31m-[0m[0m mfa_delete = "Disabled" [90m-> null[0m[0m
          [31m-[0m[0m status     = "Enabled" [90m-> null[0m[0m
        }
    }

[1m  # module.storage.aws_s3_bucket_versioning.this["artifacts"][0m will be [1m[31mdestroyed[0m
[0m  [31m-[0m[0m resource "aws_s3_bucket_versioning" "this" {
      [31m-[0m[0m bucket                = "devops-g3-artifacts-240462142849" [90m-> null[0m[0m
      [31m-[0m[0m id                    = "devops-g3-artifacts-240462142849" [90m-> null[0m[0m
      [31m-[0m[0m region                = "us-west-1" [90m-> null[0m[0m
        [90m# (1 unchanged attribute hidden)[0m[0m

      [31m-[0m[0m versioning_configuration {
          [31m-[0m[0m mfa_delete = "Disabled" [90m-> null[0m[0m
          [31m-[0m[0m status     = "Enabled" [90m-> null[0m[0m
        }
    }

[1m  # module.storage.aws_s3_bucket_versioning.this["backups"][0m will be [1m[31mdestroyed[0m
[0m  [31m-[0m[0m resource "aws_s3_bucket_versioning" "this" {
      [31m-[0m[0m bucket                = "devops-g3-backups-240462142849" [90m-> null[0m[0m
      [31m-[0m[0m id                    = "devops-g3-backups-240462142849" [90m-> null[0m[0m
      [31m-[0m[0m region                = "us-west-1" [90m-> null[0m[0m
        [90m# (1 unchanged attribute hidden)[0m[0m

      [31m-[0m[0m versioning_configuration {
          [31m-[0m[0m mfa_delete = "Disabled" [90m-> null[0m[0m
          [31m-[0m[0m status     = "Enabled" [90m-> null[0m[0m
        }
    }

[1m  # module.storage.aws_s3_bucket_versioning.this["evidence"][0m will be [1m[31mdestroyed[0m
[0m  [31m-[0m[0m resource "aws_s3_bucket_versioning" "this" {
      [31m-[0m[0m bucket                = "devops-g3-evidence-240462142849" [90m-> null[0m[0m
      [31m-[0m[0m id                    = "devops-g3-evidence-240462142849" [90m-> null[0m[0m
      [31m-[0m[0m region                = "us-west-1" [90m-> null[0m[0m
        [90m# (1 unchanged attribute hidden)[0m[0m

      [31m-[0m[0m versioning_configuration {
          [31m-[0m[0m mfa_delete = "Disabled" [90m-> null[0m[0m
          [31m-[0m[0m status     = "Enabled" [90m-> null[0m[0m
        }
    }

[1m  # module.storage.aws_s3_bucket_versioning.this["logs"][0m will be [1m[31mdestroyed[0m
[0m  [31m-[0m[0m resource "aws_s3_bucket_versioning" "this" {
      [31m-[0m[0m bucket                = "devops-g3-logs-240462142849" [90m-> null[0m[0m
      [31m-[0m[0m id                    = "devops-g3-logs-240462142849" [90m-> null[0m[0m
      [31m-[0m[0m region                = "us-west-1" [90m-> null[0m[0m
        [90m# (1 unchanged attribute hidden)[0m[0m

      [31m-[0m[0m versioning_configuration {
          [31m-[0m[0m mfa_delete = "Disabled" [90m-> null[0m[0m
          [31m-[0m[0m status     = "Enabled" [90m-> null[0m[0m
        }
    }

[1m  # module.synthetics_canary.aws_iam_role.canary[0m will be [1m[31mdestroyed[0m
[0m  [31m-[0m[0m resource "aws_iam_role" "canary" {
      [31m-[0m[0m arn                   = "arn:aws:iam::240462142849:role/devops-g3-synthetics-canary" [90m-> null[0m[0m
      [31m-[0m[0m assume_role_policy    = jsonencode(
            {
              [31m-[0m[0m Statement = [
                  [31m-[0m[0m {
                      [31m-[0m[0m Action    = "sts:AssumeRole"
                      [31m-[0m[0m Effect    = "Allow"
                      [31m-[0m[0m Principal = {
                          [31m-[0m[0m Service = "lambda.amazonaws.com"
                        }
                    },
                ]
              [31m-[0m[0m Version   = "2012-10-17"
            }
        ) [90m-> null[0m[0m
      [31m-[0m[0m create_date           = "2026-09-20T12:42:13Z" [90m-> null[0m[0m
      [31m-[0m[0m force_detach_policies = false [90m-> null[0m[0m
      [31m-[0m[0m id                    = "devops-g3-synthetics-canary" [90m-> null[0m[0m
      [31m-[0m[0m managed_policy_arns   = [] [90m-> null[0m[0m
      [31m-[0m[0m max_session_duration  = 3600 [90m-> null[0m[0m
      [31m-[0m[0m name                  = "devops-g3-synthetics-canary" [90m-> null[0m[0m
      [31m-[0m[0m path                  = "/" [90m-> null[0m[0m
      [31m-[0m[0m tags                  = {
          [31m-[0m[0m "Name"    = "devops-g3-synthetics-canary"
          [31m-[0m[0m "owner"   = "lwam"
          [31m-[0m[0m "service" = "platform"
        } [90m-> null[0m[0m
      [31m-[0m[0m tags_all              = {
          [31m-[0m[0m "Name"        = "devops-g3-synthetics-canary"
          [31m-[0m[0m "capstone"    = "tillflow"
          [31m-[0m[0m "environment" = "dev"
          [31m-[0m[0m "group"       = "devops-g3"
          [31m-[0m[0m "managed-by"  = "terraform"
          [31m-[0m[0m "owner"       = "lwam"
          [31m-[0m[0m "service"     = "platform"
        } [90m-> null[0m[0m
      [31m-[0m[0m unique_id             = "AROATP7FJDWAQW45SE2RI" [90m-> null[0m[0m
        [90m# (3 unchanged attributes hidden)[0m[0m

      [31m-[0m[0m inline_policy {
          [31m-[0m[0m name   = "synthetics-canary" [90m-> null[0m[0m
          [31m-[0m[0m policy = jsonencode(
                {
                  [31m-[0m[0m Statement = [
                      [31m-[0m[0m {
                          [31m-[0m[0m Action   = [
                              [31m-[0m[0m "s3:PutObject",
                              [31m-[0m[0m "s3:GetBucketLocation",
                            ]
                          [31m-[0m[0m Effect   = "Allow"
                          [31m-[0m[0m Resource = [
                              [31m-[0m[0m "arn:aws:s3:::devops-g3-synthetics-240462142849/canary/*",
                              [31m-[0m[0m "arn:aws:s3:::devops-g3-synthetics-240462142849",
                            ]
                          [31m-[0m[0m Sid      = "CanaryArtifacts"
                        },
                      [31m-[0m[0m {
                          [31m-[0m[0m Action   = [
                              [31m-[0m[0m "logs:PutLogEvents",
                              [31m-[0m[0m "logs:CreateLogStream",
                              [31m-[0m[0m "logs:CreateLogGroup",
                            ]
                          [31m-[0m[0m Effect   = "Allow"
                          [31m-[0m[0m Resource = "arn:aws:logs:us-west-1:240462142849:log-group:/aws/lambda/cwsyn-*"
                          [31m-[0m[0m Sid      = "CanaryLogs"
                        },
                      [31m-[0m[0m {
                          [31m-[0m[0m Action    = "cloudwatch:PutMetricData"
                          [31m-[0m[0m Condition = {
                              [31m-[0m[0m StringEquals = {
                                  [31m-[0m[0m "cloudwatch:namespace" = "CloudWatchSynthetics"
                                }
                            }
                          [31m-[0m[0m Effect    = "Allow"
                          [31m-[0m[0m Resource  = "*"
                          [31m-[0m[0m Sid       = "CanaryMetrics"
                        },
                    ]
                  [31m-[0m[0m Version   = "2012-10-17"
                }
            ) [90m-> null[0m[0m
        }
    }

[1m  # module.synthetics_canary.aws_iam_role_policy.canary[0m will be [1m[31mdestroyed[0m
[0m  [31m-[0m[0m resource "aws_iam_role_policy" "canary" {
      [31m-[0m[0m id          = "devops-g3-synthetics-canary:synthetics-canary" [90m-> null[0m[0m
      [31m-[0m[0m name        = "synthetics-canary" [90m-> null[0m[0m
      [31m-[0m[0m policy      = jsonencode(
            {
              [31m-[0m[0m Statement = [
                  [31m-[0m[0m {
                      [31m-[0m[0m Action   = [
                          [31m-[0m[0m "s3:PutObject",
                          [31m-[0m[0m "s3:GetBucketLocation",
                        ]
                      [31m-[0m[0m Effect   = "Allow"
                      [31m-[0m[0m Resource = [
                          [31m-[0m[0m "arn:aws:s3:::devops-g3-synthetics-240462142849/canary/*",
                          [31m-[0m[0m "arn:aws:s3:::devops-g3-synthetics-240462142849",
                        ]
                      [31m-[0m[0m Sid      = "CanaryArtifacts"
                    },
                  [31m-[0m[0m {
                      [31m-[0m[0m Action   = [
                          [31m-[0m[0m "logs:PutLogEvents",
                          [31m-[0m[0m "logs:CreateLogStream",
                          [31m-[0m[0m "logs:CreateLogGroup",
                        ]
                      [31m-[0m[0m Effect   = "Allow"
                      [31m-[0m[0m Resource = "arn:aws:logs:us-west-1:240462142849:log-group:/aws/lambda/cwsyn-*"
                      [31m-[0m[0m Sid      = "CanaryLogs"
                    },
                  [31m-[0m[0m {
                      [31m-[0m[0m Action    = "cloudwatch:PutMetricData"
                      [31m-[0m[0m Condition = {
                          [31m-[0m[0m StringEquals = {
                              [31m-[0m[0m "cloudwatch:namespace" = "CloudWatchSynthetics"
                            }
                        }
                      [31m-[0m[0m Effect    = "Allow"
                      [31m-[0m[0m Resource  = "*"
                      [31m-[0m[0m Sid       = "CanaryMetrics"
                    },
                ]
              [31m-[0m[0m Version   = "2012-10-17"
            }
        ) [90m-> null[0m[0m
      [31m-[0m[0m role        = "devops-g3-synthetics-canary" [90m-> null[0m[0m
        [90m# (1 unchanged attribute hidden)[0m[0m
    }

[1m  # module.synthetics_canary.aws_s3_bucket.artifacts[0m will be [1m[31mdestroyed[0m
[0m  [31m-[0m[0m resource "aws_s3_bucket" "artifacts" {
      [31m-[0m[0m arn                         = "arn:aws:s3:::devops-g3-synthetics-240462142849" [90m-> null[0m[0m
      [31m-[0m[0m bucket                      = "devops-g3-synthetics-240462142849" [90m-> null[0m[0m
      [31m-[0m[0m bucket_domain_name          = "devops-g3-synthetics-240462142849.s3.amazonaws.com" [90m-> null[0m[0m
      [31m-[0m[0m bucket_namespace            = "global" [90m-> null[0m[0m
      [31m-[0m[0m bucket_region               = "us-west-1" [90m-> null[0m[0m
      [31m-[0m[0m bucket_regional_domain_name = "devops-g3-synthetics-240462142849.s3.us-west-1.amazonaws.com" [90m-> null[0m[0m
      [31m-[0m[0m force_destroy               = false [90m-> null[0m[0m
      [31m-[0m[0m hosted_zone_id              = "Z2F56UZL2M1ACD" [90m-> null[0m[0m
      [31m-[0m[0m id                          = "devops-g3-synthetics-240462142849" [90m-> null[0m[0m
      [31m-[0m[0m object_lock_enabled         = false [90m-> null[0m[0m
      [31m-[0m[0m policy                      = jsonencode(
            {
              [31m-[0m[0m Statement = [
                  [31m-[0m[0m {
                      [31m-[0m[0m Action    = "s3:PutObject"
                      [31m-[0m[0m Condition = {
                          [31m-[0m[0m StringEquals = {
                              [31m-[0m[0m "aws:SourceAccount" = "240462142849"
                            }
                        }
                      [31m-[0m[0m Effect    = "Allow"
                      [31m-[0m[0m Principal = {
                          [31m-[0m[0m Service = "synthetics.amazonaws.com"
                        }
                      [31m-[0m[0m Resource  = "arn:aws:s3:::devops-g3-synthetics-240462142849/canary/*"
                      [31m-[0m[0m Sid       = "AllowCloudWatchSyntheticsArtifacts"
                    },
                ]
              [31m-[0m[0m Version   = "2012-10-17"
            }
        ) [90m-> null[0m[0m
      [31m-[0m[0m region                      = "us-west-1" [90m-> null[0m[0m
      [31m-[0m[0m request_payer               = "BucketOwner" [90m-> null[0m[0m
      [31m-[0m[0m tags                        = {
          [31m-[0m[0m "Name"    = "devops-g3-synthetics"
          [31m-[0m[0m "owner"   = "lwam"
          [31m-[0m[0m "service" = "platform"
        } [90m-> null[0m[0m
      [31m-[0m[0m tags_all                    = {
          [31m-[0m[0m "Name"        = "devops-g3-synthetics"
          [31m-[0m[0m "capstone"    = "tillflow"
          [31m-[0m[0m "environment" = "dev"
          [31m-[0m[0m "group"       = "devops-g3"
          [31m-[0m[0m "managed-by"  = "terraform"
          [31m-[0m[0m "owner"       = "lwam"
          [31m-[0m[0m "service"     = "platform"
        } [90m-> null[0m[0m
        [90m# (2 unchanged attributes hidden)[0m[0m

      [31m-[0m[0m grant {
          [31m-[0m[0m id          = "b0ebddbba044f8f17ca5d66b2f5b525241dae11cafc298c52eea0e69ae58aae6" [90m-> null[0m[0m
          [31m-[0m[0m permissions = [
              [31m-[0m[0m "FULL_CONTROL",
            ] [90m-> null[0m[0m
          [31m-[0m[0m type        = "CanonicalUser" [90m-> null[0m[0m
            [90m# (1 unchanged attribute hidden)[0m[0m
        }

      [31m-[0m[0m server_side_encryption_configuration {
          [31m-[0m[0m rule {
              [31m-[0m[0m bucket_key_enabled = true [90m-> null[0m[0m

              [31m-[0m[0m apply_server_side_encryption_by_default {
                  [31m-[0m[0m kms_master_key_id = "arn:aws:kms:us-west-1:240462142849:key/90e2806f-72c0-4b51-ae60-8cc9436bdfe0" [90m-> null[0m[0m
                  [31m-[0m[0m sse_algorithm     = "aws:kms" [90m-> null[0m[0m
                }
            }
        }

      [31m-[0m[0m versioning {
          [31m-[0m[0m enabled    = true [90m-> null[0m[0m
          [31m-[0m[0m mfa_delete = false [90m-> null[0m[0m
        }
    }

[1m  # module.synthetics_canary.aws_s3_bucket_policy.canary_artifacts[0m will be [1m[31mdestroyed[0m
[0m  [31m-[0m[0m resource "aws_s3_bucket_policy" "canary_artifacts" {
      [31m-[0m[0m bucket = "devops-g3-synthetics-240462142849" [90m-> null[0m[0m
      [31m-[0m[0m id     = "devops-g3-synthetics-240462142849" [90m-> null[0m[0m
      [31m-[0m[0m policy = jsonencode(
            {
              [31m-[0m[0m Statement = [
                  [31m-[0m[0m {
                      [31m-[0m[0m Action    = "s3:PutObject"
                      [31m-[0m[0m Condition = {
                          [31m-[0m[0m StringEquals = {
                              [31m-[0m[0m "aws:SourceAccount" = "240462142849"
                            }
                        }
                      [31m-[0m[0m Effect    = "Allow"
                      [31m-[0m[0m Principal = {
                          [31m-[0m[0m Service = "synthetics.amazonaws.com"
                        }
                      [31m-[0m[0m Resource  = "arn:aws:s3:::devops-g3-synthetics-240462142849/canary/*"
                      [31m-[0m[0m Sid       = "AllowCloudWatchSyntheticsArtifacts"
                    },
                ]
              [31m-[0m[0m Version   = "2012-10-17"
            }
        ) [90m-> null[0m[0m
      [31m-[0m[0m region = "us-west-1" [90m-> null[0m[0m
    }

[1m  # module.synthetics_canary.aws_s3_bucket_public_access_block.artifacts[0m will be [1m[31mdestroyed[0m
[0m  [31m-[0m[0m resource "aws_s3_bucket_public_access_block" "artifacts" {
      [31m-[0m[0m block_public_acls       = true [90m-> null[0m[0m
      [31m-[0m[0m block_public_policy     = true [90m-> null[0m[0m
      [31m-[0m[0m bucket                  = "devops-g3-synthetics-240462142849" [90m-> null[0m[0m
      [31m-[0m[0m id                      = "devops-g3-synthetics-240462142849" [90m-> null[0m[0m
      [31m-[0m[0m ignore_public_acls      = true [90m-> null[0m[0m
      [31m-[0m[0m region                  = "us-west-1" [90m-> null[0m[0m
      [31m-[0m[0m restrict_public_buckets = true [90m-> null[0m[0m
    }

[1m  # module.synthetics_canary.aws_s3_bucket_server_side_encryption_configuration.artifacts[0m will be [1m[31mdestroyed[0m
[0m  [31m-[0m[0m resource "aws_s3_bucket_server_side_encryption_configuration" "artifacts" {
      [31m-[0m[0m bucket                = "devops-g3-synthetics-240462142849" [90m-> null[0m[0m
      [31m-[0m[0m id                    = "devops-g3-synthetics-240462142849" [90m-> null[0m[0m
      [31m-[0m[0m region                = "us-west-1" [90m-> null[0m[0m
        [90m# (1 unchanged attribute hidden)[0m[0m

      [31m-[0m[0m rule {
          [31m-[0m[0m blocked_encryption_types = [
              [31m-[0m[0m "SSE-C",
            ] [90m-> null[0m[0m
          [31m-[0m[0m bucket_key_enabled       = true [90m-> null[0m[0m

          [31m-[0m[0m apply_server_side_encryption_by_default {
              [31m-[0m[0m kms_master_key_id = "arn:aws:kms:us-west-1:240462142849:key/90e2806f-72c0-4b51-ae60-8cc9436bdfe0" [90m-> null[0m[0m
              [31m-[0m[0m sse_algorithm     = "aws:kms" [90m-> null[0m[0m
            }
        }
    }

[1m  # module.synthetics_canary.aws_s3_bucket_versioning.artifacts[0m will be [1m[31mdestroyed[0m
[0m  [31m-[0m[0m resource "aws_s3_bucket_versioning" "artifacts" {
      [31m-[0m[0m bucket                = "devops-g3-synthetics-240462142849" [90m-> null[0m[0m
      [31m-[0m[0m id                    = "devops-g3-synthetics-240462142849" [90m-> null[0m[0m
      [31m-[0m[0m region                = "us-west-1" [90m-> null[0m[0m
        [90m# (1 unchanged attribute hidden)[0m[0m

      [31m-[0m[0m versioning_configuration {
          [31m-[0m[0m mfa_delete = "Disabled" [90m-> null[0m[0m
          [31m-[0m[0m status     = "Enabled" [90m-> null[0m[0m
        }
    }

[1m  # module.synthetics_canary.aws_synthetics_canary.edge_health[0m will be [1m[31mdestroyed[0m
[0m  [31m-[0m[0m resource "aws_synthetics_canary" "edge_health" {
      [31m-[0m[0m arn                      = "arn:aws:synthetics:us-west-1:240462142849:canary:devops-g3-edge-health" [90m-> null[0m[0m
      [31m-[0m[0m artifact_s3_location     = "devops-g3-synthetics-240462142849/canary/" [90m-> null[0m[0m
      [31m-[0m[0m delete_lambda            = false [90m-> null[0m[0m
      [31m-[0m[0m engine_arn               = "arn:aws:lambda:us-west-1:240462142849:function:cwsyn-devops-g3-edge-health-25e589d0-6b53-401a-8f2f-ba2665995094:1" [90m-> null[0m[0m
      [31m-[0m[0m execution_role_arn       = "arn:aws:iam::240462142849:role/devops-g3-synthetics-canary" [90m-> null[0m[0m
      [31m-[0m[0m failure_retention_period = 31 [90m-> null[0m[0m
      [31m-[0m[0m handler                  = "canary.handler" [90m-> null[0m[0m
      [31m-[0m[0m id                       = "devops-g3-edge-health" [90m-> null[0m[0m
      [31m-[0m[0m name                     = "devops-g3-edge-health" [90m-> null[0m[0m
      [31m-[0m[0m region                   = "us-west-1" [90m-> null[0m[0m
      [31m-[0m[0m runtime_version          = "syn-nodejs-puppeteer-17.0" [90m-> null[0m[0m
      [31m-[0m[0m start_canary             = true [90m-> null[0m[0m
      [31m-[0m[0m status                   = "RUNNING" [90m-> null[0m[0m
      [31m-[0m[0m success_retention_period = 31 [90m-> null[0m[0m
      [31m-[0m[0m tags                     = {
          [31m-[0m[0m "Name"    = "devops-g3-edge-health"
          [31m-[0m[0m "owner"   = "lwam"
          [31m-[0m[0m "service" = "platform"
        } [90m-> null[0m[0m
      [31m-[0m[0m tags_all                 = {
          [31m-[0m[0m "Name"        = "devops-g3-edge-health"
          [31m-[0m[0m "capstone"    = "tillflow"
          [31m-[0m[0m "environment" = "dev"
          [31m-[0m[0m "group"       = "devops-g3"
          [31m-[0m[0m "managed-by"  = "terraform"
          [31m-[0m[0m "owner"       = "lwam"
          [31m-[0m[0m "service"     = "platform"
        } [90m-> null[0m[0m
      [31m-[0m[0m timeline                 = [
          [31m-[0m[0m {
              [31m-[0m[0m created       = "2026-09-20T13:35:23Z"
              [31m-[0m[0m last_modified = "2026-09-20T13:35:37Z"
              [31m-[0m[0m last_started  = "2026-09-20T13:35:37Z"
                [90m# (1 unchanged attribute hidden)[0m[0m
            },
        ] [90m-> null[0m[0m
      [31m-[0m[0m zip_file                 = "../../modules/synthetics-canary/.canary.zip" [90m-> null[0m[0m
        [90m# (2 unchanged attributes hidden)[0m[0m

      [31m-[0m[0m run_config {
          [31m-[0m[0m active_tracing        = false [90m-> null[0m[0m
          [31m-[0m[0m environment_variables = {
              [31m-[0m[0m "HEALTH_URL" = "https://w6m0ja1aic.execute-api.us-west-1.amazonaws.com/v1/health"
              [31m-[0m[0m "READY_URL"  = "https://w6m0ja1aic.execute-api.us-west-1.amazonaws.com/v1/ready"
            } [90m-> null[0m[0m
          [31m-[0m[0m ephemeral_storage     = 1024 [90m-> null[0m[0m
          [31m-[0m[0m memory_in_mb          = 1500 [90m-> null[0m[0m
          [31m-[0m[0m timeout_in_seconds    = 60 [90m-> null[0m[0m
        }

      [31m-[0m[0m schedule {
          [31m-[0m[0m duration_in_seconds = 0 [90m-> null[0m[0m
          [31m-[0m[0m expression          = "rate(1 minute)" [90m-> null[0m[0m

          [31m-[0m[0m retry_config {
              [31m-[0m[0m max_retries = 0 [90m-> null[0m[0m
            }
        }
    }

[1mPlan:[0m [0m0 to add, 0 to change, 253 to destroy.

Changes to Outputs:
  [31m-[0m[0m alb_dns_name                     = "internal-devops-g3-alb-89385765.us-west-1.elb.amazonaws.com" [90m-> null[0m[0m
  [31m-[0m[0m alb_internal                     = true [90m-> null[0m[0m
  [31m-[0m[0m amp_prometheus_endpoint          = "https://aps-workspaces.us-west-1.amazonaws.com/workspaces/ws-40261a89-bf51-45ee-a25b-e5fdfa21b69d" [90m-> null[0m[0m
  [31m-[0m[0m amp_remote_write_url             = "https://aps-workspaces.us-west-1.amazonaws.com/workspaces/ws-40261a89-bf51-45ee-a25b-e5fdfa21b69d/api/v1/remote_write" [90m-> null[0m[0m
  [31m-[0m[0m amp_workspace_id                 = "ws-40261a89-bf51-45ee-a25b-e5fdfa21b69d" [90m-> null[0m[0m
  [31m-[0m[0m api_endpoint                     = "https://w6m0ja1aic.execute-api.us-west-1.amazonaws.com/v1" [90m-> null[0m[0m
  [31m-[0m[0m availability_zones               = [
      [31m-[0m[0m "us-west-1a",
      [31m-[0m[0m "us-west-1c",
    ] [90m-> null[0m[0m
  [31m-[0m[0m bucket_ids                       = {
      [31m-[0m[0m alb-logs  = "devops-g3-alb-logs-240462142849"
      [31m-[0m[0m artifacts = "devops-g3-artifacts-240462142849"
      [31m-[0m[0m backups   = "devops-g3-backups-240462142849"
      [31m-[0m[0m evidence  = "devops-g3-evidence-240462142849"
      [31m-[0m[0m logs      = "devops-g3-logs-240462142849"
    } [90m-> null[0m[0m
  [31m-[0m[0m cloudwatch_alarm_names           = {
      [31m-[0m[0m canary = "devops-g3-edge-health-canary"
      [31m-[0m[0m dlq    = {
          [31m-[0m[0m payout         = "devops-g3-payout-dlq-depth"
          [31m-[0m[0m reconciliation = "devops-g3-reconciliation-dlq-depth"
        }
      [31m-[0m[0m ecs    = {
          [31m-[0m[0m commission = "devops-g3-commission-ecs-cpu-high"
          [31m-[0m[0m payments   = "devops-g3-payments-ecs-cpu-high"
          [31m-[0m[0m pos        = "devops-g3-pos-ecs-cpu-high"
          [31m-[0m[0m web        = "devops-g3-web-ecs-cpu-high"
        }
      [31m-[0m[0m rds    = {
          [31m-[0m[0m connections_high = "devops-g3-rds-connections-high"
          [31m-[0m[0m cpu_high         = "devops-g3-rds-cpu-high"
        }
    } [90m-> null[0m[0m
  [31m-[0m[0m db_bootstrap_project_name        = "devops-g3-db-bootstrap" [90m-> null[0m[0m
  [31m-[0m[0m db_name                          = "tillflow" [90m-> null[0m[0m
  [31m-[0m[0m db_proxy_endpoint                = "devops-g3-db-proxy.proxy-chgiwkc8muat.us-west-1.rds.amazonaws.com" [90m-> null[0m[0m
  [31m-[0m[0m db_secret_arn                    = "arn:aws:secretsmanager:us-west-1:240462142849:secret:devops-g3/db-I364XC" [90m-> null[0m[0m
  [31m-[0m[0m delivery_codebuild_project_names = {
      [31m-[0m[0m adot-mirror   = "devops-g3-adot-mirror"
      [31m-[0m[0m commission    = "devops-g3-commission-build"
      [31m-[0m[0m grafana-build = "devops-g3-grafana-build"
      [31m-[0m[0m payments      = "devops-g3-payments-build"
      [31m-[0m[0m pos           = "devops-g3-pos-build"
      [31m-[0m[0m smoke         = "devops-g3-smoke"
      [31m-[0m[0m web           = "devops-g3-web-build"
    } [90m-> null[0m[0m
  [31m-[0m[0m delivery_github_connection_arn   = "arn:aws:codestar-connections:us-west-1:240462142849:connection/408b7a08-92ee-464f-b1fb-20896cec6f1c" [90m-> null[0m[0m
  [31m-[0m[0m delivery_pipeline_name           = "devops-g3-pipeline" [90m-> null[0m[0m
  [31m-[0m[0m dlq_names                        = {
      [31m-[0m[0m payout         = "devops-g3-payout-dlq"
      [31m-[0m[0m reconciliation = "devops-g3-reconciliation-dlq"
    } [90m-> null[0m[0m
  [31m-[0m[0m ecr_repository_urls              = {
      [31m-[0m[0m commission = "240462142849.dkr.ecr.us-west-1.amazonaws.com/devops-g3/commission"
      [31m-[0m[0m payments   = "240462142849.dkr.ecr.us-west-1.amazonaws.com/devops-g3/payments"
      [31m-[0m[0m pos        = "240462142849.dkr.ecr.us-west-1.amazonaws.com/devops-g3/pos"
      [31m-[0m[0m web        = "240462142849.dkr.ecr.us-west-1.amazonaws.com/devops-g3/web"
    } [90m-> null[0m[0m
  [31m-[0m[0m ecs_cluster_name                 = "devops-g3" [90m-> null[0m[0m
  [31m-[0m[0m grafana_admin_secret_arn         = "arn:aws:secretsmanager:us-west-1:240462142849:secret:devops-g3/grafana-admin-T5XvCb" [90m-> null[0m[0m
  [31m-[0m[0m grafana_url                      = "https://w6m0ja1aic.execute-api.us-west-1.amazonaws.com/v1/grafana/" [90m-> null[0m[0m
  [31m-[0m[0m queue_urls                       = {
      [31m-[0m[0m payout         = "https://sqs.us-west-1.amazonaws.com/240462142849/devops-g3-payout"
      [31m-[0m[0m reconciliation = "https://sqs.us-west-1.amazonaws.com/240462142849/devops-g3-reconciliation"
    } [90m-> null[0m[0m
  [31m-[0m[0m redis_endpoint                   = "master.devops-g3-cache.0xvgqe.usw1.cache.amazonaws.com" [90m-> null[0m[0m
  [31m-[0m[0m service_containers               = {
      [31m-[0m[0m commission = [
          [31m-[0m[0m "commission",
          [31m-[0m[0m "adot",
        ]
      [31m-[0m[0m payments   = [
          [31m-[0m[0m "payments",
          [31m-[0m[0m "adot",
        ]
      [31m-[0m[0m pos        = [
          [31m-[0m[0m "pos",
          [31m-[0m[0m "adot",
        ]
      [31m-[0m[0m web        = [
          [31m-[0m[0m "web",
          [31m-[0m[0m "adot",
        ]
    } [90m-> null[0m[0m
  [31m-[0m[0m service_task_role_arns           = {
      [31m-[0m[0m commission = "arn:aws:iam::240462142849:role/devops-g3-commission-task"
      [31m-[0m[0m payments   = "arn:aws:iam::240462142849:role/devops-g3-payments-task"
      [31m-[0m[0m pos        = "arn:aws:iam::240462142849:role/devops-g3-pos-task"
      [31m-[0m[0m web        = "arn:aws:iam::240462142849:role/devops-g3-web-task"
    } [90m-> null[0m[0m
  [31m-[0m[0m services_with_internet_egress    = [
      [31m-[0m[0m "payments",
      [31m-[0m[0m "grafana",
    ] [90m-> null[0m[0m
  [31m-[0m[0m synthetics_canary_name           = "devops-g3-edge-health" [90m-> null[0m[0m
  [31m-[0m[0m synthetics_probe_urls            = {
      [31m-[0m[0m health = "https://w6m0ja1aic.execute-api.us-west-1.amazonaws.com/v1/health"
      [31m-[0m[0m ready  = "https://w6m0ja1aic.execute-api.us-west-1.amazonaws.com/v1/ready"
    } [90m-> null[0m[0m
[0m[1mmodule.network.aws_route_table_association.private_data["us-west-1a"]: Destroying... [id=rtbassoc-060ecbb37e78568a2][0m[0m
[0m[1mmodule.network.aws_route_table_association.private_app["us-west-1c"]: Destroying... [id=rtbassoc-0d3d910fab0c96916][0m[0m
[0m[1mmodule.ecs_platform.aws_ecr_lifecycle_policy.service["web"]: Destroying... [id=devops-g3/web][0m[0m
[0m[1mmodule.redis.aws_vpc_security_group_ingress_rule.from_services["payments"]: Destroying... [id=sgr-0f377ec58b5b14475][0m[0m
[0m[1mmodule.network.aws_vpc_endpoint.interface["ecr.api"]: Destroying... [id=vpce-022d904b8df71a105][0m[0m
[0m[1mmodule.observability_alarms.aws_cloudwatch_metric_alarm.ecs_cpu_high["commission"]: Destroying... [id=devops-g3-commission-ecs-cpu-high][0m[0m
[0m[1mmodule.rds.aws_vpc_security_group_ingress_rule.db_from_proxy: Destroying... [id=sgr-0c424cbbe0ec05530][0m[0m
[0m[1mmodule.ecs_platform.aws_ecs_cluster_capacity_providers.this: Destroying... [id=devops-g3][0m[0m
[0m[1mmodule.grafana.aws_vpc_security_group_egress_rule.in_vpc: Destroying... [id=sgr-0039addb47585e2c3][0m[0m
[0m[1mmodule.delivery.aws_codepipeline.this: Destroying... [id=devops-g3-pipeline][0m[0m
[0m[1mmodule.ecs_platform.aws_ecr_lifecycle_policy.service["web"]: Destruction complete after 1s[0m
[0m[1maws_secretsmanager_secret_policy.grafana_admin: Destroying... [id=arn:aws:secretsmanager:us-west-1:240462142849:secret:devops-g3/grafana-admin-T5XvCb][0m[0m
[0m[1mmodule.delivery.aws_codepipeline.this: Destruction complete after 2s[0m
[0m[1mmodule.observability_alarms.aws_cloudwatch_metric_alarm.ecs_cpu_high["web"]: Destroying... [id=devops-g3-web-ecs-cpu-high][0m[0m
[0m[1mmodule.grafana.aws_vpc_security_group_egress_rule.in_vpc: Destruction complete after 2s[0m
[0m[1mmodule.rds.aws_vpc_security_group_ingress_rule.db_from_proxy: Destruction complete after 2s[0m
[0m[1mmodule.redis.aws_vpc_security_group_ingress_rule.from_services["payments"]: Destruction complete after 2s[0m
[0m[1mmodule.network.aws_vpc_endpoint.interface["ssm"]: Destroying... [id=vpce-0b77525571c45a63e][0m[0m
[0m[1mmodule.delivery.aws_ssm_parameter.image_digest["pos"]: Destroying... [id=/devops-g3/pos/image-digest][0m[0m
[0m[1mmodule.ecs_platform.aws_iam_role_policy.task_execution_extra: Destroying... [id=devops-g3-exec:inject-secrets][0m[0m
[0m[1mmodule.observability_alarms.aws_cloudwatch_metric_alarm.ecs_cpu_high["commission"]: Destruction complete after 2s[0m
[0m[1mmodule.network.aws_route_table_association.public["us-west-1c"]: Destroying... [id=rtbassoc-0788e4ea61acb8c3c][0m[0m
[0m[1mmodule.network.aws_route_table_association.private_app["us-west-1c"]: Destruction complete after 2s[0m
[0m[1mmodule.network.aws_route_table_association.private_data["us-west-1c"]: Destroying... [id=rtbassoc-0aaa5c08982094210][0m[0m
[0m[1mmodule.network.aws_route_table_association.private_data["us-west-1a"]: Destruction complete after 2s[0m
[0m[1mmodule.network.aws_vpc_endpoint.interface["logs"]: Destroying... [id=vpce-01beb76e3a370dcba][0m[0m
[0m[1mmodule.observability_alarms.aws_cloudwatch_metric_alarm.ecs_cpu_high["web"]: Destruction complete after 0s[0m
[0m[1mmodule.delivery.aws_ssm_parameter.image_tag["payments"]: Destroying... [id=/devops-g3/payments/image-tag][0m[0m
[0m[1mmodule.network.aws_route_table_association.public["us-west-1c"]: Destruction complete after 1s[0m
[0m[1maws_ecr_lifecycle_policy.adot: Destroying... [id=devops-g3/adot][0m[0m
[0m[1maws_secretsmanager_secret_policy.grafana_admin: Destruction complete after 2s[0m
[0m[1maws_vpc_security_group_ingress_rule.payments_to_pos: Destroying... [id=sgr-08bc03535b4eb6991][0m[0m
[0m[1mmodule.delivery.aws_ssm_parameter.image_digest["pos"]: Destruction complete after 1s[0m
[0m[1mmodule.network.aws_route.private_app_nat["us-west-1c"]: Destroying... [id=r-rtb-0f92fdecec3e8260e1080289494][0m[0m
[0m[1mmodule.network.aws_route_table_association.private_data["us-west-1c"]: Destruction complete after 1s[0m
[0m[1mmodule.observability_alarms.aws_cloudwatch_metric_alarm.dlq_depth["reconciliation"]: Destroying... [id=devops-g3-reconciliation-dlq-depth][0m[0m
[0m[1mmodule.ecs_platform.aws_iam_role_policy.task_execution_extra: Destruction complete after 1s[0m
[0m[1mmodule.network.aws_route_table_association.private_app["us-west-1a"]: Destroying... [id=rtbassoc-05068da4014e2701c][0m[0m
[0m[1maws_ecr_lifecycle_policy.adot: Destruction complete after 0s[0m
[0m[1mmodule.grafana.aws_vpc_security_group_ingress_rule.from_alb: Destroying... [id=sgr-01da56fd531fe7c79][0m[0m
[0m[1mmodule.delivery.aws_ssm_parameter.image_tag["payments"]: Destruction complete after 1s[0m
[0m[1mmodule.network.aws_vpc_endpoint.interface["ssmmessages"]: Destroying... [id=vpce-062a1df30b98f033f][0m[0m
[0m[1maws_vpc_security_group_ingress_rule.payments_to_pos: Destruction complete after 0s[0m
[0m[1mmodule.rds.aws_vpc_security_group_ingress_rule.proxy_from_services["pos"]: Destroying... [id=sgr-078c8427095212c24][0m[0m
[0m[1mmodule.observability_alarms.aws_cloudwatch_metric_alarm.dlq_depth["reconciliation"]: Destruction complete after 0s[0m
[0m[1mmodule.alb.aws_vpc_security_group_ingress_rule.from_vpc_link: Destroying... [id=sgr-051d8202234084bff][0m[0m
[0m[1mmodule.grafana.aws_vpc_security_group_ingress_rule.from_alb: Destruction complete after 0s[0m
[0m[1mmodule.delivery.aws_ssm_parameter.image_tag["commission"]: Destroying... [id=/devops-g3/commission/image-tag][0m[0m
[0m[1mmodule.rds.aws_vpc_security_group_ingress_rule.proxy_from_services["pos"]: Destruction complete after 1s[0m
[0m[1maws_ecr_lifecycle_policy.grafana: Destroying... [id=devops-g3/grafana][0m[0m
[0m[1mmodule.delivery.aws_ssm_parameter.image_tag["commission"]: Destruction complete after 1s[0m
[0m[1mmodule.network.aws_flow_log.this: Destroying... [id=fl-05d511a552405269c][0m[0m
[0m[1mmodule.alb.aws_vpc_security_group_ingress_rule.from_vpc_link: Destruction complete after 1s[0m
[0m[1mmodule.grafana.aws_vpc_security_group_egress_rule.internet_https: Destroying... [id=sgr-0ba813b2cad0ee695][0m[0m
[0m[1mmodule.network.aws_route_table_association.private_app["us-west-1a"]: Destruction complete after 1s[0m
[0m[1mmodule.alb.aws_lb_listener_rule.this["payments"]: Destroying... [id=arn:aws:elasticloadbalancing:us-west-1:240462142849:listener-rule/app/devops-g3-alb/e95b36eadcda1e06/136ee9e2828b2a39/ed5c6bfcad28df19][0m[0m
[0m[1mmodule.network.aws_route.private_app_nat["us-west-1c"]: Destruction complete after 1s[0m
[0m[1mmodule.network.aws_route_table_association.public["us-west-1a"]: Destroying... [id=rtbassoc-00ffc5eb7199c8f0c][0m[0m
[0m[1maws_ecr_lifecycle_policy.grafana: Destruction complete after 0s[0m
[0m[1mmodule.grafana.aws_vpc_security_group_egress_rule.s3_gateway_https: Destroying... [id=sgr-0d40274952a80118f][0m[0m
[0m[1mmodule.network.aws_flow_log.this: Destruction complete after 0s[0m
[0m[1maws_vpc_security_group_egress_rule.vpc_link_to_alb: Destroying... [id=sgr-05709e54a0378807b][0m[0m
[0m[1mmodule.grafana.aws_vpc_security_group_egress_rule.internet_https: Destruction complete after 0s[0m
[0m[1maws_vpc_security_group_ingress_rule.commission_to_payments: Destroying... [id=sgr-0809d253a4f36a65c][0m[0m
[0m[1mmodule.grafana.aws_vpc_security_group_egress_rule.s3_gateway_https: Destruction complete after 1s[0m
[0m[1mmodule.grafana.aws_iam_role_policy.task: Destroying... [id=devops-g3-grafana-task:grafana-permissions][0m[0m
[0m[1maws_vpc_security_group_egress_rule.vpc_link_to_alb: Destruction complete after 1s[0m
[0m[1mmodule.messaging.aws_iam_role_policy.scheduler: Destroying... [id=devops-g3-scheduler:enqueue-daily-close][0m[0m
[0m[1mmodule.network.aws_route_table_association.public["us-west-1a"]: Destruction complete after 1s[0m
[0m[1mmodule.delivery.aws_ssm_parameter.image_digest["web"]: Destroying... [id=/devops-g3/web/image-digest][0m[0m
[0m[1maws_vpc_security_group_ingress_rule.commission_to_payments: Destruction complete after 1s[0m
[0m[1mmodule.network.aws_vpc_security_group_ingress_rule.vpc_endpoints_https: Destroying... [id=sgr-07011932e6376d6bc][0m[0m
[0m[1mmodule.grafana.aws_iam_role_policy.task: Destruction complete after 0s[0m
[0m[1mmodule.delivery.aws_ssm_parameter.image_digest["payments"]: Destroying... [id=/devops-g3/payments/image-digest][0m[0m
[0m[1mmodule.alb.aws_lb_listener_rule.this["payments"]: Destruction complete after 1s[0m
[0m[1mmodule.observability_alarms.aws_cloudwatch_metric_alarm.rds_cpu_high: Destroying... [id=devops-g3-rds-cpu-high][0m[0m
[0m[1mmodule.delivery.aws_ssm_parameter.image_digest["web"]: Destruction complete after 0s[0m
[0m[1mmodule.redis.aws_vpc_security_group_ingress_rule.from_services["commission"]: Destroying... [id=sgr-0fb1b5ce6a4e64612][0m[0m
[0m[1mmodule.messaging.aws_iam_role_policy.scheduler: Destruction complete after 0s[0m
[0m[1mmodule.rds.aws_vpc_security_group_ingress_rule.proxy_from_services["payments"]: Destroying... [id=sgr-0c2aba176f9615264][0m[0m
[0m[1mmodule.delivery.aws_ssm_parameter.image_digest["payments"]: Destruction complete after 0s[0m
[0m[1mmodule.synthetics_canary.aws_s3_bucket_server_side_encryption_configuration.artifacts: Destroying... [id=devops-g3-synthetics-240462142849][0m[0m
[0m[1mmodule.network.aws_vpc_security_group_ingress_rule.vpc_endpoints_https: Destruction complete after 0s[0m
[0m[1mmodule.network.aws_route.private_app_nat["us-west-1a"]: Destroying... [id=r-rtb-0eeb3098cb76250761080289494][0m[0m
[0m[1mmodule.observability_alarms.aws_cloudwatch_metric_alarm.rds_cpu_high: Destruction complete after 1s[0m
[0m[1mmodule.ecs_platform.aws_iam_role_policy_attachment.task_execution: Destroying... [id=devops-g3-exec/arn:aws:iam::aws:policy/service-role/AmazonECSTaskExecutionRolePolicy][0m[0m
[0m[1mmodule.redis.aws_vpc_security_group_ingress_rule.from_services["commission"]: Destruction complete after 1s[0m
[0m[1mmodule.delivery.aws_iam_role_policy.codebuild: Destroying... [id=devops-g3-codebuild:delivery-build][0m[0m
[0m[1mmodule.rds.aws_vpc_security_group_ingress_rule.proxy_from_services["payments"]: Destruction complete after 1s[0m
[0m[1mmodule.observability_alarms.aws_cloudwatch_metric_alarm.ecs_cpu_high["payments"]: Destroying... [id=devops-g3-payments-ecs-cpu-high][0m[0m
[0m[1mmodule.ecs_platform.aws_iam_role_policy_attachment.task_execution: Destruction complete after 0s[0m
[0m[1mmodule.alb.aws_lb_listener_rule.blocked_paths["pos_internal"]: Destroying... [id=arn:aws:elasticloadbalancing:us-west-1:240462142849:listener-rule/app/devops-g3-alb/e95b36eadcda1e06/136ee9e2828b2a39/941657d7c117eed6][0m[0m
[0m[1mmodule.delivery.aws_iam_role_policy.codebuild: Destruction complete after 0s[0m
[0m[1mmodule.ecs_platform.aws_ecr_lifecycle_policy.service["pos"]: Destroying... [id=devops-g3/pos][0m[0m
[0m[1mmodule.observability_alarms.aws_cloudwatch_metric_alarm.ecs_cpu_high["payments"]: Destruction complete after 0s[0m
[0m[1mmodule.alb.aws_lb_listener_rule.this["web"]: Destroying... [id=arn:aws:elasticloadbalancing:us-west-1:240462142849:listener-rule/app/devops-g3-alb/e95b36eadcda1e06/136ee9e2828b2a39/be8168945706a064][0m[0m
[0m[1mmodule.alb.aws_lb_listener_rule.blocked_paths["pos_internal"]: Destruction complete after 0s[0m
[0m[1mmodule.network.aws_iam_role_policy.flow_logs: Destroying... [id=devops-g3-vpc-flow-logs:publish][0m[0m
[0m[1mmodule.ecs_platform.aws_ecr_lifecycle_policy.service["pos"]: Destruction complete after 0s[0m
[0m[1mmodule.redis.aws_vpc_security_group_ingress_rule.from_services["pos"]: Destroying... [id=sgr-04a3063ae8be0b7bd][0m[0m
[0m[1mmodule.network.aws_route.private_app_nat["us-west-1a"]: Destruction complete after 2s[0m
[0m[1mmodule.apigw.aws_apigatewayv2_route.grafana_root: Destroying... [id=wm6wigf][0m[0m
[0m[1mmodule.synthetics_canary.aws_s3_bucket_server_side_encryption_configuration.artifacts: Destruction complete after 2s[0m
[0m[1mmodule.rds.aws_iam_role_policy.proxy: Destroying... [id=devops-g3-db-proxy:read-db-secret][0m[0m
[0m[1mmodule.network.aws_iam_role_policy.flow_logs: Destruction complete after 1s[0m
[0m[1mmodule.ecs_platform.aws_ecr_lifecycle_policy.service["payments"]: Destroying... [id=devops-g3/payments][0m[0m
[0m[1mmodule.alb.aws_lb_listener_rule.this["web"]: Destruction complete after 1s[0m
[0m[1mmodule.messaging.aws_sqs_queue_redrive_allow_policy.dlq["payout"]: Destroying... [id=https://sqs.us-west-1.amazonaws.com/240462142849/devops-g3-payout-dlq][0m[0m
[0m[1mmodule.rds.aws_iam_role_policy.proxy: Destruction complete after 0s[0m
[0m[1mmodule.network.aws_route.public_internet: Destroying... [id=r-rtb-038f517bebd99601b1080289494][0m[0m
[0m[1mmodule.ecs_platform.aws_ecr_lifecycle_policy.service["payments"]: Destruction complete after 0s[0m
[0m[1maws_vpc_security_group_egress_rule.db_bootstrap_https: Destroying... [id=sgr-0b8ba0d6204397f7f][0m[0m
[0m[1mmodule.redis.aws_vpc_security_group_ingress_rule.from_services["pos"]: Destruction complete after 0s[0m
[0m[1mmodule.alb.aws_lb_listener_rule.this["grafana"]: Destroying... [id=arn:aws:elasticloadbalancing:us-west-1:240462142849:listener-rule/app/devops-g3-alb/e95b36eadcda1e06/136ee9e2828b2a39/b42959a0dae91dbb][0m[0m
[0m[1mmodule.alb.aws_lb_listener_rule.this["grafana"]: Destruction complete after 0s[0m
[0m[1mmodule.delivery.aws_ssm_parameter.image_digest["commission"]: Destroying... [id=/devops-g3/commission/image-digest][0m[0m
[0m[1maws_vpc_security_group_egress_rule.db_bootstrap_https: Destruction complete after 1s[0m
[0m[1mmodule.rds.aws_db_proxy_target.this: Destroying... [id=devops-g3-db-proxy/default/RDS_INSTANCE/devops-g3-db][0m[0m
[0m[1mmodule.apigw.aws_apigatewayv2_route.grafana_root: Destruction complete after 1s[0m
[0m[1mmodule.db_bootstrap.aws_iam_role_policy.this: Destroying... [id=devops-g3-db-bootstrap:db-bootstrap][0m[0m
[0m[1mmodule.delivery.aws_ssm_parameter.image_digest["commission"]: Destruction complete after 1s[0m
[0m[1mmodule.observability_alarms.aws_cloudwatch_metric_alarm.canary_success[0]: Destroying... [id=devops-g3-edge-health-canary][0m[0m
[0m[1mmodule.db_bootstrap.aws_iam_role_policy.this: Destruction complete after 0s[0m
[0m[1mmodule.rds.aws_vpc_security_group_ingress_rule.proxy_from_services["db-bootstrap"]: Destroying... [id=sgr-041e93abdd706db4b][0m[0m
[0m[1mmodule.observability_alarms.aws_cloudwatch_metric_alarm.canary_success[0]: Destruction complete after 0s[0m
[0m[1mmodule.rds.aws_vpc_security_group_ingress_rule.proxy_from_services["commission"]: Destroying... [id=sgr-0f2cf98f7200026b4][0m[0m
[0m[1mmodule.network.aws_route.public_internet: Destruction complete after 1s[0m
[0m[1mmodule.rds.aws_vpc_security_group_egress_rule.proxy_to_db: Destroying... [id=sgr-092d29cac1b7b1561][0m[0m
[0m[1mmodule.rds.aws_vpc_security_group_ingress_rule.proxy_from_services["db-bootstrap"]: Destruction complete after 0s[0m
[0m[1mmodule.network.aws_vpc_endpoint.interface["sqs"]: Destroying... [id=vpce-0d3cdafbb95df006b][0m[0m
[0m[1mmodule.rds.aws_vpc_security_group_ingress_rule.proxy_from_services["commission"]: Destruction complete after 1s[0m
[0m[1mmodule.delivery.aws_iam_role_policy.codepipeline: Destroying... [id=devops-g3-pipeline:delivery-pipeline][0m[0m
[0m[1mmodule.rds.aws_vpc_security_group_egress_rule.proxy_to_db: Destruction complete after 1s[0m
[0m[1mmodule.rds.aws_vpc_security_group_ingress_rule.proxy_from_services["web"]: Destroying... [id=sgr-020615e9a76cc4e46][0m[0m
[0m[1mmodule.rds.aws_db_proxy_target.this: Destruction complete after 1s[0m
[0m[1mmodule.apigw.aws_apigatewayv2_route.grafana_proxy: Destroying... [id=bwmzyqq][0m[0m
[0m[1mmodule.delivery.aws_iam_role_policy.codepipeline: Destruction complete after 0s[0m
[0m[1maws_vpc_security_group_egress_rule.db_bootstrap_in_vpc: Destroying... [id=sgr-0b5b6283c72c9ae5f][0m[0m
[0m[1mmodule.rds.aws_vpc_security_group_ingress_rule.proxy_from_services["web"]: Destruction complete after 0s[0m
[0m[1mmodule.grafana.aws_ecs_service.this: Destroying... [id=arn:aws:ecs:us-west-1:240462142849:service/devops-g3/devops-g3-grafana][0m[0m
[0m[1mmodule.apigw.aws_apigatewayv2_route.grafana_proxy: Destruction complete after 0s[0m
[0m[1mmodule.delivery.aws_ssm_parameter.image_tag["pos"]: Destroying... [id=/devops-g3/pos/image-tag][0m[0m
[0m[1maws_vpc_security_group_egress_rule.db_bootstrap_in_vpc: Destruction complete after 0s[0m
[0m[1maws_vpc_security_group_ingress_rule.pos_to_payments: Destroying... [id=sgr-076a619996284fd83][0m[0m
[0m[1mmodule.delivery.aws_ssm_parameter.image_tag["pos"]: Destruction complete after 1s[0m
[0m[1mmodule.observability_alarms.aws_cloudwatch_metric_alarm.rds_connections_high: Destroying... [id=devops-g3-rds-connections-high][0m[0m
[0m[1maws_vpc_security_group_ingress_rule.pos_to_payments: Destruction complete after 1s[0m
[0m[1mmodule.observability_alarms.aws_cloudwatch_metric_alarm.rds_connections_high: Destruction complete after 0s[0m
[0m[1mmodule.network.aws_vpc_endpoint.interface["monitoring"]: Destroying... [id=vpce-0376719ed6304a8d7][0m[0m
[0m[1mmodule.messaging.aws_scheduler_schedule.daily_close: Destroying... [id=default/devops-g3-daily-close][0m[0m
[0m[1mmodule.network.aws_vpc_endpoint.interface["ecr.api"]: Still destroying... [id=vpce-022d904b8df71a105, 00m10s elapsed][0m[0m
[0m[1mmodule.ecs_platform.aws_ecs_cluster_capacity_providers.this: Still destroying... [id=devops-g3, 00m10s elapsed][0m[0m
[0m[1mmodule.messaging.aws_scheduler_schedule.daily_close: Destruction complete after 1s[0m
[0m[1mmodule.messaging.aws_sqs_queue_redrive_allow_policy.dlq["reconciliation"]: Destroying... [id=https://sqs.us-west-1.amazonaws.com/240462142849/devops-g3-reconciliation-dlq][0m[0m
[0m[1mmodule.network.aws_vpc_endpoint.interface["ssm"]: Still destroying... [id=vpce-0b77525571c45a63e, 00m10s elapsed][0m[0m
[0m[1mmodule.ecs_platform.aws_ecs_cluster_capacity_providers.this: Destruction complete after 12s[0m
[0m[1mmodule.ecs_platform.aws_ecr_lifecycle_policy.service["commission"]: Destroying... [id=devops-g3/commission][0m[0m
[0m[1mmodule.network.aws_vpc_endpoint.interface["logs"]: Still destroying... [id=vpce-01beb76e3a370dcba, 00m10s elapsed][0m[0m
[0m[1mmodule.ecs_platform.aws_ecr_lifecycle_policy.service["commission"]: Destruction complete after 0s[0m
[0m[1mmodule.alb.aws_lb_listener_rule.this["pos"]: Destroying... [id=arn:aws:elasticloadbalancing:us-west-1:240462142849:listener-rule/app/devops-g3-alb/e95b36eadcda1e06/136ee9e2828b2a39/5db3f1d6b9116722][0m[0m
[0m[1mmodule.alb.aws_lb_listener_rule.this["pos"]: Destruction complete after 1s[0m
[0m[1mmodule.db_bootstrap.aws_codebuild_project.this: Destroying... [id=arn:aws:codebuild:us-west-1:240462142849:project/devops-g3-db-bootstrap][0m[0m
[0m[1mmodule.network.aws_vpc_endpoint.interface["ssmmessages"]: Still destroying... [id=vpce-062a1df30b98f033f, 00m10s elapsed][0m[0m
[0m[1mmodule.db_bootstrap.aws_codebuild_project.this: Destruction complete after 1s[0m
[0m[1maws_secretsmanager_secret_policy.slack_webhook: Destroying... [id=arn:aws:secretsmanager:us-west-1:240462142849:secret:devops-g3/slack-webhook-eunYoR][0m[0m
[0m[1maws_secretsmanager_secret_policy.slack_webhook: Destruction complete after 1s[0m
[0m[1mmodule.network.aws_vpc_endpoint.interface["secretsmanager"]: Destroying... [id=vpce-01e327735fad7db41][0m[0m
[0m[1mmodule.messaging.aws_sqs_queue_redrive_allow_policy.dlq["payout"]: Still destroying... [id=https://sqs.us-west-1.amazonaws.com/240462142849/devops-g3-payout-dlq, 00m10s elapsed][0m[0m
[0m[1mmodule.network.aws_vpc_endpoint.interface["sqs"]: Still destroying... [id=vpce-0d3cdafbb95df006b, 00m10s elapsed][0m[0m
[0m[1mmodule.grafana.aws_ecs_service.this: Still destroying... [id=arn:aws:ecs:us-west-1:240462142849:service/devops-g3/devops-g3-grafana, 00m10s elapsed][0m[0m
[0m[1mmodule.network.aws_vpc_endpoint.interface["monitoring"]: Still destroying... [id=vpce-0376719ed6304a8d7, 00m10s elapsed][0m[0m
[0m[1mmodule.network.aws_vpc_endpoint.interface["ecr.api"]: Still destroying... [id=vpce-022d904b8df71a105, 00m20s elapsed][0m[0m
[0m[1mmodule.messaging.aws_sqs_queue_redrive_allow_policy.dlq["reconciliation"]: Still destroying... [id=https://sqs.us-west-1.amazonaws.com/240462142849/devops-g3-reconciliation-dlq, 00m10s elapsed][0m[0m
[0m[1mmodule.network.aws_vpc_endpoint.interface["ssm"]: Still destroying... [id=vpce-0b77525571c45a63e, 00m20s elapsed][0m[0m
[0m[1mmodule.network.aws_vpc_endpoint.interface["logs"]: Still destroying... [id=vpce-01beb76e3a370dcba, 00m20s elapsed][0m[0m
[0m[1mmodule.network.aws_vpc_endpoint.interface["ssmmessages"]: Still destroying... [id=vpce-062a1df30b98f033f, 00m20s elapsed][0m[0m
[0m[1mmodule.network.aws_vpc_endpoint.interface["secretsmanager"]: Still destroying... [id=vpce-01e327735fad7db41, 00m10s elapsed][0m[0m
[0m[1mmodule.messaging.aws_sqs_queue_redrive_allow_policy.dlq["payout"]: Still destroying... [id=https://sqs.us-west-1.amazonaws.com/240462142849/devops-g3-payout-dlq, 00m20s elapsed][0m[0m
[0m[1mmodule.network.aws_vpc_endpoint.interface["sqs"]: Still destroying... [id=vpce-0d3cdafbb95df006b, 00m20s elapsed][0m[0m
[0m[1mmodule.grafana.aws_ecs_service.this: Still destroying... [id=arn:aws:ecs:us-west-1:240462142849:service/devops-g3/devops-g3-grafana, 00m20s elapsed][0m[0m
[0m[1mmodule.network.aws_vpc_endpoint.interface["monitoring"]: Still destroying... [id=vpce-0376719ed6304a8d7, 00m20s elapsed][0m[0m
[0m[1mmodule.network.aws_vpc_endpoint.interface["ecr.api"]: Still destroying... [id=vpce-022d904b8df71a105, 00m30s elapsed][0m[0m
[0m[1mmodule.messaging.aws_sqs_queue_redrive_allow_policy.dlq["reconciliation"]: Still destroying... [id=https://sqs.us-west-1.amazonaws.com/240462142849/devops-g3-reconciliation-dlq, 00m20s elapsed][0m[0m
[0m[1mmodule.network.aws_vpc_endpoint.interface["ssm"]: Still destroying... [id=vpce-0b77525571c45a63e, 00m30s elapsed][0m[0m
[0m[1mmodule.network.aws_vpc_endpoint.interface["logs"]: Still destroying... [id=vpce-01beb76e3a370dcba, 00m30s elapsed][0m[0m
[0m[1mmodule.network.aws_vpc_endpoint.interface["ssmmessages"]: Still destroying... [id=vpce-062a1df30b98f033f, 00m30s elapsed][0m[0m
[0m[1mmodule.network.aws_vpc_endpoint.interface["secretsmanager"]: Still destroying... [id=vpce-01e327735fad7db41, 00m20s elapsed][0m[0m
[0m[1mmodule.messaging.aws_sqs_queue_redrive_allow_policy.dlq["payout"]: Destruction complete after 28s[0m
[0m[1mmodule.network.aws_vpc_endpoint.interface["sqs"]: Still destroying... [id=vpce-0d3cdafbb95df006b, 00m30s elapsed][0m[0m
[0m[1mmodule.messaging.aws_sqs_queue_redrive_allow_policy.dlq["reconciliation"]: Destruction complete after 28s[0m
[0m[1mmodule.network.aws_vpc_endpoint.interface["kms"]: Destroying... [id=vpce-05d60e8aae831ce58][0m[0m
[0m[1mmodule.network.aws_vpc_endpoint.s3: Destroying... [id=vpce-0422a6ecdc7e77c14][0m[0m
[0m[1mmodule.grafana.aws_ecs_service.this: Still destroying... [id=arn:aws:ecs:us-west-1:240462142849:service/devops-g3/devops-g3-grafana, 00m30s elapsed][0m[0m
[0m[1mmodule.network.aws_vpc_endpoint.interface["monitoring"]: Still destroying... [id=vpce-0376719ed6304a8d7, 00m30s elapsed][0m[0m
[0m[1mmodule.network.aws_vpc_endpoint.interface["ecr.api"]: Still destroying... [id=vpce-022d904b8df71a105, 00m40s elapsed][0m[0m
[0m[1mmodule.network.aws_vpc_endpoint.interface["ssm"]: Still destroying... [id=vpce-0b77525571c45a63e, 00m40s elapsed][0m[0m
[0m[1mmodule.network.aws_vpc_endpoint.interface["logs"]: Still destroying... [id=vpce-01beb76e3a370dcba, 00m40s elapsed][0m[0m
[0m[1mmodule.network.aws_vpc_endpoint.interface["ssmmessages"]: Still destroying... [id=vpce-062a1df30b98f033f, 00m40s elapsed][0m[0m
[0m[1mmodule.network.aws_vpc_endpoint.interface["secretsmanager"]: Still destroying... [id=vpce-01e327735fad7db41, 00m30s elapsed][0m[0m
[0m[1mmodule.network.aws_vpc_endpoint.interface["sqs"]: Still destroying... [id=vpce-0d3cdafbb95df006b, 00m40s elapsed][0m[0m
[0m[1mmodule.network.aws_vpc_endpoint.interface["kms"]: Still destroying... [id=vpce-05d60e8aae831ce58, 00m10s elapsed][0m[0m
[0m[1mmodule.network.aws_vpc_endpoint.s3: Still destroying... [id=vpce-0422a6ecdc7e77c14, 00m10s elapsed][0m[0m
[0m[1mmodule.grafana.aws_ecs_service.this: Still destroying... [id=arn:aws:ecs:us-west-1:240462142849:service/devops-g3/devops-g3-grafana, 00m40s elapsed][0m[0m
[0m[1mmodule.network.aws_vpc_endpoint.interface["monitoring"]: Still destroying... [id=vpce-0376719ed6304a8d7, 00m40s elapsed][0m[0m
[0m[1mmodule.network.aws_vpc_endpoint.interface["ecr.api"]: Still destroying... [id=vpce-022d904b8df71a105, 00m50s elapsed][0m[0m
[0m[1mmodule.network.aws_vpc_endpoint.s3: Destruction complete after 11s[0m
[0m[1mmodule.apigw.aws_apigatewayv2_route.proxy: Destroying... [id=vcwqld9][0m[0m
[0m[1mmodule.apigw.aws_apigatewayv2_route.proxy: Destruction complete after 1s[0m
[0m[1mmodule.network.aws_vpc_endpoint.interface["ecr.dkr"]: Destroying... [id=vpce-009e491b003411d99][0m[0m
[0m[1mmodule.network.aws_vpc_endpoint.interface["ssm"]: Still destroying... [id=vpce-0b77525571c45a63e, 00m50s elapsed][0m[0m
[0m[1mmodule.network.aws_vpc_endpoint.interface["logs"]: Still destroying... [id=vpce-01beb76e3a370dcba, 00m50s elapsed][0m[0m
[0m[1mmodule.network.aws_vpc_endpoint.interface["ssmmessages"]: Still destroying... [id=vpce-062a1df30b98f033f, 00m50s elapsed][0m[0m
[0m[1mmodule.network.aws_vpc_endpoint.interface["secretsmanager"]: Still destroying... [id=vpce-01e327735fad7db41, 00m40s elapsed][0m[0m
[0m[1mmodule.network.aws_vpc_endpoint.interface["sqs"]: Still destroying... [id=vpce-0d3cdafbb95df006b, 00m50s elapsed][0m[0m
[0m[1mmodule.network.aws_vpc_endpoint.interface["kms"]: Still destroying... [id=vpce-05d60e8aae831ce58, 00m20s elapsed][0m[0m
[0m[1mmodule.grafana.aws_ecs_service.this: Still destroying... [id=arn:aws:ecs:us-west-1:240462142849:service/devops-g3/devops-g3-grafana, 00m50s elapsed][0m[0m
[0m[1mmodule.network.aws_vpc_endpoint.interface["monitoring"]: Still destroying... [id=vpce-0376719ed6304a8d7, 00m50s elapsed][0m[0m
[0m[1mmodule.network.aws_vpc_endpoint.interface["ecr.api"]: Still destroying... [id=vpce-022d904b8df71a105, 01m00s elapsed][0m[0m
[0m[1mmodule.network.aws_vpc_endpoint.interface["ecr.dkr"]: Still destroying... [id=vpce-009e491b003411d99, 00m10s elapsed][0m[0m
[0m[1mmodule.network.aws_vpc_endpoint.interface["ssm"]: Still destroying... [id=vpce-0b77525571c45a63e, 01m00s elapsed][0m[0m
[0m[1mmodule.network.aws_vpc_endpoint.interface["logs"]: Still destroying... [id=vpce-01beb76e3a370dcba, 01m00s elapsed][0m[0m
[0m[1mmodule.network.aws_vpc_endpoint.interface["ssmmessages"]: Still destroying... [id=vpce-062a1df30b98f033f, 01m00s elapsed][0m[0m
[0m[1mmodule.network.aws_vpc_endpoint.interface["secretsmanager"]: Still destroying... [id=vpce-01e327735fad7db41, 00m50s elapsed][0m[0m
[0m[1mmodule.network.aws_vpc_endpoint.interface["sqs"]: Still destroying... [id=vpce-0d3cdafbb95df006b, 01m00s elapsed][0m[0m
[0m[1mmodule.network.aws_vpc_endpoint.interface["kms"]: Still destroying... [id=vpce-05d60e8aae831ce58, 00m30s elapsed][0m[0m
[0m[1mmodule.grafana.aws_ecs_service.this: Still destroying... [id=arn:aws:ecs:us-west-1:240462142849:service/devops-g3/devops-g3-grafana, 01m00s elapsed][0m[0m
[0m[1mmodule.network.aws_vpc_endpoint.interface["monitoring"]: Still destroying... [id=vpce-0376719ed6304a8d7, 01m00s elapsed][0m[0m
[0m[1mmodule.network.aws_vpc_endpoint.interface["ecr.api"]: Still destroying... [id=vpce-022d904b8df71a105, 01m10s elapsed][0m[0m
[0m[1mmodule.network.aws_vpc_endpoint.interface["ecr.dkr"]: Still destroying... [id=vpce-009e491b003411d99, 00m20s elapsed][0m[0m
[0m[1mmodule.network.aws_vpc_endpoint.interface["ssm"]: Still destroying... [id=vpce-0b77525571c45a63e, 01m10s elapsed][0m[0m
[0m[1mmodule.network.aws_vpc_endpoint.interface["logs"]: Still destroying... [id=vpce-01beb76e3a370dcba, 01m10s elapsed][0m[0m
[0m[1mmodule.network.aws_vpc_endpoint.interface["ssmmessages"]: Still destroying... [id=vpce-062a1df30b98f033f, 01m10s elapsed][0m[0m
[0m[1mmodule.network.aws_vpc_endpoint.interface["secretsmanager"]: Still destroying... [id=vpce-01e327735fad7db41, 01m00s elapsed][0m[0m
[0m[1mmodule.network.aws_vpc_endpoint.interface["sqs"]: Still destroying... [id=vpce-0d3cdafbb95df006b, 01m11s elapsed][0m[0m
[0m[1mmodule.network.aws_vpc_endpoint.interface["kms"]: Still destroying... [id=vpce-05d60e8aae831ce58, 00m40s elapsed][0m[0m
[0m[1mmodule.grafana.aws_ecs_service.this: Still destroying... [id=arn:aws:ecs:us-west-1:240462142849:service/devops-g3/devops-g3-grafana, 01m10s elapsed][0m[0m
[0m[1mmodule.network.aws_vpc_endpoint.interface["monitoring"]: Still destroying... [id=vpce-0376719ed6304a8d7, 01m10s elapsed][0m[0m
[0m[1mmodule.network.aws_vpc_endpoint.interface["ecr.api"]: Still destroying... [id=vpce-022d904b8df71a105, 01m20s elapsed][0m[0m
[0m[1mmodule.network.aws_vpc_endpoint.interface["ecr.dkr"]: Still destroying... [id=vpce-009e491b003411d99, 00m30s elapsed][0m[0m
[0m[1mmodule.network.aws_vpc_endpoint.interface["ssm"]: Still destroying... [id=vpce-0b77525571c45a63e, 01m20s elapsed][0m[0m
[0m[1mmodule.network.aws_vpc_endpoint.interface["logs"]: Still destroying... [id=vpce-01beb76e3a370dcba, 01m20s elapsed][0m[0m
[0m[1mmodule.network.aws_vpc_endpoint.interface["ssmmessages"]: Still destroying... [id=vpce-062a1df30b98f033f, 01m20s elapsed][0m[0m
[0m[1mmodule.network.aws_vpc_endpoint.interface["secretsmanager"]: Still destroying... [id=vpce-01e327735fad7db41, 01m10s elapsed][0m[0m
[0m[1mmodule.network.aws_vpc_endpoint.interface["sqs"]: Still destroying... [id=vpce-0d3cdafbb95df006b, 01m21s elapsed][0m[0m
[0m[1mmodule.network.aws_vpc_endpoint.interface["kms"]: Still destroying... [id=vpce-05d60e8aae831ce58, 00m50s elapsed][0m[0m
[0m[1mmodule.grafana.aws_ecs_service.this: Still destroying... [id=arn:aws:ecs:us-west-1:240462142849:service/devops-g3/devops-g3-grafana, 01m20s elapsed][0m[0m
[0m[1mmodule.network.aws_vpc_endpoint.interface["monitoring"]: Still destroying... [id=vpce-0376719ed6304a8d7, 01m20s elapsed][0m[0m
[0m[1mmodule.network.aws_vpc_endpoint.interface["ecr.api"]: Still destroying... [id=vpce-022d904b8df71a105, 01m30s elapsed][0m[0m
[0m[1mmodule.network.aws_vpc_endpoint.interface["ecr.dkr"]: Still destroying... [id=vpce-009e491b003411d99, 00m40s elapsed][0m[0m
[0m[1mmodule.network.aws_vpc_endpoint.interface["ssm"]: Still destroying... [id=vpce-0b77525571c45a63e, 01m30s elapsed][0m[0m
[0m[1mmodule.network.aws_vpc_endpoint.interface["logs"]: Still destroying... [id=vpce-01beb76e3a370dcba, 01m30s elapsed][0m[0m
[0m[1mmodule.network.aws_vpc_endpoint.interface["ssmmessages"]: Still destroying... [id=vpce-062a1df30b98f033f, 01m30s elapsed][0m[0m
[0m[1mmodule.network.aws_vpc_endpoint.interface["secretsmanager"]: Still destroying... [id=vpce-01e327735fad7db41, 01m20s elapsed][0m[0m
[0m[1mmodule.network.aws_vpc_endpoint.interface["sqs"]: Still destroying... [id=vpce-0d3cdafbb95df006b, 01m31s elapsed][0m[0m
[0m[1mmodule.network.aws_vpc_endpoint.interface["kms"]: Still destroying... [id=vpce-05d60e8aae831ce58, 01m00s elapsed][0m[0m
[0m[1mmodule.grafana.aws_ecs_service.this: Still destroying... [id=arn:aws:ecs:us-west-1:240462142849:service/devops-g3/devops-g3-grafana, 01m30s elapsed][0m[0m
[0m[1mmodule.network.aws_vpc_endpoint.interface["monitoring"]: Still destroying... [id=vpce-0376719ed6304a8d7, 01m30s elapsed][0m[0m
[0m[1mmodule.network.aws_vpc_endpoint.interface["ecr.api"]: Still destroying... [id=vpce-022d904b8df71a105, 01m40s elapsed][0m[0m
[0m[1mmodule.network.aws_vpc_endpoint.interface["ecr.dkr"]: Still destroying... [id=vpce-009e491b003411d99, 00m50s elapsed][0m[0m
[0m[1mmodule.network.aws_vpc_endpoint.interface["ssm"]: Still destroying... [id=vpce-0b77525571c45a63e, 01m40s elapsed][0m[0m
[0m[1mmodule.network.aws_vpc_endpoint.interface["logs"]: Still destroying... [id=vpce-01beb76e3a370dcba, 01m40s elapsed][0m[0m
[0m[1mmodule.network.aws_vpc_endpoint.interface["ssmmessages"]: Still destroying... [id=vpce-062a1df30b98f033f, 01m40s elapsed][0m[0m
[0m[1mmodule.network.aws_vpc_endpoint.interface["secretsmanager"]: Still destroying... [id=vpce-01e327735fad7db41, 01m30s elapsed][0m[0m
[0m[1mmodule.network.aws_vpc_endpoint.interface["sqs"]: Still destroying... [id=vpce-0d3cdafbb95df006b, 01m41s elapsed][0m[0m
[0m[1mmodule.network.aws_vpc_endpoint.interface["kms"]: Still destroying... [id=vpce-05d60e8aae831ce58, 01m10s elapsed][0m[0m
[0m[1mmodule.grafana.aws_ecs_service.this: Still destroying... [id=arn:aws:ecs:us-west-1:240462142849:service/devops-g3/devops-g3-grafana, 01m40s elapsed][0m[0m
[0m[1mmodule.network.aws_vpc_endpoint.interface["monitoring"]: Still destroying... [id=vpce-0376719ed6304a8d7, 01m40s elapsed][0m[0m
[0m[1mmodule.network.aws_vpc_endpoint.interface["ecr.api"]: Still destroying... [id=vpce-022d904b8df71a105, 01m50s elapsed][0m[0m
[0m[1mmodule.network.aws_vpc_endpoint.interface["ecr.dkr"]: Still destroying... [id=vpce-009e491b003411d99, 01m00s elapsed][0m[0m
[0m[1mmodule.network.aws_vpc_endpoint.interface["ssm"]: Still destroying... [id=vpce-0b77525571c45a63e, 01m50s elapsed][0m[0m
[0m[1mmodule.network.aws_vpc_endpoint.interface["logs"]: Still destroying... [id=vpce-01beb76e3a370dcba, 01m50s elapsed][0m[0m
[0m[1mmodule.network.aws_vpc_endpoint.interface["ssmmessages"]: Still destroying... [id=vpce-062a1df30b98f033f, 01m50s elapsed][0m[0m
[0m[1mmodule.network.aws_vpc_endpoint.interface["secretsmanager"]: Still destroying... [id=vpce-01e327735fad7db41, 01m40s elapsed][0m[0m
[0m[1mmodule.network.aws_vpc_endpoint.interface["sqs"]: Still destroying... [id=vpce-0d3cdafbb95df006b, 01m51s elapsed][0m[0m
[0m[1mmodule.network.aws_vpc_endpoint.interface["kms"]: Still destroying... [id=vpce-05d60e8aae831ce58, 01m20s elapsed][0m[0m
[0m[1mmodule.grafana.aws_ecs_service.this: Still destroying... [id=arn:aws:ecs:us-west-1:240462142849:service/devops-g3/devops-g3-grafana, 01m50s elapsed][0m[0m
[0m[1mmodule.network.aws_vpc_endpoint.interface["monitoring"]: Still destroying... [id=vpce-0376719ed6304a8d7, 01m50s elapsed][0m[0m
[0m[1mmodule.network.aws_vpc_endpoint.interface["ecr.api"]: Still destroying... [id=vpce-022d904b8df71a105, 02m00s elapsed][0m[0m
[0m[1mmodule.network.aws_vpc_endpoint.interface["ecr.dkr"]: Still destroying... [id=vpce-009e491b003411d99, 01m10s elapsed][0m[0m
[0m[1mmodule.network.aws_vpc_endpoint.interface["ssm"]: Still destroying... [id=vpce-0b77525571c45a63e, 02m00s elapsed][0m[0m
[0m[1mmodule.network.aws_vpc_endpoint.interface["logs"]: Still destroying... [id=vpce-01beb76e3a370dcba, 02m00s elapsed][0m[0m
[0m[1mmodule.network.aws_vpc_endpoint.interface["ssmmessages"]: Still destroying... [id=vpce-062a1df30b98f033f, 02m00s elapsed][0m[0m
[0m[1mmodule.network.aws_vpc_endpoint.interface["secretsmanager"]: Still destroying... [id=vpce-01e327735fad7db41, 01m50s elapsed][0m[0m
[0m[1mmodule.network.aws_vpc_endpoint.interface["sqs"]: Still destroying... [id=vpce-0d3cdafbb95df006b, 02m01s elapsed][0m[0m
[0m[1mmodule.network.aws_vpc_endpoint.interface["kms"]: Still destroying... [id=vpce-05d60e8aae831ce58, 01m30s elapsed][0m[0m
[0m[1mmodule.grafana.aws_ecs_service.this: Still destroying... [id=arn:aws:ecs:us-west-1:240462142849:service/devops-g3/devops-g3-grafana, 02m00s elapsed][0m[0m
[0m[1mmodule.network.aws_vpc_endpoint.interface["monitoring"]: Still destroying... [id=vpce-0376719ed6304a8d7, 02m00s elapsed][0m[0m
[0m[1mmodule.network.aws_vpc_endpoint.interface["ecr.api"]: Still destroying... [id=vpce-022d904b8df71a105, 02m10s elapsed][0m[0m
[0m[1mmodule.network.aws_vpc_endpoint.interface["ecr.dkr"]: Still destroying... [id=vpce-009e491b003411d99, 01m20s elapsed][0m[0m
[0m[1mmodule.network.aws_vpc_endpoint.interface["ssm"]: Still destroying... [id=vpce-0b77525571c45a63e, 02m10s elapsed][0m[0m
[0m[1mmodule.network.aws_vpc_endpoint.interface["logs"]: Still destroying... [id=vpce-01beb76e3a370dcba, 02m10s elapsed][0m[0m
[0m[1mmodule.network.aws_vpc_endpoint.interface["ssmmessages"]: Still destroying... [id=vpce-062a1df30b98f033f, 02m10s elapsed][0m[0m
[0m[1mmodule.network.aws_vpc_endpoint.interface["secretsmanager"]: Still destroying... [id=vpce-01e327735fad7db41, 02m00s elapsed][0m[0m
[0m[1mmodule.network.aws_vpc_endpoint.interface["sqs"]: Still destroying... [id=vpce-0d3cdafbb95df006b, 02m11s elapsed][0m[0m
[0m[1mmodule.network.aws_vpc_endpoint.interface["kms"]: Still destroying... [id=vpce-05d60e8aae831ce58, 01m40s elapsed][0m[0m
[0m[1mmodule.grafana.aws_ecs_service.this: Still destroying... [id=arn:aws:ecs:us-west-1:240462142849:service/devops-g3/devops-g3-grafana, 02m10s elapsed][0m[0m
[0m[1mmodule.network.aws_vpc_endpoint.interface["monitoring"]: Still destroying... [id=vpce-0376719ed6304a8d7, 02m10s elapsed][0m[0m
[0m[1mmodule.network.aws_vpc_endpoint.interface["ecr.api"]: Still destroying... [id=vpce-022d904b8df71a105, 02m20s elapsed][0m[0m
[0m[1mmodule.network.aws_vpc_endpoint.interface["ecr.dkr"]: Still destroying... [id=vpce-009e491b003411d99, 01m30s elapsed][0m[0m
[0m[1mmodule.network.aws_vpc_endpoint.interface["ssm"]: Still destroying... [id=vpce-0b77525571c45a63e, 02m20s elapsed][0m[0m
[0m[1mmodule.network.aws_vpc_endpoint.interface["logs"]: Still destroying... [id=vpce-01beb76e3a370dcba, 02m20s elapsed][0m[0m
[0m[1mmodule.network.aws_vpc_endpoint.interface["ssmmessages"]: Still destroying... [id=vpce-062a1df30b98f033f, 02m20s elapsed][0m[0m
[0m[1mmodule.network.aws_vpc_endpoint.interface["secretsmanager"]: Still destroying... [id=vpce-01e327735fad7db41, 02m10s elapsed][0m[0m
[0m[1mmodule.network.aws_vpc_endpoint.interface["ssm"]: Destruction complete after 2m25s[0m
[0m[1mmodule.network.aws_vpc_endpoint.interface["sqs"]: Still destroying... [id=vpce-0d3cdafbb95df006b, 02m21s elapsed][0m[0m
[0m[1mmodule.network.aws_vpc_endpoint.interface["kms"]: Still destroying... [id=vpce-05d60e8aae831ce58, 01m50s elapsed][0m[0m
[0m[1mmodule.grafana.aws_ecs_service.this: Still destroying... [id=arn:aws:ecs:us-west-1:240462142849:service/devops-g3/devops-g3-grafana, 02m20s elapsed][0m[0m
[0m[1mmodule.network.aws_vpc_endpoint.interface["monitoring"]: Still destroying... [id=vpce-0376719ed6304a8d7, 02m20s elapsed][0m[0m
[0m[1mmodule.network.aws_vpc_endpoint.interface["ecr.api"]: Still destroying... [id=vpce-022d904b8df71a105, 02m30s elapsed][0m[0m
[0m[1mmodule.network.aws_vpc_endpoint.interface["ecr.dkr"]: Still destroying... [id=vpce-009e491b003411d99, 01m40s elapsed][0m[0m
[0m[1mmodule.network.aws_vpc_endpoint.interface["logs"]: Still destroying... [id=vpce-01beb76e3a370dcba, 02m30s elapsed][0m[0m
[0m[1mmodule.network.aws_vpc_endpoint.interface["ssmmessages"]: Destruction complete after 2m29s[0m
[0m[1mmodule.alb.aws_vpc_security_group_egress_rule.to_targets: Destroying... [id=sgr-02b5bf2ee8f42788b][0m[0m
[0m[1mmodule.observability_alarms.aws_cloudwatch_metric_alarm.dlq_depth["payout"]: Destroying... [id=devops-g3-payout-dlq-depth][0m[0m
[0m[1mmodule.observability_alarms.aws_cloudwatch_metric_alarm.dlq_depth["payout"]: Destruction complete after 2s[0m
[0m[1mmodule.alb.aws_vpc_security_group_egress_rule.to_targets: Destruction complete after 2s[0m
[0m[1mmodule.synthetics_canary.aws_s3_bucket_versioning.artifacts: Destroying... [id=devops-g3-synthetics-240462142849][0m[0m
[0m[1mmodule.observability_alarms.aws_cloudwatch_metric_alarm.ecs_cpu_high["pos"]: Destroying... [id=devops-g3-pos-ecs-cpu-high][0m[0m
[0m[1mmodule.observability_alarms.aws_cloudwatch_metric_alarm.ecs_cpu_high["pos"]: Destruction complete after 0s[0m
[0m[1mmodule.redis.aws_vpc_security_group_ingress_rule.from_services["web"]: Destroying... [id=sgr-02fcfb2889916e3d2][0m[0m
[0m[1mmodule.network.aws_vpc_endpoint.interface["secretsmanager"]: Still destroying... [id=vpce-01e327735fad7db41, 02m20s elapsed][0m[0m
[0m[1mmodule.redis.aws_vpc_security_group_ingress_rule.from_services["web"]: Destruction complete after 1s[0m
[0m[1mmodule.delivery.aws_ssm_parameter.image_tag["web"]: Destroying... [id=/devops-g3/web/image-tag][0m[0m
[0m[1mmodule.synthetics_canary.aws_s3_bucket_versioning.artifacts: Destruction complete after 1s[0m
[0m[1mmodule.network.aws_nat_gateway.this[0]: Destroying... [id=nat-08182978c9275ca47][0m[0m
[0m[1mmodule.delivery.aws_ssm_parameter.image_tag["web"]: Destruction complete after 1s[0m
[0m[1mmodule.network.aws_iam_role.flow_logs: Destroying... [id=devops-g3-vpc-flow-logs][0m[0m
[0m[1mmodule.network.aws_iam_role.flow_logs: Destruction complete after 2s[0m
[0m[1mmodule.network.aws_cloudwatch_log_group.flow_logs: Destroying... [id=/devops-g3/vpc-flow-logs][0m[0m
[0m[1mmodule.network.aws_vpc_endpoint.interface["sqs"]: Still destroying... [id=vpce-0d3cdafbb95df006b, 02m31s elapsed][0m[0m
[0m[1mmodule.network.aws_vpc_endpoint.interface["kms"]: Still destroying... [id=vpce-05d60e8aae831ce58, 02m00s elapsed][0m[0m
[0m[1mmodule.grafana.aws_ecs_service.this: Still destroying... [id=arn:aws:ecs:us-west-1:240462142849:service/devops-g3/devops-g3-grafana, 02m30s elapsed][0m[0m
[0m[1mmodule.network.aws_cloudwatch_log_group.flow_logs: Destruction complete after 1s[0m
[0m[1mmodule.apigw.aws_apigatewayv2_integration.alb_grafana_root: Destroying... [id=0ptpmol][0m[0m
[0m[1mmodule.network.aws_vpc_endpoint.interface["secretsmanager"]: Destruction complete after 2m25s[0m
[0m[1mmodule.synthetics_canary.aws_synthetics_canary.edge_health: Destroying... [id=devops-g3-edge-health][0m[0m
[0m[1mmodule.network.aws_vpc_endpoint.interface["monitoring"]: Still destroying... [id=vpce-0376719ed6304a8d7, 02m30s elapsed][0m[0m
[0m[1mmodule.network.aws_vpc_endpoint.interface["ecr.api"]: Still destroying... [id=vpce-022d904b8df71a105, 02m40s elapsed][0m[0m
[0m[1mmodule.apigw.aws_apigatewayv2_integration.alb_grafana_root: Destruction complete after 1s[0m
[0m[1mmodule.network.aws_route_table.public: Destroying... [id=rtb-038f517bebd99601b][0m[0m
[0m[1mmodule.network.aws_vpc_endpoint.interface["ecr.dkr"]: Still destroying... [id=vpce-009e491b003411d99, 01m50s elapsed][0m[0m
[0m[1mmodule.network.aws_route_table.public: Destruction complete after 2s[0m
[0m[1mmodule.rds.aws_db_proxy_default_target_group.this: Destroying... [id=devops-g3-db-proxy][0m[0m
[0m[1mmodule.rds.aws_db_proxy_default_target_group.this: Destruction complete after 0s[0m
[0m[1mmodule.delivery.aws_codebuild_project.image["web"]: Destroying... [id=arn:aws:codebuild:us-west-1:240462142849:project/devops-g3-web-build][0m[0m
[0m[1mmodule.network.aws_vpc_endpoint.interface["logs"]: Still destroying... [id=vpce-01beb76e3a370dcba, 02m40s elapsed][0m[0m
[0m[1mmodule.delivery.aws_codebuild_project.image["web"]: Destruction complete after 1s[0m
[0m[1mmodule.delivery.aws_codebuild_project.grafana_image: Destroying... [id=arn:aws:codebuild:us-west-1:240462142849:project/devops-g3-grafana-build][0m[0m
[0m[1mmodule.delivery.aws_codebuild_project.grafana_image: Destruction complete after 1s[0m
[0m[1mmodule.delivery.aws_codebuild_project.image["commission"]: Destroying... [id=arn:aws:codebuild:us-west-1:240462142849:project/devops-g3-commission-build][0m[0m
[0m[1mmodule.delivery.aws_codebuild_project.image["commission"]: Destruction complete after 0s[0m
[0m[1mmodule.delivery.aws_codestarconnections_connection.github: Destroying... [id=arn:aws:codestar-connections:us-west-1:240462142849:connection/408b7a08-92ee-464f-b1fb-20896cec6f1c][0m[0m
[0m[1mmodule.network.aws_nat_gateway.this[0]: Still destroying... [id=nat-08182978c9275ca47, 00m10s elapsed][0m[0m
[0m[1mmodule.delivery.aws_codestarconnections_connection.github: Destruction complete after 1s[0m
[0m[1mmodule.delivery.aws_codebuild_project.pos_migrations: Destroying... [id=arn:aws:codebuild:us-west-1:240462142849:project/devops-g3-pos-migrations][0m[0m
[0m[1mmodule.delivery.aws_codebuild_project.pos_migrations: Destruction complete after 1s[0m
[0m[1mmodule.delivery.aws_codebuild_project.smoke: Destroying... [id=arn:aws:codebuild:us-west-1:240462142849:project/devops-g3-smoke][0m[0m
[0m[1mmodule.grafana.aws_ecs_service.this: Destruction complete after 2m37s[0m
[0m[1mmodule.delivery.aws_iam_role.codepipeline: Destroying... [id=devops-g3-pipeline][0m[0m
[0m[1mmodule.delivery.aws_codebuild_project.smoke: Destruction complete after 0s[0m
[0m[1mmodule.delivery.aws_codebuild_project.image["pos"]: Destroying... [id=arn:aws:codebuild:us-west-1:240462142849:project/devops-g3-pos-build][0m[0m
[0m[1mmodule.delivery.aws_codebuild_project.image["pos"]: Destruction complete after 1s[0m
[0m[1mmodule.delivery.aws_codebuild_project.adot_mirror: Destroying... [id=arn:aws:codebuild:us-west-1:240462142849:project/devops-g3-adot-mirror][0m[0m
[0m[1mmodule.delivery.aws_iam_role.codepipeline: Destruction complete after 1s[0m
[0m[1mmodule.delivery.aws_codebuild_project.image["payments"]: Destroying... [id=arn:aws:codebuild:us-west-1:240462142849:project/devops-g3-payments-build][0m[0m
[0m[1mmodule.delivery.aws_codebuild_project.adot_mirror: Destruction complete after 0s[0m
[0m[1mmodule.apigw.aws_apigatewayv2_integration.alb_grafana: Destroying... [id=j5x2wz2][0m[0m
[0m[1mmodule.apigw.aws_apigatewayv2_integration.alb_grafana: Destruction complete after 0s[0m
[0m[1mmodule.messaging.aws_iam_role.scheduler: Destroying... [id=devops-g3-scheduler][0m[0m
[0m[1mmodule.delivery.aws_codebuild_project.image["payments"]: Destruction complete after 0s[0m
[0m[1mmodule.db_bootstrap.aws_iam_role.this: Destroying... [id=devops-g3-db-bootstrap][0m[0m
[0m[1mmodule.network.aws_vpc_endpoint.interface["sqs"]: Still destroying... [id=vpce-0d3cdafbb95df006b, 02m41s elapsed][0m[0m
[0m[1mmodule.messaging.aws_iam_role.scheduler: Destruction complete after 2s[0m
[0m[1mmodule.network.aws_route_table.private_data: Destroying... [id=rtb-012b7624dc9da2b3f][0m[0m
[0m[1mmodule.db_bootstrap.aws_iam_role.this: Destruction complete after 2s[0m
[0m[1mmodule.network.aws_route_table.private_app["us-west-1c"]: Destroying... [id=rtb-0f92fdecec3e8260e][0m[0m
[0m[1mmodule.network.aws_vpc_endpoint.interface["kms"]: Still destroying... [id=vpce-05d60e8aae831ce58, 02m10s elapsed][0m[0m
[0m[1mmodule.synthetics_canary.aws_synthetics_canary.edge_health: Still destroying... [id=devops-g3-edge-health, 00m10s elapsed][0m[0m
[0m[1mmodule.network.aws_vpc_endpoint.interface["monitoring"]: Still destroying... [id=vpce-0376719ed6304a8d7, 02m40s elapsed][0m[0m
[0m[1mmodule.network.aws_route_table.private_data: Destruction complete after 1s[0m
[0m[1mmodule.network.aws_route_table.private_app["us-west-1a"]: Destroying... [id=rtb-0eeb3098cb7625076][0m[0m
[0m[1mmodule.network.aws_vpc_endpoint.interface["ecr.api"]: Still destroying... [id=vpce-022d904b8df71a105, 02m50s elapsed][0m[0m
[0m[1mmodule.network.aws_vpc_endpoint.interface["ecr.dkr"]: Still destroying... [id=vpce-009e491b003411d99, 02m00s elapsed][0m[0m
[0m[1mmodule.network.aws_route_table.private_app["us-west-1c"]: Destruction complete after 2s[0m
[0m[1mmodule.apigw.aws_apigatewayv2_integration.alb: Destroying... [id=890w6ri][0m[0m
[0m[1mmodule.apigw.aws_apigatewayv2_integration.alb: Destruction complete after 1s[0m
[0m[1maws_security_group.db_bootstrap: Destroying... [id=sg-02e0f6e55a8d685c1][0m[0m
[0m[1mmodule.network.aws_vpc_endpoint.interface["logs"]: Still destroying... [id=vpce-01beb76e3a370dcba, 02m50s elapsed][0m[0m
[0m[1mmodule.network.aws_route_table.private_app["us-west-1a"]: Destruction complete after 3s[0m
[0m[1mmodule.network.aws_nat_gateway.this[0]: Still destroying... [id=nat-08182978c9275ca47, 00m20s elapsed][0m[0m
[0m[1maws_security_group.db_bootstrap: Destruction complete after 5s[0m
[0m[1mmodule.network.aws_vpc_endpoint.interface["monitoring"]: Destruction complete after 2m47s[0m
[0m[1mmodule.delivery.aws_iam_role.codebuild: Destroying... [id=devops-g3-codebuild][0m[0m
[0m[1mmodule.grafana.aws_ecs_task_definition.this: Destroying... [id=devops-g3-grafana][0m[0m
[0m[1mmodule.grafana.aws_security_group.this: Destroying... [id=sg-0989ff61f85d69e10][0m[0m
[0m[1mmodule.synthetics_canary.aws_synthetics_canary.edge_health: Destruction complete after 17s[0m
[0m[1mmodule.apigw.aws_apigatewayv2_vpc_link.this: Destroying... [id=q2zs31][0m[0m
[0m[1mmodule.network.aws_vpc_endpoint.interface["ecr.api"]: Destruction complete after 2m57s[0m
[0m[1mmodule.alb.aws_lb_listener.this: Destroying... [id=arn:aws:elasticloadbalancing:us-west-1:240462142849:listener/app/devops-g3-alb/e95b36eadcda1e06/136ee9e2828b2a39][0m[0m
[0m[1mmodule.delivery.aws_iam_role.codebuild: Destruction complete after 1s[0m
[0m[1mmodule.synthetics_canary.aws_s3_bucket_policy.canary_artifacts: Destroying... [id=devops-g3-synthetics-240462142849][0m[0m
[0m[1mmodule.grafana.aws_ecs_task_definition.this: Destruction complete after 1s[0m
[0m[1mmodule.synthetics_canary.aws_iam_role_policy.canary: Destroying... [id=devops-g3-synthetics-canary:synthetics-canary][0m[0m
[0m[1mmodule.synthetics_canary.aws_iam_role_policy.canary: Destruction complete after 0s[0m
[0m[1maws_secretsmanager_secret_policy.db: Destroying... [id=arn:aws:secretsmanager:us-west-1:240462142849:secret:devops-g3/db-I364XC][0m[0m
[0m[1mmodule.grafana.aws_security_group.this: Destruction complete after 1s[0m
[0m[1maws_secretsmanager_secret_policy.daraja: Destroying... [id=arn:aws:secretsmanager:us-west-1:240462142849:secret:devops-g3/daraja-vDnR06][0m[0m
[0m[1mmodule.network.aws_vpc_endpoint.interface["logs"]: Destruction complete after 2m56s[0m
[0m[1mmodule.grafana.aws_cloudwatch_log_group.this: Destroying... [id=/devops-g3/grafana][0m[0m
[0m[1mmodule.network.aws_vpc_endpoint.interface["sqs"]: Still destroying... [id=vpce-0d3cdafbb95df006b, 02m51s elapsed][0m[0m
[0m[1mmodule.alb.aws_lb_listener.this: Destruction complete after 2s[0m
[0m[1mmodule.grafana.aws_iam_role.task: Destroying... [id=devops-g3-grafana-task][0m[0m
[0m[1mmodule.synthetics_canary.aws_s3_bucket_policy.canary_artifacts: Destruction complete after 1s[0m
[0m[1maws_ecr_repository.grafana: Destroying... [id=devops-g3/grafana][0m[0m
[0m[1mmodule.network.aws_vpc_endpoint.interface["kms"]: Still destroying... [id=vpce-05d60e8aae831ce58, 02m20s elapsed][0m[0m
[0m[1mmodule.grafana.aws_cloudwatch_log_group.this: Destruction complete after 1s[0m
[0m[1mmodule.apigw.aws_apigatewayv2_stage.this: Destroying... [id=v1][0m[0m
[0m[1maws_secretsmanager_secret_policy.db: Destruction complete after 1s[0m
[0m[1maws_secretsmanager_secret_policy.daraja: Destruction complete after 1s[0m
[0m[1mmodule.synthetics_canary.aws_iam_role.canary: Destroying... [id=devops-g3-synthetics-canary][0m[0m
[0m[1mmodule.alb.aws_lb.this: Destroying... [id=arn:aws:elasticloadbalancing:us-west-1:240462142849:loadbalancer/app/devops-g3-alb/e95b36eadcda1e06][0m[0m
[0m[1mmodule.grafana.aws_iam_role.task: Destruction complete after 0s[0m
[0m[1mmodule.synthetics_canary.aws_s3_bucket_public_access_block.artifacts: Destroying... [id=devops-g3-synthetics-240462142849][0m[0m
[0m[1mmodule.apigw.aws_apigatewayv2_stage.this: Destruction complete after 1s[0m
[0m[1mmodule.service["payments"].aws_vpc_security_group_egress_rule.in_vpc: Destroying... [id=sgr-0755c2a82a081f5d1][0m[0m
[0m[1mmodule.synthetics_canary.aws_s3_bucket_public_access_block.artifacts: Destruction complete after 1s[0m
[0m[1mmodule.service["web"].aws_vpc_security_group_egress_rule.s3_gateway_https: Destroying... [id=sgr-06ec9a02e46b1e5bb][0m[0m
[0m[1mmodule.synthetics_canary.aws_iam_role.canary: Destruction complete after 1s[0m
[0m[1mmodule.service["pos"].aws_vpc_security_group_ingress_rule.from_alb[0]: Destroying... [id=sgr-00c2707d678c6a51c][0m[0m
[0m[1mmodule.service["payments"].aws_iam_role_policy.task: Destroying... [id=devops-g3-payments-task:service-permissions][0m[0m
[0m[1mmodule.service["payments"].aws_iam_role_policy.task: Destruction complete after 1s[0m
[0m[1mmodule.service["pos"].aws_iam_role_policy.task: Destroying... [id=devops-g3-pos-task:service-permissions][0m[0m
[0m[1mmodule.network.aws_vpc_endpoint.interface["ecr.dkr"]: Still destroying... [id=vpce-009e491b003411d99, 02m10s elapsed][0m[0m
[0m[1mmodule.service["pos"].aws_iam_role_policy.task: Destruction complete after 0s[0m
[0m[1mmodule.service["web"].aws_vpc_security_group_egress_rule.in_vpc: Destroying... [id=sgr-081603609368cd093][0m[0m
[0m[1mmodule.service["payments"].aws_vpc_security_group_egress_rule.in_vpc: Destruction complete after 1s[0m
[0m[1mmodule.service["web"].aws_vpc_security_group_ingress_rule.from_alb[0]: Destroying... [id=sgr-013d44e58d49ae218][0m[0m
[0m[1mmodule.service["web"].aws_vpc_security_group_egress_rule.s3_gateway_https: Destruction complete after 2s[0m
[0m[1mmodule.service["pos"].aws_vpc_security_group_egress_rule.in_vpc: Destroying... [id=sgr-0a2b87303d5c726fa][0m[0m
[0m[1mmodule.service["web"].aws_vpc_security_group_egress_rule.in_vpc: Destruction complete after 1s[0m
[0m[1mmodule.service["commission"].aws_ecs_service.this: Destroying... [id=arn:aws:ecs:us-west-1:240462142849:service/devops-g3/devops-g3-commission][0m[0m
[0m[1mmodule.service["pos"].aws_vpc_security_group_ingress_rule.from_alb[0]: Destruction complete after 2s[0m
[0m[1mmodule.service["web"].aws_ecs_service.this: Destroying... [id=arn:aws:ecs:us-west-1:240462142849:service/devops-g3/devops-g3-web][0m[0m
[0m[1mmodule.service["web"].aws_vpc_security_group_ingress_rule.from_alb[0]: Destruction complete after 1s[0m
[0m[1mmodule.service["payments"].aws_vpc_security_group_egress_rule.internet_https[0]: Destroying... [id=sgr-00aa3acfafeaa42b0][0m[0m
[0m[1mmodule.service["pos"].aws_vpc_security_group_egress_rule.in_vpc: Destruction complete after 0s[0m
[0m[1mmodule.service["pos"].aws_ecs_service.this: Destroying... [id=arn:aws:ecs:us-west-1:240462142849:service/devops-g3/devops-g3-pos][0m[0m
[0m[1mmodule.service["payments"].aws_vpc_security_group_egress_rule.internet_https[0]: Destruction complete after 0s[0m
[0m[1mmodule.service["commission"].aws_vpc_security_group_egress_rule.s3_gateway_https: Destroying... [id=sgr-0462ef343ed01f42e][0m[0m
[0m[1mmodule.service["commission"].aws_vpc_security_group_egress_rule.s3_gateway_https: Destruction complete after 1s[0m
[0m[1mmodule.service["commission"].aws_iam_role_policy.task: Destroying... [id=devops-g3-commission-task:service-permissions][0m[0m
[0m[1mmodule.service["commission"].aws_iam_role_policy.task: Destruction complete after 0s[0m
[0m[1mmodule.service["commission"].aws_vpc_security_group_egress_rule.in_vpc: Destroying... [id=sgr-0205217a38128acd4][0m[0m
[0m[1mmodule.service["commission"].aws_vpc_security_group_egress_rule.in_vpc: Destruction complete after 1s[0m
[0m[1mmodule.service["payments"].aws_vpc_security_group_egress_rule.s3_gateway_https: Destroying... [id=sgr-01afcb0d4db7dedb0][0m[0m
[0m[1mmodule.service["payments"].aws_vpc_security_group_egress_rule.s3_gateway_https: Destruction complete after 0s[0m
[0m[1mmodule.service["payments"].aws_vpc_security_group_ingress_rule.from_alb[0]: Destroying... [id=sgr-00805be519595e15a][0m[0m
[0m[1mmodule.service["payments"].aws_vpc_security_group_ingress_rule.from_alb[0]: Destruction complete after 1s[0m
[0m[1mmodule.service["web"].aws_iam_role_policy.task: Destroying... [id=devops-g3-web-task:service-permissions][0m[0m
[0m[1mmodule.network.aws_nat_gateway.this[0]: Still destroying... [id=nat-08182978c9275ca47, 00m30s elapsed][0m[0m
[0m[1mmodule.service["web"].aws_iam_role_policy.task: Destruction complete after 0s[0m
[0m[1mmodule.service["payments"].aws_ecs_service.this: Destroying... [id=arn:aws:ecs:us-west-1:240462142849:service/devops-g3/devops-g3-payments][0m[0m
[0m[1mmodule.network.aws_vpc_endpoint.interface["kms"]: Destruction complete after 2m27s[0m
[0m[1mmodule.service["pos"].aws_vpc_security_group_egress_rule.s3_gateway_https: Destroying... [id=sgr-0bdf5aec4ddbc7890][0m[0m
[0m[1mmodule.network.aws_vpc_endpoint.interface["sqs"]: Destruction complete after 2m58s[0m
[0m[1mmodule.apigw.aws_cloudwatch_log_group.access: Destroying... [id=/devops-g3/apigw][0m[0m
[0m[1mmodule.service["pos"].aws_vpc_security_group_egress_rule.s3_gateway_https: Destruction complete after 0s[0m
[0m[1mmodule.apigw.aws_apigatewayv2_api.this: Destroying... [id=w6m0ja1aic][0m[0m
[0m[1mmodule.apigw.aws_apigatewayv2_vpc_link.this: Destruction complete after 10s[0m
[0m[1mmodule.synthetics_canary.aws_s3_bucket.artifacts: Destroying... [id=devops-g3-synthetics-240462142849][0m[0m
[0m[1mmodule.apigw.aws_apigatewayv2_api.this: Destruction complete after 1s[0m
[0m[1maws_security_group.vpc_link: Destroying... [id=sg-03f2f98922102897c][0m[0m
[0m[1mmodule.apigw.aws_cloudwatch_log_group.access: Destruction complete after 1s[0m
[0m[1maws_security_group.vpc_link: Destruction complete after 2s[0m
[0m[1mmodule.alb.aws_lb.this: Still destroying... [id=arn:aws:elasticloadbalancing:us-west-1:...cer/app/devops-g3-alb/e95b36eadcda1e06, 00m10s elapsed][0m[0m
[0m[1mmodule.network.aws_vpc_endpoint.interface["ecr.dkr"]: Still destroying... [id=vpce-009e491b003411d99, 02m20s elapsed][0m[0m
[0m[1mmodule.service["commission"].aws_ecs_service.this: Still destroying... [id=arn:aws:ecs:us-west-1:240462142849:service/devops-g3/devops-g3-commission, 00m10s elapsed][0m[0m
[0m[1mmodule.service["web"].aws_ecs_service.this: Still destroying... [id=arn:aws:ecs:us-west-1:240462142849:service/devops-g3/devops-g3-web, 00m10s elapsed][0m[0m
[0m[1mmodule.service["pos"].aws_ecs_service.this: Still destroying... [id=arn:aws:ecs:us-west-1:240462142849:service/devops-g3/devops-g3-pos, 00m10s elapsed][0m[0m
[0m[1mmodule.network.aws_nat_gateway.this[0]: Still destroying... [id=nat-08182978c9275ca47, 00m40s elapsed][0m[0m
[0m[1mmodule.service["payments"].aws_ecs_service.this: Still destroying... [id=arn:aws:ecs:us-west-1:240462142849:service/devops-g3/devops-g3-payments, 00m10s elapsed][0m[0m
[0m[1mmodule.alb.aws_lb.this: Destruction complete after 20s[0m
[0m[1mmodule.network.aws_vpc_endpoint.interface["ecr.dkr"]: Still destroying... [id=vpce-009e491b003411d99, 02m30s elapsed][0m[0m
[0m[1mmodule.alb.aws_security_group.this: Destroying... [id=sg-082d68629ef628a7c][0m[0m
[0m[1mmodule.service["web"].aws_ecs_service.this: Still destroying... [id=arn:aws:ecs:us-west-1:240462142849:service/devops-g3/devops-g3-web, 00m20s elapsed][0m[0m
[0m[1mmodule.service["commission"].aws_ecs_service.this: Still destroying... [id=arn:aws:ecs:us-west-1:240462142849:service/devops-g3/devops-g3-commission, 00m20s elapsed][0m[0m
[0m[1mmodule.service["pos"].aws_ecs_service.this: Still destroying... [id=arn:aws:ecs:us-west-1:240462142849:service/devops-g3/devops-g3-pos, 00m20s elapsed][0m[0m
[0m[1mmodule.network.aws_nat_gateway.this[0]: Still destroying... [id=nat-08182978c9275ca47, 00m50s elapsed][0m[0m
[0m[1mmodule.service["payments"].aws_ecs_service.this: Still destroying... [id=arn:aws:ecs:us-west-1:240462142849:service/devops-g3/devops-g3-payments, 00m20s elapsed][0m[0m
[0m[1mmodule.network.aws_vpc_endpoint.interface["ecr.dkr"]: Still destroying... [id=vpce-009e491b003411d99, 02m40s elapsed][0m[0m
[0m[1mmodule.alb.aws_security_group.this: Still destroying... [id=sg-082d68629ef628a7c, 00m10s elapsed][0m[0m
[0m[1mmodule.service["commission"].aws_ecs_service.this: Still destroying... [id=arn:aws:ecs:us-west-1:240462142849:service/devops-g3/devops-g3-commission, 00m30s elapsed][0m[0m
[0m[1mmodule.service["web"].aws_ecs_service.this: Still destroying... [id=arn:aws:ecs:us-west-1:240462142849:service/devops-g3/devops-g3-web, 00m30s elapsed][0m[0m
[0m[1mmodule.alb.aws_security_group.this: Destruction complete after 11s[0m
[0m[1mmodule.service["pos"].aws_ecs_service.this: Still destroying... [id=arn:aws:ecs:us-west-1:240462142849:service/devops-g3/devops-g3-pos, 00m30s elapsed][0m[0m
[0m[1mmodule.network.aws_nat_gateway.this[0]: Still destroying... [id=nat-08182978c9275ca47, 01m00s elapsed][0m[0m
[0m[1mmodule.service["payments"].aws_ecs_service.this: Still destroying... [id=arn:aws:ecs:us-west-1:240462142849:service/devops-g3/devops-g3-payments, 00m30s elapsed][0m[0m
[0m[1mmodule.network.aws_nat_gateway.this[0]: Destruction complete after 1m3s[0m
[0m[1mmodule.network.aws_internet_gateway.this: Destroying... [id=igw-0dba5c136fffec573][0m[0m
[0m[1mmodule.network.aws_subnet.public["us-west-1c"]: Destroying... [id=subnet-067aa00162ebedda1][0m[0m
[0m[1mmodule.network.aws_eip.nat[0]: Destroying... [id=eipalloc-07697e89a453723dd][0m[0m
[0m[1mmodule.network.aws_subnet.public["us-west-1a"]: Destroying... [id=subnet-05555a87ba61db0e7][0m[0m
[0m[1mmodule.network.aws_subnet.public["us-west-1a"]: Destruction complete after 2s[0m
[0m[1mmodule.network.aws_eip.nat[0]: Destruction complete after 2s[0m
[0m[1mmodule.network.aws_internet_gateway.this: Destruction complete after 2s[0m
[0m[1mmodule.network.aws_subnet.public["us-west-1c"]: Destruction complete after 2s[0m
[0m[1mmodule.network.aws_vpc_endpoint.interface["ecr.dkr"]: Still destroying... [id=vpce-009e491b003411d99, 02m50s elapsed][0m[0m
[0m[1mmodule.service["web"].aws_ecs_service.this: Still destroying... [id=arn:aws:ecs:us-west-1:240462142849:service/devops-g3/devops-g3-web, 00m40s elapsed][0m[0m
[0m[1mmodule.service["commission"].aws_ecs_service.this: Still destroying... [id=arn:aws:ecs:us-west-1:240462142849:service/devops-g3/devops-g3-commission, 00m40s elapsed][0m[0m
[0m[1mmodule.service["pos"].aws_ecs_service.this: Still destroying... [id=arn:aws:ecs:us-west-1:240462142849:service/devops-g3/devops-g3-pos, 00m40s elapsed][0m[0m
[0m[1mmodule.service["payments"].aws_ecs_service.this: Still destroying... [id=arn:aws:ecs:us-west-1:240462142849:service/devops-g3/devops-g3-payments, 00m40s elapsed][0m[0m
[0m[1mmodule.network.aws_vpc_endpoint.interface["ecr.dkr"]: Still destroying... [id=vpce-009e491b003411d99, 03m00s elapsed][0m[0m
[0m[1mmodule.service["commission"].aws_ecs_service.this: Still destroying... [id=arn:aws:ecs:us-west-1:240462142849:service/devops-g3/devops-g3-commission, 00m50s elapsed][0m[0m
[0m[1mmodule.service["web"].aws_ecs_service.this: Still destroying... [id=arn:aws:ecs:us-west-1:240462142849:service/devops-g3/devops-g3-web, 00m50s elapsed][0m[0m
[0m[1mmodule.service["pos"].aws_ecs_service.this: Still destroying... [id=arn:aws:ecs:us-west-1:240462142849:service/devops-g3/devops-g3-pos, 00m50s elapsed][0m[0m
[0m[1mmodule.service["payments"].aws_ecs_service.this: Still destroying... [id=arn:aws:ecs:us-west-1:240462142849:service/devops-g3/devops-g3-payments, 00m50s elapsed][0m[0m
[0m[1mmodule.network.aws_vpc_endpoint.interface["ecr.dkr"]: Destruction complete after 3m8s[0m
[0m[1mmodule.network.aws_security_group.vpc_endpoints: Destroying... [id=sg-0e001a493c4d7dc4f][0m[0m
[0m[1mmodule.service["web"].aws_ecs_service.this: Still destroying... [id=arn:aws:ecs:us-west-1:240462142849:service/devops-g3/devops-g3-web, 01m00s elapsed][0m[0m
[0m[1mmodule.service["commission"].aws_ecs_service.this: Still destroying... [id=arn:aws:ecs:us-west-1:240462142849:service/devops-g3/devops-g3-commission, 01m00s elapsed][0m[0m
[0m[1mmodule.service["pos"].aws_ecs_service.this: Still destroying... [id=arn:aws:ecs:us-west-1:240462142849:service/devops-g3/devops-g3-pos, 01m00s elapsed][0m[0m
[0m[1mmodule.network.aws_security_group.vpc_endpoints: Destruction complete after 1s[0m
[0m[1mmodule.service["payments"].aws_ecs_service.this: Still destroying... [id=arn:aws:ecs:us-west-1:240462142849:service/devops-g3/devops-g3-payments, 01m00s elapsed][0m[0m
[0m[1mmodule.service["commission"].aws_ecs_service.this: Still destroying... [id=arn:aws:ecs:us-west-1:240462142849:service/devops-g3/devops-g3-commission, 01m10s elapsed][0m[0m
[0m[1mmodule.service["web"].aws_ecs_service.this: Still destroying... [id=arn:aws:ecs:us-west-1:240462142849:service/devops-g3/devops-g3-web, 01m10s elapsed][0m[0m
[0m[1mmodule.service["pos"].aws_ecs_service.this: Still destroying... [id=arn:aws:ecs:us-west-1:240462142849:service/devops-g3/devops-g3-pos, 01m10s elapsed][0m[0m
[0m[1mmodule.service["payments"].aws_ecs_service.this: Still destroying... [id=arn:aws:ecs:us-west-1:240462142849:service/devops-g3/devops-g3-payments, 01m10s elapsed][0m[0m
[0m[1mmodule.service["commission"].aws_ecs_service.this: Still destroying... [id=arn:aws:ecs:us-west-1:240462142849:service/devops-g3/devops-g3-commission, 01m20s elapsed][0m[0m
[0m[1mmodule.service["web"].aws_ecs_service.this: Still destroying... [id=arn:aws:ecs:us-west-1:240462142849:service/devops-g3/devops-g3-web, 01m20s elapsed][0m[0m
[0m[1mmodule.service["pos"].aws_ecs_service.this: Still destroying... [id=arn:aws:ecs:us-west-1:240462142849:service/devops-g3/devops-g3-pos, 01m20s elapsed][0m[0m
[0m[1mmodule.service["payments"].aws_ecs_service.this: Still destroying... [id=arn:aws:ecs:us-west-1:240462142849:service/devops-g3/devops-g3-payments, 01m20s elapsed][0m[0m
[0m[1mmodule.service["commission"].aws_ecs_service.this: Still destroying... [id=arn:aws:ecs:us-west-1:240462142849:service/devops-g3/devops-g3-commission, 01m30s elapsed][0m[0m
[0m[1mmodule.service["web"].aws_ecs_service.this: Still destroying... [id=arn:aws:ecs:us-west-1:240462142849:service/devops-g3/devops-g3-web, 01m30s elapsed][0m[0m
[0m[1mmodule.service["pos"].aws_ecs_service.this: Still destroying... [id=arn:aws:ecs:us-west-1:240462142849:service/devops-g3/devops-g3-pos, 01m30s elapsed][0m[0m
[0m[1mmodule.service["payments"].aws_ecs_service.this: Still destroying... [id=arn:aws:ecs:us-west-1:240462142849:service/devops-g3/devops-g3-payments, 01m30s elapsed][0m[0m
[0m[1mmodule.service["web"].aws_ecs_service.this: Still destroying... [id=arn:aws:ecs:us-west-1:240462142849:service/devops-g3/devops-g3-web, 01m40s elapsed][0m[0m
[0m[1mmodule.service["commission"].aws_ecs_service.this: Still destroying... [id=arn:aws:ecs:us-west-1:240462142849:service/devops-g3/devops-g3-commission, 01m40s elapsed][0m[0m
[0m[1mmodule.service["pos"].aws_ecs_service.this: Still destroying... [id=arn:aws:ecs:us-west-1:240462142849:service/devops-g3/devops-g3-pos, 01m40s elapsed][0m[0m
[0m[1mmodule.service["payments"].aws_ecs_service.this: Still destroying... [id=arn:aws:ecs:us-west-1:240462142849:service/devops-g3/devops-g3-payments, 01m40s elapsed][0m[0m
[0m[1mmodule.service["commission"].aws_ecs_service.this: Destruction complete after 1m49s[0m
[0m[1mmodule.service["web"].aws_ecs_service.this: Still destroying... [id=arn:aws:ecs:us-west-1:240462142849:service/devops-g3/devops-g3-web, 01m50s elapsed][0m[0m
[0m[1mmodule.service["pos"].aws_ecs_service.this: Still destroying... [id=arn:aws:ecs:us-west-1:240462142849:service/devops-g3/devops-g3-pos, 01m50s elapsed][0m[0m
[0m[1mmodule.service["commission"].aws_security_group.this: Destroying... [id=sg-0720e98de7189082b][0m[0m
[0m[1mmodule.service["commission"].aws_ecs_task_definition.this: Destroying... [id=devops-g3-commission][0m[0m
[0m[1mmodule.service["commission"].aws_ecs_task_definition.this: Destruction complete after 0s[0m
[0m[1mmodule.service["commission"].aws_iam_role.task: Destroying... [id=devops-g3-commission-task][0m[0m
[0m[1mmodule.service["commission"].aws_security_group.this: Destruction complete after 1s[0m
[0m[1mmodule.service["payments"].aws_ecs_service.this: Still destroying... [id=arn:aws:ecs:us-west-1:240462142849:service/devops-g3/devops-g3-payments, 01m50s elapsed][0m[0m
[0m[1mmodule.service["commission"].aws_iam_role.task: Destruction complete after 2s[0m
[0m[1mmodule.service["web"].aws_ecs_service.this: Still destroying... [id=arn:aws:ecs:us-west-1:240462142849:service/devops-g3/devops-g3-web, 02m00s elapsed][0m[0m
[0m[1mmodule.service["pos"].aws_ecs_service.this: Still destroying... [id=arn:aws:ecs:us-west-1:240462142849:service/devops-g3/devops-g3-pos, 02m00s elapsed][0m[0m
[0m[1mmodule.service["payments"].aws_ecs_service.this: Still destroying... [id=arn:aws:ecs:us-west-1:240462142849:service/devops-g3/devops-g3-payments, 02m00s elapsed][0m[0m
[0m[1mmodule.service["web"].aws_ecs_service.this: Still destroying... [id=arn:aws:ecs:us-west-1:240462142849:service/devops-g3/devops-g3-web, 02m10s elapsed][0m[0m
[0m[1mmodule.service["pos"].aws_ecs_service.this: Still destroying... [id=arn:aws:ecs:us-west-1:240462142849:service/devops-g3/devops-g3-pos, 02m10s elapsed][0m[0m
[0m[1mmodule.service["payments"].aws_ecs_service.this: Still destroying... [id=arn:aws:ecs:us-west-1:240462142849:service/devops-g3/devops-g3-payments, 02m10s elapsed][0m[0m
[0m[1mmodule.service["web"].aws_ecs_service.this: Still destroying... [id=arn:aws:ecs:us-west-1:240462142849:service/devops-g3/devops-g3-web, 02m20s elapsed][0m[0m
[0m[1mmodule.service["pos"].aws_ecs_service.this: Still destroying... [id=arn:aws:ecs:us-west-1:240462142849:service/devops-g3/devops-g3-pos, 02m20s elapsed][0m[0m
[0m[1mmodule.service["payments"].aws_ecs_service.this: Still destroying... [id=arn:aws:ecs:us-west-1:240462142849:service/devops-g3/devops-g3-payments, 02m20s elapsed][0m[0m
[0m[1mmodule.service["web"].aws_ecs_service.this: Still destroying... [id=arn:aws:ecs:us-west-1:240462142849:service/devops-g3/devops-g3-web, 02m30s elapsed][0m[0m
[0m[1mmodule.service["pos"].aws_ecs_service.this: Still destroying... [id=arn:aws:ecs:us-west-1:240462142849:service/devops-g3/devops-g3-pos, 02m30s elapsed][0m[0m
[0m[1mmodule.service["payments"].aws_ecs_service.this: Still destroying... [id=arn:aws:ecs:us-west-1:240462142849:service/devops-g3/devops-g3-payments, 02m30s elapsed][0m[0m
[0m[1mmodule.service["web"].aws_ecs_service.this: Still destroying... [id=arn:aws:ecs:us-west-1:240462142849:service/devops-g3/devops-g3-web, 02m40s elapsed][0m[0m
[0m[1mmodule.service["pos"].aws_ecs_service.this: Still destroying... [id=arn:aws:ecs:us-west-1:240462142849:service/devops-g3/devops-g3-pos, 02m40s elapsed][0m[0m
[0m[1mmodule.service["payments"].aws_ecs_service.this: Still destroying... [id=arn:aws:ecs:us-west-1:240462142849:service/devops-g3/devops-g3-payments, 02m40s elapsed][0m[0m
[0m[1mmodule.service["web"].aws_ecs_service.this: Still destroying... [id=arn:aws:ecs:us-west-1:240462142849:service/devops-g3/devops-g3-web, 02m50s elapsed][0m[0m
[0m[1mmodule.service["pos"].aws_ecs_service.this: Still destroying... [id=arn:aws:ecs:us-west-1:240462142849:service/devops-g3/devops-g3-pos, 02m50s elapsed][0m[0m
[0m[1mmodule.service["payments"].aws_ecs_service.this: Still destroying... [id=arn:aws:ecs:us-west-1:240462142849:service/devops-g3/devops-g3-payments, 02m50s elapsed][0m[0m
[0m[1mmodule.service["web"].aws_ecs_service.this: Still destroying... [id=arn:aws:ecs:us-west-1:240462142849:service/devops-g3/devops-g3-web, 03m00s elapsed][0m[0m
[0m[1mmodule.service["pos"].aws_ecs_service.this: Still destroying... [id=arn:aws:ecs:us-west-1:240462142849:service/devops-g3/devops-g3-pos, 03m00s elapsed][0m[0m
[0m[1mmodule.service["payments"].aws_ecs_service.this: Still destroying... [id=arn:aws:ecs:us-west-1:240462142849:service/devops-g3/devops-g3-payments, 03m00s elapsed][0m[0m
[0m[1mmodule.service["web"].aws_ecs_service.this: Still destroying... [id=arn:aws:ecs:us-west-1:240462142849:service/devops-g3/devops-g3-web, 03m10s elapsed][0m[0m
[0m[1mmodule.service["pos"].aws_ecs_service.this: Still destroying... [id=arn:aws:ecs:us-west-1:240462142849:service/devops-g3/devops-g3-pos, 03m10s elapsed][0m[0m
[0m[1mmodule.service["payments"].aws_ecs_service.this: Still destroying... [id=arn:aws:ecs:us-west-1:240462142849:service/devops-g3/devops-g3-payments, 03m10s elapsed][0m[0m
[0m[1mmodule.service["web"].aws_ecs_service.this: Still destroying... [id=arn:aws:ecs:us-west-1:240462142849:service/devops-g3/devops-g3-web, 03m20s elapsed][0m[0m
[0m[1mmodule.service["pos"].aws_ecs_service.this: Still destroying... [id=arn:aws:ecs:us-west-1:240462142849:service/devops-g3/devops-g3-pos, 03m20s elapsed][0m[0m
[0m[1mmodule.service["payments"].aws_ecs_service.this: Still destroying... [id=arn:aws:ecs:us-west-1:240462142849:service/devops-g3/devops-g3-payments, 03m20s elapsed][0m[0m
[0m[1mmodule.service["web"].aws_ecs_service.this: Destruction complete after 3m27s[0m
[0m[1mmodule.service["pos"].aws_ecs_service.this: Still destroying... [id=arn:aws:ecs:us-west-1:240462142849:service/devops-g3/devops-g3-pos, 03m30s elapsed][0m[0m
[0m[1mmodule.service["pos"].aws_ecs_service.this: Destruction complete after 3m31s[0m
[0m[1mmodule.service["payments"].aws_ecs_service.this: Destruction complete after 3m28s[0m
[0m[1mmodule.network.aws_subnet.private_app["us-west-1a"]: Destroying... [id=subnet-07343877e9a03db98][0m[0m
[0m[1mmodule.ecs_platform.aws_ecs_cluster.this: Destroying... [id=arn:aws:ecs:us-west-1:240462142849:cluster/devops-g3][0m[0m
[0m[1mmodule.service["web"].aws_security_group.this: Destroying... [id=sg-0ad16bc17ad21d907][0m[0m
[0m[1mmodule.alb.aws_lb_target_group.this["pos"]: Destroying... [id=arn:aws:elasticloadbalancing:us-west-1:240462142849:targetgroup/devops-g3-pos/54807cdfacc45b38][0m[0m
[0m[1mmodule.service["pos"].aws_security_group.this: Destroying... [id=sg-011cf1096a418ef96][0m[0m
[0m[1mmodule.service["web"].aws_ecs_task_definition.this: Destroying... [id=devops-g3-web][0m[0m
[0m[1mmodule.service["payments"].aws_security_group.this: Destroying... [id=sg-004dbdefe2bcada7b][0m[0m
[0m[1mmodule.alb.aws_lb_target_group.this["payments"]: Destroying... [id=arn:aws:elasticloadbalancing:us-west-1:240462142849:targetgroup/devops-g3-payments/4f23157db9c7a807][0m[0m
[0m[1mmodule.service["pos"].aws_ecs_task_definition.this: Destroying... [id=devops-g3-pos][0m[0m
[0m[1mmodule.service["payments"].aws_ecs_task_definition.this: Destroying... [id=devops-g3-payments][0m[0m
[0m[1mmodule.service["web"].aws_ecs_task_definition.this: Destruction complete after 0s[0m
[0m[1mmodule.ecs_platform.aws_service_discovery_http_namespace.this: Destroying... [id=ns-m3b22vodi4nakqzz][0m[0m
[0m[1mmodule.service["pos"].aws_ecs_task_definition.this: Destruction complete after 0s[0m
[0m[1mmodule.alb.aws_lb_target_group.this["grafana"]: Destroying... [id=arn:aws:elasticloadbalancing:us-west-1:240462142849:targetgroup/devops-g3-grafana/4d5f04b3c7f0712f][0m[0m
[0m[1mmodule.service["payments"].aws_ecs_task_definition.this: Destruction complete after 0s[0m
[0m[1mmodule.alb.aws_lb_target_group.this["web"]: Destroying... [id=arn:aws:elasticloadbalancing:us-west-1:240462142849:targetgroup/devops-g3-web/c6f94e45af05f447][0m[0m
[0m[1mmodule.ecs_platform.aws_ecs_cluster.this: Destruction complete after 0s[0m
[0m[1mmodule.network.aws_subnet.private_app["us-west-1c"]: Destroying... [id=subnet-01cdc84de3b32c135][0m[0m
[0m[1mmodule.alb.aws_lb_target_group.this["pos"]: Destruction complete after 1s[0m
[0m[1mmodule.alb.aws_lb_target_group.this["payments"]: Destruction complete after 1s[0m
[0m[1mmodule.service["pos"].aws_iam_role.task: Destroying... [id=devops-g3-pos-task][0m[0m
[0m[1mmodule.service["web"].aws_iam_role.task: Destroying... [id=devops-g3-web-task][0m[0m
[0m[1mmodule.alb.aws_lb_target_group.this["grafana"]: Destruction complete after 1s[0m
[0m[1mmodule.ecs_platform.aws_ecr_repository.service["web"]: Destroying... [id=devops-g3/web][0m[0m
[0m[1mmodule.alb.aws_lb_target_group.this["web"]: Destruction complete after 1s[0m
[0m[1maws_ecr_repository.adot: Destroying... [id=devops-g3/adot][0m[0m
[0m[1mmodule.network.aws_subnet.private_app["us-west-1a"]: Destruction complete after 2s[0m
[0m[1mmodule.amp.aws_prometheus_workspace.this: Destroying... [id=ws-40261a89-bf51-45ee-a25b-e5fdfa21b69d][0m[0m
[0m[1mmodule.service["payments"].aws_security_group.this: Destruction complete after 2s[0m
[0m[1mmodule.ecs_platform.aws_ecr_repository.service["pos"]: Destroying... [id=devops-g3/pos][0m[0m
[0m[1mmodule.service["pos"].aws_security_group.this: Destruction complete after 2s[0m
[0m[1mmodule.service["web"].aws_security_group.this: Destruction complete after 2s[0m
[0m[1mmodule.messaging.aws_sqs_queue.main["reconciliation"]: Destroying... [id=https://sqs.us-west-1.amazonaws.com/240462142849/devops-g3-reconciliation][0m[0m
[0m[1mmodule.rds.aws_db_proxy.this: Destroying... [id=devops-g3-db-proxy][0m[0m
[0m[1mmodule.network.aws_subnet.private_app["us-west-1c"]: Destruction complete after 2s[0m
[0m[1mmodule.ecs_platform.aws_cloudwatch_log_group.service["web"]: Destroying... [id=/devops-g3/web][0m[0m
[0m[1mmodule.redis.aws_elasticache_replication_group.this: Destroying... [id=devops-g3-cache][0m[0m
[0m[1mmodule.ecs_platform.aws_iam_role.task_execution: Destroying... [id=devops-g3-exec][0m[0m
[0m[1mmodule.ecs_platform.aws_cloudwatch_log_group.service["pos"]: Destroying... [id=/devops-g3/pos][0m[0m
[0m[1mmodule.service["web"].aws_iam_role.task: Destruction complete after 2s[0m
[0m[1mmodule.service["pos"].aws_iam_role.task: Destruction complete after 2s[0m
[0m[1mmodule.ecs_platform.aws_cloudwatch_log_group.service["payments"]: Destroying... [id=/devops-g3/payments][0m[0m
[0m[1mmodule.messaging.aws_sqs_queue.main["payout"]: Destroying... [id=https://sqs.us-west-1.amazonaws.com/240462142849/devops-g3-payout][0m[0m
[0m[1mmodule.amp.aws_prometheus_workspace.this: Destruction complete after 1s[0m
[0m[1mmodule.ecs_platform.aws_ecr_repository.service["payments"]: Destroying... [id=devops-g3/payments][0m[0m
[0m[1mmodule.ecs_platform.aws_cloudwatch_log_group.service["web"]: Destruction complete after 2s[0m
[0m[1mmodule.ecs_platform.aws_ecr_repository.service["commission"]: Destroying... [id=devops-g3/commission][0m[0m
[0m[1mmodule.ecs_platform.aws_cloudwatch_log_group.service["commission"]: Destroying... [id=/devops-g3/commission][0m[0m
[0m[1mmodule.ecs_platform.aws_cloudwatch_log_group.service["pos"]: Destruction complete after 1s[0m
[0m[1mmodule.service["payments"].aws_iam_role.task: Destroying... [id=devops-g3-payments-task][0m[0m
[0m[1mmodule.ecs_platform.aws_cloudwatch_log_group.exec: Destroying... [id=/devops-g3/ecs-exec][0m[0m
[0m[1mmodule.ecs_platform.aws_cloudwatch_log_group.service["payments"]: Destruction complete after 1s[0m
[0m[1mmodule.storage.aws_s3_bucket_versioning.this["evidence"]: Destroying... [id=devops-g3-evidence-240462142849][0m[0m
[0m[1mmodule.ecs_platform.aws_iam_role.task_execution: Destruction complete after 1s[0m
[0m[1mmodule.storage.aws_s3_bucket_lifecycle_configuration.this["logs"]: Destroying... [id=devops-g3-logs-240462142849][0m[0m
[0m[1mmodule.ecs_platform.aws_cloudwatch_log_group.service["commission"]: Destruction complete after 0s[0m
[0m[1mmodule.storage.aws_s3_bucket_server_side_encryption_configuration.this["evidence"]: Destroying... [id=devops-g3-evidence-240462142849][0m[0m
[0m[1mmodule.ecs_platform.aws_cloudwatch_log_group.exec: Destruction complete after 0s[0m
[0m[1mmodule.storage.aws_s3_bucket_server_side_encryption_configuration.this["logs"]: Destroying... [id=devops-g3-logs-240462142849][0m[0m
[0m[1mmodule.service["payments"].aws_iam_role.task: Destruction complete after 1s[0m
[0m[1mmodule.storage.aws_s3_bucket_policy.this["backups"]: Destroying... [id=devops-g3-backups-240462142849][0m[0m
[0m[1mmodule.storage.aws_s3_bucket_server_side_encryption_configuration.this["evidence"]: Destruction complete after 1s[0m
[0m[1mmodule.storage.aws_s3_bucket_server_side_encryption_configuration.this["alb-logs"]: Destroying... [id=devops-g3-alb-logs-240462142849][0m[0m
[0m[1mmodule.storage.aws_s3_bucket_server_side_encryption_configuration.this["logs"]: Destruction complete after 1s[0m
[0m[1mmodule.storage.aws_s3_bucket_server_side_encryption_configuration.this["artifacts"]: Destroying... [id=devops-g3-artifacts-240462142849][0m[0m
[0m[1mmodule.storage.aws_s3_bucket_versioning.this["evidence"]: Destruction complete after 2s[0m
[0m[1mmodule.storage.aws_s3_bucket_versioning.this["backups"]: Destroying... [id=devops-g3-backups-240462142849][0m[0m
[0m[1mmodule.storage.aws_s3_bucket_lifecycle_configuration.this["logs"]: Destruction complete after 2s[0m
[0m[1mmodule.storage.aws_s3_bucket_lifecycle_configuration.this["backups"]: Destroying... [id=devops-g3-backups-240462142849][0m[0m
[0m[1mmodule.storage.aws_s3_bucket_server_side_encryption_configuration.this["alb-logs"]: Destruction complete after 2s[0m
[0m[1mmodule.storage.aws_s3_bucket_versioning.this["alb-logs"]: Destroying... [id=devops-g3-alb-logs-240462142849][0m[0m
[0m[1mmodule.storage.aws_s3_bucket_policy.this["backups"]: Destruction complete after 2s[0m
[0m[1mmodule.storage.aws_s3_bucket_policy.this["logs"]: Destroying... [id=devops-g3-logs-240462142849][0m[0m
[0m[1mmodule.storage.aws_s3_bucket_versioning.this["backups"]: Destruction complete after 1s[0m
[0m[1mmodule.storage.aws_s3_bucket_lifecycle_configuration.this["artifacts"]: Destroying... [id=devops-g3-artifacts-240462142849][0m[0m
[0m[1mmodule.storage.aws_s3_bucket_server_side_encryption_configuration.this["artifacts"]: Destruction complete after 2s[0m
[0m[1mmodule.storage.aws_s3_bucket_policy.this["artifacts"]: Destroying... [id=devops-g3-artifacts-240462142849][0m[0m
[0m[1mmodule.storage.aws_s3_bucket_versioning.this["alb-logs"]: Destruction complete after 0s[0m
[0m[1mmodule.storage.aws_s3_bucket_policy.this["alb-logs"]: Destroying... [id=devops-g3-alb-logs-240462142849][0m[0m
[0m[1mmodule.storage.aws_s3_bucket_lifecycle_configuration.this["backups"]: Destruction complete after 1s[0m
[0m[1mmodule.storage.aws_s3_bucket_server_side_encryption_configuration.this["backups"]: Destroying... [id=devops-g3-backups-240462142849][0m[0m
[0m[1mmodule.storage.aws_s3_bucket_policy.this["logs"]: Destruction complete after 0s[0m
[0m[1mmodule.storage.aws_s3_bucket_versioning.this["artifacts"]: Destroying... [id=devops-g3-artifacts-240462142849][0m[0m
[0m[1mmodule.storage.aws_s3_bucket_lifecycle_configuration.this["artifacts"]: Destruction complete after 1s[0m
[0m[1mmodule.storage.aws_s3_bucket_lifecycle_configuration.this["alb-logs"]: Destroying... [id=devops-g3-alb-logs-240462142849][0m[0m
[0m[1mmodule.storage.aws_s3_bucket_policy.this["alb-logs"]: Destruction complete after 1s[0m
[0m[1mmodule.storage.aws_s3_bucket_policy.this["evidence"]: Destroying... [id=devops-g3-evidence-240462142849][0m[0m
[0m[1mmodule.storage.aws_s3_bucket_server_side_encryption_configuration.this["backups"]: Destruction complete after 1s[0m
[0m[1mmodule.storage.aws_s3_bucket_versioning.this["logs"]: Destroying... [id=devops-g3-logs-240462142849][0m[0m
[0m[1mmodule.storage.aws_s3_bucket_versioning.this["artifacts"]: Destruction complete after 1s[0m
[0m[1mmodule.storage.aws_s3_bucket_policy.this["artifacts"]: Destruction complete after 1s[0m
[0m[1mmodule.storage.aws_s3_bucket_versioning.this["logs"]: Destruction complete after 0s[0m
[0m[1mmodule.storage.aws_s3_bucket_policy.this["evidence"]: Destruction complete after 1s[0m
[0m[1mmodule.storage.aws_s3_bucket_public_access_block.this["alb-logs"]: Destroying... [id=devops-g3-alb-logs-240462142849][0m[0m
[0m[1mmodule.storage.aws_s3_bucket_public_access_block.this["logs"]: Destroying... [id=devops-g3-logs-240462142849][0m[0m
[0m[1mmodule.storage.aws_s3_bucket_public_access_block.this["backups"]: Destroying... [id=devops-g3-backups-240462142849][0m[0m
[0m[1mmodule.storage.aws_s3_bucket_public_access_block.this["evidence"]: Destroying... [id=devops-g3-evidence-240462142849][0m[0m
[0m[1mmodule.storage.aws_s3_bucket_lifecycle_configuration.this["alb-logs"]: Destruction complete after 1s[0m
[0m[1mmodule.storage.aws_s3_bucket_public_access_block.this["artifacts"]: Destroying... [id=devops-g3-artifacts-240462142849][0m[0m
[0m[1mmodule.storage.aws_s3_bucket_public_access_block.this["artifacts"]: Destruction complete after 0s[0m
[0m[1mmodule.storage.aws_s3_bucket_public_access_block.this["evidence"]: Destruction complete after 0s[0m
[0m[1mmodule.storage.aws_s3_bucket_public_access_block.this["alb-logs"]: Destruction complete after 0s[0m
[0m[1mmodule.storage.aws_s3_bucket_public_access_block.this["backups"]: Destruction complete after 0s[0m
[0m[1mmodule.storage.aws_s3_bucket_public_access_block.this["logs"]: Destruction complete after 0s[0m
[0m[1mmodule.storage.aws_s3_bucket.this["logs"]: Destroying... [id=devops-g3-logs-240462142849][0m[0m
[0m[1mmodule.storage.aws_s3_bucket.this["alb-logs"]: Destroying... [id=devops-g3-alb-logs-240462142849][0m[0m
[0m[1mmodule.storage.aws_s3_bucket.this["evidence"]: Destroying... [id=devops-g3-evidence-240462142849][0m[0m
[0m[1mmodule.storage.aws_s3_bucket.this["artifacts"]: Destroying... [id=devops-g3-artifacts-240462142849][0m[0m
[0m[1mmodule.storage.aws_s3_bucket.this["backups"]: Destroying... [id=devops-g3-backups-240462142849][0m[0m
[0m[1mmodule.ecs_platform.aws_service_discovery_http_namespace.this: Still destroying... [id=ns-m3b22vodi4nakqzz, 00m10s elapsed][0m[0m
[0m[1mmodule.storage.aws_s3_bucket.this["backups"]: Destruction complete after 1s[0m
[0m[1mmodule.storage.aws_s3_bucket.this["logs"]: Destruction complete after 1s[0m
[0m[1mmodule.storage.aws_s3_bucket.this["evidence"]: Destruction complete after 1s[0m
[0m[1mmodule.rds.aws_db_proxy.this: Still destroying... [id=devops-g3-db-proxy, 00m10s elapsed][0m[0m
[0m[1mmodule.messaging.aws_sqs_queue.main["reconciliation"]: Still destroying... [id=https://sqs.us-west-1.amazonaws.com/240462142849/devops-g3-reconciliation, 00m10s elapsed][0m[0m
[0m[1mmodule.redis.aws_elasticache_replication_group.this: Still destroying... [id=devops-g3-cache, 00m10s elapsed][0m[0m
[0m[1mmodule.messaging.aws_sqs_queue.main["payout"]: Still destroying... [id=https://sqs.us-west-1.amazonaws.com/240462142849/devops-g3-payout, 00m10s elapsed][0m[0m
[0m[1mmodule.storage.aws_s3_bucket.this["artifacts"]: Destruction complete after 5s[0m
[0m[1mmodule.storage.aws_s3_bucket.this["alb-logs"]: Destruction complete after 5s[0m
[0m[1mmodule.ecs_platform.aws_service_discovery_http_namespace.this: Still destroying... [id=ns-m3b22vodi4nakqzz, 00m20s elapsed][0m[0m
[0m[1mmodule.messaging.aws_sqs_queue.main["reconciliation"]: Still destroying... [id=https://sqs.us-west-1.amazonaws.com/240462142849/devops-g3-reconciliation, 00m20s elapsed][0m[0m
[0m[1mmodule.rds.aws_db_proxy.this: Still destroying... [id=devops-g3-db-proxy, 00m20s elapsed][0m[0m
[0m[1mmodule.redis.aws_elasticache_replication_group.this: Still destroying... [id=devops-g3-cache, 00m20s elapsed][0m[0m
[0m[1mmodule.messaging.aws_sqs_queue.main["payout"]: Still destroying... [id=https://sqs.us-west-1.amazonaws.com/240462142849/devops-g3-payout, 00m20s elapsed][0m[0m
[0m[1mmodule.ecs_platform.aws_service_discovery_http_namespace.this: Still destroying... [id=ns-m3b22vodi4nakqzz, 00m30s elapsed][0m[0m
[0m[1mmodule.rds.aws_db_proxy.this: Still destroying... [id=devops-g3-db-proxy, 00m30s elapsed][0m[0m
[0m[1mmodule.messaging.aws_sqs_queue.main["reconciliation"]: Still destroying... [id=https://sqs.us-west-1.amazonaws.com/240462142849/devops-g3-reconciliation, 00m30s elapsed][0m[0m
[0m[1mmodule.redis.aws_elasticache_replication_group.this: Still destroying... [id=devops-g3-cache, 00m30s elapsed][0m[0m
[0m[1mmodule.messaging.aws_sqs_queue.main["payout"]: Still destroying... [id=https://sqs.us-west-1.amazonaws.com/240462142849/devops-g3-payout, 00m30s elapsed][0m[0m
[0m[1mmodule.ecs_platform.aws_service_discovery_http_namespace.this: Still destroying... [id=ns-m3b22vodi4nakqzz, 00m40s elapsed][0m[0m
[0m[1mmodule.messaging.aws_sqs_queue.main["reconciliation"]: Still destroying... [id=https://sqs.us-west-1.amazonaws.com/240462142849/devops-g3-reconciliation, 00m40s elapsed][0m[0m
[0m[1mmodule.rds.aws_db_proxy.this: Still destroying... [id=devops-g3-db-proxy, 00m40s elapsed][0m[0m
[0m[1mmodule.redis.aws_elasticache_replication_group.this: Still destroying... [id=devops-g3-cache, 00m40s elapsed][0m[0m
[0m[1mmodule.messaging.aws_sqs_queue.main["payout"]: Still destroying... [id=https://sqs.us-west-1.amazonaws.com/240462142849/devops-g3-payout, 00m40s elapsed][0m[0m
[0m[1mmodule.ecs_platform.aws_service_discovery_http_namespace.this: Destruction complete after 47s[0m
[0m[1mmodule.messaging.aws_sqs_queue.main["reconciliation"]: Destruction complete after 48s[0m
[0m[1mmodule.messaging.aws_sqs_queue.main["payout"]: Destruction complete after 47s[0m
[0m[1mmodule.messaging.aws_sqs_queue.dlq["payout"]: Destroying... [id=https://sqs.us-west-1.amazonaws.com/240462142849/devops-g3-payout-dlq][0m[0m
[0m[1mmodule.messaging.aws_sqs_queue.dlq["reconciliation"]: Destroying... [id=https://sqs.us-west-1.amazonaws.com/240462142849/devops-g3-reconciliation-dlq][0m[0m
[0m[1mmodule.rds.aws_db_proxy.this: Still destroying... [id=devops-g3-db-proxy, 00m50s elapsed][0m[0m
[0m[1mmodule.redis.aws_elasticache_replication_group.this: Still destroying... [id=devops-g3-cache, 00m50s elapsed][0m[0m
[0m[1mmodule.messaging.aws_sqs_queue.dlq["payout"]: Still destroying... [id=https://sqs.us-west-1.amazonaws.com/240462142849/devops-g3-payout-dlq, 00m10s elapsed][0m[0m
[0m[1mmodule.messaging.aws_sqs_queue.dlq["reconciliation"]: Still destroying... [id=https://sqs.us-west-1.amazonaws.com/240462142849/devops-g3-reconciliation-dlq, 00m10s elapsed][0m[0m
[0m[1mmodule.rds.aws_db_proxy.this: Still destroying... [id=devops-g3-db-proxy, 01m00s elapsed][0m[0m
[0m[1mmodule.redis.aws_elasticache_replication_group.this: Still destroying... [id=devops-g3-cache, 01m00s elapsed][0m[0m
[0m[1mmodule.messaging.aws_sqs_queue.dlq["payout"]: Still destroying... [id=https://sqs.us-west-1.amazonaws.com/240462142849/devops-g3-payout-dlq, 00m20s elapsed][0m[0m
[0m[1mmodule.messaging.aws_sqs_queue.dlq["reconciliation"]: Still destroying... [id=https://sqs.us-west-1.amazonaws.com/240462142849/devops-g3-reconciliation-dlq, 00m20s elapsed][0m[0m
[0m[1mmodule.rds.aws_db_proxy.this: Still destroying... [id=devops-g3-db-proxy, 01m10s elapsed][0m[0m
[0m[1mmodule.redis.aws_elasticache_replication_group.this: Still destroying... [id=devops-g3-cache, 01m10s elapsed][0m[0m
[0m[1mmodule.messaging.aws_sqs_queue.dlq["payout"]: Still destroying... [id=https://sqs.us-west-1.amazonaws.com/240462142849/devops-g3-payout-dlq, 00m30s elapsed][0m[0m
[0m[1mmodule.messaging.aws_sqs_queue.dlq["reconciliation"]: Still destroying... [id=https://sqs.us-west-1.amazonaws.com/240462142849/devops-g3-reconciliation-dlq, 00m30s elapsed][0m[0m
[0m[1mmodule.rds.aws_db_proxy.this: Still destroying... [id=devops-g3-db-proxy, 01m20s elapsed][0m[0m
[0m[1mmodule.redis.aws_elasticache_replication_group.this: Still destroying... [id=devops-g3-cache, 01m20s elapsed][0m[0m
[0m[1mmodule.messaging.aws_sqs_queue.dlq["reconciliation"]: Still destroying... [id=https://sqs.us-west-1.amazonaws.com/240462142849/devops-g3-reconciliation-dlq, 00m40s elapsed][0m[0m
[0m[1mmodule.messaging.aws_sqs_queue.dlq["payout"]: Still destroying... [id=https://sqs.us-west-1.amazonaws.com/240462142849/devops-g3-payout-dlq, 00m40s elapsed][0m[0m
[0m[1mmodule.rds.aws_db_proxy.this: Still destroying... [id=devops-g3-db-proxy, 01m30s elapsed][0m[0m
[0m[1mmodule.redis.aws_elasticache_replication_group.this: Still destroying... [id=devops-g3-cache, 01m30s elapsed][0m[0m
[0m[1mmodule.messaging.aws_sqs_queue.dlq["payout"]: Destruction complete after 47s[0m
[0m[1mmodule.messaging.aws_sqs_queue.dlq["reconciliation"]: Destruction complete after 49s[0m
[0m[1mmodule.rds.aws_db_proxy.this: Still destroying... [id=devops-g3-db-proxy, 01m40s elapsed][0m[0m
[0m[1mmodule.redis.aws_elasticache_replication_group.this: Still destroying... [id=devops-g3-cache, 01m40s elapsed][0m[0m
[0m[1mmodule.rds.aws_db_proxy.this: Still destroying... [id=devops-g3-db-proxy, 01m50s elapsed][0m[0m
[0m[1mmodule.redis.aws_elasticache_replication_group.this: Still destroying... [id=devops-g3-cache, 01m50s elapsed][0m[0m
[0m[1mmodule.rds.aws_db_proxy.this: Still destroying... [id=devops-g3-db-proxy, 02m00s elapsed][0m[0m
[0m[1mmodule.redis.aws_elasticache_replication_group.this: Still destroying... [id=devops-g3-cache, 02m00s elapsed][0m[0m
[0m[1mmodule.rds.aws_db_proxy.this: Still destroying... [id=devops-g3-db-proxy, 02m10s elapsed][0m[0m
[0m[1mmodule.redis.aws_elasticache_replication_group.this: Still destroying... [id=devops-g3-cache, 02m10s elapsed][0m[0m
[0m[1mmodule.rds.aws_db_proxy.this: Still destroying... [id=devops-g3-db-proxy, 02m20s elapsed][0m[0m
[0m[1mmodule.redis.aws_elasticache_replication_group.this: Still destroying... [id=devops-g3-cache, 02m21s elapsed][0m[0m
[0m[1mmodule.rds.aws_db_proxy.this: Still destroying... [id=devops-g3-db-proxy, 02m30s elapsed][0m[0m
[0m[1mmodule.redis.aws_elasticache_replication_group.this: Still destroying... [id=devops-g3-cache, 02m31s elapsed][0m[0m
[0m[1mmodule.rds.aws_db_proxy.this: Still destroying... [id=devops-g3-db-proxy, 02m40s elapsed][0m[0m
[0m[1mmodule.redis.aws_elasticache_replication_group.this: Still destroying... [id=devops-g3-cache, 02m41s elapsed][0m[0m
[0m[1mmodule.rds.aws_db_proxy.this: Still destroying... [id=devops-g3-db-proxy, 02m50s elapsed][0m[0m
[0m[1mmodule.redis.aws_elasticache_replication_group.this: Still destroying... [id=devops-g3-cache, 02m51s elapsed][0m[0m
[0m[1mmodule.rds.aws_db_proxy.this: Still destroying... [id=devops-g3-db-proxy, 03m00s elapsed][0m[0m
[0m[1mmodule.redis.aws_elasticache_replication_group.this: Still destroying... [id=devops-g3-cache, 03m01s elapsed][0m[0m
[0m[1mmodule.rds.aws_db_proxy.this: Still destroying... [id=devops-g3-db-proxy, 03m10s elapsed][0m[0m
[0m[1mmodule.redis.aws_elasticache_replication_group.this: Still destroying... [id=devops-g3-cache, 03m11s elapsed][0m[0m
[0m[1mmodule.rds.aws_db_proxy.this: Still destroying... [id=devops-g3-db-proxy, 03m20s elapsed][0m[0m
[0m[1mmodule.redis.aws_elasticache_replication_group.this: Still destroying... [id=devops-g3-cache, 03m21s elapsed][0m[0m
[0m[1mmodule.rds.aws_db_proxy.this: Still destroying... [id=devops-g3-db-proxy, 03m30s elapsed][0m[0m
[0m[1mmodule.redis.aws_elasticache_replication_group.this: Still destroying... [id=devops-g3-cache, 03m31s elapsed][0m[0m
[0m[1mmodule.rds.aws_db_proxy.this: Still destroying... [id=devops-g3-db-proxy, 03m40s elapsed][0m[0m
[0m[1mmodule.redis.aws_elasticache_replication_group.this: Still destroying... [id=devops-g3-cache, 03m41s elapsed][0m[0m
[0m[1mmodule.rds.aws_db_proxy.this: Still destroying... [id=devops-g3-db-proxy, 03m50s elapsed][0m[0m
[0m[1mmodule.redis.aws_elasticache_replication_group.this: Still destroying... [id=devops-g3-cache, 03m51s elapsed][0m[0m
[0m[1mmodule.rds.aws_db_proxy.this: Still destroying... [id=devops-g3-db-proxy, 04m00s elapsed][0m[0m
[0m[1mmodule.redis.aws_elasticache_replication_group.this: Still destroying... [id=devops-g3-cache, 04m01s elapsed][0m[0m
[0m[1mmodule.rds.aws_db_proxy.this: Still destroying... [id=devops-g3-db-proxy, 04m10s elapsed][0m[0m
[0m[1mmodule.redis.aws_elasticache_replication_group.this: Still destroying... [id=devops-g3-cache, 04m11s elapsed][0m[0m
[0m[1mmodule.rds.aws_db_proxy.this: Destruction complete after 4m15s[0m
[0m[1mmodule.secrets.aws_secretsmanager_secret.this["db-proxy-payments"]: Destroying... [id=arn:aws:secretsmanager:us-west-1:240462142849:secret:devops-g3/db-proxy-payments-H5SL8D][0m[0m
[0m[1mmodule.secrets.aws_secretsmanager_secret.this["db"]: Destroying... [id=arn:aws:secretsmanager:us-west-1:240462142849:secret:devops-g3/db-I364XC][0m[0m
[0m[1mmodule.secrets.aws_secretsmanager_secret.this["daraja"]: Destroying... [id=arn:aws:secretsmanager:us-west-1:240462142849:secret:devops-g3/daraja-vDnR06][0m[0m
[0m[1mmodule.secrets.aws_secretsmanager_secret.this["db-proxy-pos"]: Destroying... [id=arn:aws:secretsmanager:us-west-1:240462142849:secret:devops-g3/db-proxy-pos-L7bCoD][0m[0m
[0m[1mmodule.rds.aws_iam_role.proxy: Destroying... [id=devops-g3-db-proxy][0m[0m
[0m[1mmodule.secrets.aws_secretsmanager_secret.this["grafana-admin"]: Destroying... [id=arn:aws:secretsmanager:us-west-1:240462142849:secret:devops-g3/grafana-admin-T5XvCb][0m[0m
[0m[1mmodule.secrets.aws_secretsmanager_secret.this["db-proxy-web"]: Destroying... [id=arn:aws:secretsmanager:us-west-1:240462142849:secret:devops-g3/db-proxy-web-1bqHbE][0m[0m
[0m[1mmodule.rds.aws_security_group.proxy: Destroying... [id=sg-0db8e5e404f8ec7f6][0m[0m
[0m[1mmodule.rds.aws_db_instance.this: Destroying... [id=db-HVAO22PELES7QNEKGW52V6XV2E][0m[0m
[0m[1mmodule.secrets.aws_secretsmanager_secret.this["db"]: Destruction complete after 1s[0m
[0m[1mmodule.secrets.aws_secretsmanager_secret.this["db-proxy-commission"]: Destroying... [id=arn:aws:secretsmanager:us-west-1:240462142849:secret:devops-g3/db-proxy-commission-O3w8qA][0m[0m
[0m[1mmodule.secrets.aws_secretsmanager_secret.this["grafana-admin"]: Destruction complete after 1s[0m
[0m[1mmodule.secrets.aws_secretsmanager_secret.this["slack-webhook"]: Destroying... [id=arn:aws:secretsmanager:us-west-1:240462142849:secret:devops-g3/slack-webhook-eunYoR][0m[0m
[0m[1mmodule.secrets.aws_secretsmanager_secret.this["daraja"]: Destruction complete after 1s[0m
[0m[1mmodule.secrets.aws_secretsmanager_secret.this["db-proxy-pos"]: Destruction complete after 1s[0m
[0m[1mmodule.secrets.aws_secretsmanager_secret.this["db-proxy-web"]: Destruction complete after 1s[0m
[0m[1mmodule.secrets.aws_secretsmanager_secret.this["db-proxy-payments"]: Destruction complete after 1s[0m
[0m[1mmodule.rds.aws_iam_role.proxy: Destruction complete after 2s[0m
[0m[1mmodule.secrets.aws_secretsmanager_secret.this["db-proxy-commission"]: Destruction complete after 1s[0m
[0m[1mmodule.secrets.aws_secretsmanager_secret.this["slack-webhook"]: Destruction complete after 1s[0m
[0m[1mmodule.rds.aws_security_group.proxy: Destruction complete after 2s[0m
[0m[1mmodule.redis.aws_elasticache_replication_group.this: Still destroying... [id=devops-g3-cache, 04m21s elapsed][0m[0m
[0m[1mmodule.redis.aws_elasticache_replication_group.this: Destruction complete after 4m21s[0m
[0m[1mmodule.redis.aws_elasticache_subnet_group.this: Destroying... [id=devops-g3-cache][0m[0m
[0m[1mmodule.redis.aws_security_group.this: Destroying... [id=sg-00904884e45b5128c][0m[0m
[0m[1mmodule.redis.aws_elasticache_subnet_group.this: Destruction complete after 1s[0m
[0m[1mmodule.redis.aws_security_group.this: Destruction complete after 3s[0m
[0m[1mmodule.rds.aws_db_instance.this: Still destroying... [id=db-HVAO22PELES7QNEKGW52V6XV2E, 00m10s elapsed][0m[0m
