[0m[1mInitializing the backend...[0m

[0m[1mInitializing modules...[0m

[0m[1mInitializing provider plugins...[0m
- Reusing previous version of hashicorp/archive from the dependency lock file
- Reusing previous version of hashicorp/aws from the dependency lock file
- Using previously-installed hashicorp/archive v2.8.1
- Using previously-installed hashicorp/aws v6.63.0


[33m╷[0m[0m
[33m│[0m [0m[1m[33mWarning: [0m[0m[1mDeprecated Parameter[0m
[33m│[0m [0m
[33m│[0m [0m[0mThe parameter "dynamodb_table" is deprecated. Use parameter "use_lockfile"
[33m│[0m [0minstead.
[33m╵[0m[0m
[0m[1m[32mTerraform has been successfully initialized![0m[32m[0m
[0m[32m
You may now begin working with Terraform. Try running "terraform plan" to see
any changes that are required for your infrastructure. All Terraform commands
should now work.

If you ever set or change modules or backend configuration for Terraform,
rerun this command to reinitialize your working directory. If you forget, other
commands will detect it and remind you to do so if necessary.[0m
[32m[1mSuccess![0m The configuration is valid.
[0m
tests/architecture.tftest.hcl... [37min progress[0m
[0m  run "architecture_contracts"... [32mpass[0m[0m
  run "accepted_risk_guards"... [32mpass[0m[0m
  run "rejects_latest_tag"... [32mpass[0m[0m
  run "rejects_three_azs"... [32mpass[0m[0m
  run "rejects_fake_adapter_in_deployed_env"... [32mpass[0m[0m
tests/architecture.tftest.hcl... [37mtearing down[0m
[0mtests/architecture.tftest.hcl... [32mpass[0m[0m

[32mSuccess![0m[0m 5 passed, 0 failed.
image web: tag=REPLACE_ME digest=unset
image pos: tag=REPLACE_ME digest=unset
image payments: tag=REPLACE_ME digest=unset
image commission: tag=REPLACE_ME digest=unset
[33m╷[0m[0m
[33m│[0m [0m[1m[33mWarning: [0m[0m[1mDeprecated Parameter[0m
[33m│[0m [0m
[33m│[0m [0m[0mThe parameter "dynamodb_table" is deprecated. Use parameter "use_lockfile"
[33m│[0m [0minstead.
[33m╵[0m[0m
Acquiring state lock. This may take a few moments...
[0m[1mmodule.synthetics_canary.data.archive_file.canary_zip: Reading...[0m[0m
[0m[1mmodule.synthetics_canary.data.archive_file.canary_zip: Read complete after 0s [id=7d9647224ccadb371a9a9eae5e6a4765db03b395][0m
[0m[1mmodule.db_bootstrap.data.aws_iam_policy_document.assume: Reading...[0m[0m
[0m[1mmodule.synthetics_canary.data.aws_iam_policy_document.canary_assume: Reading...[0m[0m
[0m[1mmodule.network.data.aws_iam_policy_document.flow_logs_assume: Reading...[0m[0m
[0m[1mmodule.grafana.data.aws_prefix_list.s3: Reading...[0m[0m
[0m[1mmodule.network.data.aws_iam_policy_document.flow_logs_assume: Read complete after 0s [id=2717921857][0m
[0m[1mmodule.db_bootstrap.data.aws_iam_policy_document.assume: Read complete after 0s [id=1229436035][0m
[0m[1mmodule.synthetics_canary.data.aws_iam_policy_document.canary_assume: Read complete after 0s [id=2690255455][0m
[0m[1mmodule.secrets.aws_secretsmanager_secret.this["db-proxy-pos"]: Refreshing state... [id=arn:aws:secretsmanager:us-west-1:240462142849:secret:devops-g3/db-proxy-pos-L7bCoD][0m
[0m[1mmodule.secrets.aws_secretsmanager_secret.this["db-proxy-payments"]: Refreshing state... [id=arn:aws:secretsmanager:us-west-1:240462142849:secret:devops-g3/db-proxy-payments-H5SL8D][0m
[0m[1mmodule.secrets.aws_secretsmanager_secret.this["slack-webhook"]: Refreshing state... [id=arn:aws:secretsmanager:us-west-1:240462142849:secret:devops-g3/slack-webhook-eunYoR][0m
[0m[1mmodule.secrets.aws_secretsmanager_secret.this["db"]: Refreshing state... [id=arn:aws:secretsmanager:us-west-1:240462142849:secret:devops-g3/db-I364XC][0m
[0m[1mmodule.secrets.aws_secretsmanager_secret.this["db-proxy-commission"]: Refreshing state... [id=arn:aws:secretsmanager:us-west-1:240462142849:secret:devops-g3/db-proxy-commission-O3w8qA][0m
[0m[1mmodule.secrets.aws_secretsmanager_secret.this["db-proxy-web"]: Refreshing state... [id=arn:aws:secretsmanager:us-west-1:240462142849:secret:devops-g3/db-proxy-web-1bqHbE][0m
[0m[1mmodule.secrets.aws_secretsmanager_secret.this["daraja"]: Refreshing state... [id=arn:aws:secretsmanager:us-west-1:240462142849:secret:devops-g3/daraja-vDnR06][0m
[0m[1mmodule.secrets.aws_secretsmanager_secret.this["grafana-admin"]: Refreshing state... [id=arn:aws:secretsmanager:us-west-1:240462142849:secret:devops-g3/grafana-admin-T5XvCb][0m
[0m[1mmodule.rds.data.aws_iam_policy_document.proxy_assume: Reading...[0m[0m
[0m[1mmodule.rds.data.aws_iam_policy_document.proxy_assume: Read complete after 0s [id=2562693050][0m
[0m[1mdata.aws_caller_identity.current: Reading...[0m[0m
[0m[1mdata.aws_caller_identity.current: Read complete after 1s [id=240462142849][0m
[0m[1maws_ecr_repository.grafana: Refreshing state... [id=devops-g3/grafana][0m
[0m[1mmodule.service["web"].data.aws_prefix_list.s3: Reading...[0m[0m
[0m[1mmodule.service["pos"].data.aws_prefix_list.s3: Reading...[0m[0m
[0m[1mmodule.service["commission"].data.aws_prefix_list.s3: Reading...[0m[0m
[0m[1mmodule.service["payments"].data.aws_prefix_list.s3: Reading...[0m[0m
[0m[1mmodule.grafana.data.aws_prefix_list.s3: Read complete after 2s [id=pl-6ba54002][0m
[0m[1mmodule.grafana.data.aws_iam_policy_document.task_assume: Reading...[0m[0m
[0m[1mmodule.ecs_platform.data.aws_iam_policy_document.task_execution_assume: Reading...[0m[0m
[0m[1mmodule.grafana.data.aws_iam_policy_document.task_assume: Read complete after 0s [id=3563571834][0m
[0m[1mmodule.ecs_platform.data.aws_iam_policy_document.task_execution_assume: Read complete after 0s [id=3563571834][0m
[0m[1mmodule.messaging.data.aws_iam_policy_document.scheduler_assume: Reading...[0m[0m
[0m[1mmodule.messaging.data.aws_iam_policy_document.scheduler_assume: Read complete after 0s [id=3876860113][0m
[0m[1mmodule.service["web"].data.aws_iam_policy_document.task_assume: Reading...[0m[0m
[0m[1mmodule.service["web"].data.aws_iam_policy_document.task_assume: Read complete after 0s [id=3563571834][0m
[0m[1mmodule.service["commission"].data.aws_iam_policy_document.task_assume: Reading...[0m[0m
[0m[1mmodule.service["pos"].data.aws_iam_policy_document.task_assume: Reading...[0m[0m
[0m[1mmodule.service["commission"].data.aws_iam_policy_document.task_assume: Read complete after 0s [id=3563571834][0m
[0m[1mmodule.service["pos"].data.aws_iam_policy_document.task_assume: Read complete after 0s [id=3563571834][0m
[0m[1mmodule.service["payments"].data.aws_iam_policy_document.task_assume: Reading...[0m[0m
[0m[1mmodule.service["payments"].data.aws_iam_policy_document.task_assume: Read complete after 0s [id=3563571834][0m
[0m[1mmodule.ecs_platform.data.aws_iam_policy_document.task_execution_extra: Reading...[0m[0m
[0m[1mmodule.ecs_platform.data.aws_iam_policy_document.task_execution_extra: Read complete after 0s [id=514201302][0m
[0m[1mmodule.service["web"].data.aws_prefix_list.s3: Read complete after 0s [id=pl-6ba54002][0m
[0m[1mmodule.service["commission"].data.aws_prefix_list.s3: Read complete after 1s [id=pl-6ba54002][0m
[0m[1mmodule.service["payments"].data.aws_prefix_list.s3: Read complete after 2s [id=pl-6ba54002][0m
[0m[1mmodule.service["pos"].data.aws_prefix_list.s3: Read complete after 2s [id=pl-6ba54002][0m

Terraform used the selected providers to generate the following execution
plan. Resource actions are indicated with the following symbols:
  [32m+[0m create[0m
  [33m~[0m update in-place[0m
 [36m<=[0m read (data resources)[0m

Terraform will perform the following actions:

[1m  # data.aws_iam_policy_document.daraja_readers[0m will be read during apply
  # (config refers to values not yet known)
[0m [36m<=[0m[0m data "aws_iam_policy_document" "daraja_readers" {
      [32m+[0m[0m id            = (known after apply)
      [32m+[0m[0m json          = (known after apply)
      [32m+[0m[0m minified_json = (known after apply)

      [32m+[0m[0m statement {
          [32m+[0m[0m actions   = [
              [32m+[0m[0m "secretsmanager:DescribeSecret",
              [32m+[0m[0m "secretsmanager:GetSecretValue",
            ]
          [32m+[0m[0m effect    = "Allow"
          [32m+[0m[0m resources = [
              [32m+[0m[0m "*",
            ]
          [32m+[0m[0m sid       = "OnlyPaymentsMayReadDaraja"

          [32m+[0m[0m principals {
              [32m+[0m[0m identifiers = [
                  [32m+[0m[0m (known after apply),
                ]
              [32m+[0m[0m type        = "AWS"
            }
        }
    }

[1m  # data.aws_iam_policy_document.db_readers[0m will be read during apply
  # (config refers to values not yet known)
[0m [36m<=[0m[0m data "aws_iam_policy_document" "db_readers" {
      [32m+[0m[0m id            = (known after apply)
      [32m+[0m[0m json          = (known after apply)
      [32m+[0m[0m minified_json = (known after apply)

      [32m+[0m[0m statement {
          [32m+[0m[0m actions   = [
              [32m+[0m[0m "secretsmanager:DescribeSecret",
              [32m+[0m[0m "secretsmanager:GetSecretValue",
            ]
          [32m+[0m[0m effect    = "Allow"
          [32m+[0m[0m resources = [
              [32m+[0m[0m "*",
            ]
          [32m+[0m[0m sid       = "ServiceTaskRoles"

          [32m+[0m[0m principals {
              [32m+[0m[0m identifiers = [
                  [32m+[0m[0m (known after apply),
                  [32m+[0m[0m (known after apply),
                  [32m+[0m[0m (known after apply),
                  [32m+[0m[0m (known after apply),
                ]
              [32m+[0m[0m type        = "AWS"
            }
        }
    }

[1m  # data.aws_iam_policy_document.grafana_admin_readers[0m will be read during apply
  # (config refers to values not yet known)
[0m [36m<=[0m[0m data "aws_iam_policy_document" "grafana_admin_readers" {
      [32m+[0m[0m id            = (known after apply)
      [32m+[0m[0m json          = (known after apply)
      [32m+[0m[0m minified_json = (known after apply)

      [32m+[0m[0m statement {
          [32m+[0m[0m actions   = [
              [32m+[0m[0m "secretsmanager:DescribeSecret",
              [32m+[0m[0m "secretsmanager:GetSecretValue",
            ]
          [32m+[0m[0m effect    = "Allow"
          [32m+[0m[0m resources = [
              [32m+[0m[0m "*",
            ]
          [32m+[0m[0m sid       = "GrafanaTaskRoleOnly"

          [32m+[0m[0m principals {
              [32m+[0m[0m identifiers = [
                  [32m+[0m[0m (known after apply),
                ]
              [32m+[0m[0m type        = "AWS"
            }
        }
    }

[1m  # data.aws_iam_policy_document.slack_readers[0m will be read during apply
  # (config refers to values not yet known)
[0m [36m<=[0m[0m data "aws_iam_policy_document" "slack_readers" {
      [32m+[0m[0m id            = (known after apply)
      [32m+[0m[0m json          = (known after apply)
      [32m+[0m[0m minified_json = (known after apply)

      [32m+[0m[0m statement {
          [32m+[0m[0m actions   = [
              [32m+[0m[0m "secretsmanager:DescribeSecret",
              [32m+[0m[0m "secretsmanager:GetSecretValue",
            ]
          [32m+[0m[0m effect    = "Allow"
          [32m+[0m[0m resources = [
              [32m+[0m[0m "*",
            ]
          [32m+[0m[0m sid       = "GrafanaAlerting"

          [32m+[0m[0m principals {
              [32m+[0m[0m identifiers = [
                  [32m+[0m[0m (known after apply),
                ]
              [32m+[0m[0m type        = "AWS"
            }
        }
    }

[1m  # aws_ecr_lifecycle_policy.adot[0m will be created
[0m  [32m+[0m[0m resource "aws_ecr_lifecycle_policy" "adot" {
      [32m+[0m[0m id          = (known after apply)
      [32m+[0m[0m policy      = jsonencode(
            {
              [32m+[0m[0m rules = [
                  [32m+[0m[0m {
                      [32m+[0m[0m action       = {
                          [32m+[0m[0m type = "expire"
                        }
                      [32m+[0m[0m description  = "Keep the last 30 ADOT images"
                      [32m+[0m[0m rulePriority = 1
                      [32m+[0m[0m selection    = {
                          [32m+[0m[0m countNumber = 30
                          [32m+[0m[0m countType   = "imageCountMoreThan"
                          [32m+[0m[0m tagStatus   = "any"
                        }
                    },
                ]
            }
        )
      [32m+[0m[0m region      = "us-west-1"
      [32m+[0m[0m registry_id = (known after apply)
      [32m+[0m[0m repository  = "devops-g3/adot"
    }

[1m  # aws_ecr_lifecycle_policy.grafana[0m will be created
[0m  [32m+[0m[0m resource "aws_ecr_lifecycle_policy" "grafana" {
      [32m+[0m[0m id          = (known after apply)
      [32m+[0m[0m policy      = jsonencode(
            {
              [32m+[0m[0m rules = [
                  [32m+[0m[0m {
                      [32m+[0m[0m action       = {
                          [32m+[0m[0m type = "expire"
                        }
                      [32m+[0m[0m description  = "Keep the last 15 Grafana images"
                      [32m+[0m[0m rulePriority = 1
                      [32m+[0m[0m selection    = {
                          [32m+[0m[0m countNumber = 15
                          [32m+[0m[0m countType   = "imageCountMoreThan"
                          [32m+[0m[0m tagStatus   = "any"
                        }
                    },
                ]
            }
        )
      [32m+[0m[0m region      = "us-west-1"
      [32m+[0m[0m registry_id = (known after apply)
      [32m+[0m[0m repository  = "devops-g3/grafana"
    }

[1m  # aws_ecr_repository.adot[0m will be created
[0m  [32m+[0m[0m resource "aws_ecr_repository" "adot" {
      [32m+[0m[0m arn                  = (known after apply)
      [32m+[0m[0m force_delete         = true
      [32m+[0m[0m id                   = (known after apply)
      [32m+[0m[0m image_tag_mutability = "IMMUTABLE"
      [32m+[0m[0m name                 = "devops-g3/adot"
      [32m+[0m[0m region               = "us-west-1"
      [32m+[0m[0m registry_id          = (known after apply)
      [32m+[0m[0m repository_url       = (known after apply)
      [32m+[0m[0m tags                 = {
          [32m+[0m[0m "Name"    = "devops-g3-adot"
          [32m+[0m[0m "service" = "telemetry"
        }
      [32m+[0m[0m tags_all             = {
          [32m+[0m[0m "Name"        = "devops-g3-adot"
          [32m+[0m[0m "capstone"    = "tillflow"
          [32m+[0m[0m "environment" = "dev"
          [32m+[0m[0m "group"       = "devops-g3"
          [32m+[0m[0m "managed-by"  = "terraform"
          [32m+[0m[0m "owner"       = "lwam"
          [32m+[0m[0m "service"     = "telemetry"
        }

      [32m+[0m[0m encryption_configuration {
          [32m+[0m[0m encryption_type = "KMS"
          [32m+[0m[0m kms_key         = "arn:aws:kms:us-west-1:240462142849:key/90e2806f-72c0-4b51-ae60-8cc9436bdfe0"
        }

      [32m+[0m[0m image_scanning_configuration {
          [32m+[0m[0m scan_on_push = true
        }
    }

[1m  # aws_secretsmanager_secret_policy.daraja[0m will be created
[0m  [32m+[0m[0m resource "aws_secretsmanager_secret_policy" "daraja" {
      [32m+[0m[0m id         = (known after apply)
      [32m+[0m[0m policy     = (known after apply)
      [32m+[0m[0m region     = "us-west-1"
      [32m+[0m[0m secret_arn = "arn:aws:secretsmanager:us-west-1:240462142849:secret:devops-g3/daraja-vDnR06"
    }

[1m  # aws_secretsmanager_secret_policy.db[0m will be created
[0m  [32m+[0m[0m resource "aws_secretsmanager_secret_policy" "db" {
      [32m+[0m[0m id         = (known after apply)
      [32m+[0m[0m policy     = (known after apply)
      [32m+[0m[0m region     = "us-west-1"
      [32m+[0m[0m secret_arn = "arn:aws:secretsmanager:us-west-1:240462142849:secret:devops-g3/db-I364XC"
    }

[1m  # aws_secretsmanager_secret_policy.grafana_admin[0m will be created
[0m  [32m+[0m[0m resource "aws_secretsmanager_secret_policy" "grafana_admin" {
      [32m+[0m[0m id         = (known after apply)
      [32m+[0m[0m policy     = (known after apply)
      [32m+[0m[0m region     = "us-west-1"
      [32m+[0m[0m secret_arn = "arn:aws:secretsmanager:us-west-1:240462142849:secret:devops-g3/grafana-admin-T5XvCb"
    }

[1m  # aws_secretsmanager_secret_policy.slack_webhook[0m will be created
[0m  [32m+[0m[0m resource "aws_secretsmanager_secret_policy" "slack_webhook" {
      [32m+[0m[0m id         = (known after apply)
      [32m+[0m[0m policy     = (known after apply)
      [32m+[0m[0m region     = "us-west-1"
      [32m+[0m[0m secret_arn = "arn:aws:secretsmanager:us-west-1:240462142849:secret:devops-g3/slack-webhook-eunYoR"
    }

[1m  # aws_security_group.db_bootstrap[0m will be created
[0m  [32m+[0m[0m resource "aws_security_group" "db_bootstrap" {
      [32m+[0m[0m arn                    = (known after apply)
      [32m+[0m[0m description            = "G2 DB bootstrap job"
      [32m+[0m[0m egress                 = (known after apply)
      [32m+[0m[0m id                     = (known after apply)
      [32m+[0m[0m ingress                = (known after apply)
      [32m+[0m[0m name                   = "devops-g3-db-bootstrap"
      [32m+[0m[0m name_prefix            = (known after apply)
      [32m+[0m[0m owner_id               = (known after apply)
      [32m+[0m[0m region                 = "us-west-1"
      [32m+[0m[0m revoke_rules_on_delete = false
      [32m+[0m[0m tags                   = {
          [32m+[0m[0m "Name"    = "devops-g3-db-bootstrap"
          [32m+[0m[0m "service" = "platform"
        }
      [32m+[0m[0m tags_all               = {
          [32m+[0m[0m "Name"        = "devops-g3-db-bootstrap"
          [32m+[0m[0m "capstone"    = "tillflow"
          [32m+[0m[0m "environment" = "dev"
          [32m+[0m[0m "group"       = "devops-g3"
          [32m+[0m[0m "managed-by"  = "terraform"
          [32m+[0m[0m "owner"       = "lwam"
          [32m+[0m[0m "service"     = "platform"
        }
      [32m+[0m[0m vpc_id                 = (known after apply)
    }

[1m  # aws_security_group.vpc_link[0m will be created
[0m  [32m+[0m[0m resource "aws_security_group" "vpc_link" {
      [32m+[0m[0m arn                    = (known after apply)
      [32m+[0m[0m description            = "API Gateway VPC Link ENIs"
      [32m+[0m[0m egress                 = (known after apply)
      [32m+[0m[0m id                     = (known after apply)
      [32m+[0m[0m ingress                = (known after apply)
      [32m+[0m[0m name                   = "devops-g3-vpclink"
      [32m+[0m[0m name_prefix            = (known after apply)
      [32m+[0m[0m owner_id               = (known after apply)
      [32m+[0m[0m region                 = "us-west-1"
      [32m+[0m[0m revoke_rules_on_delete = false
      [32m+[0m[0m tags                   = {
          [32m+[0m[0m "Name" = "devops-g3-vpclink"
        }
      [32m+[0m[0m tags_all               = {
          [32m+[0m[0m "Name"        = "devops-g3-vpclink"
          [32m+[0m[0m "capstone"    = "tillflow"
          [32m+[0m[0m "environment" = "dev"
          [32m+[0m[0m "group"       = "devops-g3"
          [32m+[0m[0m "managed-by"  = "terraform"
          [32m+[0m[0m "owner"       = "lwam"
          [32m+[0m[0m "service"     = "platform"
        }
      [32m+[0m[0m vpc_id                 = (known after apply)
    }

[1m  # aws_vpc_security_group_egress_rule.db_bootstrap_https[0m will be created
[0m  [32m+[0m[0m resource "aws_vpc_security_group_egress_rule" "db_bootstrap_https" {
      [32m+[0m[0m arn                    = (known after apply)
      [32m+[0m[0m cidr_ipv4              = "0.0.0.0/0"
      [32m+[0m[0m description            = "HTTPS for package repositories and AWS APIs"
      [32m+[0m[0m from_port              = 443
      [32m+[0m[0m id                     = (known after apply)
      [32m+[0m[0m ip_protocol            = "tcp"
      [32m+[0m[0m region                 = "us-west-1"
      [32m+[0m[0m security_group_id      = (known after apply)
      [32m+[0m[0m security_group_rule_id = (known after apply)
      [32m+[0m[0m tags_all               = {
          [32m+[0m[0m "capstone"    = "tillflow"
          [32m+[0m[0m "environment" = "dev"
          [32m+[0m[0m "group"       = "devops-g3"
          [32m+[0m[0m "managed-by"  = "terraform"
          [32m+[0m[0m "owner"       = "lwam"
          [32m+[0m[0m "service"     = "platform"
        }
      [32m+[0m[0m to_port                = 443
    }

[1m  # aws_vpc_security_group_egress_rule.db_bootstrap_in_vpc[0m will be created
[0m  [32m+[0m[0m resource "aws_vpc_security_group_egress_rule" "db_bootstrap_in_vpc" {
      [32m+[0m[0m arn                    = (known after apply)
      [32m+[0m[0m cidr_ipv4              = "10.20.0.0/16"
      [32m+[0m[0m description            = "In-VPC access for RDS Proxy and VPC endpoints"
      [32m+[0m[0m id                     = (known after apply)
      [32m+[0m[0m ip_protocol            = "-1"
      [32m+[0m[0m region                 = "us-west-1"
      [32m+[0m[0m security_group_id      = (known after apply)
      [32m+[0m[0m security_group_rule_id = (known after apply)
      [32m+[0m[0m tags_all               = {
          [32m+[0m[0m "capstone"    = "tillflow"
          [32m+[0m[0m "environment" = "dev"
          [32m+[0m[0m "group"       = "devops-g3"
          [32m+[0m[0m "managed-by"  = "terraform"
          [32m+[0m[0m "owner"       = "lwam"
          [32m+[0m[0m "service"     = "platform"
        }
    }

[1m  # aws_vpc_security_group_egress_rule.vpc_link_to_alb[0m will be created
[0m  [32m+[0m[0m resource "aws_vpc_security_group_egress_rule" "vpc_link_to_alb" {
      [32m+[0m[0m arn                    = (known after apply)
      [32m+[0m[0m cidr_ipv4              = "10.20.0.0/16"
      [32m+[0m[0m description            = "To the internal ALB"
      [32m+[0m[0m id                     = (known after apply)
      [32m+[0m[0m ip_protocol            = "-1"
      [32m+[0m[0m region                 = "us-west-1"
      [32m+[0m[0m security_group_id      = (known after apply)
      [32m+[0m[0m security_group_rule_id = (known after apply)
      [32m+[0m[0m tags_all               = {
          [32m+[0m[0m "capstone"    = "tillflow"
          [32m+[0m[0m "environment" = "dev"
          [32m+[0m[0m "group"       = "devops-g3"
          [32m+[0m[0m "managed-by"  = "terraform"
          [32m+[0m[0m "owner"       = "lwam"
          [32m+[0m[0m "service"     = "platform"
        }
    }

[1m  # aws_vpc_security_group_ingress_rule.commission_to_payments[0m will be created
[0m  [32m+[0m[0m resource "aws_vpc_security_group_ingress_rule" "commission_to_payments" {
      [32m+[0m[0m arn                          = (known after apply)
      [32m+[0m[0m description                  = "Service Connect: commission to payments B2C endpoint"
      [32m+[0m[0m from_port                    = 8080
      [32m+[0m[0m id                           = (known after apply)
      [32m+[0m[0m ip_protocol                  = "tcp"
      [32m+[0m[0m referenced_security_group_id = (known after apply)
      [32m+[0m[0m region                       = "us-west-1"
      [32m+[0m[0m security_group_id            = (known after apply)
      [32m+[0m[0m security_group_rule_id       = (known after apply)
      [32m+[0m[0m tags_all                     = {
          [32m+[0m[0m "capstone"    = "tillflow"
          [32m+[0m[0m "environment" = "dev"
          [32m+[0m[0m "group"       = "devops-g3"
          [32m+[0m[0m "managed-by"  = "terraform"
          [32m+[0m[0m "owner"       = "lwam"
          [32m+[0m[0m "service"     = "platform"
        }
      [32m+[0m[0m to_port                      = 8080
    }

[1m  # aws_vpc_security_group_ingress_rule.payments_to_pos[0m will be created
[0m  [32m+[0m[0m resource "aws_vpc_security_group_ingress_rule" "payments_to_pos" {
      [32m+[0m[0m arn                          = (known after apply)
      [32m+[0m[0m description                  = "Service Connect: payments to pos internal settlement"
      [32m+[0m[0m from_port                    = 8080
      [32m+[0m[0m id                           = (known after apply)
      [32m+[0m[0m ip_protocol                  = "tcp"
      [32m+[0m[0m referenced_security_group_id = (known after apply)
      [32m+[0m[0m region                       = "us-west-1"
      [32m+[0m[0m security_group_id            = (known after apply)
      [32m+[0m[0m security_group_rule_id       = (known after apply)
      [32m+[0m[0m tags_all                     = {
          [32m+[0m[0m "capstone"    = "tillflow"
          [32m+[0m[0m "environment" = "dev"
          [32m+[0m[0m "group"       = "devops-g3"
          [32m+[0m[0m "managed-by"  = "terraform"
          [32m+[0m[0m "owner"       = "lwam"
          [32m+[0m[0m "service"     = "platform"
        }
      [32m+[0m[0m to_port                      = 8080
    }

[1m  # aws_vpc_security_group_ingress_rule.pos_to_payments[0m will be created
[0m  [32m+[0m[0m resource "aws_vpc_security_group_ingress_rule" "pos_to_payments" {
      [32m+[0m[0m arn                          = (known after apply)
      [32m+[0m[0m description                  = "Service Connect: pos to payments"
      [32m+[0m[0m from_port                    = 8080
      [32m+[0m[0m id                           = (known after apply)
      [32m+[0m[0m ip_protocol                  = "tcp"
      [32m+[0m[0m referenced_security_group_id = (known after apply)
      [32m+[0m[0m region                       = "us-west-1"
      [32m+[0m[0m security_group_id            = (known after apply)
      [32m+[0m[0m security_group_rule_id       = (known after apply)
      [32m+[0m[0m tags_all                     = {
          [32m+[0m[0m "capstone"    = "tillflow"
          [32m+[0m[0m "environment" = "dev"
          [32m+[0m[0m "group"       = "devops-g3"
          [32m+[0m[0m "managed-by"  = "terraform"
          [32m+[0m[0m "owner"       = "lwam"
          [32m+[0m[0m "service"     = "platform"
        }
      [32m+[0m[0m to_port                      = 8080
    }

[1m  # module.alb.aws_lb.this[0m will be created
[0m  [32m+[0m[0m resource "aws_lb" "this" {
      [32m+[0m[0m arn                                                          = (known after apply)
      [32m+[0m[0m arn_suffix                                                   = (known after apply)
      [32m+[0m[0m client_keep_alive                                            = 3600
      [32m+[0m[0m desync_mitigation_mode                                       = "defensive"
      [32m+[0m[0m dns_name                                                     = (known after apply)
      [32m+[0m[0m drop_invalid_header_fields                                   = true
      [32m+[0m[0m enable_deletion_protection                                   = false
      [32m+[0m[0m enable_http2                                                 = true
      [32m+[0m[0m enable_prefix_for_ipv6_source_nat                            = (known after apply)
      [32m+[0m[0m enable_tls_version_and_cipher_suite_headers                  = false
      [32m+[0m[0m enable_waf_fail_open                                         = false
      [32m+[0m[0m enable_xff_client_port                                       = false
      [32m+[0m[0m enable_zonal_shift                                           = false
      [32m+[0m[0m enforce_security_group_inbound_rules_on_private_link_traffic = (known after apply)
      [32m+[0m[0m id                                                           = (known after apply)
      [32m+[0m[0m idle_timeout                                                 = 60
      [32m+[0m[0m internal                                                     = true
      [32m+[0m[0m ip_address_type                                              = (known after apply)
      [32m+[0m[0m load_balancer_type                                           = "application"
      [32m+[0m[0m name                                                         = "devops-g3-alb"
      [32m+[0m[0m name_prefix                                                  = (known after apply)
      [32m+[0m[0m preserve_host_header                                         = false
      [32m+[0m[0m region                                                       = "us-west-1"
      [32m+[0m[0m secondary_ips_auto_assigned_per_subnet                       = (known after apply)
      [32m+[0m[0m security_groups                                              = (known after apply)
      [32m+[0m[0m subnets                                                      = (known after apply)
      [32m+[0m[0m tags                                                         = {
          [32m+[0m[0m "Name" = "devops-g3-alb"
        }
      [32m+[0m[0m tags_all                                                     = {
          [32m+[0m[0m "Name"        = "devops-g3-alb"
          [32m+[0m[0m "capstone"    = "tillflow"
          [32m+[0m[0m "environment" = "dev"
          [32m+[0m[0m "group"       = "devops-g3"
          [32m+[0m[0m "managed-by"  = "terraform"
          [32m+[0m[0m "owner"       = "lwam"
          [32m+[0m[0m "service"     = "platform"
        }
      [32m+[0m[0m vpc_id                                                       = (known after apply)
      [32m+[0m[0m xff_header_processing_mode                                   = "append"
      [32m+[0m[0m zone_id                                                      = (known after apply)

      [32m+[0m[0m access_logs {
          [32m+[0m[0m bucket  = (known after apply)
          [32m+[0m[0m enabled = true
          [32m+[0m[0m prefix  = "alb"
        }

      [32m+[0m[0m subnet_mapping (known after apply)
    }

[1m  # module.alb.aws_lb_listener.this[0m will be created
[0m  [32m+[0m[0m resource "aws_lb_listener" "this" {
      [32m+[0m[0m arn                                                                   = (known after apply)
      [32m+[0m[0m id                                                                    = (known after apply)
      [32m+[0m[0m load_balancer_arn                                                     = (known after apply)
      [32m+[0m[0m port                                                                  = 80
      [32m+[0m[0m protocol                                                              = "HTTP"
      [32m+[0m[0m region                                                                = "us-west-1"
      [32m+[0m[0m routing_http_request_x_amzn_mtls_clientcert_header_name               = (known after apply)
      [32m+[0m[0m routing_http_request_x_amzn_mtls_clientcert_issuer_header_name        = (known after apply)
      [32m+[0m[0m routing_http_request_x_amzn_mtls_clientcert_leaf_header_name          = (known after apply)
      [32m+[0m[0m routing_http_request_x_amzn_mtls_clientcert_serial_number_header_name = (known after apply)
      [32m+[0m[0m routing_http_request_x_amzn_mtls_clientcert_subject_header_name       = (known after apply)
      [32m+[0m[0m routing_http_request_x_amzn_mtls_clientcert_validity_header_name      = (known after apply)
      [32m+[0m[0m routing_http_request_x_amzn_tls_cipher_suite_header_name              = (known after apply)
      [32m+[0m[0m routing_http_request_x_amzn_tls_version_header_name                   = (known after apply)
      [32m+[0m[0m routing_http_response_access_control_allow_credentials_header_value   = (known after apply)
      [32m+[0m[0m routing_http_response_access_control_allow_headers_header_value       = (known after apply)
      [32m+[0m[0m routing_http_response_access_control_allow_methods_header_value       = (known after apply)
      [32m+[0m[0m routing_http_response_access_control_allow_origin_header_value        = (known after apply)
      [32m+[0m[0m routing_http_response_access_control_expose_headers_header_value      = (known after apply)
      [32m+[0m[0m routing_http_response_access_control_max_age_header_value             = (known after apply)
      [32m+[0m[0m routing_http_response_content_security_policy_header_value            = (known after apply)
      [32m+[0m[0m routing_http_response_server_enabled                                  = (known after apply)
      [32m+[0m[0m routing_http_response_strict_transport_security_header_value          = (known after apply)
      [32m+[0m[0m routing_http_response_x_content_type_options_header_value             = (known after apply)
      [32m+[0m[0m routing_http_response_x_frame_options_header_value                    = (known after apply)
      [32m+[0m[0m ssl_policy                                                            = (known after apply)
      [32m+[0m[0m tags_all                                                              = {
          [32m+[0m[0m "capstone"    = "tillflow"
          [32m+[0m[0m "environment" = "dev"
          [32m+[0m[0m "group"       = "devops-g3"
          [32m+[0m[0m "managed-by"  = "terraform"
          [32m+[0m[0m "owner"       = "lwam"
          [32m+[0m[0m "service"     = "platform"
        }
      [32m+[0m[0m tcp_idle_timeout_seconds                                              = (known after apply)

      [32m+[0m[0m default_action {
          [32m+[0m[0m order = (known after apply)
          [32m+[0m[0m type  = "fixed-response"

          [32m+[0m[0m fixed_response {
              [32m+[0m[0m content_type = "application/json"
              [32m+[0m[0m message_body = jsonencode(
                    {
                      [32m+[0m[0m error = "no route"
                    }
                )
              [32m+[0m[0m status_code  = "404"
            }
        }

      [32m+[0m[0m mutual_authentication (known after apply)
    }

[1m  # module.alb.aws_lb_listener_rule.blocked_paths["pos_internal"][0m will be created
[0m  [32m+[0m[0m resource "aws_lb_listener_rule" "blocked_paths" {
      [32m+[0m[0m arn          = (known after apply)
      [32m+[0m[0m id           = (known after apply)
      [32m+[0m[0m listener_arn = (known after apply)
      [32m+[0m[0m priority     = 50
      [32m+[0m[0m region       = "us-west-1"
      [32m+[0m[0m tags         = {
          [32m+[0m[0m "route" = "pos_internal"
        }
      [32m+[0m[0m tags_all     = {
          [32m+[0m[0m "capstone"    = "tillflow"
          [32m+[0m[0m "environment" = "dev"
          [32m+[0m[0m "group"       = "devops-g3"
          [32m+[0m[0m "managed-by"  = "terraform"
          [32m+[0m[0m "owner"       = "lwam"
          [32m+[0m[0m "route"       = "pos_internal"
          [32m+[0m[0m "service"     = "platform"
        }

      [32m+[0m[0m action {
          [32m+[0m[0m order = (known after apply)
          [32m+[0m[0m type  = "fixed-response"

          [32m+[0m[0m fixed_response {
              [32m+[0m[0m content_type = "application/json"
              [32m+[0m[0m message_body = jsonencode(
                    {
                      [32m+[0m[0m error = "not found"
                    }
                )
              [32m+[0m[0m status_code  = "404"
            }
        }

      [32m+[0m[0m condition {
          [32m+[0m[0m path_pattern {
              [32m+[0m[0m regex_values = []
              [32m+[0m[0m values       = [
                  [32m+[0m[0m "/api/pos/internal/*",
                ]
            }
        }
    }

[1m  # module.alb.aws_lb_listener_rule.this["grafana"][0m will be created
[0m  [32m+[0m[0m resource "aws_lb_listener_rule" "this" {
      [32m+[0m[0m arn          = (known after apply)
      [32m+[0m[0m id           = (known after apply)
      [32m+[0m[0m listener_arn = (known after apply)
      [32m+[0m[0m priority     = 280
      [32m+[0m[0m region       = "us-west-1"
      [32m+[0m[0m tags         = {
          [32m+[0m[0m "service" = "grafana"
        }
      [32m+[0m[0m tags_all     = {
          [32m+[0m[0m "capstone"    = "tillflow"
          [32m+[0m[0m "environment" = "dev"
          [32m+[0m[0m "group"       = "devops-g3"
          [32m+[0m[0m "managed-by"  = "terraform"
          [32m+[0m[0m "owner"       = "lwam"
          [32m+[0m[0m "service"     = "grafana"
        }

      [32m+[0m[0m action {
          [32m+[0m[0m order            = (known after apply)
          [32m+[0m[0m target_group_arn = (known after apply)
          [32m+[0m[0m type             = "forward"
        }

      [32m+[0m[0m condition {
          [32m+[0m[0m path_pattern {
              [32m+[0m[0m regex_values = []
              [32m+[0m[0m values       = [
                  [32m+[0m[0m "/v1/grafana",
                  [32m+[0m[0m "/v1/grafana/*",
                ]
            }
        }
    }

[1m  # module.alb.aws_lb_listener_rule.this["payments"][0m will be created
[0m  [32m+[0m[0m resource "aws_lb_listener_rule" "this" {
      [32m+[0m[0m arn          = (known after apply)
      [32m+[0m[0m id           = (known after apply)
      [32m+[0m[0m listener_arn = (known after apply)
      [32m+[0m[0m priority     = 200
      [32m+[0m[0m region       = "us-west-1"
      [32m+[0m[0m tags         = {
          [32m+[0m[0m "service" = "payments"
        }
      [32m+[0m[0m tags_all     = {
          [32m+[0m[0m "capstone"    = "tillflow"
          [32m+[0m[0m "environment" = "dev"
          [32m+[0m[0m "group"       = "devops-g3"
          [32m+[0m[0m "managed-by"  = "terraform"
          [32m+[0m[0m "owner"       = "lwam"
          [32m+[0m[0m "service"     = "payments"
        }

      [32m+[0m[0m action {
          [32m+[0m[0m order            = (known after apply)
          [32m+[0m[0m target_group_arn = (known after apply)
          [32m+[0m[0m type             = "forward"
        }

      [32m+[0m[0m condition {
          [32m+[0m[0m path_pattern {
              [32m+[0m[0m regex_values = []
              [32m+[0m[0m values       = [
                  [32m+[0m[0m "/api/payments/*",
                  [32m+[0m[0m "/callback/*",
                ]
            }
        }
    }

[1m  # module.alb.aws_lb_listener_rule.this["pos"][0m will be created
[0m  [32m+[0m[0m resource "aws_lb_listener_rule" "this" {
      [32m+[0m[0m arn          = (known after apply)
      [32m+[0m[0m id           = (known after apply)
      [32m+[0m[0m listener_arn = (known after apply)
      [32m+[0m[0m priority     = 100
      [32m+[0m[0m region       = "us-west-1"
      [32m+[0m[0m tags         = {
          [32m+[0m[0m "service" = "pos"
        }
      [32m+[0m[0m tags_all     = {
          [32m+[0m[0m "capstone"    = "tillflow"
          [32m+[0m[0m "environment" = "dev"
          [32m+[0m[0m "group"       = "devops-g3"
          [32m+[0m[0m "managed-by"  = "terraform"
          [32m+[0m[0m "owner"       = "lwam"
          [32m+[0m[0m "service"     = "pos"
        }

      [32m+[0m[0m action {
          [32m+[0m[0m order            = (known after apply)
          [32m+[0m[0m target_group_arn = (known after apply)
          [32m+[0m[0m type             = "forward"
        }

      [32m+[0m[0m condition {
          [32m+[0m[0m path_pattern {
              [32m+[0m[0m regex_values = []
              [32m+[0m[0m values       = [
                  [32m+[0m[0m "/api/pos/*",
                ]
            }
        }
    }

[1m  # module.alb.aws_lb_listener_rule.this["web"][0m will be created
[0m  [32m+[0m[0m resource "aws_lb_listener_rule" "this" {
      [32m+[0m[0m arn          = (known after apply)
      [32m+[0m[0m id           = (known after apply)
      [32m+[0m[0m listener_arn = (known after apply)
      [32m+[0m[0m priority     = 300
      [32m+[0m[0m region       = "us-west-1"
      [32m+[0m[0m tags         = {
          [32m+[0m[0m "service" = "web"
        }
      [32m+[0m[0m tags_all     = {
          [32m+[0m[0m "capstone"    = "tillflow"
          [32m+[0m[0m "environment" = "dev"
          [32m+[0m[0m "group"       = "devops-g3"
          [32m+[0m[0m "managed-by"  = "terraform"
          [32m+[0m[0m "owner"       = "lwam"
          [32m+[0m[0m "service"     = "web"
        }

      [32m+[0m[0m action {
          [32m+[0m[0m order            = (known after apply)
          [32m+[0m[0m target_group_arn = (known after apply)
          [32m+[0m[0m type             = "forward"
        }

      [32m+[0m[0m condition {
          [32m+[0m[0m path_pattern {
              [32m+[0m[0m regex_values = []
              [32m+[0m[0m values       = [
                  [32m+[0m[0m "/*",
                ]
            }
        }
    }

[1m  # module.alb.aws_lb_target_group.this["grafana"][0m will be created
[0m  [32m+[0m[0m resource "aws_lb_target_group" "this" {
      [32m+[0m[0m arn                                = (known after apply)
      [32m+[0m[0m arn_suffix                         = (known after apply)
      [32m+[0m[0m connection_termination             = (known after apply)
      [32m+[0m[0m deregistration_delay               = "30"
      [32m+[0m[0m id                                 = (known after apply)
      [32m+[0m[0m ip_address_type                    = (known after apply)
      [32m+[0m[0m lambda_multi_value_headers_enabled = false
      [32m+[0m[0m load_balancer_arns                 = (known after apply)
      [32m+[0m[0m load_balancing_algorithm_type      = (known after apply)
      [32m+[0m[0m load_balancing_anomaly_mitigation  = (known after apply)
      [32m+[0m[0m load_balancing_cross_zone_enabled  = (known after apply)
      [32m+[0m[0m name                               = "devops-g3-grafana"
      [32m+[0m[0m name_prefix                        = (known after apply)
      [32m+[0m[0m port                               = 3000
      [32m+[0m[0m preserve_client_ip                 = (known after apply)
      [32m+[0m[0m protocol                           = "HTTP"
      [32m+[0m[0m protocol_version                   = (known after apply)
      [32m+[0m[0m proxy_protocol_v2                  = false
      [32m+[0m[0m region                             = "us-west-1"
      [32m+[0m[0m slow_start                         = 0
      [32m+[0m[0m tags                               = {
          [32m+[0m[0m "Name"    = "devops-g3-grafana"
          [32m+[0m[0m "service" = "grafana"
        }
      [32m+[0m[0m tags_all                           = {
          [32m+[0m[0m "Name"        = "devops-g3-grafana"
          [32m+[0m[0m "capstone"    = "tillflow"
          [32m+[0m[0m "environment" = "dev"
          [32m+[0m[0m "group"       = "devops-g3"
          [32m+[0m[0m "managed-by"  = "terraform"
          [32m+[0m[0m "owner"       = "lwam"
          [32m+[0m[0m "service"     = "grafana"
        }
      [32m+[0m[0m target_type                        = "ip"
      [32m+[0m[0m vpc_id                             = (known after apply)

      [32m+[0m[0m health_check {
          [32m+[0m[0m enabled             = true
          [32m+[0m[0m healthy_threshold   = 2
          [32m+[0m[0m interval            = 15
          [32m+[0m[0m matcher             = "200"
          [32m+[0m[0m path                = "/api/health"
          [32m+[0m[0m port                = "traffic-port"
          [32m+[0m[0m protocol            = "HTTP"
          [32m+[0m[0m timeout             = 5
          [32m+[0m[0m unhealthy_threshold = 3
        }

      [32m+[0m[0m stickiness (known after apply)

      [32m+[0m[0m target_failover (known after apply)

      [32m+[0m[0m target_group_health (known after apply)

      [32m+[0m[0m target_health_state (known after apply)
    }

[1m  # module.alb.aws_lb_target_group.this["payments"][0m will be created
[0m  [32m+[0m[0m resource "aws_lb_target_group" "this" {
      [32m+[0m[0m arn                                = (known after apply)
      [32m+[0m[0m arn_suffix                         = (known after apply)
      [32m+[0m[0m connection_termination             = (known after apply)
      [32m+[0m[0m deregistration_delay               = "30"
      [32m+[0m[0m id                                 = (known after apply)
      [32m+[0m[0m ip_address_type                    = (known after apply)
      [32m+[0m[0m lambda_multi_value_headers_enabled = false
      [32m+[0m[0m load_balancer_arns                 = (known after apply)
      [32m+[0m[0m load_balancing_algorithm_type      = (known after apply)
      [32m+[0m[0m load_balancing_anomaly_mitigation  = (known after apply)
      [32m+[0m[0m load_balancing_cross_zone_enabled  = (known after apply)
      [32m+[0m[0m name                               = "devops-g3-payments"
      [32m+[0m[0m name_prefix                        = (known after apply)
      [32m+[0m[0m port                               = 8080
      [32m+[0m[0m preserve_client_ip                 = (known after apply)
      [32m+[0m[0m protocol                           = "HTTP"
      [32m+[0m[0m protocol_version                   = (known after apply)
      [32m+[0m[0m proxy_protocol_v2                  = false
      [32m+[0m[0m region                             = "us-west-1"
      [32m+[0m[0m slow_start                         = 0
      [32m+[0m[0m tags                               = {
          [32m+[0m[0m "Name"    = "devops-g3-payments"
          [32m+[0m[0m "service" = "payments"
        }
      [32m+[0m[0m tags_all                           = {
          [32m+[0m[0m "Name"        = "devops-g3-payments"
          [32m+[0m[0m "capstone"    = "tillflow"
          [32m+[0m[0m "environment" = "dev"
          [32m+[0m[0m "group"       = "devops-g3"
          [32m+[0m[0m "managed-by"  = "terraform"
          [32m+[0m[0m "owner"       = "lwam"
          [32m+[0m[0m "service"     = "payments"
        }
      [32m+[0m[0m target_type                        = "ip"
      [32m+[0m[0m vpc_id                             = (known after apply)

      [32m+[0m[0m health_check {
          [32m+[0m[0m enabled             = true
          [32m+[0m[0m healthy_threshold   = 2
          [32m+[0m[0m interval            = 15
          [32m+[0m[0m matcher             = "200"
          [32m+[0m[0m path                = "/ready"
          [32m+[0m[0m port                = "traffic-port"
          [32m+[0m[0m protocol            = "HTTP"
          [32m+[0m[0m timeout             = 5
          [32m+[0m[0m unhealthy_threshold = 3
        }

      [32m+[0m[0m stickiness (known after apply)

      [32m+[0m[0m target_failover (known after apply)

      [32m+[0m[0m target_group_health (known after apply)

      [32m+[0m[0m target_health_state (known after apply)
    }

[1m  # module.alb.aws_lb_target_group.this["pos"][0m will be created
[0m  [32m+[0m[0m resource "aws_lb_target_group" "this" {
      [32m+[0m[0m arn                                = (known after apply)
      [32m+[0m[0m arn_suffix                         = (known after apply)
      [32m+[0m[0m connection_termination             = (known after apply)
      [32m+[0m[0m deregistration_delay               = "30"
      [32m+[0m[0m id                                 = (known after apply)
      [32m+[0m[0m ip_address_type                    = (known after apply)
      [32m+[0m[0m lambda_multi_value_headers_enabled = false
      [32m+[0m[0m load_balancer_arns                 = (known after apply)
      [32m+[0m[0m load_balancing_algorithm_type      = (known after apply)
      [32m+[0m[0m load_balancing_anomaly_mitigation  = (known after apply)
      [32m+[0m[0m load_balancing_cross_zone_enabled  = (known after apply)
      [32m+[0m[0m name                               = "devops-g3-pos"
      [32m+[0m[0m name_prefix                        = (known after apply)
      [32m+[0m[0m port                               = 8080
      [32m+[0m[0m preserve_client_ip                 = (known after apply)
      [32m+[0m[0m protocol                           = "HTTP"
      [32m+[0m[0m protocol_version                   = (known after apply)
      [32m+[0m[0m proxy_protocol_v2                  = false
      [32m+[0m[0m region                             = "us-west-1"
      [32m+[0m[0m slow_start                         = 0
      [32m+[0m[0m tags                               = {
          [32m+[0m[0m "Name"    = "devops-g3-pos"
          [32m+[0m[0m "service" = "pos"
        }
      [32m+[0m[0m tags_all                           = {
          [32m+[0m[0m "Name"        = "devops-g3-pos"
          [32m+[0m[0m "capstone"    = "tillflow"
          [32m+[0m[0m "environment" = "dev"
          [32m+[0m[0m "group"       = "devops-g3"
          [32m+[0m[0m "managed-by"  = "terraform"
          [32m+[0m[0m "owner"       = "lwam"
          [32m+[0m[0m "service"     = "pos"
        }
      [32m+[0m[0m target_type                        = "ip"
      [32m+[0m[0m vpc_id                             = (known after apply)

      [32m+[0m[0m health_check {
          [32m+[0m[0m enabled             = true
          [32m+[0m[0m healthy_threshold   = 2
          [32m+[0m[0m interval            = 15
          [32m+[0m[0m matcher             = "200"
          [32m+[0m[0m path                = "/ready"
          [32m+[0m[0m port                = "traffic-port"
          [32m+[0m[0m protocol            = "HTTP"
          [32m+[0m[0m timeout             = 5
          [32m+[0m[0m unhealthy_threshold = 3
        }

      [32m+[0m[0m stickiness (known after apply)

      [32m+[0m[0m target_failover (known after apply)

      [32m+[0m[0m target_group_health (known after apply)

      [32m+[0m[0m target_health_state (known after apply)
    }

[1m  # module.alb.aws_lb_target_group.this["web"][0m will be created
[0m  [32m+[0m[0m resource "aws_lb_target_group" "this" {
      [32m+[0m[0m arn                                = (known after apply)
      [32m+[0m[0m arn_suffix                         = (known after apply)
      [32m+[0m[0m connection_termination             = (known after apply)
      [32m+[0m[0m deregistration_delay               = "30"
      [32m+[0m[0m id                                 = (known after apply)
      [32m+[0m[0m ip_address_type                    = (known after apply)
      [32m+[0m[0m lambda_multi_value_headers_enabled = false
      [32m+[0m[0m load_balancer_arns                 = (known after apply)
      [32m+[0m[0m load_balancing_algorithm_type      = (known after apply)
      [32m+[0m[0m load_balancing_anomaly_mitigation  = (known after apply)
      [32m+[0m[0m load_balancing_cross_zone_enabled  = (known after apply)
      [32m+[0m[0m name                               = "devops-g3-web"
      [32m+[0m[0m name_prefix                        = (known after apply)
      [32m+[0m[0m port                               = 8080
      [32m+[0m[0m preserve_client_ip                 = (known after apply)
      [32m+[0m[0m protocol                           = "HTTP"
      [32m+[0m[0m protocol_version                   = (known after apply)
      [32m+[0m[0m proxy_protocol_v2                  = false
      [32m+[0m[0m region                             = "us-west-1"
      [32m+[0m[0m slow_start                         = 0
      [32m+[0m[0m tags                               = {
          [32m+[0m[0m "Name"    = "devops-g3-web"
          [32m+[0m[0m "service" = "web"
        }
      [32m+[0m[0m tags_all                           = {
          [32m+[0m[0m "Name"        = "devops-g3-web"
          [32m+[0m[0m "capstone"    = "tillflow"
          [32m+[0m[0m "environment" = "dev"
          [32m+[0m[0m "group"       = "devops-g3"
          [32m+[0m[0m "managed-by"  = "terraform"
          [32m+[0m[0m "owner"       = "lwam"
          [32m+[0m[0m "service"     = "web"
        }
      [32m+[0m[0m target_type                        = "ip"
      [32m+[0m[0m vpc_id                             = (known after apply)

      [32m+[0m[0m health_check {
          [32m+[0m[0m enabled             = true
          [32m+[0m[0m healthy_threshold   = 2
          [32m+[0m[0m interval            = 15
          [32m+[0m[0m matcher             = "200"
          [32m+[0m[0m path                = "/ready"
          [32m+[0m[0m port                = "traffic-port"
          [32m+[0m[0m protocol            = "HTTP"
          [32m+[0m[0m timeout             = 5
          [32m+[0m[0m unhealthy_threshold = 3
        }

      [32m+[0m[0m stickiness (known after apply)

      [32m+[0m[0m target_failover (known after apply)

      [32m+[0m[0m target_group_health (known after apply)

      [32m+[0m[0m target_health_state (known after apply)
    }

[1m  # module.alb.aws_security_group.this[0m will be created
[0m  [32m+[0m[0m resource "aws_security_group" "this" {
      [32m+[0m[0m arn                    = (known after apply)
      [32m+[0m[0m description            = "Internal ALB - inbound from the API Gateway VPC Link only"
      [32m+[0m[0m egress                 = (known after apply)
      [32m+[0m[0m id                     = (known after apply)
      [32m+[0m[0m ingress                = (known after apply)
      [32m+[0m[0m name                   = "devops-g3-alb"
      [32m+[0m[0m name_prefix            = (known after apply)
      [32m+[0m[0m owner_id               = (known after apply)
      [32m+[0m[0m region                 = "us-west-1"
      [32m+[0m[0m revoke_rules_on_delete = false
      [32m+[0m[0m tags                   = {
          [32m+[0m[0m "Name" = "devops-g3-alb"
        }
      [32m+[0m[0m tags_all               = {
          [32m+[0m[0m "Name"        = "devops-g3-alb"
          [32m+[0m[0m "capstone"    = "tillflow"
          [32m+[0m[0m "environment" = "dev"
          [32m+[0m[0m "group"       = "devops-g3"
          [32m+[0m[0m "managed-by"  = "terraform"
          [32m+[0m[0m "owner"       = "lwam"
          [32m+[0m[0m "service"     = "platform"
        }
      [32m+[0m[0m vpc_id                 = (known after apply)
    }

[1m  # module.alb.aws_vpc_security_group_egress_rule.to_targets[0m will be created
[0m  [32m+[0m[0m resource "aws_vpc_security_group_egress_rule" "to_targets" {
      [32m+[0m[0m arn                    = (known after apply)
      [32m+[0m[0m cidr_ipv4              = "10.20.0.0/16"
      [32m+[0m[0m description            = "To ECS targets inside the VPC"
      [32m+[0m[0m id                     = (known after apply)
      [32m+[0m[0m ip_protocol            = "-1"
      [32m+[0m[0m region                 = "us-west-1"
      [32m+[0m[0m security_group_id      = (known after apply)
      [32m+[0m[0m security_group_rule_id = (known after apply)
      [32m+[0m[0m tags_all               = {
          [32m+[0m[0m "capstone"    = "tillflow"
          [32m+[0m[0m "environment" = "dev"
          [32m+[0m[0m "group"       = "devops-g3"
          [32m+[0m[0m "managed-by"  = "terraform"
          [32m+[0m[0m "owner"       = "lwam"
          [32m+[0m[0m "service"     = "platform"
        }
    }

[1m  # module.alb.aws_vpc_security_group_ingress_rule.from_vpc_link[0m will be created
[0m  [32m+[0m[0m resource "aws_vpc_security_group_ingress_rule" "from_vpc_link" {
      [32m+[0m[0m arn                          = (known after apply)
      [32m+[0m[0m description                  = "HTTP from the API Gateway VPC Link ENIs"
      [32m+[0m[0m from_port                    = 80
      [32m+[0m[0m id                           = (known after apply)
      [32m+[0m[0m ip_protocol                  = "tcp"
      [32m+[0m[0m referenced_security_group_id = (known after apply)
      [32m+[0m[0m region                       = "us-west-1"
      [32m+[0m[0m security_group_id            = (known after apply)
      [32m+[0m[0m security_group_rule_id       = (known after apply)
      [32m+[0m[0m tags_all                     = {
          [32m+[0m[0m "capstone"    = "tillflow"
          [32m+[0m[0m "environment" = "dev"
          [32m+[0m[0m "group"       = "devops-g3"
          [32m+[0m[0m "managed-by"  = "terraform"
          [32m+[0m[0m "owner"       = "lwam"
          [32m+[0m[0m "service"     = "platform"
        }
      [32m+[0m[0m to_port                      = 80
    }

[1m  # module.amp.aws_prometheus_workspace.this[0m will be created
[0m  [32m+[0m[0m resource "aws_prometheus_workspace" "this" {
      [32m+[0m[0m alias               = "devops-g3"
      [32m+[0m[0m arn                 = (known after apply)
      [32m+[0m[0m id                  = (known after apply)
      [32m+[0m[0m prometheus_endpoint = (known after apply)
      [32m+[0m[0m region              = "us-west-1"
      [32m+[0m[0m tags                = {
          [32m+[0m[0m "Name"    = "devops-g3-amp"
          [32m+[0m[0m "service" = "telemetry"
        }
      [32m+[0m[0m tags_all            = {
          [32m+[0m[0m "Name"        = "devops-g3-amp"
          [32m+[0m[0m "capstone"    = "tillflow"
          [32m+[0m[0m "environment" = "dev"
          [32m+[0m[0m "group"       = "devops-g3"
          [32m+[0m[0m "managed-by"  = "terraform"
          [32m+[0m[0m "owner"       = "lwam"
          [32m+[0m[0m "service"     = "telemetry"
        }
    }

[1m  # module.apigw.aws_apigatewayv2_api.this[0m will be created
[0m  [32m+[0m[0m resource "aws_apigatewayv2_api" "this" {
      [32m+[0m[0m api_endpoint                 = (known after apply)
      [32m+[0m[0m api_key_selection_expression = "$request.header.x-api-key"
      [32m+[0m[0m arn                          = (known after apply)
      [32m+[0m[0m description                  = "TillFlow public edge"
      [32m+[0m[0m execution_arn                = (known after apply)
      [32m+[0m[0m id                           = (known after apply)
      [32m+[0m[0m ip_address_type              = (known after apply)
      [32m+[0m[0m name                         = "devops-g3-api"
      [32m+[0m[0m protocol_type                = "HTTP"
      [32m+[0m[0m region                       = "us-west-1"
      [32m+[0m[0m route_selection_expression   = "$request.method $request.path"
      [32m+[0m[0m tags_all                     = {
          [32m+[0m[0m "capstone"    = "tillflow"
          [32m+[0m[0m "environment" = "dev"
          [32m+[0m[0m "group"       = "devops-g3"
          [32m+[0m[0m "managed-by"  = "terraform"
          [32m+[0m[0m "owner"       = "lwam"
          [32m+[0m[0m "service"     = "platform"
        }

      [32m+[0m[0m cors_configuration {
          [32m+[0m[0m allow_headers = [
              [32m+[0m[0m "authorization",
              [32m+[0m[0m "content-type",
              [32m+[0m[0m "idempotency-key",
            ]
          [32m+[0m[0m allow_methods = [
              [32m+[0m[0m "DELETE",
              [32m+[0m[0m "GET",
              [32m+[0m[0m "OPTIONS",
              [32m+[0m[0m "PATCH",
              [32m+[0m[0m "POST",
              [32m+[0m[0m "PUT",
            ]
          [32m+[0m[0m allow_origins = [
              [32m+[0m[0m "*",
            ]
          [32m+[0m[0m max_age       = 300
        }
    }

[1m  # module.apigw.aws_apigatewayv2_integration.alb[0m will be created
[0m  [32m+[0m[0m resource "aws_apigatewayv2_integration" "alb" {
      [32m+[0m[0m api_id                                    = (known after apply)
      [32m+[0m[0m connection_id                             = (known after apply)
      [32m+[0m[0m connection_type                           = "VPC_LINK"
      [32m+[0m[0m id                                        = (known after apply)
      [32m+[0m[0m integration_method                        = "ANY"
      [32m+[0m[0m integration_response_selection_expression = (known after apply)
      [32m+[0m[0m integration_type                          = "HTTP_PROXY"
      [32m+[0m[0m integration_uri                           = (known after apply)
      [32m+[0m[0m payload_format_version                    = "1.0"
      [32m+[0m[0m region                                    = "us-west-1"
      [32m+[0m[0m request_parameters                        = {
          [32m+[0m[0m "overwrite:path" = "$request.path"
        }
      [32m+[0m[0m timeout_milliseconds                      = 29000
    }

[1m  # module.apigw.aws_apigatewayv2_integration.alb_grafana[0m will be created
[0m  [32m+[0m[0m resource "aws_apigatewayv2_integration" "alb_grafana" {
      [32m+[0m[0m api_id                                    = (known after apply)
      [32m+[0m[0m connection_id                             = (known after apply)
      [32m+[0m[0m connection_type                           = "VPC_LINK"
      [32m+[0m[0m id                                        = (known after apply)
      [32m+[0m[0m integration_method                        = "ANY"
      [32m+[0m[0m integration_response_selection_expression = (known after apply)
      [32m+[0m[0m integration_type                          = "HTTP_PROXY"
      [32m+[0m[0m integration_uri                           = (known after apply)
      [32m+[0m[0m payload_format_version                    = "1.0"
      [32m+[0m[0m region                                    = "us-west-1"
      [32m+[0m[0m request_parameters                        = {
          [32m+[0m[0m "overwrite:path" = "/v1/grafana/$request.path.proxy"
        }
      [32m+[0m[0m timeout_milliseconds                      = 29000
    }

[1m  # module.apigw.aws_apigatewayv2_integration.alb_grafana_root[0m will be created
[0m  [32m+[0m[0m resource "aws_apigatewayv2_integration" "alb_grafana_root" {
      [32m+[0m[0m api_id                                    = (known after apply)
      [32m+[0m[0m connection_id                             = (known after apply)
      [32m+[0m[0m connection_type                           = "VPC_LINK"
      [32m+[0m[0m id                                        = (known after apply)
      [32m+[0m[0m integration_method                        = "ANY"
      [32m+[0m[0m integration_response_selection_expression = (known after apply)
      [32m+[0m[0m integration_type                          = "HTTP_PROXY"
      [32m+[0m[0m integration_uri                           = (known after apply)
      [32m+[0m[0m payload_format_version                    = "1.0"
      [32m+[0m[0m region                                    = "us-west-1"
      [32m+[0m[0m request_parameters                        = {
          [32m+[0m[0m "overwrite:path" = "/v1/grafana/"
        }
      [32m+[0m[0m timeout_milliseconds                      = 29000
    }

[1m  # module.apigw.aws_apigatewayv2_route.grafana_proxy[0m will be created
[0m  [32m+[0m[0m resource "aws_apigatewayv2_route" "grafana_proxy" {
      [32m+[0m[0m api_id             = (known after apply)
      [32m+[0m[0m api_key_required   = false
      [32m+[0m[0m authorization_type = "NONE"
      [32m+[0m[0m id                 = (known after apply)
      [32m+[0m[0m region             = "us-west-1"
      [32m+[0m[0m route_key          = "ANY /grafana/{proxy+}"
      [32m+[0m[0m target             = (known after apply)
    }

[1m  # module.apigw.aws_apigatewayv2_route.grafana_root[0m will be created
[0m  [32m+[0m[0m resource "aws_apigatewayv2_route" "grafana_root" {
      [32m+[0m[0m api_id             = (known after apply)
      [32m+[0m[0m api_key_required   = false
      [32m+[0m[0m authorization_type = "NONE"
      [32m+[0m[0m id                 = (known after apply)
      [32m+[0m[0m region             = "us-west-1"
      [32m+[0m[0m route_key          = "ANY /grafana"
      [32m+[0m[0m target             = (known after apply)
    }

[1m  # module.apigw.aws_apigatewayv2_route.proxy[0m will be created
[0m  [32m+[0m[0m resource "aws_apigatewayv2_route" "proxy" {
      [32m+[0m[0m api_id             = (known after apply)
      [32m+[0m[0m api_key_required   = false
      [32m+[0m[0m authorization_type = "NONE"
      [32m+[0m[0m id                 = (known after apply)
      [32m+[0m[0m region             = "us-west-1"
      [32m+[0m[0m route_key          = "ANY /{proxy+}"
      [32m+[0m[0m target             = (known after apply)
    }

[1m  # module.apigw.aws_apigatewayv2_stage.this[0m will be created
[0m  [32m+[0m[0m resource "aws_apigatewayv2_stage" "this" {
      [32m+[0m[0m api_id        = (known after apply)
      [32m+[0m[0m arn           = (known after apply)
      [32m+[0m[0m auto_deploy   = true
      [32m+[0m[0m deployment_id = (known after apply)
      [32m+[0m[0m execution_arn = (known after apply)
      [32m+[0m[0m id            = (known after apply)
      [32m+[0m[0m invoke_url    = (known after apply)
      [32m+[0m[0m name          = "v1"
      [32m+[0m[0m region        = "us-west-1"
      [32m+[0m[0m tags          = {
          [32m+[0m[0m "Name" = "devops-g3-api-v1"
        }
      [32m+[0m[0m tags_all      = {
          [32m+[0m[0m "Name"        = "devops-g3-api-v1"
          [32m+[0m[0m "capstone"    = "tillflow"
          [32m+[0m[0m "environment" = "dev"
          [32m+[0m[0m "group"       = "devops-g3"
          [32m+[0m[0m "managed-by"  = "terraform"
          [32m+[0m[0m "owner"       = "lwam"
          [32m+[0m[0m "service"     = "platform"
        }

      [32m+[0m[0m access_log_settings {
          [32m+[0m[0m destination_arn = (known after apply)
          [32m+[0m[0m format          = jsonencode(
                {
                  [32m+[0m[0m httpMethod      = "$context.httpMethod"
                  [32m+[0m[0m integrationLat  = "$context.integrationLatency"
                  [32m+[0m[0m ip              = "$context.identity.sourceIp"
                  [32m+[0m[0m protocol        = "$context.protocol"
                  [32m+[0m[0m requestId       = "$context.requestId"
                  [32m+[0m[0m requestTime     = "$context.requestTime"
                  [32m+[0m[0m responseLatency = "$context.responseLatency"
                  [32m+[0m[0m responseLength  = "$context.responseLength"
                  [32m+[0m[0m routeKey        = "$context.routeKey"
                  [32m+[0m[0m status          = "$context.status"
                }
            )
        }

      [32m+[0m[0m default_route_settings {
          [32m+[0m[0m data_trace_enabled       = false
          [32m+[0m[0m detailed_metrics_enabled = true
          [32m+[0m[0m logging_level            = (known after apply)
          [32m+[0m[0m throttling_burst_limit   = 200
          [32m+[0m[0m throttling_rate_limit    = 100
        }
    }

[1m  # module.apigw.aws_apigatewayv2_vpc_link.this[0m will be created
[0m  [32m+[0m[0m resource "aws_apigatewayv2_vpc_link" "this" {
      [32m+[0m[0m arn                = (known after apply)
      [32m+[0m[0m id                 = (known after apply)
      [32m+[0m[0m name               = "devops-g3-vpclink"
      [32m+[0m[0m region             = "us-west-1"
      [32m+[0m[0m security_group_ids = (known after apply)
      [32m+[0m[0m subnet_ids         = (known after apply)
      [32m+[0m[0m tags               = {
          [32m+[0m[0m "Name" = "devops-g3-vpclink"
        }
      [32m+[0m[0m tags_all           = {
          [32m+[0m[0m "Name"        = "devops-g3-vpclink"
          [32m+[0m[0m "capstone"    = "tillflow"
          [32m+[0m[0m "environment" = "dev"
          [32m+[0m[0m "group"       = "devops-g3"
          [32m+[0m[0m "managed-by"  = "terraform"
          [32m+[0m[0m "owner"       = "lwam"
          [32m+[0m[0m "service"     = "platform"
        }
    }

[1m  # module.apigw.aws_cloudwatch_log_group.access[0m will be created
[0m  [32m+[0m[0m resource "aws_cloudwatch_log_group" "access" {
      [32m+[0m[0m arn                         = (known after apply)
      [32m+[0m[0m deletion_protection_enabled = (known after apply)
      [32m+[0m[0m id                          = (known after apply)
      [32m+[0m[0m kms_key_id                  = "arn:aws:kms:us-west-1:240462142849:key/90e2806f-72c0-4b51-ae60-8cc9436bdfe0"
      [32m+[0m[0m log_group_class             = (known after apply)
      [32m+[0m[0m name                        = "/devops-g3/apigw"
      [32m+[0m[0m name_prefix                 = (known after apply)
      [32m+[0m[0m region                      = "us-west-1"
      [32m+[0m[0m retention_in_days           = 30
      [32m+[0m[0m skip_destroy                = false
      [32m+[0m[0m tags_all                    = {
          [32m+[0m[0m "capstone"    = "tillflow"
          [32m+[0m[0m "environment" = "dev"
          [32m+[0m[0m "group"       = "devops-g3"
          [32m+[0m[0m "managed-by"  = "terraform"
          [32m+[0m[0m "owner"       = "lwam"
          [32m+[0m[0m "service"     = "platform"
        }
    }

[1m  # module.db_bootstrap.data.aws_iam_policy_document.this[0m will be read during apply
  # (config refers to values not yet known)
[0m [36m<=[0m[0m data "aws_iam_policy_document" "this" {
      [32m+[0m[0m id            = (known after apply)
      [32m+[0m[0m json          = (known after apply)
      [32m+[0m[0m minified_json = (known after apply)

      [32m+[0m[0m statement {
          [32m+[0m[0m actions   = [
              [32m+[0m[0m "logs:CreateLogGroup",
              [32m+[0m[0m "logs:CreateLogStream",
              [32m+[0m[0m "logs:PutLogEvents",
            ]
          [32m+[0m[0m resources = [
              [32m+[0m[0m "arn:aws:logs:us-west-1:240462142849:log-group:/devops-g3/codebuild/db-bootstrap*",
            ]
          [32m+[0m[0m sid       = "Logs"
        }
      [32m+[0m[0m statement {
          [32m+[0m[0m actions   = [
              [32m+[0m[0m "secretsmanager:DescribeSecret",
              [32m+[0m[0m "secretsmanager:GetSecretValue",
            ]
          [32m+[0m[0m resources = [
              [32m+[0m[0m (known after apply),
            ]
          [32m+[0m[0m sid       = "ReadMasterSecret"
        }
      [32m+[0m[0m statement {
          [32m+[0m[0m actions   = [
              [32m+[0m[0m "secretsmanager:DescribeSecret",
              [32m+[0m[0m "secretsmanager:GetSecretValue",
              [32m+[0m[0m "secretsmanager:PutSecretValue",
              [32m+[0m[0m "secretsmanager:UpdateSecret",
            ]
          [32m+[0m[0m resources = [
              [32m+[0m[0m "arn:aws:secretsmanager:us-west-1:240462142849:secret:devops-g3/db-I364XC",
              [32m+[0m[0m "arn:aws:secretsmanager:us-west-1:240462142849:secret:devops-g3/db-proxy-commission-O3w8qA",
              [32m+[0m[0m "arn:aws:secretsmanager:us-west-1:240462142849:secret:devops-g3/db-proxy-payments-H5SL8D",
              [32m+[0m[0m "arn:aws:secretsmanager:us-west-1:240462142849:secret:devops-g3/db-proxy-pos-L7bCoD",
              [32m+[0m[0m "arn:aws:secretsmanager:us-west-1:240462142849:secret:devops-g3/db-proxy-web-1bqHbE",
            ]
          [32m+[0m[0m sid       = "WriteServiceDbSecret"
        }
      [32m+[0m[0m statement {
          [32m+[0m[0m actions   = [
              [32m+[0m[0m "secretsmanager:GetRandomPassword",
            ]
          [32m+[0m[0m resources = [
              [32m+[0m[0m "*",
            ]
          [32m+[0m[0m sid       = "GeneratePasswords"
        }
      [32m+[0m[0m statement {
          [32m+[0m[0m actions   = [
              [32m+[0m[0m "kms:Decrypt",
              [32m+[0m[0m "kms:DescribeKey",
              [32m+[0m[0m "kms:Encrypt",
              [32m+[0m[0m "kms:GenerateDataKey",
            ]
          [32m+[0m[0m resources = [
              [32m+[0m[0m "arn:aws:kms:us-west-1:240462142849:key/90e2806f-72c0-4b51-ae60-8cc9436bdfe0",
            ]
          [32m+[0m[0m sid       = "KmsForSecrets"
        }
      [32m+[0m[0m statement {
          [32m+[0m[0m actions   = [
              [32m+[0m[0m "ec2:CreateNetworkInterface",
              [32m+[0m[0m "ec2:CreateNetworkInterfacePermission",
              [32m+[0m[0m "ec2:DeleteNetworkInterface",
              [32m+[0m[0m "ec2:DescribeDhcpOptions",
              [32m+[0m[0m "ec2:DescribeNetworkInterfaces",
              [32m+[0m[0m "ec2:DescribeSecurityGroups",
              [32m+[0m[0m "ec2:DescribeSubnets",
              [32m+[0m[0m "ec2:DescribeVpcs",
            ]
          [32m+[0m[0m resources = [
              [32m+[0m[0m "*",
            ]
          [32m+[0m[0m sid       = "VpcNetworkInterfaces"
        }
      [32m+[0m[0m statement {
          [32m+[0m[0m actions   = [
              [32m+[0m[0m "sts:GetCallerIdentity",
            ]
          [32m+[0m[0m resources = [
              [32m+[0m[0m "*",
            ]
          [32m+[0m[0m sid       = "Identity"
        }
    }

[1m  # module.db_bootstrap.aws_codebuild_project.this[0m will be created
[0m  [32m+[0m[0m resource "aws_codebuild_project" "this" {
      [32m+[0m[0m arn                  = (known after apply)
      [32m+[0m[0m auto_retry_limit     = (known after apply)
      [32m+[0m[0m badge_enabled        = false
      [32m+[0m[0m badge_url            = (known after apply)
      [32m+[0m[0m build_timeout        = 20
      [32m+[0m[0m description          = "Create G2 PostgreSQL schemas, runtime roles and service DB credentials"
      [32m+[0m[0m encryption_key       = (known after apply)
      [32m+[0m[0m id                   = (known after apply)
      [32m+[0m[0m name                 = "devops-g3-db-bootstrap"
      [32m+[0m[0m project_visibility   = "PRIVATE"
      [32m+[0m[0m public_project_alias = (known after apply)
      [32m+[0m[0m queued_timeout       = 480
      [32m+[0m[0m region               = "us-west-1"
      [32m+[0m[0m service_role         = (known after apply)
      [32m+[0m[0m tags                 = {
          [32m+[0m[0m "Name"    = "devops-g3-db-bootstrap"
          [32m+[0m[0m "service" = "platform"
        }
      [32m+[0m[0m tags_all             = {
          [32m+[0m[0m "Name"        = "devops-g3-db-bootstrap"
          [32m+[0m[0m "capstone"    = "tillflow"
          [32m+[0m[0m "environment" = "dev"
          [32m+[0m[0m "group"       = "devops-g3"
          [32m+[0m[0m "managed-by"  = "terraform"
          [32m+[0m[0m "owner"       = "lwam"
          [32m+[0m[0m "service"     = "platform"
        }

      [32m+[0m[0m artifacts {
          [32m+[0m[0m encryption_disabled    = false
          [32m+[0m[0m override_artifact_name = false
          [32m+[0m[0m type                   = "NO_ARTIFACTS"
        }

      [32m+[0m[0m environment {
          [32m+[0m[0m compute_type                = "BUILD_GENERAL1_SMALL"
          [32m+[0m[0m host_kernel                 = (known after apply)
          [32m+[0m[0m image                       = "aws/codebuild/standard:7.0"
          [32m+[0m[0m image_pull_credentials_type = "CODEBUILD"
          [32m+[0m[0m privileged_mode             = false
          [32m+[0m[0m type                        = "LINUX_CONTAINER"

          [32m+[0m[0m environment_variable {
              [32m+[0m[0m name  = "NAME_PREFIX"
              [32m+[0m[0m type  = "PLAINTEXT"
              [32m+[0m[0m value = "devops-g3"
            }
          [32m+[0m[0m environment_variable {
              [32m+[0m[0m name  = "SERVICES"
              [32m+[0m[0m type  = "PLAINTEXT"
              [32m+[0m[0m value = "web pos payments commission"
            }
          [32m+[0m[0m environment_variable {
              [32m+[0m[0m name  = "DB_HOST"
              [32m+[0m[0m type  = "PLAINTEXT"
              [32m+[0m[0m value = (known after apply)
            }
          [32m+[0m[0m environment_variable {
              [32m+[0m[0m name  = "DB_NAME"
              [32m+[0m[0m type  = "PLAINTEXT"
              [32m+[0m[0m value = "tillflow"
            }
          [32m+[0m[0m environment_variable {
              [32m+[0m[0m name  = "MASTER_SECRET_ARN"
              [32m+[0m[0m type  = "PLAINTEXT"
              [32m+[0m[0m value = (known after apply)
            }
          [32m+[0m[0m environment_variable {
              [32m+[0m[0m name  = "DB_SECRET_ARN"
              [32m+[0m[0m type  = "PLAINTEXT"
              [32m+[0m[0m value = "arn:aws:secretsmanager:us-west-1:240462142849:secret:devops-g3/db-I364XC"
            }
          [32m+[0m[0m environment_variable {
              [32m+[0m[0m name  = "DB_PROXY_SECRET_ARNS_JSON"
              [32m+[0m[0m type  = "PLAINTEXT"
              [32m+[0m[0m value = jsonencode(
                    {
                      [32m+[0m[0m commission = "arn:aws:secretsmanager:us-west-1:240462142849:secret:devops-g3/db-proxy-commission-O3w8qA"
                      [32m+[0m[0m payments   = "arn:aws:secretsmanager:us-west-1:240462142849:secret:devops-g3/db-proxy-payments-H5SL8D"
                      [32m+[0m[0m pos        = "arn:aws:secretsmanager:us-west-1:240462142849:secret:devops-g3/db-proxy-pos-L7bCoD"
                      [32m+[0m[0m web        = "arn:aws:secretsmanager:us-west-1:240462142849:secret:devops-g3/db-proxy-web-1bqHbE"
                    }
                )
            }
        }

      [32m+[0m[0m logs_config {
          [32m+[0m[0m cloudwatch_logs {
              [32m+[0m[0m group_name  = "/devops-g3/codebuild/db-bootstrap"
              [32m+[0m[0m status      = "ENABLED"
              [32m+[0m[0m stream_name = "db"
            }
        }

      [32m+[0m[0m source {
          [32m+[0m[0m buildspec = <<-EOT
                version: 0.2
                
                # One-off G2 database bootstrap. Run this project after the dev stack exists.
                # It creates per-service owner/runtime role pairs, then stores only runtime
                # credentials in the application DB secret. The master password is read from
                # the RDS-managed secret at runtime and is never printed.
                
                env:
                  shell: bash
                
                phases:
                  install:
                    commands:
                      - set -euo pipefail
                      - |
                        if ! command -v psql >/dev/null 2>&1; then
                          if command -v apt-get >/dev/null 2>&1; then
                            find /etc/apt -type f -name '*.list' -exec sed -i 's|http://|https://|g' {} +
                            apt-get update
                            apt-get install -y postgresql-client
                          elif command -v dnf >/dev/null 2>&1; then
                            dnf install -y postgresql15
                          elif command -v yum >/dev/null 2>&1; then
                            yum install -y postgresql15
                          else
                            echo "No supported package manager found for installing psql" >&2
                            exit 2
                          fi
                        fi
                
                  build:
                    commands:
                      - set -euo pipefail
                      - test -n "${DB_HOST}"
                      - test -n "${DB_NAME}"
                      - test -n "${MASTER_SECRET_ARN}"
                      - test -n "${DB_SECRET_ARN}"
                      - test -n "${DB_PROXY_SECRET_ARNS_JSON}"
                      - MASTER_JSON="$(aws secretsmanager get-secret-value --secret-id "${MASTER_SECRET_ARN}" --query SecretString --output text)"
                      - export MASTER_JSON
                      - export PGUSER="$(python3 -c 'import json, os; print(json.loads(os.environ["MASTER_JSON"])["username"])')"
                      - export PGPASSWORD="$(python3 -c 'import json, os; print(json.loads(os.environ["MASTER_JSON"])["password"])')"
                      - export PGHOST="${DB_HOST}"
                      - export PGPORT="5432"
                      - export PGDATABASE="${DB_NAME}"
                      - export PGSSLMODE="require"
                      - |
                        export ROTATE_PASSWORDS="${ROTATE_PASSWORDS:-false}"
                        EXISTING_DB_JSON=""
                        if [ "${ROTATE_PASSWORDS}" != "true" ]; then
                          EXISTING_DB_JSON="$(aws secretsmanager get-secret-value --secret-id "${DB_SECRET_ARN}" --query SecretString --output text 2>/dev/null || true)"
                        fi
                        export EXISTING_DB_JSON
                
                        password_for() {
                          local service="$1"
                          local existing
                          existing="$(
                            python3 - "${service}" <<'PY' || true
                        import json
                        import os
                        import sys
                
                        raw = os.environ.get("EXISTING_DB_JSON", "")
                        if not raw:
                            sys.exit(0)
                
                        try:
                            service_value = json.loads(raw).get(sys.argv[1], {})
                            if isinstance(service_value, str):
                                service_value = json.loads(service_value)
                            value = service_value.get("password", "")
                        except Exception:
                            value = ""
                
                        if value:
                            print(value)
                        PY
                          )"
                
                          if [ -n "${existing}" ]; then
                            printf '%s' "${existing}"
                          else
                            # Passwords are interpolated into SQL literals below. Excluding
                            # punctuation keeps the generated values free of quotes and
                            # backslashes.
                            aws secretsmanager get-random-password \
                              --password-length 40 \
                              --exclude-punctuation \
                              --query RandomPassword \
                              --output text
                          fi
                        }
                
                        WEB_PASSWORD="$(password_for web)"
                        POS_PASSWORD="$(password_for pos)"
                        PAYMENTS_PASSWORD="$(password_for payments)"
                        COMMISSION_PASSWORD="$(password_for commission)"
                        export WEB_PASSWORD POS_PASSWORD PAYMENTS_PASSWORD COMMISSION_PASSWORD
                      - |
                        cat > /tmp/g2-db-bootstrap.sql <<SQL
                        REVOKE CREATE ON SCHEMA public FROM PUBLIC;
                        REVOKE ALL ON DATABASE ${DB_NAME} FROM PUBLIC;
                
                        DO \$\$
                        BEGIN
                          IF NOT EXISTS (SELECT 1 FROM pg_roles WHERE rolname = 'tillflow_web_owner') THEN
                            CREATE ROLE tillflow_web_owner NOLOGIN NOBYPASSRLS;
                          ELSE
                            ALTER ROLE tillflow_web_owner WITH NOLOGIN NOBYPASSRLS;
                          END IF;
                
                          IF NOT EXISTS (SELECT 1 FROM pg_roles WHERE rolname = 'tillflow_web') THEN
                            CREATE ROLE tillflow_web LOGIN PASSWORD '${WEB_PASSWORD}' NOBYPASSRLS;
                          ELSE
                            ALTER ROLE tillflow_web WITH LOGIN PASSWORD '${WEB_PASSWORD}' NOBYPASSRLS;
                          END IF;
                
                          IF NOT EXISTS (SELECT 1 FROM pg_roles WHERE rolname = 'tillflow_pos_owner') THEN
                            CREATE ROLE tillflow_pos_owner NOLOGIN NOBYPASSRLS;
                          ELSE
                            ALTER ROLE tillflow_pos_owner WITH NOLOGIN NOBYPASSRLS;
                          END IF;
                
                          IF NOT EXISTS (SELECT 1 FROM pg_roles WHERE rolname = 'tillflow_pos') THEN
                            CREATE ROLE tillflow_pos LOGIN PASSWORD '${POS_PASSWORD}' NOBYPASSRLS;
                          ELSE
                            ALTER ROLE tillflow_pos WITH LOGIN PASSWORD '${POS_PASSWORD}' NOBYPASSRLS;
                          END IF;
                
                          IF NOT EXISTS (SELECT 1 FROM pg_roles WHERE rolname = 'tillflow_payments_owner') THEN
                            CREATE ROLE tillflow_payments_owner NOLOGIN NOBYPASSRLS;
                          ELSE
                            ALTER ROLE tillflow_payments_owner WITH NOLOGIN NOBYPASSRLS;
                          END IF;
                
                          IF NOT EXISTS (SELECT 1 FROM pg_roles WHERE rolname = 'tillflow_payments') THEN
                            CREATE ROLE tillflow_payments LOGIN PASSWORD '${PAYMENTS_PASSWORD}' NOBYPASSRLS;
                          ELSE
                            ALTER ROLE tillflow_payments WITH LOGIN PASSWORD '${PAYMENTS_PASSWORD}' NOBYPASSRLS;
                          END IF;
                
                          IF NOT EXISTS (SELECT 1 FROM pg_roles WHERE rolname = 'tillflow_commission_owner') THEN
                            CREATE ROLE tillflow_commission_owner NOLOGIN NOBYPASSRLS;
                          ELSE
                            ALTER ROLE tillflow_commission_owner WITH NOLOGIN NOBYPASSRLS;
                          END IF;
                
                          IF NOT EXISTS (SELECT 1 FROM pg_roles WHERE rolname = 'tillflow_commission') THEN
                            CREATE ROLE tillflow_commission LOGIN PASSWORD '${COMMISSION_PASSWORD}' NOBYPASSRLS;
                          ELSE
                            ALTER ROLE tillflow_commission WITH LOGIN PASSWORD '${COMMISSION_PASSWORD}' NOBYPASSRLS;
                          END IF;
                        END
                        \$\$;
                
                        -- Membership must come FIRST. CREATE SCHEMA ... AUTHORIZATION <role>
                        -- and ALTER SCHEMA ... OWNER TO <role> both require the executing user
                        -- to be able to SET ROLE to that role. The RDS master user is
                        -- rds_superuser, not a true superuser, so it is not exempt: granting
                        -- these after the CREATE statements fails with
                        --   ERROR: must be able to SET ROLE "tillflow_web_owner"
                        GRANT tillflow_web_owner TO "${PGUSER}";
                        GRANT tillflow_pos_owner TO "${PGUSER}";
                        GRANT tillflow_payments_owner TO "${PGUSER}";
                        GRANT tillflow_commission_owner TO "${PGUSER}";
                
                        CREATE SCHEMA IF NOT EXISTS web AUTHORIZATION tillflow_web_owner;
                        CREATE SCHEMA IF NOT EXISTS pos AUTHORIZATION tillflow_pos_owner;
                        CREATE SCHEMA IF NOT EXISTS payments AUTHORIZATION tillflow_payments_owner;
                        CREATE SCHEMA IF NOT EXISTS commission AUTHORIZATION tillflow_commission_owner;
                
                        -- Idempotent re-assert: CREATE SCHEMA IF NOT EXISTS is a no-op when the
                        -- schema already exists, so it would not correct ownership on a re-run
                        -- against a schema created before the owner roles existed.
                        ALTER SCHEMA web OWNER TO tillflow_web_owner;
                        ALTER SCHEMA pos OWNER TO tillflow_pos_owner;
                        ALTER SCHEMA payments OWNER TO tillflow_payments_owner;
                        ALTER SCHEMA commission OWNER TO tillflow_commission_owner;
                
                        GRANT CONNECT ON DATABASE ${DB_NAME} TO tillflow_web, tillflow_pos, tillflow_payments, tillflow_commission;
                
                        GRANT USAGE ON SCHEMA web TO tillflow_web;
                        GRANT USAGE ON SCHEMA pos TO tillflow_pos;
                        GRANT USAGE ON SCHEMA payments TO tillflow_payments;
                        GRANT USAGE ON SCHEMA commission TO tillflow_commission;
                
                        -- These grants are a no-op on the first run because the schemas are
                        -- empty. They make the bootstrap safe to rerun after migrations exist;
                        -- the default privileges below cover future objects.
                        GRANT SELECT, INSERT, UPDATE, DELETE ON ALL TABLES IN SCHEMA web TO tillflow_web;
                        GRANT SELECT, INSERT, UPDATE, DELETE ON ALL TABLES IN SCHEMA pos TO tillflow_pos;
                        GRANT SELECT, INSERT, UPDATE, DELETE ON ALL TABLES IN SCHEMA payments TO tillflow_payments;
                        GRANT SELECT, INSERT, UPDATE, DELETE ON ALL TABLES IN SCHEMA commission TO tillflow_commission;
                
                        GRANT USAGE, SELECT, UPDATE ON ALL SEQUENCES IN SCHEMA web TO tillflow_web;
                        GRANT USAGE, SELECT, UPDATE ON ALL SEQUENCES IN SCHEMA pos TO tillflow_pos;
                        GRANT USAGE, SELECT, UPDATE ON ALL SEQUENCES IN SCHEMA payments TO tillflow_payments;
                        GRANT USAGE, SELECT, UPDATE ON ALL SEQUENCES IN SCHEMA commission TO tillflow_commission;
                
                        GRANT EXECUTE ON ALL FUNCTIONS IN SCHEMA web TO tillflow_web;
                        GRANT EXECUTE ON ALL FUNCTIONS IN SCHEMA pos TO tillflow_pos;
                        GRANT EXECUTE ON ALL FUNCTIONS IN SCHEMA payments TO tillflow_payments;
                        GRANT EXECUTE ON ALL FUNCTIONS IN SCHEMA commission TO tillflow_commission;
                
                        ALTER DEFAULT PRIVILEGES FOR ROLE tillflow_web_owner IN SCHEMA web
                          GRANT SELECT, INSERT, UPDATE, DELETE ON TABLES TO tillflow_web;
                        ALTER DEFAULT PRIVILEGES FOR ROLE tillflow_pos_owner IN SCHEMA pos
                          GRANT SELECT, INSERT, UPDATE, DELETE ON TABLES TO tillflow_pos;
                        ALTER DEFAULT PRIVILEGES FOR ROLE tillflow_payments_owner IN SCHEMA payments
                          GRANT SELECT, INSERT, UPDATE, DELETE ON TABLES TO tillflow_payments;
                        ALTER DEFAULT PRIVILEGES FOR ROLE tillflow_commission_owner IN SCHEMA commission
                          GRANT SELECT, INSERT, UPDATE, DELETE ON TABLES TO tillflow_commission;
                
                        ALTER DEFAULT PRIVILEGES FOR ROLE tillflow_web_owner IN SCHEMA web
                          GRANT USAGE, SELECT, UPDATE ON SEQUENCES TO tillflow_web;
                        ALTER DEFAULT PRIVILEGES FOR ROLE tillflow_pos_owner IN SCHEMA pos
                          GRANT USAGE, SELECT, UPDATE ON SEQUENCES TO tillflow_pos;
                        ALTER DEFAULT PRIVILEGES FOR ROLE tillflow_payments_owner IN SCHEMA payments
                          GRANT USAGE, SELECT, UPDATE ON SEQUENCES TO tillflow_payments;
                        ALTER DEFAULT PRIVILEGES FOR ROLE tillflow_commission_owner IN SCHEMA commission
                          GRANT USAGE, SELECT, UPDATE ON SEQUENCES TO tillflow_commission;
                
                        ALTER DEFAULT PRIVILEGES FOR ROLE tillflow_web_owner IN SCHEMA web
                          GRANT EXECUTE ON FUNCTIONS TO tillflow_web;
                        ALTER DEFAULT PRIVILEGES FOR ROLE tillflow_pos_owner IN SCHEMA pos
                          GRANT EXECUTE ON FUNCTIONS TO tillflow_pos;
                        ALTER DEFAULT PRIVILEGES FOR ROLE tillflow_payments_owner IN SCHEMA payments
                          GRANT EXECUTE ON FUNCTIONS TO tillflow_payments;
                        ALTER DEFAULT PRIVILEGES FOR ROLE tillflow_commission_owner IN SCHEMA commission
                          GRANT EXECUTE ON FUNCTIONS TO tillflow_commission;
                
                        ALTER ROLE tillflow_web SET search_path = web;
                        ALTER ROLE tillflow_pos SET search_path = pos;
                        ALTER ROLE tillflow_payments SET search_path = payments;
                        ALTER ROLE tillflow_commission SET search_path = commission;
                        SQL
                      - psql -v ON_ERROR_STOP=1 -f /tmp/g2-db-bootstrap.sql
                      - |
                        python3 - <<'PY' > /tmp/service-db-secret.json
                        import json
                        import os
                
                        host = os.environ["DB_HOST"]
                        db_name = os.environ["DB_NAME"]
                        services = {
                            "web": ("tillflow_web", os.environ["WEB_PASSWORD"]),
                            "pos": ("tillflow_pos", os.environ["POS_PASSWORD"]),
                            "payments": ("tillflow_payments", os.environ["PAYMENTS_PASSWORD"]),
                            "commission": ("tillflow_commission", os.environ["COMMISSION_PASSWORD"]),
                        }
                
                        # ECS json-key injection is reliable for strings. Nested objects can be
                        # injected in a non-JSON representation, so keep each selected service
                        # value as a JSON string that the app parses from DB_CREDENTIALS.
                        payload = {}
                        for service, (username, password) in services.items():
                            credentials = {
                                "username": username,
                                "password": password,
                                "host": host,
                                "port": 5432,
                                "dbname": db_name,
                                "schema": service,
                                "sslmode": "require",
                            }
                            payload[service] = json.dumps(credentials, separators=(",", ":"))
                        print(json.dumps(payload, separators=(",", ":")))
                        PY
                      - aws secretsmanager put-secret-value --secret-id "${DB_SECRET_ARN}" --secret-string file:///tmp/service-db-secret.json >/dev/null
                      - |
                        python3 - <<'PY'
                        import json
                        import os
                        import subprocess
                
                        proxy_secret_arns = json.loads(os.environ["DB_PROXY_SECRET_ARNS_JSON"])
                        services = {
                            "web": ("tillflow_web", os.environ["WEB_PASSWORD"]),
                            "pos": ("tillflow_pos", os.environ["POS_PASSWORD"]),
                            "payments": ("tillflow_payments", os.environ["PAYMENTS_PASSWORD"]),
                            "commission": ("tillflow_commission", os.environ["COMMISSION_PASSWORD"]),
                        }
                
                        for service, secret_arn in proxy_secret_arns.items():
                            username, password = services[service]
                            payload = json.dumps(
                                {"username": username, "password": password},
                                separators=(",", ":"),
                            )
                            subprocess.run(
                                [
                                    "aws",
                                    "secretsmanager",
                                    "put-secret-value",
                                    "--secret-id",
                                    secret_arn,
                                    "--secret-string",
                                    payload,
                                ],
                                check=True,
                                stdout=subprocess.DEVNULL,
                            )
                        PY
                      - shred -u /tmp/service-db-secret.json /tmp/g2-db-bootstrap.sql 2>/dev/null || rm -f /tmp/service-db-secret.json /tmp/g2-db-bootstrap.sql
                      - 'echo "G2 DB bootstrap completed for schemas: ${SERVICES}"'
            EOT
          [32m+[0m[0m type      = "NO_SOURCE"
        }

      [32m+[0m[0m vpc_config {
          [32m+[0m[0m security_group_ids = (known after apply)
          [32m+[0m[0m subnets            = (known after apply)
          [32m+[0m[0m vpc_id             = (known after apply)
        }
    }

[1m  # module.db_bootstrap.aws_iam_role.this[0m will be created
[0m  [32m+[0m[0m resource "aws_iam_role" "this" {
      [32m+[0m[0m arn                   = (known after apply)
      [32m+[0m[0m assume_role_policy    = jsonencode(
            {
              [32m+[0m[0m Statement = [
                  [32m+[0m[0m {
                      [32m+[0m[0m Action    = "sts:AssumeRole"
                      [32m+[0m[0m Effect    = "Allow"
                      [32m+[0m[0m Principal = {
                          [32m+[0m[0m Service = "codebuild.amazonaws.com"
                        }
                    },
                ]
              [32m+[0m[0m Version   = "2012-10-17"
            }
        )
      [32m+[0m[0m create_date           = (known after apply)
      [32m+[0m[0m description           = "CodeBuild role for G2 PostgreSQL schema and runtime role bootstrap"
      [32m+[0m[0m force_detach_policies = false
      [32m+[0m[0m id                    = (known after apply)
      [32m+[0m[0m managed_policy_arns   = (known after apply)
      [32m+[0m[0m max_session_duration  = 3600
      [32m+[0m[0m name                  = "devops-g3-db-bootstrap"
      [32m+[0m[0m name_prefix           = (known after apply)
      [32m+[0m[0m path                  = "/"
      [32m+[0m[0m tags                  = {
          [32m+[0m[0m "Name"    = "devops-g3-db-bootstrap"
          [32m+[0m[0m "service" = "platform"
        }
      [32m+[0m[0m tags_all              = {
          [32m+[0m[0m "Name"        = "devops-g3-db-bootstrap"
          [32m+[0m[0m "capstone"    = "tillflow"
          [32m+[0m[0m "environment" = "dev"
          [32m+[0m[0m "group"       = "devops-g3"
          [32m+[0m[0m "managed-by"  = "terraform"
          [32m+[0m[0m "owner"       = "lwam"
          [32m+[0m[0m "service"     = "platform"
        }
      [32m+[0m[0m unique_id             = (known after apply)

      [32m+[0m[0m inline_policy (known after apply)
    }

[1m  # module.db_bootstrap.aws_iam_role_policy.this[0m will be created
[0m  [32m+[0m[0m resource "aws_iam_role_policy" "this" {
      [32m+[0m[0m id          = (known after apply)
      [32m+[0m[0m name        = "db-bootstrap"
      [32m+[0m[0m name_prefix = (known after apply)
      [32m+[0m[0m policy      = (known after apply)
      [32m+[0m[0m role        = (known after apply)
    }

[1m  # module.delivery.data.aws_iam_policy_document.codebuild[0m will be read during apply
  # (config refers to values not yet known)
[0m [36m<=[0m[0m data "aws_iam_policy_document" "codebuild" {
      [32m+[0m[0m id            = (known after apply)
      [32m+[0m[0m json          = (known after apply)
      [32m+[0m[0m minified_json = (known after apply)

      [32m+[0m[0m statement {
          [32m+[0m[0m actions   = [
              [32m+[0m[0m "s3:GetObject",
              [32m+[0m[0m "s3:GetObjectVersion",
              [32m+[0m[0m "s3:ListBucket",
              [32m+[0m[0m "s3:PutObject",
            ]
          [32m+[0m[0m resources = [
              [32m+[0m[0m (known after apply),
              [32m+[0m[0m (known after apply),
            ]
          [32m+[0m[0m sid       = "ArtifactBucket"
        }
      [32m+[0m[0m statement {
          [32m+[0m[0m actions   = [
              [32m+[0m[0m "logs:CreateLogGroup",
              [32m+[0m[0m "logs:CreateLogStream",
              [32m+[0m[0m "logs:PutLogEvents",
            ]
          [32m+[0m[0m resources = [
              [32m+[0m[0m "arn:aws:logs:us-west-1:240462142849:log-group:/devops-g3/codebuild*",
            ]
          [32m+[0m[0m sid       = "Logs"
        }
      [32m+[0m[0m statement {
          [32m+[0m[0m actions   = [
              [32m+[0m[0m "ecr:BatchCheckLayerAvailability",
              [32m+[0m[0m "ecr:BatchGetImage",
              [32m+[0m[0m "ecr:CompleteLayerUpload",
              [32m+[0m[0m "ecr:DescribeImageScanFindings",
              [32m+[0m[0m "ecr:DescribeImages",
              [32m+[0m[0m "ecr:GetAuthorizationToken",
              [32m+[0m[0m "ecr:GetDownloadUrlForLayer",
              [32m+[0m[0m "ecr:InitiateLayerUpload",
              [32m+[0m[0m "ecr:PutImage",
              [32m+[0m[0m "ecr:StartImageScan",
              [32m+[0m[0m "ecr:UploadLayerPart",
            ]
          [32m+[0m[0m resources = [
              [32m+[0m[0m "*",
            ]
          [32m+[0m[0m sid       = "EcrBuildPushAndScan"
        }
      [32m+[0m[0m statement {
          [32m+[0m[0m actions   = [
              [32m+[0m[0m "ssm:AddTagsToResource",
              [32m+[0m[0m "ssm:GetParameter",
              [32m+[0m[0m "ssm:GetParameters",
              [32m+[0m[0m "ssm:ListTagsForResource",
              [32m+[0m[0m "ssm:PutParameter",
            ]
          [32m+[0m[0m resources = [
              [32m+[0m[0m "arn:aws:ssm:us-west-1:240462142849:parameter/devops-g3/*/image-digest",
              [32m+[0m[0m "arn:aws:ssm:us-west-1:240462142849:parameter/devops-g3/*/image-tag",
            ]
          [32m+[0m[0m sid       = "RecordImageVersions"
        }
      [32m+[0m[0m statement {
          [32m+[0m[0m actions   = [
              [32m+[0m[0m "secretsmanager:DescribeSecret",
              [32m+[0m[0m "secretsmanager:GetSecretValue",
            ]
          [32m+[0m[0m resources = [
              [32m+[0m[0m (known after apply),
            ]
          [32m+[0m[0m sid       = "ReadRdsMasterSecretForMigrations"
        }
      [32m+[0m[0m statement {
          [32m+[0m[0m actions   = [
              [32m+[0m[0m "ecs:DescribeServices",
              [32m+[0m[0m "ecs:DescribeTasks",
              [32m+[0m[0m "ecs:ListTasks",
              [32m+[0m[0m "ecs:UpdateService",
            ]
          [32m+[0m[0m resources = [
              [32m+[0m[0m "*",
            ]
          [32m+[0m[0m sid       = "EcsSmokeAndScale"
        }
      [32m+[0m[0m statement {
          [32m+[0m[0m actions   = [
              [32m+[0m[0m "kms:Decrypt",
              [32m+[0m[0m "kms:DescribeKey",
              [32m+[0m[0m "kms:Encrypt",
              [32m+[0m[0m "kms:GenerateDataKey",
            ]
          [32m+[0m[0m resources = [
              [32m+[0m[0m "arn:aws:kms:us-west-1:240462142849:key/90e2806f-72c0-4b51-ae60-8cc9436bdfe0",
            ]
          [32m+[0m[0m sid       = "KmsForArtifactsAndEcr"
        }
      [32m+[0m[0m statement {
          [32m+[0m[0m actions   = [
              [32m+[0m[0m "ec2:CreateNetworkInterface",
              [32m+[0m[0m "ec2:CreateNetworkInterfacePermission",
              [32m+[0m[0m "ec2:DeleteNetworkInterface",
              [32m+[0m[0m "ec2:DescribeDhcpOptions",
              [32m+[0m[0m "ec2:DescribeNetworkInterfaces",
              [32m+[0m[0m "ec2:DescribeSecurityGroups",
              [32m+[0m[0m "ec2:DescribeSubnets",
              [32m+[0m[0m "ec2:DescribeVpcs",
            ]
          [32m+[0m[0m resources = [
              [32m+[0m[0m "*",
            ]
          [32m+[0m[0m sid       = "VpcNetworkInterfaces"
        }
      [32m+[0m[0m statement {
          [32m+[0m[0m actions   = [
              [32m+[0m[0m "sts:GetCallerIdentity",
            ]
          [32m+[0m[0m resources = [
              [32m+[0m[0m "*",
            ]
          [32m+[0m[0m sid       = "Identity"
        }
    }

[1m  # module.delivery.data.aws_iam_policy_document.codebuild_assume[0m will be read during apply
  # (depends on a resource or a module with changes pending)
[0m [36m<=[0m[0m data "aws_iam_policy_document" "codebuild_assume" {
      [32m+[0m[0m id            = (known after apply)
      [32m+[0m[0m json          = (known after apply)
      [32m+[0m[0m minified_json = (known after apply)

      [32m+[0m[0m statement {
          [32m+[0m[0m actions = [
              [32m+[0m[0m "sts:AssumeRole",
            ]

          [32m+[0m[0m principals {
              [32m+[0m[0m identifiers = [
                  [32m+[0m[0m "codebuild.amazonaws.com",
                ]
              [32m+[0m[0m type        = "Service"
            }
        }
    }

[1m  # module.delivery.data.aws_iam_policy_document.codepipeline[0m will be read during apply
  # (config refers to values not yet known)
[0m [36m<=[0m[0m data "aws_iam_policy_document" "codepipeline" {
      [32m+[0m[0m id            = (known after apply)
      [32m+[0m[0m json          = (known after apply)
      [32m+[0m[0m minified_json = (known after apply)

      [32m+[0m[0m statement {
          [32m+[0m[0m actions   = [
              [32m+[0m[0m "s3:GetBucketVersioning",
              [32m+[0m[0m "s3:GetObject",
              [32m+[0m[0m "s3:GetObjectVersion",
              [32m+[0m[0m "s3:ListBucket",
              [32m+[0m[0m "s3:PutObject",
            ]
          [32m+[0m[0m resources = [
              [32m+[0m[0m (known after apply),
              [32m+[0m[0m (known after apply),
            ]
          [32m+[0m[0m sid       = "ArtifactBucket"
        }
      [32m+[0m[0m statement {
          [32m+[0m[0m actions   = [
              [32m+[0m[0m "codeconnections:UseConnection",
              [32m+[0m[0m "codestar-connections:UseConnection",
            ]
          [32m+[0m[0m resources = [
              [32m+[0m[0m (known after apply),
            ]
          [32m+[0m[0m sid       = "UseGithubConnection"
        }
      [32m+[0m[0m statement {
          [32m+[0m[0m actions   = [
              [32m+[0m[0m "codebuild:BatchGetBuilds",
              [32m+[0m[0m "codebuild:StartBuild",
            ]
          [32m+[0m[0m resources = [
              [32m+[0m[0m (known after apply),
              [32m+[0m[0m (known after apply),
              [32m+[0m[0m (known after apply),
              [32m+[0m[0m (known after apply),
              [32m+[0m[0m (known after apply),
              [32m+[0m[0m (known after apply),
              [32m+[0m[0m (known after apply),
              [32m+[0m[0m (known after apply),
            ]
          [32m+[0m[0m sid       = "RunBuilds"
        }
      [32m+[0m[0m statement {
          [32m+[0m[0m actions   = [
              [32m+[0m[0m "ecs:DescribeClusters",
              [32m+[0m[0m "ecs:DescribeServices",
              [32m+[0m[0m "ecs:DescribeTaskDefinition",
              [32m+[0m[0m "ecs:DescribeTasks",
              [32m+[0m[0m "ecs:ListTasks",
              [32m+[0m[0m "ecs:RegisterTaskDefinition",
              [32m+[0m[0m "ecs:TagResource",
              [32m+[0m[0m "ecs:UpdateService",
            ]
          [32m+[0m[0m resources = [
              [32m+[0m[0m "*",
            ]
          [32m+[0m[0m sid       = "DeployToEcs"
        }
      [32m+[0m[0m statement {
          [32m+[0m[0m actions   = [
              [32m+[0m[0m "iam:PassRole",
            ]
          [32m+[0m[0m resources = [
              [32m+[0m[0m "arn:aws:iam::240462142849:role/devops-g3-*",
            ]
          [32m+[0m[0m sid       = "PassTaskRoles"

          [32m+[0m[0m condition {
              [32m+[0m[0m test     = "StringEqualsIfExists"
              [32m+[0m[0m values   = [
                  [32m+[0m[0m "ecs.amazonaws.com",
                  [32m+[0m[0m "ecs-tasks.amazonaws.com",
                ]
              [32m+[0m[0m variable = "iam:PassedToService"
            }
        }
      [32m+[0m[0m statement {
          [32m+[0m[0m actions   = [
              [32m+[0m[0m "kms:Decrypt",
              [32m+[0m[0m "kms:DescribeKey",
              [32m+[0m[0m "kms:Encrypt",
              [32m+[0m[0m "kms:GenerateDataKey",
            ]
          [32m+[0m[0m resources = [
              [32m+[0m[0m "arn:aws:kms:us-west-1:240462142849:key/90e2806f-72c0-4b51-ae60-8cc9436bdfe0",
            ]
          [32m+[0m[0m sid       = "KmsForArtifacts"
        }
    }

[1m  # module.delivery.data.aws_iam_policy_document.codepipeline_assume[0m will be read during apply
  # (depends on a resource or a module with changes pending)
[0m [36m<=[0m[0m data "aws_iam_policy_document" "codepipeline_assume" {
      [32m+[0m[0m id            = (known after apply)
      [32m+[0m[0m json          = (known after apply)
      [32m+[0m[0m minified_json = (known after apply)

      [32m+[0m[0m statement {
          [32m+[0m[0m actions = [
              [32m+[0m[0m "sts:AssumeRole",
            ]

          [32m+[0m[0m principals {
              [32m+[0m[0m identifiers = [
                  [32m+[0m[0m "codepipeline.amazonaws.com",
                ]
              [32m+[0m[0m type        = "Service"
            }
        }
    }

[1m  # module.delivery.aws_codebuild_project.adot_mirror[0m will be created
[0m  [32m+[0m[0m resource "aws_codebuild_project" "adot_mirror" {
      [32m+[0m[0m arn                  = (known after apply)
      [32m+[0m[0m auto_retry_limit     = (known after apply)
      [32m+[0m[0m badge_enabled        = false
      [32m+[0m[0m badge_url            = (known after apply)
      [32m+[0m[0m build_timeout        = 15
      [32m+[0m[0m description          = "Build private ADOT image (upstream pin + TillFlow AMP config)"
      [32m+[0m[0m encryption_key       = (known after apply)
      [32m+[0m[0m id                   = (known after apply)
      [32m+[0m[0m name                 = "devops-g3-adot-mirror"
      [32m+[0m[0m project_visibility   = "PRIVATE"
      [32m+[0m[0m public_project_alias = (known after apply)
      [32m+[0m[0m queued_timeout       = 480
      [32m+[0m[0m region               = "us-west-1"
      [32m+[0m[0m service_role         = (known after apply)
      [32m+[0m[0m tags                 = {
          [32m+[0m[0m "Name"    = "devops-g3-adot-mirror"
          [32m+[0m[0m "service" = "telemetry"
        }
      [32m+[0m[0m tags_all             = {
          [32m+[0m[0m "Name"        = "devops-g3-adot-mirror"
          [32m+[0m[0m "capstone"    = "tillflow"
          [32m+[0m[0m "environment" = "dev"
          [32m+[0m[0m "group"       = "devops-g3"
          [32m+[0m[0m "managed-by"  = "terraform"
          [32m+[0m[0m "owner"       = "lwam"
          [32m+[0m[0m "service"     = "telemetry"
        }

      [32m+[0m[0m artifacts {
          [32m+[0m[0m encryption_disabled    = false
          [32m+[0m[0m override_artifact_name = false
          [32m+[0m[0m type                   = "CODEPIPELINE"
        }

      [32m+[0m[0m environment {
          [32m+[0m[0m compute_type                = "BUILD_GENERAL1_SMALL"
          [32m+[0m[0m host_kernel                 = (known after apply)
          [32m+[0m[0m image                       = "aws/codebuild/amazonlinux-aarch64-standard:3.0"
          [32m+[0m[0m image_pull_credentials_type = "CODEBUILD"
          [32m+[0m[0m privileged_mode             = true
          [32m+[0m[0m type                        = "ARM_CONTAINER"

          [32m+[0m[0m environment_variable {
              [32m+[0m[0m name  = "ADOT_REPOSITORY"
              [32m+[0m[0m type  = "PLAINTEXT"
              [32m+[0m[0m value = "devops-g3/adot"
            }
          [32m+[0m[0m environment_variable {
              [32m+[0m[0m name  = "ADOT_SOURCE_IMAGE"
              [32m+[0m[0m type  = "PLAINTEXT"
              [32m+[0m[0m value = "public.ecr.aws/aws-observability/aws-otel-collector@sha256:8aa9ea5f67b8d318f7d6af24677e3c70f7098bc0631147cb5fa91addbe980b06"
            }
          [32m+[0m[0m environment_variable {
              [32m+[0m[0m name  = "ADOT_IMAGE_TAG"
              [32m+[0m[0m type  = "PLAINTEXT"
              [32m+[0m[0m value = "v0.43.3-tillflow4"
            }
          [32m+[0m[0m environment_variable {
              [32m+[0m[0m name  = "IMAGE_PLATFORM"
              [32m+[0m[0m type  = "PLAINTEXT"
              [32m+[0m[0m value = "linux/arm64"
            }
        }

      [32m+[0m[0m logs_config {
          [32m+[0m[0m cloudwatch_logs {
              [32m+[0m[0m group_name  = "/devops-g3/codebuild/adot-mirror"
              [32m+[0m[0m status      = "ENABLED"
              [32m+[0m[0m stream_name = "image"
            }
        }

      [32m+[0m[0m source {
          [32m+[0m[0m buildspec = "buildspecs/mirror-adot.yml"
          [32m+[0m[0m type      = "CODEPIPELINE"
        }
    }

[1m  # module.delivery.aws_codebuild_project.grafana_image[0m will be created
[0m  [32m+[0m[0m resource "aws_codebuild_project" "grafana_image" {
      [32m+[0m[0m arn                  = (known after apply)
      [32m+[0m[0m auto_retry_limit     = (known after apply)
      [32m+[0m[0m badge_enabled        = false
      [32m+[0m[0m badge_url            = (known after apply)
      [32m+[0m[0m build_timeout        = 15
      [32m+[0m[0m description          = "Build private Grafana image (TillFlow AMP provisioning + dashboards)"
      [32m+[0m[0m encryption_key       = (known after apply)
      [32m+[0m[0m id                   = (known after apply)
      [32m+[0m[0m name                 = "devops-g3-grafana-build"
      [32m+[0m[0m project_visibility   = "PRIVATE"
      [32m+[0m[0m public_project_alias = (known after apply)
      [32m+[0m[0m queued_timeout       = 480
      [32m+[0m[0m region               = "us-west-1"
      [32m+[0m[0m service_role         = (known after apply)
      [32m+[0m[0m tags                 = {
          [32m+[0m[0m "Name"    = "devops-g3-grafana-build"
          [32m+[0m[0m "service" = "grafana"
        }
      [32m+[0m[0m tags_all             = {
          [32m+[0m[0m "Name"        = "devops-g3-grafana-build"
          [32m+[0m[0m "capstone"    = "tillflow"
          [32m+[0m[0m "environment" = "dev"
          [32m+[0m[0m "group"       = "devops-g3"
          [32m+[0m[0m "managed-by"  = "terraform"
          [32m+[0m[0m "owner"       = "lwam"
          [32m+[0m[0m "service"     = "grafana"
        }

      [32m+[0m[0m artifacts {
          [32m+[0m[0m encryption_disabled    = false
          [32m+[0m[0m override_artifact_name = false
          [32m+[0m[0m type                   = "CODEPIPELINE"
        }

      [32m+[0m[0m environment {
          [32m+[0m[0m compute_type                = "BUILD_GENERAL1_SMALL"
          [32m+[0m[0m host_kernel                 = (known after apply)
          [32m+[0m[0m image                       = "aws/codebuild/amazonlinux-aarch64-standard:3.0"
          [32m+[0m[0m image_pull_credentials_type = "CODEBUILD"
          [32m+[0m[0m privileged_mode             = true
          [32m+[0m[0m type                        = "ARM_CONTAINER"

          [32m+[0m[0m environment_variable {
              [32m+[0m[0m name  = "GRAFANA_REPOSITORY"
              [32m+[0m[0m type  = "PLAINTEXT"
              [32m+[0m[0m value = "devops-g3/grafana"
            }
          [32m+[0m[0m environment_variable {
              [32m+[0m[0m name  = "GRAFANA_IMAGE_TAG"
              [32m+[0m[0m type  = "PLAINTEXT"
              [32m+[0m[0m value = "11.4.0-tillflow2"
            }
          [32m+[0m[0m environment_variable {
              [32m+[0m[0m name  = "GRAFANA_VERSION"
              [32m+[0m[0m type  = "PLAINTEXT"
              [32m+[0m[0m value = "11.4.0"
            }
          [32m+[0m[0m environment_variable {
              [32m+[0m[0m name  = "IMAGE_PLATFORM"
              [32m+[0m[0m type  = "PLAINTEXT"
              [32m+[0m[0m value = "linux/arm64"
            }
        }

      [32m+[0m[0m logs_config {
          [32m+[0m[0m cloudwatch_logs {
              [32m+[0m[0m group_name  = "/devops-g3/codebuild/grafana"
              [32m+[0m[0m status      = "ENABLED"
              [32m+[0m[0m stream_name = "image"
            }
        }

      [32m+[0m[0m source {
          [32m+[0m[0m buildspec = "buildspecs/build-grafana.yml"
          [32m+[0m[0m type      = "CODEPIPELINE"
        }
    }

[1m  # module.delivery.aws_codebuild_project.image["commission"][0m will be created
[0m  [32m+[0m[0m resource "aws_codebuild_project" "image" {
      [32m+[0m[0m arn                  = (known after apply)
      [32m+[0m[0m auto_retry_limit     = (known after apply)
      [32m+[0m[0m badge_enabled        = false
      [32m+[0m[0m badge_url            = (known after apply)
      [32m+[0m[0m build_timeout        = 30
      [32m+[0m[0m description          = "Build, scan and push the commission image"
      [32m+[0m[0m encryption_key       = (known after apply)
      [32m+[0m[0m id                   = (known after apply)
      [32m+[0m[0m name                 = "devops-g3-commission-build"
      [32m+[0m[0m project_visibility   = "PRIVATE"
      [32m+[0m[0m public_project_alias = (known after apply)
      [32m+[0m[0m queued_timeout       = 480
      [32m+[0m[0m region               = "us-west-1"
      [32m+[0m[0m service_role         = (known after apply)
      [32m+[0m[0m tags                 = {
          [32m+[0m[0m "Name"    = "devops-g3-commission-build"
          [32m+[0m[0m "service" = "commission"
        }
      [32m+[0m[0m tags_all             = {
          [32m+[0m[0m "Name"        = "devops-g3-commission-build"
          [32m+[0m[0m "capstone"    = "tillflow"
          [32m+[0m[0m "environment" = "dev"
          [32m+[0m[0m "group"       = "devops-g3"
          [32m+[0m[0m "managed-by"  = "terraform"
          [32m+[0m[0m "owner"       = "lwam"
          [32m+[0m[0m "service"     = "commission"
        }

      [32m+[0m[0m artifacts {
          [32m+[0m[0m encryption_disabled    = false
          [32m+[0m[0m override_artifact_name = false
          [32m+[0m[0m type                   = "CODEPIPELINE"
        }

      [32m+[0m[0m environment {
          [32m+[0m[0m compute_type                = "BUILD_GENERAL1_SMALL"
          [32m+[0m[0m host_kernel                 = (known after apply)
          [32m+[0m[0m image                       = "aws/codebuild/amazonlinux-aarch64-standard:3.0"
          [32m+[0m[0m image_pull_credentials_type = "CODEBUILD"
          [32m+[0m[0m privileged_mode             = true
          [32m+[0m[0m type                        = "ARM_CONTAINER"

          [32m+[0m[0m environment_variable {
              [32m+[0m[0m name  = "SERVICE_NAME"
              [32m+[0m[0m type  = "PLAINTEXT"
              [32m+[0m[0m value = "commission"
            }
          [32m+[0m[0m environment_variable {
              [32m+[0m[0m name  = "ADOT_IMAGE_TAG"
              [32m+[0m[0m type  = "PLAINTEXT"
              [32m+[0m[0m value = "v0.43.3-tillflow4"
            }
        }

      [32m+[0m[0m logs_config {
          [32m+[0m[0m cloudwatch_logs {
              [32m+[0m[0m group_name  = "/devops-g3/codebuild/commission"
              [32m+[0m[0m status      = "ENABLED"
              [32m+[0m[0m stream_name = "image"
            }
        }

      [32m+[0m[0m source {
          [32m+[0m[0m buildspec = "buildspecs/service-image.yml"
          [32m+[0m[0m type      = "CODEPIPELINE"
        }
    }

[1m  # module.delivery.aws_codebuild_project.image["payments"][0m will be created
[0m  [32m+[0m[0m resource "aws_codebuild_project" "image" {
      [32m+[0m[0m arn                  = (known after apply)
      [32m+[0m[0m auto_retry_limit     = (known after apply)
      [32m+[0m[0m badge_enabled        = false
      [32m+[0m[0m badge_url            = (known after apply)
      [32m+[0m[0m build_timeout        = 30
      [32m+[0m[0m description          = "Build, scan and push the payments image"
      [32m+[0m[0m encryption_key       = (known after apply)
      [32m+[0m[0m id                   = (known after apply)
      [32m+[0m[0m name                 = "devops-g3-payments-build"
      [32m+[0m[0m project_visibility   = "PRIVATE"
      [32m+[0m[0m public_project_alias = (known after apply)
      [32m+[0m[0m queued_timeout       = 480
      [32m+[0m[0m region               = "us-west-1"
      [32m+[0m[0m service_role         = (known after apply)
      [32m+[0m[0m tags                 = {
          [32m+[0m[0m "Name"    = "devops-g3-payments-build"
          [32m+[0m[0m "service" = "payments"
        }
      [32m+[0m[0m tags_all             = {
          [32m+[0m[0m "Name"        = "devops-g3-payments-build"
          [32m+[0m[0m "capstone"    = "tillflow"
          [32m+[0m[0m "environment" = "dev"
          [32m+[0m[0m "group"       = "devops-g3"
          [32m+[0m[0m "managed-by"  = "terraform"
          [32m+[0m[0m "owner"       = "lwam"
          [32m+[0m[0m "service"     = "payments"
        }

      [32m+[0m[0m artifacts {
          [32m+[0m[0m encryption_disabled    = false
          [32m+[0m[0m override_artifact_name = false
          [32m+[0m[0m type                   = "CODEPIPELINE"
        }

      [32m+[0m[0m environment {
          [32m+[0m[0m compute_type                = "BUILD_GENERAL1_SMALL"
          [32m+[0m[0m host_kernel                 = (known after apply)
          [32m+[0m[0m image                       = "aws/codebuild/amazonlinux-aarch64-standard:3.0"
          [32m+[0m[0m image_pull_credentials_type = "CODEBUILD"
          [32m+[0m[0m privileged_mode             = true
          [32m+[0m[0m type                        = "ARM_CONTAINER"

          [32m+[0m[0m environment_variable {
              [32m+[0m[0m name  = "SERVICE_NAME"
              [32m+[0m[0m type  = "PLAINTEXT"
              [32m+[0m[0m value = "payments"
            }
          [32m+[0m[0m environment_variable {
              [32m+[0m[0m name  = "ADOT_IMAGE_TAG"
              [32m+[0m[0m type  = "PLAINTEXT"
              [32m+[0m[0m value = "v0.43.3-tillflow4"
            }
        }

      [32m+[0m[0m logs_config {
          [32m+[0m[0m cloudwatch_logs {
              [32m+[0m[0m group_name  = "/devops-g3/codebuild/payments"
              [32m+[0m[0m status      = "ENABLED"
              [32m+[0m[0m stream_name = "image"
            }
        }

      [32m+[0m[0m source {
          [32m+[0m[0m buildspec = "buildspecs/service-image.yml"
          [32m+[0m[0m type      = "CODEPIPELINE"
        }
    }

[1m  # module.delivery.aws_codebuild_project.image["pos"][0m will be created
[0m  [32m+[0m[0m resource "aws_codebuild_project" "image" {
      [32m+[0m[0m arn                  = (known after apply)
      [32m+[0m[0m auto_retry_limit     = (known after apply)
      [32m+[0m[0m badge_enabled        = false
      [32m+[0m[0m badge_url            = (known after apply)
      [32m+[0m[0m build_timeout        = 30
      [32m+[0m[0m description          = "Build, scan and push the pos image"
      [32m+[0m[0m encryption_key       = (known after apply)
      [32m+[0m[0m id                   = (known after apply)
      [32m+[0m[0m name                 = "devops-g3-pos-build"
      [32m+[0m[0m project_visibility   = "PRIVATE"
      [32m+[0m[0m public_project_alias = (known after apply)
      [32m+[0m[0m queued_timeout       = 480
      [32m+[0m[0m region               = "us-west-1"
      [32m+[0m[0m service_role         = (known after apply)
      [32m+[0m[0m tags                 = {
          [32m+[0m[0m "Name"    = "devops-g3-pos-build"
          [32m+[0m[0m "service" = "pos"
        }
      [32m+[0m[0m tags_all             = {
          [32m+[0m[0m "Name"        = "devops-g3-pos-build"
          [32m+[0m[0m "capstone"    = "tillflow"
          [32m+[0m[0m "environment" = "dev"
          [32m+[0m[0m "group"       = "devops-g3"
          [32m+[0m[0m "managed-by"  = "terraform"
          [32m+[0m[0m "owner"       = "lwam"
          [32m+[0m[0m "service"     = "pos"
        }

      [32m+[0m[0m artifacts {
          [32m+[0m[0m encryption_disabled    = false
          [32m+[0m[0m override_artifact_name = false
          [32m+[0m[0m type                   = "CODEPIPELINE"
        }

      [32m+[0m[0m environment {
          [32m+[0m[0m compute_type                = "BUILD_GENERAL1_SMALL"
          [32m+[0m[0m host_kernel                 = (known after apply)
          [32m+[0m[0m image                       = "aws/codebuild/amazonlinux-aarch64-standard:3.0"
          [32m+[0m[0m image_pull_credentials_type = "CODEBUILD"
          [32m+[0m[0m privileged_mode             = true
          [32m+[0m[0m type                        = "ARM_CONTAINER"

          [32m+[0m[0m environment_variable {
              [32m+[0m[0m name  = "SERVICE_NAME"
              [32m+[0m[0m type  = "PLAINTEXT"
              [32m+[0m[0m value = "pos"
            }
          [32m+[0m[0m environment_variable {
              [32m+[0m[0m name  = "ADOT_IMAGE_TAG"
              [32m+[0m[0m type  = "PLAINTEXT"
              [32m+[0m[0m value = "v0.43.3-tillflow4"
            }
        }

      [32m+[0m[0m logs_config {
          [32m+[0m[0m cloudwatch_logs {
              [32m+[0m[0m group_name  = "/devops-g3/codebuild/pos"
              [32m+[0m[0m status      = "ENABLED"
              [32m+[0m[0m stream_name = "image"
            }
        }

      [32m+[0m[0m source {
          [32m+[0m[0m buildspec = "buildspecs/service-image.yml"
          [32m+[0m[0m type      = "CODEPIPELINE"
        }
    }

[1m  # module.delivery.aws_codebuild_project.image["web"][0m will be created
[0m  [32m+[0m[0m resource "aws_codebuild_project" "image" {
      [32m+[0m[0m arn                  = (known after apply)
      [32m+[0m[0m auto_retry_limit     = (known after apply)
      [32m+[0m[0m badge_enabled        = false
      [32m+[0m[0m badge_url            = (known after apply)
      [32m+[0m[0m build_timeout        = 30
      [32m+[0m[0m description          = "Build, scan and push the web image"
      [32m+[0m[0m encryption_key       = (known after apply)
      [32m+[0m[0m id                   = (known after apply)
      [32m+[0m[0m name                 = "devops-g3-web-build"
      [32m+[0m[0m project_visibility   = "PRIVATE"
      [32m+[0m[0m public_project_alias = (known after apply)
      [32m+[0m[0m queued_timeout       = 480
      [32m+[0m[0m region               = "us-west-1"
      [32m+[0m[0m service_role         = (known after apply)
      [32m+[0m[0m tags                 = {
          [32m+[0m[0m "Name"    = "devops-g3-web-build"
          [32m+[0m[0m "service" = "web"
        }
      [32m+[0m[0m tags_all             = {
          [32m+[0m[0m "Name"        = "devops-g3-web-build"
          [32m+[0m[0m "capstone"    = "tillflow"
          [32m+[0m[0m "environment" = "dev"
          [32m+[0m[0m "group"       = "devops-g3"
          [32m+[0m[0m "managed-by"  = "terraform"
          [32m+[0m[0m "owner"       = "lwam"
          [32m+[0m[0m "service"     = "web"
        }

      [32m+[0m[0m artifacts {
          [32m+[0m[0m encryption_disabled    = false
          [32m+[0m[0m override_artifact_name = false
          [32m+[0m[0m type                   = "CODEPIPELINE"
        }

      [32m+[0m[0m environment {
          [32m+[0m[0m compute_type                = "BUILD_GENERAL1_SMALL"
          [32m+[0m[0m host_kernel                 = (known after apply)
          [32m+[0m[0m image                       = "aws/codebuild/amazonlinux-aarch64-standard:3.0"
          [32m+[0m[0m image_pull_credentials_type = "CODEBUILD"
          [32m+[0m[0m privileged_mode             = true
          [32m+[0m[0m type                        = "ARM_CONTAINER"

          [32m+[0m[0m environment_variable {
              [32m+[0m[0m name  = "SERVICE_NAME"
              [32m+[0m[0m type  = "PLAINTEXT"
              [32m+[0m[0m value = "web"
            }
          [32m+[0m[0m environment_variable {
              [32m+[0m[0m name  = "ADOT_IMAGE_TAG"
              [32m+[0m[0m type  = "PLAINTEXT"
              [32m+[0m[0m value = "v0.43.3-tillflow4"
            }
        }

      [32m+[0m[0m logs_config {
          [32m+[0m[0m cloudwatch_logs {
              [32m+[0m[0m group_name  = "/devops-g3/codebuild/web"
              [32m+[0m[0m status      = "ENABLED"
              [32m+[0m[0m stream_name = "image"
            }
        }

      [32m+[0m[0m source {
          [32m+[0m[0m buildspec = "buildspecs/service-image.yml"
          [32m+[0m[0m type      = "CODEPIPELINE"
        }
    }

[1m  # module.delivery.aws_codebuild_project.pos_migrations[0m will be created
[0m  [32m+[0m[0m resource "aws_codebuild_project" "pos_migrations" {
      [32m+[0m[0m arn                  = (known after apply)
      [32m+[0m[0m auto_retry_limit     = (known after apply)
      [32m+[0m[0m badge_enabled        = false
      [32m+[0m[0m badge_url            = (known after apply)
      [32m+[0m[0m build_timeout        = 20
      [32m+[0m[0m description          = "Run POS Alembic migrations against RDS before ECS deploy"
      [32m+[0m[0m encryption_key       = (known after apply)
      [32m+[0m[0m id                   = (known after apply)
      [32m+[0m[0m name                 = "devops-g3-pos-migrations"
      [32m+[0m[0m project_visibility   = "PRIVATE"
      [32m+[0m[0m public_project_alias = (known after apply)
      [32m+[0m[0m queued_timeout       = 480
      [32m+[0m[0m region               = "us-west-1"
      [32m+[0m[0m service_role         = (known after apply)
      [32m+[0m[0m tags                 = {
          [32m+[0m[0m "Name"    = "devops-g3-pos-migrations"
          [32m+[0m[0m "service" = "pos"
        }
      [32m+[0m[0m tags_all             = {
          [32m+[0m[0m "Name"        = "devops-g3-pos-migrations"
          [32m+[0m[0m "capstone"    = "tillflow"
          [32m+[0m[0m "environment" = "dev"
          [32m+[0m[0m "group"       = "devops-g3"
          [32m+[0m[0m "managed-by"  = "terraform"
          [32m+[0m[0m "owner"       = "lwam"
          [32m+[0m[0m "service"     = "pos"
        }

      [32m+[0m[0m artifacts {
          [32m+[0m[0m encryption_disabled    = false
          [32m+[0m[0m override_artifact_name = false
          [32m+[0m[0m type                   = "CODEPIPELINE"
        }

      [32m+[0m[0m environment {
          [32m+[0m[0m compute_type                = "BUILD_GENERAL1_SMALL"
          [32m+[0m[0m host_kernel                 = (known after apply)
          [32m+[0m[0m image                       = "aws/codebuild/amazonlinux-aarch64-standard:3.0"
          [32m+[0m[0m image_pull_credentials_type = "CODEBUILD"
          [32m+[0m[0m privileged_mode             = true
          [32m+[0m[0m type                        = "ARM_CONTAINER"

          [32m+[0m[0m environment_variable {
              [32m+[0m[0m name  = "NAME_PREFIX"
              [32m+[0m[0m type  = "PLAINTEXT"
              [32m+[0m[0m value = "devops-g3"
            }
          [32m+[0m[0m environment_variable {
              [32m+[0m[0m name  = "POS_REPOSITORY"
              [32m+[0m[0m type  = "PLAINTEXT"
              [32m+[0m[0m value = "devops-g3/pos"
            }
          [32m+[0m[0m environment_variable {
              [32m+[0m[0m name  = "DB_HOST"
              [32m+[0m[0m type  = "PLAINTEXT"
              [32m+[0m[0m value = (known after apply)
            }
          [32m+[0m[0m environment_variable {
              [32m+[0m[0m name  = "DB_NAME"
              [32m+[0m[0m type  = "PLAINTEXT"
              [32m+[0m[0m value = "tillflow"
            }
          [32m+[0m[0m environment_variable {
              [32m+[0m[0m name  = "MASTER_SECRET_ARN"
              [32m+[0m[0m type  = "PLAINTEXT"
              [32m+[0m[0m value = (known after apply)
            }
        }

      [32m+[0m[0m logs_config {
          [32m+[0m[0m cloudwatch_logs {
              [32m+[0m[0m group_name  = "/devops-g3/codebuild/pos-migrations"
              [32m+[0m[0m status      = "ENABLED"
              [32m+[0m[0m stream_name = "migrate"
            }
        }

      [32m+[0m[0m source {
          [32m+[0m[0m buildspec = "buildspecs/pos-migrations.yml"
          [32m+[0m[0m type      = "CODEPIPELINE"
        }

      [32m+[0m[0m vpc_config {
          [32m+[0m[0m security_group_ids = (known after apply)
          [32m+[0m[0m subnets            = (known after apply)
          [32m+[0m[0m vpc_id             = (known after apply)
        }
    }

[1m  # module.delivery.aws_codebuild_project.smoke[0m will be created
[0m  [32m+[0m[0m resource "aws_codebuild_project" "smoke" {
      [32m+[0m[0m arn                  = (known after apply)
      [32m+[0m[0m auto_retry_limit     = (known after apply)
      [32m+[0m[0m badge_enabled        = false
      [32m+[0m[0m badge_url            = (known after apply)
      [32m+[0m[0m build_timeout        = 30
      [32m+[0m[0m description          = "Scale ECS services after image deploy and run smoke checks"
      [32m+[0m[0m encryption_key       = (known after apply)
      [32m+[0m[0m id                   = (known after apply)
      [32m+[0m[0m name                 = "devops-g3-smoke"
      [32m+[0m[0m project_visibility   = "PRIVATE"
      [32m+[0m[0m public_project_alias = (known after apply)
      [32m+[0m[0m queued_timeout       = 480
      [32m+[0m[0m region               = "us-west-1"
      [32m+[0m[0m service_role         = (known after apply)
      [32m+[0m[0m tags                 = {
          [32m+[0m[0m "Name"    = "devops-g3-smoke"
          [32m+[0m[0m "service" = "delivery"
        }
      [32m+[0m[0m tags_all             = {
          [32m+[0m[0m "Name"        = "devops-g3-smoke"
          [32m+[0m[0m "capstone"    = "tillflow"
          [32m+[0m[0m "environment" = "dev"
          [32m+[0m[0m "group"       = "devops-g3"
          [32m+[0m[0m "managed-by"  = "terraform"
          [32m+[0m[0m "owner"       = "lwam"
          [32m+[0m[0m "service"     = "delivery"
        }

      [32m+[0m[0m artifacts {
          [32m+[0m[0m encryption_disabled    = false
          [32m+[0m[0m override_artifact_name = false
          [32m+[0m[0m type                   = "CODEPIPELINE"
        }

      [32m+[0m[0m environment {
          [32m+[0m[0m compute_type                = "BUILD_GENERAL1_SMALL"
          [32m+[0m[0m host_kernel                 = (known after apply)
          [32m+[0m[0m image                       = "aws/codebuild/standard:7.0"
          [32m+[0m[0m image_pull_credentials_type = "CODEBUILD"
          [32m+[0m[0m privileged_mode             = false
          [32m+[0m[0m type                        = "LINUX_CONTAINER"

          [32m+[0m[0m environment_variable {
              [32m+[0m[0m name  = "API_ENDPOINT"
              [32m+[0m[0m type  = "PLAINTEXT"
              [32m+[0m[0m value = (known after apply)
            }
          [32m+[0m[0m environment_variable {
              [32m+[0m[0m name  = "COMMISSION_DESIRED_COUNT"
              [32m+[0m[0m type  = "PLAINTEXT"
              [32m+[0m[0m value = "1"
            }
          [32m+[0m[0m environment_variable {
              [32m+[0m[0m name  = "PAYMENTS_DESIRED_COUNT"
              [32m+[0m[0m type  = "PLAINTEXT"
              [32m+[0m[0m value = "2"
            }
          [32m+[0m[0m environment_variable {
              [32m+[0m[0m name  = "POS_DESIRED_COUNT"
              [32m+[0m[0m type  = "PLAINTEXT"
              [32m+[0m[0m value = "2"
            }
          [32m+[0m[0m environment_variable {
              [32m+[0m[0m name  = "WEB_DESIRED_COUNT"
              [32m+[0m[0m type  = "PLAINTEXT"
              [32m+[0m[0m value = "2"
            }
        }

      [32m+[0m[0m logs_config {
          [32m+[0m[0m cloudwatch_logs {
              [32m+[0m[0m group_name  = "/devops-g3/codebuild/smoke"
              [32m+[0m[0m status      = "ENABLED"
              [32m+[0m[0m stream_name = "smoke"
            }
        }

      [32m+[0m[0m source {
          [32m+[0m[0m buildspec = "buildspecs/post-deploy-smoke.yml"
          [32m+[0m[0m type      = "CODEPIPELINE"
        }
    }

[1m  # module.delivery.aws_codepipeline.this[0m will be created
[0m  [32m+[0m[0m resource "aws_codepipeline" "this" {
      [32m+[0m[0m arn            = (known after apply)
      [32m+[0m[0m execution_mode = "SUPERSEDED"
      [32m+[0m[0m id             = (known after apply)
      [32m+[0m[0m name           = "devops-g3-pipeline"
      [32m+[0m[0m pipeline_type  = "V1"
      [32m+[0m[0m region         = "us-west-1"
      [32m+[0m[0m role_arn       = (known after apply)
      [32m+[0m[0m tags           = {
          [32m+[0m[0m "Name"    = "devops-g3-pipeline"
          [32m+[0m[0m "service" = "delivery"
        }
      [32m+[0m[0m tags_all       = {
          [32m+[0m[0m "Name"        = "devops-g3-pipeline"
          [32m+[0m[0m "capstone"    = "tillflow"
          [32m+[0m[0m "environment" = "dev"
          [32m+[0m[0m "group"       = "devops-g3"
          [32m+[0m[0m "managed-by"  = "terraform"
          [32m+[0m[0m "owner"       = "lwam"
          [32m+[0m[0m "service"     = "delivery"
        }
      [32m+[0m[0m trigger_all    = (known after apply)

      [32m+[0m[0m artifact_store {
          [32m+[0m[0m location = (known after apply)
          [32m+[0m[0m type     = "S3"
            [90m# (1 unchanged attribute hidden)[0m[0m

          [32m+[0m[0m encryption_key {
              [32m+[0m[0m id   = "arn:aws:kms:us-west-1:240462142849:key/90e2806f-72c0-4b51-ae60-8cc9436bdfe0"
              [32m+[0m[0m type = "KMS"
            }
        }

      [32m+[0m[0m stage {
          [32m+[0m[0m name = "Source"

          [32m+[0m[0m action {
              [32m+[0m[0m category         = "Source"
              [32m+[0m[0m configuration    = (known after apply)
              [32m+[0m[0m name             = "GitHub"
              [32m+[0m[0m output_artifacts = [
                  [32m+[0m[0m "source_output",
                ]
              [32m+[0m[0m owner            = "AWS"
              [32m+[0m[0m provider         = "CodeStarSourceConnection"
              [32m+[0m[0m region           = (known after apply)
              [32m+[0m[0m run_order        = (known after apply)
              [32m+[0m[0m version          = "1"
            }
        }
      [32m+[0m[0m stage {
          [32m+[0m[0m name = "BuildScanPush"

          [32m+[0m[0m action {
              [32m+[0m[0m category        = "Build"
              [32m+[0m[0m configuration   = {
                  [32m+[0m[0m "ProjectName" = "devops-g3-adot-mirror"
                }
              [32m+[0m[0m input_artifacts = [
                  [32m+[0m[0m "source_output",
                ]
              [32m+[0m[0m name            = "mirror-adot"
              [32m+[0m[0m owner           = "AWS"
              [32m+[0m[0m provider        = "CodeBuild"
              [32m+[0m[0m region          = (known after apply)
              [32m+[0m[0m run_order       = 1
              [32m+[0m[0m version         = "1"
            }
          [32m+[0m[0m action {
              [32m+[0m[0m category        = "Build"
              [32m+[0m[0m configuration   = {
                  [32m+[0m[0m "ProjectName" = "devops-g3-grafana-build"
                }
              [32m+[0m[0m input_artifacts = [
                  [32m+[0m[0m "source_output",
                ]
              [32m+[0m[0m name            = "build-grafana"
              [32m+[0m[0m owner           = "AWS"
              [32m+[0m[0m provider        = "CodeBuild"
              [32m+[0m[0m region          = (known after apply)
              [32m+[0m[0m run_order       = 1
              [32m+[0m[0m version         = "1"
            }
          [32m+[0m[0m action {
              [32m+[0m[0m category         = "Build"
              [32m+[0m[0m configuration    = {
                  [32m+[0m[0m "ProjectName" = "devops-g3-commission-build"
                }
              [32m+[0m[0m input_artifacts  = [
                  [32m+[0m[0m "source_output",
                ]
              [32m+[0m[0m name             = "build-commission"
              [32m+[0m[0m output_artifacts = [
                  [32m+[0m[0m "commission_image",
                ]
              [32m+[0m[0m owner            = "AWS"
              [32m+[0m[0m provider         = "CodeBuild"
              [32m+[0m[0m region           = (known after apply)
              [32m+[0m[0m run_order        = 2
              [32m+[0m[0m version          = "1"
            }
          [32m+[0m[0m action {
              [32m+[0m[0m category         = "Build"
              [32m+[0m[0m configuration    = {
                  [32m+[0m[0m "ProjectName" = "devops-g3-payments-build"
                }
              [32m+[0m[0m input_artifacts  = [
                  [32m+[0m[0m "source_output",
                ]
              [32m+[0m[0m name             = "build-payments"
              [32m+[0m[0m output_artifacts = [
                  [32m+[0m[0m "payments_image",
                ]
              [32m+[0m[0m owner            = "AWS"
              [32m+[0m[0m provider         = "CodeBuild"
              [32m+[0m[0m region           = (known after apply)
              [32m+[0m[0m run_order        = 2
              [32m+[0m[0m version          = "1"
            }
          [32m+[0m[0m action {
              [32m+[0m[0m category         = "Build"
              [32m+[0m[0m configuration    = {
                  [32m+[0m[0m "ProjectName" = "devops-g3-pos-build"
                }
              [32m+[0m[0m input_artifacts  = [
                  [32m+[0m[0m "source_output",
                ]
              [32m+[0m[0m name             = "build-pos"
              [32m+[0m[0m output_artifacts = [
                  [32m+[0m[0m "pos_image",
                ]
              [32m+[0m[0m owner            = "AWS"
              [32m+[0m[0m provider         = "CodeBuild"
              [32m+[0m[0m region           = (known after apply)
              [32m+[0m[0m run_order        = 2
              [32m+[0m[0m version          = "1"
            }
          [32m+[0m[0m action {
              [32m+[0m[0m category         = "Build"
              [32m+[0m[0m configuration    = {
                  [32m+[0m[0m "ProjectName" = "devops-g3-web-build"
                }
              [32m+[0m[0m input_artifacts  = [
                  [32m+[0m[0m "source_output",
                ]
              [32m+[0m[0m name             = "build-web"
              [32m+[0m[0m output_artifacts = [
                  [32m+[0m[0m "web_image",
                ]
              [32m+[0m[0m owner            = "AWS"
              [32m+[0m[0m provider         = "CodeBuild"
              [32m+[0m[0m region           = (known after apply)
              [32m+[0m[0m run_order        = 2
              [32m+[0m[0m version          = "1"
            }
        }
      [32m+[0m[0m stage {
          [32m+[0m[0m name = "MigrateDb"

          [32m+[0m[0m action {
              [32m+[0m[0m category        = "Build"
              [32m+[0m[0m configuration   = {
                  [32m+[0m[0m "ProjectName" = "devops-g3-pos-migrations"
                }
              [32m+[0m[0m input_artifacts = [
                  [32m+[0m[0m "source_output",
                ]
              [32m+[0m[0m name            = "pos-alembic"
              [32m+[0m[0m owner           = "AWS"
              [32m+[0m[0m provider        = "CodeBuild"
              [32m+[0m[0m region          = (known after apply)
              [32m+[0m[0m run_order       = 1
              [32m+[0m[0m version         = "1"
            }
        }
      [32m+[0m[0m stage {
          [32m+[0m[0m name = "DeployEcs"

          [32m+[0m[0m action {
              [32m+[0m[0m category        = "Deploy"
              [32m+[0m[0m configuration   = {
                  [32m+[0m[0m "ClusterName" = "devops-g3"
                  [32m+[0m[0m "FileName"    = "imagedefinitions.json"
                  [32m+[0m[0m "ServiceName" = "devops-g3-commission"
                }
              [32m+[0m[0m input_artifacts = [
                  [32m+[0m[0m "commission_image",
                ]
              [32m+[0m[0m name            = "deploy-commission"
              [32m+[0m[0m owner           = "AWS"
              [32m+[0m[0m provider        = "ECS"
              [32m+[0m[0m region          = (known after apply)
              [32m+[0m[0m run_order       = 1
              [32m+[0m[0m version         = "1"
            }
          [32m+[0m[0m action {
              [32m+[0m[0m category        = "Deploy"
              [32m+[0m[0m configuration   = {
                  [32m+[0m[0m "ClusterName" = "devops-g3"
                  [32m+[0m[0m "FileName"    = "imagedefinitions.json"
                  [32m+[0m[0m "ServiceName" = "devops-g3-payments"
                }
              [32m+[0m[0m input_artifacts = [
                  [32m+[0m[0m "payments_image",
                ]
              [32m+[0m[0m name            = "deploy-payments"
              [32m+[0m[0m owner           = "AWS"
              [32m+[0m[0m provider        = "ECS"
              [32m+[0m[0m region          = (known after apply)
              [32m+[0m[0m run_order       = 1
              [32m+[0m[0m version         = "1"
            }
          [32m+[0m[0m action {
              [32m+[0m[0m category        = "Deploy"
              [32m+[0m[0m configuration   = {
                  [32m+[0m[0m "ClusterName" = "devops-g3"
                  [32m+[0m[0m "FileName"    = "imagedefinitions.json"
                  [32m+[0m[0m "ServiceName" = "devops-g3-pos"
                }
              [32m+[0m[0m input_artifacts = [
                  [32m+[0m[0m "pos_image",
                ]
              [32m+[0m[0m name            = "deploy-pos"
              [32m+[0m[0m owner           = "AWS"
              [32m+[0m[0m provider        = "ECS"
              [32m+[0m[0m region          = (known after apply)
              [32m+[0m[0m run_order       = 1
              [32m+[0m[0m version         = "1"
            }
          [32m+[0m[0m action {
              [32m+[0m[0m category        = "Deploy"
              [32m+[0m[0m configuration   = {
                  [32m+[0m[0m "ClusterName" = "devops-g3"
                  [32m+[0m[0m "FileName"    = "imagedefinitions.json"
                  [32m+[0m[0m "ServiceName" = "devops-g3-web"
                }
              [32m+[0m[0m input_artifacts = [
                  [32m+[0m[0m "web_image",
                ]
              [32m+[0m[0m name            = "deploy-web"
              [32m+[0m[0m owner           = "AWS"
              [32m+[0m[0m provider        = "ECS"
              [32m+[0m[0m region          = (known after apply)
              [32m+[0m[0m run_order       = 1
              [32m+[0m[0m version         = "1"
            }
        }
      [32m+[0m[0m stage {
          [32m+[0m[0m name = "Smoke"

          [32m+[0m[0m action {
              [32m+[0m[0m category        = "Build"
              [32m+[0m[0m configuration   = {
                  [32m+[0m[0m "ProjectName" = "devops-g3-smoke"
                }
              [32m+[0m[0m input_artifacts = [
                  [32m+[0m[0m "source_output",
                ]
              [32m+[0m[0m name            = "scale-and-smoke"
              [32m+[0m[0m owner           = "AWS"
              [32m+[0m[0m provider        = "CodeBuild"
              [32m+[0m[0m region          = (known after apply)
              [32m+[0m[0m run_order       = 1
              [32m+[0m[0m version         = "1"
            }
        }
    }

[1m  # module.delivery.aws_codestarconnections_connection.github[0m will be created
[0m  [32m+[0m[0m resource "aws_codestarconnections_connection" "github" {
      [32m+[0m[0m arn               = (known after apply)
      [32m+[0m[0m connection_status = (known after apply)
      [32m+[0m[0m id                = (known after apply)
      [32m+[0m[0m name              = "devops-g3-github"
      [32m+[0m[0m provider_type     = "GitHub"
      [32m+[0m[0m region            = "us-west-1"
      [32m+[0m[0m tags              = {
          [32m+[0m[0m "Name"    = "devops-g3-github"
          [32m+[0m[0m "service" = "delivery"
        }
      [32m+[0m[0m tags_all          = {
          [32m+[0m[0m "Name"        = "devops-g3-github"
          [32m+[0m[0m "capstone"    = "tillflow"
          [32m+[0m[0m "environment" = "dev"
          [32m+[0m[0m "group"       = "devops-g3"
          [32m+[0m[0m "managed-by"  = "terraform"
          [32m+[0m[0m "owner"       = "lwam"
          [32m+[0m[0m "service"     = "delivery"
        }
    }

[1m  # module.delivery.aws_iam_role.codebuild[0m will be created
[0m  [32m+[0m[0m resource "aws_iam_role" "codebuild" {
      [32m+[0m[0m arn                   = (known after apply)
      [32m+[0m[0m assume_role_policy    = (known after apply)
      [32m+[0m[0m create_date           = (known after apply)
      [32m+[0m[0m description           = "CodeBuild role for TillFlow service image builds and smoke checks"
      [32m+[0m[0m force_detach_policies = false
      [32m+[0m[0m id                    = (known after apply)
      [32m+[0m[0m managed_policy_arns   = (known after apply)
      [32m+[0m[0m max_session_duration  = 3600
      [32m+[0m[0m name                  = "devops-g3-codebuild"
      [32m+[0m[0m name_prefix           = (known after apply)
      [32m+[0m[0m path                  = "/"
      [32m+[0m[0m tags                  = {
          [32m+[0m[0m "Name"    = "devops-g3-codebuild"
          [32m+[0m[0m "service" = "delivery"
        }
      [32m+[0m[0m tags_all              = {
          [32m+[0m[0m "Name"        = "devops-g3-codebuild"
          [32m+[0m[0m "capstone"    = "tillflow"
          [32m+[0m[0m "environment" = "dev"
          [32m+[0m[0m "group"       = "devops-g3"
          [32m+[0m[0m "managed-by"  = "terraform"
          [32m+[0m[0m "owner"       = "lwam"
          [32m+[0m[0m "service"     = "delivery"
        }
      [32m+[0m[0m unique_id             = (known after apply)

      [32m+[0m[0m inline_policy (known after apply)
    }

[1m  # module.delivery.aws_iam_role.codepipeline[0m will be created
[0m  [32m+[0m[0m resource "aws_iam_role" "codepipeline" {
      [32m+[0m[0m arn                   = (known after apply)
      [32m+[0m[0m assume_role_policy    = (known after apply)
      [32m+[0m[0m create_date           = (known after apply)
      [32m+[0m[0m description           = "CodePipeline role for TillFlow app delivery"
      [32m+[0m[0m force_detach_policies = false
      [32m+[0m[0m id                    = (known after apply)
      [32m+[0m[0m managed_policy_arns   = (known after apply)
      [32m+[0m[0m max_session_duration  = 3600
      [32m+[0m[0m name                  = "devops-g3-pipeline"
      [32m+[0m[0m name_prefix           = (known after apply)
      [32m+[0m[0m path                  = "/"
      [32m+[0m[0m tags                  = {
          [32m+[0m[0m "Name"    = "devops-g3-pipeline"
          [32m+[0m[0m "service" = "delivery"
        }
      [32m+[0m[0m tags_all              = {
          [32m+[0m[0m "Name"        = "devops-g3-pipeline"
          [32m+[0m[0m "capstone"    = "tillflow"
          [32m+[0m[0m "environment" = "dev"
          [32m+[0m[0m "group"       = "devops-g3"
          [32m+[0m[0m "managed-by"  = "terraform"
          [32m+[0m[0m "owner"       = "lwam"
          [32m+[0m[0m "service"     = "delivery"
        }
      [32m+[0m[0m unique_id             = (known after apply)

      [32m+[0m[0m inline_policy (known after apply)
    }

[1m  # module.delivery.aws_iam_role_policy.codebuild[0m will be created
[0m  [32m+[0m[0m resource "aws_iam_role_policy" "codebuild" {
      [32m+[0m[0m id          = (known after apply)
      [32m+[0m[0m name        = "delivery-build"
      [32m+[0m[0m name_prefix = (known after apply)
      [32m+[0m[0m policy      = (known after apply)
      [32m+[0m[0m role        = (known after apply)
    }

[1m  # module.delivery.aws_iam_role_policy.codepipeline[0m will be created
[0m  [32m+[0m[0m resource "aws_iam_role_policy" "codepipeline" {
      [32m+[0m[0m id          = (known after apply)
      [32m+[0m[0m name        = "delivery-pipeline"
      [32m+[0m[0m name_prefix = (known after apply)
      [32m+[0m[0m policy      = (known after apply)
      [32m+[0m[0m role        = (known after apply)
    }

[1m  # module.delivery.aws_ssm_parameter.image_digest["commission"][0m will be created
[0m  [32m+[0m[0m resource "aws_ssm_parameter" "image_digest" {
      [32m+[0m[0m arn            = (known after apply)
      [32m+[0m[0m data_type      = (known after apply)
      [32m+[0m[0m has_value_wo   = (known after apply)
      [32m+[0m[0m id             = (known after apply)
      [32m+[0m[0m insecure_value = (known after apply)
      [32m+[0m[0m key_id         = (known after apply)
      [32m+[0m[0m name           = "/devops-g3/commission/image-digest"
      [32m+[0m[0m region         = "us-west-1"
      [32m+[0m[0m tags           = {
          [32m+[0m[0m "Name"    = "devops-g3-commission-image-digest"
          [32m+[0m[0m "service" = "commission"
        }
      [32m+[0m[0m tags_all       = {
          [32m+[0m[0m "Name"        = "devops-g3-commission-image-digest"
          [32m+[0m[0m "capstone"    = "tillflow"
          [32m+[0m[0m "environment" = "dev"
          [32m+[0m[0m "group"       = "devops-g3"
          [32m+[0m[0m "managed-by"  = "terraform"
          [32m+[0m[0m "owner"       = "lwam"
          [32m+[0m[0m "service"     = "commission"
        }
      [32m+[0m[0m tier           = (known after apply)
      [32m+[0m[0m type           = "String"
      [32m+[0m[0m value          = (sensitive value)
      [32m+[0m[0m value_wo       = (write-only attribute)
      [32m+[0m[0m version        = (known after apply)
    }

[1m  # module.delivery.aws_ssm_parameter.image_digest["payments"][0m will be created
[0m  [32m+[0m[0m resource "aws_ssm_parameter" "image_digest" {
      [32m+[0m[0m arn            = (known after apply)
      [32m+[0m[0m data_type      = (known after apply)
      [32m+[0m[0m has_value_wo   = (known after apply)
      [32m+[0m[0m id             = (known after apply)
      [32m+[0m[0m insecure_value = (known after apply)
      [32m+[0m[0m key_id         = (known after apply)
      [32m+[0m[0m name           = "/devops-g3/payments/image-digest"
      [32m+[0m[0m region         = "us-west-1"
      [32m+[0m[0m tags           = {
          [32m+[0m[0m "Name"    = "devops-g3-payments-image-digest"
          [32m+[0m[0m "service" = "payments"
        }
      [32m+[0m[0m tags_all       = {
          [32m+[0m[0m "Name"        = "devops-g3-payments-image-digest"
          [32m+[0m[0m "capstone"    = "tillflow"
          [32m+[0m[0m "environment" = "dev"
          [32m+[0m[0m "group"       = "devops-g3"
          [32m+[0m[0m "managed-by"  = "terraform"
          [32m+[0m[0m "owner"       = "lwam"
          [32m+[0m[0m "service"     = "payments"
        }
      [32m+[0m[0m tier           = (known after apply)
      [32m+[0m[0m type           = "String"
      [32m+[0m[0m value          = (sensitive value)
      [32m+[0m[0m value_wo       = (write-only attribute)
      [32m+[0m[0m version        = (known after apply)
    }

[1m  # module.delivery.aws_ssm_parameter.image_digest["pos"][0m will be created
[0m  [32m+[0m[0m resource "aws_ssm_parameter" "image_digest" {
      [32m+[0m[0m arn            = (known after apply)
      [32m+[0m[0m data_type      = (known after apply)
      [32m+[0m[0m has_value_wo   = (known after apply)
      [32m+[0m[0m id             = (known after apply)
      [32m+[0m[0m insecure_value = (known after apply)
      [32m+[0m[0m key_id         = (known after apply)
      [32m+[0m[0m name           = "/devops-g3/pos/image-digest"
      [32m+[0m[0m region         = "us-west-1"
      [32m+[0m[0m tags           = {
          [32m+[0m[0m "Name"    = "devops-g3-pos-image-digest"
          [32m+[0m[0m "service" = "pos"
        }
      [32m+[0m[0m tags_all       = {
          [32m+[0m[0m "Name"        = "devops-g3-pos-image-digest"
          [32m+[0m[0m "capstone"    = "tillflow"
          [32m+[0m[0m "environment" = "dev"
          [32m+[0m[0m "group"       = "devops-g3"
          [32m+[0m[0m "managed-by"  = "terraform"
          [32m+[0m[0m "owner"       = "lwam"
          [32m+[0m[0m "service"     = "pos"
        }
      [32m+[0m[0m tier           = (known after apply)
      [32m+[0m[0m type           = "String"
      [32m+[0m[0m value          = (sensitive value)
      [32m+[0m[0m value_wo       = (write-only attribute)
      [32m+[0m[0m version        = (known after apply)
    }

[1m  # module.delivery.aws_ssm_parameter.image_digest["web"][0m will be created
[0m  [32m+[0m[0m resource "aws_ssm_parameter" "image_digest" {
      [32m+[0m[0m arn            = (known after apply)
      [32m+[0m[0m data_type      = (known after apply)
      [32m+[0m[0m has_value_wo   = (known after apply)
      [32m+[0m[0m id             = (known after apply)
      [32m+[0m[0m insecure_value = (known after apply)
      [32m+[0m[0m key_id         = (known after apply)
      [32m+[0m[0m name           = "/devops-g3/web/image-digest"
      [32m+[0m[0m region         = "us-west-1"
      [32m+[0m[0m tags           = {
          [32m+[0m[0m "Name"    = "devops-g3-web-image-digest"
          [32m+[0m[0m "service" = "web"
        }
      [32m+[0m[0m tags_all       = {
          [32m+[0m[0m "Name"        = "devops-g3-web-image-digest"
          [32m+[0m[0m "capstone"    = "tillflow"
          [32m+[0m[0m "environment" = "dev"
          [32m+[0m[0m "group"       = "devops-g3"
          [32m+[0m[0m "managed-by"  = "terraform"
          [32m+[0m[0m "owner"       = "lwam"
          [32m+[0m[0m "service"     = "web"
        }
      [32m+[0m[0m tier           = (known after apply)
      [32m+[0m[0m type           = "String"
      [32m+[0m[0m value          = (sensitive value)
      [32m+[0m[0m value_wo       = (write-only attribute)
      [32m+[0m[0m version        = (known after apply)
    }

[1m  # module.delivery.aws_ssm_parameter.image_tag["commission"][0m will be created
[0m  [32m+[0m[0m resource "aws_ssm_parameter" "image_tag" {
      [32m+[0m[0m arn            = (known after apply)
      [32m+[0m[0m data_type      = (known after apply)
      [32m+[0m[0m has_value_wo   = (known after apply)
      [32m+[0m[0m id             = (known after apply)
      [32m+[0m[0m insecure_value = (known after apply)
      [32m+[0m[0m key_id         = (known after apply)
      [32m+[0m[0m name           = "/devops-g3/commission/image-tag"
      [32m+[0m[0m region         = "us-west-1"
      [32m+[0m[0m tags           = {
          [32m+[0m[0m "Name"    = "devops-g3-commission-image-tag"
          [32m+[0m[0m "service" = "commission"
        }
      [32m+[0m[0m tags_all       = {
          [32m+[0m[0m "Name"        = "devops-g3-commission-image-tag"
          [32m+[0m[0m "capstone"    = "tillflow"
          [32m+[0m[0m "environment" = "dev"
          [32m+[0m[0m "group"       = "devops-g3"
          [32m+[0m[0m "managed-by"  = "terraform"
          [32m+[0m[0m "owner"       = "lwam"
          [32m+[0m[0m "service"     = "commission"
        }
      [32m+[0m[0m tier           = (known after apply)
      [32m+[0m[0m type           = "String"
      [32m+[0m[0m value          = (sensitive value)
      [32m+[0m[0m value_wo       = (write-only attribute)
      [32m+[0m[0m version        = (known after apply)
    }

[1m  # module.delivery.aws_ssm_parameter.image_tag["payments"][0m will be created
[0m  [32m+[0m[0m resource "aws_ssm_parameter" "image_tag" {
      [32m+[0m[0m arn            = (known after apply)
      [32m+[0m[0m data_type      = (known after apply)
      [32m+[0m[0m has_value_wo   = (known after apply)
      [32m+[0m[0m id             = (known after apply)
      [32m+[0m[0m insecure_value = (known after apply)
      [32m+[0m[0m key_id         = (known after apply)
      [32m+[0m[0m name           = "/devops-g3/payments/image-tag"
      [32m+[0m[0m region         = "us-west-1"
      [32m+[0m[0m tags           = {
          [32m+[0m[0m "Name"    = "devops-g3-payments-image-tag"
          [32m+[0m[0m "service" = "payments"
        }
      [32m+[0m[0m tags_all       = {
          [32m+[0m[0m "Name"        = "devops-g3-payments-image-tag"
          [32m+[0m[0m "capstone"    = "tillflow"
          [32m+[0m[0m "environment" = "dev"
          [32m+[0m[0m "group"       = "devops-g3"
          [32m+[0m[0m "managed-by"  = "terraform"
          [32m+[0m[0m "owner"       = "lwam"
          [32m+[0m[0m "service"     = "payments"
        }
      [32m+[0m[0m tier           = (known after apply)
      [32m+[0m[0m type           = "String"
      [32m+[0m[0m value          = (sensitive value)
      [32m+[0m[0m value_wo       = (write-only attribute)
      [32m+[0m[0m version        = (known after apply)
    }

[1m  # module.delivery.aws_ssm_parameter.image_tag["pos"][0m will be created
[0m  [32m+[0m[0m resource "aws_ssm_parameter" "image_tag" {
      [32m+[0m[0m arn            = (known after apply)
      [32m+[0m[0m data_type      = (known after apply)
      [32m+[0m[0m has_value_wo   = (known after apply)
      [32m+[0m[0m id             = (known after apply)
      [32m+[0m[0m insecure_value = (known after apply)
      [32m+[0m[0m key_id         = (known after apply)
      [32m+[0m[0m name           = "/devops-g3/pos/image-tag"
      [32m+[0m[0m region         = "us-west-1"
      [32m+[0m[0m tags           = {
          [32m+[0m[0m "Name"    = "devops-g3-pos-image-tag"
          [32m+[0m[0m "service" = "pos"
        }
      [32m+[0m[0m tags_all       = {
          [32m+[0m[0m "Name"        = "devops-g3-pos-image-tag"
          [32m+[0m[0m "capstone"    = "tillflow"
          [32m+[0m[0m "environment" = "dev"
          [32m+[0m[0m "group"       = "devops-g3"
          [32m+[0m[0m "managed-by"  = "terraform"
          [32m+[0m[0m "owner"       = "lwam"
          [32m+[0m[0m "service"     = "pos"
        }
      [32m+[0m[0m tier           = (known after apply)
      [32m+[0m[0m type           = "String"
      [32m+[0m[0m value          = (sensitive value)
      [32m+[0m[0m value_wo       = (write-only attribute)
      [32m+[0m[0m version        = (known after apply)
    }

[1m  # module.delivery.aws_ssm_parameter.image_tag["web"][0m will be created
[0m  [32m+[0m[0m resource "aws_ssm_parameter" "image_tag" {
      [32m+[0m[0m arn            = (known after apply)
      [32m+[0m[0m data_type      = (known after apply)
      [32m+[0m[0m has_value_wo   = (known after apply)
      [32m+[0m[0m id             = (known after apply)
      [32m+[0m[0m insecure_value = (known after apply)
      [32m+[0m[0m key_id         = (known after apply)
      [32m+[0m[0m name           = "/devops-g3/web/image-tag"
      [32m+[0m[0m region         = "us-west-1"
      [32m+[0m[0m tags           = {
          [32m+[0m[0m "Name"    = "devops-g3-web-image-tag"
          [32m+[0m[0m "service" = "web"
        }
      [32m+[0m[0m tags_all       = {
          [32m+[0m[0m "Name"        = "devops-g3-web-image-tag"
          [32m+[0m[0m "capstone"    = "tillflow"
          [32m+[0m[0m "environment" = "dev"
          [32m+[0m[0m "group"       = "devops-g3"
          [32m+[0m[0m "managed-by"  = "terraform"
          [32m+[0m[0m "owner"       = "lwam"
          [32m+[0m[0m "service"     = "web"
        }
      [32m+[0m[0m tier           = (known after apply)
      [32m+[0m[0m type           = "String"
      [32m+[0m[0m value          = (sensitive value)
      [32m+[0m[0m value_wo       = (write-only attribute)
      [32m+[0m[0m version        = (known after apply)
    }

[1m  # module.ecs_platform.aws_cloudwatch_log_group.exec[0m will be created
[0m  [32m+[0m[0m resource "aws_cloudwatch_log_group" "exec" {
      [32m+[0m[0m arn                         = (known after apply)
      [32m+[0m[0m deletion_protection_enabled = (known after apply)
      [32m+[0m[0m id                          = (known after apply)
      [32m+[0m[0m kms_key_id                  = "arn:aws:kms:us-west-1:240462142849:key/90e2806f-72c0-4b51-ae60-8cc9436bdfe0"
      [32m+[0m[0m log_group_class             = (known after apply)
      [32m+[0m[0m name                        = "/devops-g3/ecs-exec"
      [32m+[0m[0m name_prefix                 = (known after apply)
      [32m+[0m[0m region                      = "us-west-1"
      [32m+[0m[0m retention_in_days           = 30
      [32m+[0m[0m skip_destroy                = false
      [32m+[0m[0m tags_all                    = {
          [32m+[0m[0m "capstone"    = "tillflow"
          [32m+[0m[0m "environment" = "dev"
          [32m+[0m[0m "group"       = "devops-g3"
          [32m+[0m[0m "managed-by"  = "terraform"
          [32m+[0m[0m "owner"       = "lwam"
          [32m+[0m[0m "service"     = "platform"
        }
    }

[1m  # module.ecs_platform.aws_cloudwatch_log_group.service["commission"][0m will be created
[0m  [32m+[0m[0m resource "aws_cloudwatch_log_group" "service" {
      [32m+[0m[0m arn                         = (known after apply)
      [32m+[0m[0m deletion_protection_enabled = (known after apply)
      [32m+[0m[0m id                          = (known after apply)
      [32m+[0m[0m kms_key_id                  = "arn:aws:kms:us-west-1:240462142849:key/90e2806f-72c0-4b51-ae60-8cc9436bdfe0"
      [32m+[0m[0m log_group_class             = (known after apply)
      [32m+[0m[0m name                        = "/devops-g3/commission"
      [32m+[0m[0m name_prefix                 = (known after apply)
      [32m+[0m[0m region                      = "us-west-1"
      [32m+[0m[0m retention_in_days           = 30
      [32m+[0m[0m skip_destroy                = false
      [32m+[0m[0m tags                        = {
          [32m+[0m[0m "Name"    = "devops-g3-commission"
          [32m+[0m[0m "service" = "commission"
        }
      [32m+[0m[0m tags_all                    = {
          [32m+[0m[0m "Name"        = "devops-g3-commission"
          [32m+[0m[0m "capstone"    = "tillflow"
          [32m+[0m[0m "environment" = "dev"
          [32m+[0m[0m "group"       = "devops-g3"
          [32m+[0m[0m "managed-by"  = "terraform"
          [32m+[0m[0m "owner"       = "lwam"
          [32m+[0m[0m "service"     = "commission"
        }
    }

[1m  # module.ecs_platform.aws_cloudwatch_log_group.service["payments"][0m will be created
[0m  [32m+[0m[0m resource "aws_cloudwatch_log_group" "service" {
      [32m+[0m[0m arn                         = (known after apply)
      [32m+[0m[0m deletion_protection_enabled = (known after apply)
      [32m+[0m[0m id                          = (known after apply)
      [32m+[0m[0m kms_key_id                  = "arn:aws:kms:us-west-1:240462142849:key/90e2806f-72c0-4b51-ae60-8cc9436bdfe0"
      [32m+[0m[0m log_group_class             = (known after apply)
      [32m+[0m[0m name                        = "/devops-g3/payments"
      [32m+[0m[0m name_prefix                 = (known after apply)
      [32m+[0m[0m region                      = "us-west-1"
      [32m+[0m[0m retention_in_days           = 30
      [32m+[0m[0m skip_destroy                = false
      [32m+[0m[0m tags                        = {
          [32m+[0m[0m "Name"    = "devops-g3-payments"
          [32m+[0m[0m "service" = "payments"
        }
      [32m+[0m[0m tags_all                    = {
          [32m+[0m[0m "Name"        = "devops-g3-payments"
          [32m+[0m[0m "capstone"    = "tillflow"
          [32m+[0m[0m "environment" = "dev"
          [32m+[0m[0m "group"       = "devops-g3"
          [32m+[0m[0m "managed-by"  = "terraform"
          [32m+[0m[0m "owner"       = "lwam"
          [32m+[0m[0m "service"     = "payments"
        }
    }

[1m  # module.ecs_platform.aws_cloudwatch_log_group.service["pos"][0m will be created
[0m  [32m+[0m[0m resource "aws_cloudwatch_log_group" "service" {
      [32m+[0m[0m arn                         = (known after apply)
      [32m+[0m[0m deletion_protection_enabled = (known after apply)
      [32m+[0m[0m id                          = (known after apply)
      [32m+[0m[0m kms_key_id                  = "arn:aws:kms:us-west-1:240462142849:key/90e2806f-72c0-4b51-ae60-8cc9436bdfe0"
      [32m+[0m[0m log_group_class             = (known after apply)
      [32m+[0m[0m name                        = "/devops-g3/pos"
      [32m+[0m[0m name_prefix                 = (known after apply)
      [32m+[0m[0m region                      = "us-west-1"
      [32m+[0m[0m retention_in_days           = 30
      [32m+[0m[0m skip_destroy                = false
      [32m+[0m[0m tags                        = {
          [32m+[0m[0m "Name"    = "devops-g3-pos"
          [32m+[0m[0m "service" = "pos"
        }
      [32m+[0m[0m tags_all                    = {
          [32m+[0m[0m "Name"        = "devops-g3-pos"
          [32m+[0m[0m "capstone"    = "tillflow"
          [32m+[0m[0m "environment" = "dev"
          [32m+[0m[0m "group"       = "devops-g3"
          [32m+[0m[0m "managed-by"  = "terraform"
          [32m+[0m[0m "owner"       = "lwam"
          [32m+[0m[0m "service"     = "pos"
        }
    }

[1m  # module.ecs_platform.aws_cloudwatch_log_group.service["web"][0m will be created
[0m  [32m+[0m[0m resource "aws_cloudwatch_log_group" "service" {
      [32m+[0m[0m arn                         = (known after apply)
      [32m+[0m[0m deletion_protection_enabled = (known after apply)
      [32m+[0m[0m id                          = (known after apply)
      [32m+[0m[0m kms_key_id                  = "arn:aws:kms:us-west-1:240462142849:key/90e2806f-72c0-4b51-ae60-8cc9436bdfe0"
      [32m+[0m[0m log_group_class             = (known after apply)
      [32m+[0m[0m name                        = "/devops-g3/web"
      [32m+[0m[0m name_prefix                 = (known after apply)
      [32m+[0m[0m region                      = "us-west-1"
      [32m+[0m[0m retention_in_days           = 30
      [32m+[0m[0m skip_destroy                = false
      [32m+[0m[0m tags                        = {
          [32m+[0m[0m "Name"    = "devops-g3-web"
          [32m+[0m[0m "service" = "web"
        }
      [32m+[0m[0m tags_all                    = {
          [32m+[0m[0m "Name"        = "devops-g3-web"
          [32m+[0m[0m "capstone"    = "tillflow"
          [32m+[0m[0m "environment" = "dev"
          [32m+[0m[0m "group"       = "devops-g3"
          [32m+[0m[0m "managed-by"  = "terraform"
          [32m+[0m[0m "owner"       = "lwam"
          [32m+[0m[0m "service"     = "web"
        }
    }

[1m  # module.ecs_platform.aws_ecr_lifecycle_policy.service["commission"][0m will be created
[0m  [32m+[0m[0m resource "aws_ecr_lifecycle_policy" "service" {
      [32m+[0m[0m id          = (known after apply)
      [32m+[0m[0m policy      = jsonencode(
            {
              [32m+[0m[0m rules = [
                  [32m+[0m[0m {
                      [32m+[0m[0m action       = {
                          [32m+[0m[0m type = "expire"
                        }
                      [32m+[0m[0m description  = "Keep the last 20 images so rollback targets survive"
                      [32m+[0m[0m rulePriority = 1
                      [32m+[0m[0m selection    = {
                          [32m+[0m[0m countNumber = 20
                          [32m+[0m[0m countType   = "imageCountMoreThan"
                          [32m+[0m[0m tagStatus   = "any"
                        }
                    },
                ]
            }
        )
      [32m+[0m[0m region      = "us-west-1"
      [32m+[0m[0m registry_id = (known after apply)
      [32m+[0m[0m repository  = "devops-g3/commission"
    }

[1m  # module.ecs_platform.aws_ecr_lifecycle_policy.service["payments"][0m will be created
[0m  [32m+[0m[0m resource "aws_ecr_lifecycle_policy" "service" {
      [32m+[0m[0m id          = (known after apply)
      [32m+[0m[0m policy      = jsonencode(
            {
              [32m+[0m[0m rules = [
                  [32m+[0m[0m {
                      [32m+[0m[0m action       = {
                          [32m+[0m[0m type = "expire"
                        }
                      [32m+[0m[0m description  = "Keep the last 20 images so rollback targets survive"
                      [32m+[0m[0m rulePriority = 1
                      [32m+[0m[0m selection    = {
                          [32m+[0m[0m countNumber = 20
                          [32m+[0m[0m countType   = "imageCountMoreThan"
                          [32m+[0m[0m tagStatus   = "any"
                        }
                    },
                ]
            }
        )
      [32m+[0m[0m region      = "us-west-1"
      [32m+[0m[0m registry_id = (known after apply)
      [32m+[0m[0m repository  = "devops-g3/payments"
    }

[1m  # module.ecs_platform.aws_ecr_lifecycle_policy.service["pos"][0m will be created
[0m  [32m+[0m[0m resource "aws_ecr_lifecycle_policy" "service" {
      [32m+[0m[0m id          = (known after apply)
      [32m+[0m[0m policy      = jsonencode(
            {
              [32m+[0m[0m rules = [
                  [32m+[0m[0m {
                      [32m+[0m[0m action       = {
                          [32m+[0m[0m type = "expire"
                        }
                      [32m+[0m[0m description  = "Keep the last 20 images so rollback targets survive"
                      [32m+[0m[0m rulePriority = 1
                      [32m+[0m[0m selection    = {
                          [32m+[0m[0m countNumber = 20
                          [32m+[0m[0m countType   = "imageCountMoreThan"
                          [32m+[0m[0m tagStatus   = "any"
                        }
                    },
                ]
            }
        )
      [32m+[0m[0m region      = "us-west-1"
      [32m+[0m[0m registry_id = (known after apply)
      [32m+[0m[0m repository  = "devops-g3/pos"
    }

[1m  # module.ecs_platform.aws_ecr_lifecycle_policy.service["web"][0m will be created
[0m  [32m+[0m[0m resource "aws_ecr_lifecycle_policy" "service" {
      [32m+[0m[0m id          = (known after apply)
      [32m+[0m[0m policy      = jsonencode(
            {
              [32m+[0m[0m rules = [
                  [32m+[0m[0m {
                      [32m+[0m[0m action       = {
                          [32m+[0m[0m type = "expire"
                        }
                      [32m+[0m[0m description  = "Keep the last 20 images so rollback targets survive"
                      [32m+[0m[0m rulePriority = 1
                      [32m+[0m[0m selection    = {
                          [32m+[0m[0m countNumber = 20
                          [32m+[0m[0m countType   = "imageCountMoreThan"
                          [32m+[0m[0m tagStatus   = "any"
                        }
                    },
                ]
            }
        )
      [32m+[0m[0m region      = "us-west-1"
      [32m+[0m[0m registry_id = (known after apply)
      [32m+[0m[0m repository  = "devops-g3/web"
    }

[1m  # module.ecs_platform.aws_ecr_repository.service["commission"][0m will be created
[0m  [32m+[0m[0m resource "aws_ecr_repository" "service" {
      [32m+[0m[0m arn                  = (known after apply)
      [32m+[0m[0m force_delete         = true
      [32m+[0m[0m id                   = (known after apply)
      [32m+[0m[0m image_tag_mutability = "IMMUTABLE"
      [32m+[0m[0m name                 = "devops-g3/commission"
      [32m+[0m[0m region               = "us-west-1"
      [32m+[0m[0m registry_id          = (known after apply)
      [32m+[0m[0m repository_url       = (known after apply)
      [32m+[0m[0m tags                 = {
          [32m+[0m[0m "Name"    = "devops-g3-commission"
          [32m+[0m[0m "service" = "commission"
        }
      [32m+[0m[0m tags_all             = {
          [32m+[0m[0m "Name"        = "devops-g3-commission"
          [32m+[0m[0m "capstone"    = "tillflow"
          [32m+[0m[0m "environment" = "dev"
          [32m+[0m[0m "group"       = "devops-g3"
          [32m+[0m[0m "managed-by"  = "terraform"
          [32m+[0m[0m "owner"       = "lwam"
          [32m+[0m[0m "service"     = "commission"
        }

      [32m+[0m[0m encryption_configuration {
          [32m+[0m[0m encryption_type = "KMS"
          [32m+[0m[0m kms_key         = "arn:aws:kms:us-west-1:240462142849:key/90e2806f-72c0-4b51-ae60-8cc9436bdfe0"
        }

      [32m+[0m[0m image_scanning_configuration {
          [32m+[0m[0m scan_on_push = true
        }
    }

[1m  # module.ecs_platform.aws_ecr_repository.service["payments"][0m will be created
[0m  [32m+[0m[0m resource "aws_ecr_repository" "service" {
      [32m+[0m[0m arn                  = (known after apply)
      [32m+[0m[0m force_delete         = true
      [32m+[0m[0m id                   = (known after apply)
      [32m+[0m[0m image_tag_mutability = "IMMUTABLE"
      [32m+[0m[0m name                 = "devops-g3/payments"
      [32m+[0m[0m region               = "us-west-1"
      [32m+[0m[0m registry_id          = (known after apply)
      [32m+[0m[0m repository_url       = (known after apply)
      [32m+[0m[0m tags                 = {
          [32m+[0m[0m "Name"    = "devops-g3-payments"
          [32m+[0m[0m "service" = "payments"
        }
      [32m+[0m[0m tags_all             = {
          [32m+[0m[0m "Name"        = "devops-g3-payments"
          [32m+[0m[0m "capstone"    = "tillflow"
          [32m+[0m[0m "environment" = "dev"
          [32m+[0m[0m "group"       = "devops-g3"
          [32m+[0m[0m "managed-by"  = "terraform"
          [32m+[0m[0m "owner"       = "lwam"
          [32m+[0m[0m "service"     = "payments"
        }

      [32m+[0m[0m encryption_configuration {
          [32m+[0m[0m encryption_type = "KMS"
          [32m+[0m[0m kms_key         = "arn:aws:kms:us-west-1:240462142849:key/90e2806f-72c0-4b51-ae60-8cc9436bdfe0"
        }

      [32m+[0m[0m image_scanning_configuration {
          [32m+[0m[0m scan_on_push = true
        }
    }

[1m  # module.ecs_platform.aws_ecr_repository.service["pos"][0m will be created
[0m  [32m+[0m[0m resource "aws_ecr_repository" "service" {
      [32m+[0m[0m arn                  = (known after apply)
      [32m+[0m[0m force_delete         = true
      [32m+[0m[0m id                   = (known after apply)
      [32m+[0m[0m image_tag_mutability = "IMMUTABLE"
      [32m+[0m[0m name                 = "devops-g3/pos"
      [32m+[0m[0m region               = "us-west-1"
      [32m+[0m[0m registry_id          = (known after apply)
      [32m+[0m[0m repository_url       = (known after apply)
      [32m+[0m[0m tags                 = {
          [32m+[0m[0m "Name"    = "devops-g3-pos"
          [32m+[0m[0m "service" = "pos"
        }
      [32m+[0m[0m tags_all             = {
          [32m+[0m[0m "Name"        = "devops-g3-pos"
          [32m+[0m[0m "capstone"    = "tillflow"
          [32m+[0m[0m "environment" = "dev"
          [32m+[0m[0m "group"       = "devops-g3"
          [32m+[0m[0m "managed-by"  = "terraform"
          [32m+[0m[0m "owner"       = "lwam"
          [32m+[0m[0m "service"     = "pos"
        }

      [32m+[0m[0m encryption_configuration {
          [32m+[0m[0m encryption_type = "KMS"
          [32m+[0m[0m kms_key         = "arn:aws:kms:us-west-1:240462142849:key/90e2806f-72c0-4b51-ae60-8cc9436bdfe0"
        }

      [32m+[0m[0m image_scanning_configuration {
          [32m+[0m[0m scan_on_push = true
        }
    }

[1m  # module.ecs_platform.aws_ecr_repository.service["web"][0m will be created
[0m  [32m+[0m[0m resource "aws_ecr_repository" "service" {
      [32m+[0m[0m arn                  = (known after apply)
      [32m+[0m[0m force_delete         = true
      [32m+[0m[0m id                   = (known after apply)
      [32m+[0m[0m image_tag_mutability = "IMMUTABLE"
      [32m+[0m[0m name                 = "devops-g3/web"
      [32m+[0m[0m region               = "us-west-1"
      [32m+[0m[0m registry_id          = (known after apply)
      [32m+[0m[0m repository_url       = (known after apply)
      [32m+[0m[0m tags                 = {
          [32m+[0m[0m "Name"    = "devops-g3-web"
          [32m+[0m[0m "service" = "web"
        }
      [32m+[0m[0m tags_all             = {
          [32m+[0m[0m "Name"        = "devops-g3-web"
          [32m+[0m[0m "capstone"    = "tillflow"
          [32m+[0m[0m "environment" = "dev"
          [32m+[0m[0m "group"       = "devops-g3"
          [32m+[0m[0m "managed-by"  = "terraform"
          [32m+[0m[0m "owner"       = "lwam"
          [32m+[0m[0m "service"     = "web"
        }

      [32m+[0m[0m encryption_configuration {
          [32m+[0m[0m encryption_type = "KMS"
          [32m+[0m[0m kms_key         = "arn:aws:kms:us-west-1:240462142849:key/90e2806f-72c0-4b51-ae60-8cc9436bdfe0"
        }

      [32m+[0m[0m image_scanning_configuration {
          [32m+[0m[0m scan_on_push = true
        }
    }

[1m  # module.ecs_platform.aws_ecs_cluster.this[0m will be created
[0m  [32m+[0m[0m resource "aws_ecs_cluster" "this" {
      [32m+[0m[0m arn      = (known after apply)
      [32m+[0m[0m id       = (known after apply)
      [32m+[0m[0m name     = "devops-g3"
      [32m+[0m[0m region   = "us-west-1"
      [32m+[0m[0m tags     = {
          [32m+[0m[0m "Name" = "devops-g3"
        }
      [32m+[0m[0m tags_all = {
          [32m+[0m[0m "Name"        = "devops-g3"
          [32m+[0m[0m "capstone"    = "tillflow"
          [32m+[0m[0m "environment" = "dev"
          [32m+[0m[0m "group"       = "devops-g3"
          [32m+[0m[0m "managed-by"  = "terraform"
          [32m+[0m[0m "owner"       = "lwam"
          [32m+[0m[0m "service"     = "platform"
        }

      [32m+[0m[0m configuration {
          [32m+[0m[0m execute_command_configuration {
              [32m+[0m[0m kms_key_id = "arn:aws:kms:us-west-1:240462142849:key/90e2806f-72c0-4b51-ae60-8cc9436bdfe0"
              [32m+[0m[0m logging    = "OVERRIDE"

              [32m+[0m[0m log_configuration {
                  [32m+[0m[0m cloud_watch_encryption_enabled = true
                  [32m+[0m[0m cloud_watch_log_group_name     = "/devops-g3/ecs-exec"
                }
            }
        }

      [32m+[0m[0m setting {
          [32m+[0m[0m name  = "containerInsights"
          [32m+[0m[0m value = "enhanced"
        }
    }

[1m  # module.ecs_platform.aws_ecs_cluster_capacity_providers.this[0m will be created
[0m  [32m+[0m[0m resource "aws_ecs_cluster_capacity_providers" "this" {
      [32m+[0m[0m capacity_providers = [
          [32m+[0m[0m "FARGATE",
          [32m+[0m[0m "FARGATE_SPOT",
        ]
      [32m+[0m[0m cluster_name       = "devops-g3"
      [32m+[0m[0m id                 = (known after apply)
      [32m+[0m[0m region             = "us-west-1"

      [32m+[0m[0m default_capacity_provider_strategy {
          [32m+[0m[0m base              = 0
          [32m+[0m[0m capacity_provider = "FARGATE"
          [32m+[0m[0m weight            = 1
        }
    }

[1m  # module.ecs_platform.aws_iam_role.task_execution[0m will be created
[0m  [32m+[0m[0m resource "aws_iam_role" "task_execution" {
      [32m+[0m[0m arn                   = (known after apply)
      [32m+[0m[0m assume_role_policy    = jsonencode(
            {
              [32m+[0m[0m Statement = [
                  [32m+[0m[0m {
                      [32m+[0m[0m Action    = "sts:AssumeRole"
                      [32m+[0m[0m Condition = {
                          [32m+[0m[0m StringEquals = {
                              [32m+[0m[0m "aws:SourceAccount" = "240462142849"
                            }
                        }
                      [32m+[0m[0m Effect    = "Allow"
                      [32m+[0m[0m Principal = {
                          [32m+[0m[0m Service = "ecs-tasks.amazonaws.com"
                        }
                    },
                ]
              [32m+[0m[0m Version   = "2012-10-17"
            }
        )
      [32m+[0m[0m create_date           = (known after apply)
      [32m+[0m[0m description           = "Shared ECS task execution role - image pull and log write only"
      [32m+[0m[0m force_detach_policies = false
      [32m+[0m[0m id                    = (known after apply)
      [32m+[0m[0m managed_policy_arns   = (known after apply)
      [32m+[0m[0m max_session_duration  = 3600
      [32m+[0m[0m name                  = "devops-g3-exec"
      [32m+[0m[0m name_prefix           = (known after apply)
      [32m+[0m[0m path                  = "/"
      [32m+[0m[0m tags                  = {
          [32m+[0m[0m "Name" = "devops-g3-exec"
        }
      [32m+[0m[0m tags_all              = {
          [32m+[0m[0m "Name"        = "devops-g3-exec"
          [32m+[0m[0m "capstone"    = "tillflow"
          [32m+[0m[0m "environment" = "dev"
          [32m+[0m[0m "group"       = "devops-g3"
          [32m+[0m[0m "managed-by"  = "terraform"
          [32m+[0m[0m "owner"       = "lwam"
          [32m+[0m[0m "service"     = "platform"
        }
      [32m+[0m[0m unique_id             = (known after apply)

      [32m+[0m[0m inline_policy (known after apply)
    }

[1m  # module.ecs_platform.aws_iam_role_policy.task_execution_extra[0m will be created
[0m  [32m+[0m[0m resource "aws_iam_role_policy" "task_execution_extra" {
      [32m+[0m[0m id          = (known after apply)
      [32m+[0m[0m name        = "inject-secrets"
      [32m+[0m[0m name_prefix = (known after apply)
      [32m+[0m[0m policy      = jsonencode(
            {
              [32m+[0m[0m Statement = [
                  [32m+[0m[0m {
                      [32m+[0m[0m Action   = "secretsmanager:GetSecretValue"
                      [32m+[0m[0m Effect   = "Allow"
                      [32m+[0m[0m Resource = [
                          [32m+[0m[0m "arn:aws:secretsmanager:us-west-1:240462142849:secret:devops-g3/slack-webhook-eunYoR",
                          [32m+[0m[0m "arn:aws:secretsmanager:us-west-1:240462142849:secret:devops-g3/grafana-admin-T5XvCb",
                          [32m+[0m[0m "arn:aws:secretsmanager:us-west-1:240462142849:secret:devops-g3/db-proxy-web-1bqHbE",
                          [32m+[0m[0m "arn:aws:secretsmanager:us-west-1:240462142849:secret:devops-g3/db-proxy-pos-L7bCoD",
                          [32m+[0m[0m "arn:aws:secretsmanager:us-west-1:240462142849:secret:devops-g3/db-proxy-payments-H5SL8D",
                          [32m+[0m[0m "arn:aws:secretsmanager:us-west-1:240462142849:secret:devops-g3/db-proxy-commission-O3w8qA",
                          [32m+[0m[0m "arn:aws:secretsmanager:us-west-1:240462142849:secret:devops-g3/db-I364XC",
                          [32m+[0m[0m "arn:aws:secretsmanager:us-west-1:240462142849:secret:devops-g3/daraja-vDnR06",
                        ]
                      [32m+[0m[0m Sid      = "PullSecretsForInjection"
                    },
                  [32m+[0m[0m {
                      [32m+[0m[0m Action   = [
                          [32m+[0m[0m "kms:GenerateDataKey",
                          [32m+[0m[0m "kms:Decrypt",
                        ]
                      [32m+[0m[0m Effect   = "Allow"
                      [32m+[0m[0m Resource = "arn:aws:kms:us-west-1:240462142849:key/90e2806f-72c0-4b51-ae60-8cc9436bdfe0"
                      [32m+[0m[0m Sid      = "DecryptSecretsAndLogs"
                    },
                ]
              [32m+[0m[0m Version   = "2012-10-17"
            }
        )
      [32m+[0m[0m role        = (known after apply)
    }

[1m  # module.ecs_platform.aws_iam_role_policy_attachment.task_execution[0m will be created
[0m  [32m+[0m[0m resource "aws_iam_role_policy_attachment" "task_execution" {
      [32m+[0m[0m id         = (known after apply)
      [32m+[0m[0m policy_arn = "arn:aws:iam::aws:policy/service-role/AmazonECSTaskExecutionRolePolicy"
      [32m+[0m[0m role       = "devops-g3-exec"
    }

[1m  # module.ecs_platform.aws_service_discovery_http_namespace.this[0m will be created
[0m  [32m+[0m[0m resource "aws_service_discovery_http_namespace" "this" {
      [32m+[0m[0m arn         = (known after apply)
      [32m+[0m[0m description = "Service Connect namespace for internal devops-g3 traffic"
      [32m+[0m[0m http_name   = (known after apply)
      [32m+[0m[0m id          = (known after apply)
      [32m+[0m[0m name        = "tillflow.local"
      [32m+[0m[0m region      = "us-west-1"
      [32m+[0m[0m tags        = {
          [32m+[0m[0m "Name" = "devops-g3-namespace"
        }
      [32m+[0m[0m tags_all    = {
          [32m+[0m[0m "Name"        = "devops-g3-namespace"
          [32m+[0m[0m "capstone"    = "tillflow"
          [32m+[0m[0m "environment" = "dev"
          [32m+[0m[0m "group"       = "devops-g3"
          [32m+[0m[0m "managed-by"  = "terraform"
          [32m+[0m[0m "owner"       = "lwam"
          [32m+[0m[0m "service"     = "platform"
        }
    }

[1m  # module.grafana.data.aws_iam_policy_document.task[0m will be read during apply
  # (config refers to values not yet known)
[0m [36m<=[0m[0m data "aws_iam_policy_document" "task" {
      [32m+[0m[0m id            = (known after apply)
      [32m+[0m[0m json          = (known after apply)
      [32m+[0m[0m minified_json = (known after apply)

      [32m+[0m[0m statement {
          [32m+[0m[0m actions   = [
              [32m+[0m[0m "aps:GetLabels",
              [32m+[0m[0m "aps:GetMetricMetadata",
              [32m+[0m[0m "aps:GetSeries",
              [32m+[0m[0m "aps:QueryMetrics",
            ]
          [32m+[0m[0m resources = [
              [32m+[0m[0m (known after apply),
            ]
          [32m+[0m[0m sid       = "QueryAmp"
        }
      [32m+[0m[0m statement {
          [32m+[0m[0m actions   = [
              [32m+[0m[0m "secretsmanager:GetSecretValue",
            ]
          [32m+[0m[0m resources = [
              [32m+[0m[0m "arn:aws:secretsmanager:us-west-1:240462142849:secret:devops-g3/grafana-admin-T5XvCb",
              [32m+[0m[0m "arn:aws:secretsmanager:us-west-1:240462142849:secret:devops-g3/slack-webhook-eunYoR",
            ]
          [32m+[0m[0m sid       = "ReadAlertSecrets"
        }
      [32m+[0m[0m statement {
          [32m+[0m[0m actions   = [
              [32m+[0m[0m "kms:Decrypt",
              [32m+[0m[0m "kms:GenerateDataKey",
            ]
          [32m+[0m[0m resources = [
              [32m+[0m[0m "arn:aws:kms:us-west-1:240462142849:key/90e2806f-72c0-4b51-ae60-8cc9436bdfe0",
            ]
          [32m+[0m[0m sid       = "DecryptSecrets"
        }
      [32m+[0m[0m statement {
          [32m+[0m[0m actions   = [
              [32m+[0m[0m "ssmmessages:CreateControlChannel",
              [32m+[0m[0m "ssmmessages:CreateDataChannel",
              [32m+[0m[0m "ssmmessages:OpenControlChannel",
              [32m+[0m[0m "ssmmessages:OpenDataChannel",
            ]
          [32m+[0m[0m resources = [
              [32m+[0m[0m "*",
            ]
          [32m+[0m[0m sid       = "ExecCommand"
        }
    }

[1m  # module.grafana.aws_cloudwatch_log_group.this[0m will be created
[0m  [32m+[0m[0m resource "aws_cloudwatch_log_group" "this" {
      [32m+[0m[0m arn                         = (known after apply)
      [32m+[0m[0m deletion_protection_enabled = (known after apply)
      [32m+[0m[0m id                          = (known after apply)
      [32m+[0m[0m kms_key_id                  = "arn:aws:kms:us-west-1:240462142849:key/90e2806f-72c0-4b51-ae60-8cc9436bdfe0"
      [32m+[0m[0m log_group_class             = (known after apply)
      [32m+[0m[0m name                        = "/devops-g3/grafana"
      [32m+[0m[0m name_prefix                 = (known after apply)
      [32m+[0m[0m region                      = "us-west-1"
      [32m+[0m[0m retention_in_days           = 30
      [32m+[0m[0m skip_destroy                = false
      [32m+[0m[0m tags                        = {
          [32m+[0m[0m "Name"    = "devops-g3-grafana"
          [32m+[0m[0m "service" = "grafana"
        }
      [32m+[0m[0m tags_all                    = {
          [32m+[0m[0m "Name"        = "devops-g3-grafana"
          [32m+[0m[0m "capstone"    = "tillflow"
          [32m+[0m[0m "environment" = "dev"
          [32m+[0m[0m "group"       = "devops-g3"
          [32m+[0m[0m "managed-by"  = "terraform"
          [32m+[0m[0m "owner"       = "lwam"
          [32m+[0m[0m "service"     = "grafana"
        }
    }

[1m  # module.grafana.aws_ecs_service.this[0m will be created
[0m  [32m+[0m[0m resource "aws_ecs_service" "this" {
      [32m+[0m[0m arn                                = (known after apply)
      [32m+[0m[0m availability_zone_rebalancing      = (known after apply)
      [32m+[0m[0m cluster                            = (known after apply)
      [32m+[0m[0m deployment_maximum_percent         = 200
      [32m+[0m[0m deployment_minimum_healthy_percent = 100
      [32m+[0m[0m desired_count                      = 1
      [32m+[0m[0m enable_ecs_managed_tags            = false
      [32m+[0m[0m enable_execute_command             = true
      [32m+[0m[0m health_check_grace_period_seconds  = 120
      [32m+[0m[0m iam_role                           = (known after apply)
      [32m+[0m[0m id                                 = (known after apply)
      [32m+[0m[0m launch_type                        = "FARGATE"
      [32m+[0m[0m name                               = "devops-g3-grafana"
      [32m+[0m[0m platform_version                   = (known after apply)
      [32m+[0m[0m region                             = "us-west-1"
      [32m+[0m[0m scheduling_strategy                = "REPLICA"
      [32m+[0m[0m tags                               = {
          [32m+[0m[0m "Name"    = "devops-g3-grafana"
          [32m+[0m[0m "service" = "grafana"
        }
      [32m+[0m[0m tags_all                           = {
          [32m+[0m[0m "Name"        = "devops-g3-grafana"
          [32m+[0m[0m "capstone"    = "tillflow"
          [32m+[0m[0m "environment" = "dev"
          [32m+[0m[0m "group"       = "devops-g3"
          [32m+[0m[0m "managed-by"  = "terraform"
          [32m+[0m[0m "owner"       = "lwam"
          [32m+[0m[0m "service"     = "grafana"
        }
      [32m+[0m[0m task_definition                    = (known after apply)
      [32m+[0m[0m triggers                           = (known after apply)
      [32m+[0m[0m wait_for_steady_state              = false

      [32m+[0m[0m deployment_circuit_breaker {
          [32m+[0m[0m enable   = true
          [32m+[0m[0m rollback = true
        }

      [32m+[0m[0m deployment_configuration (known after apply)

      [32m+[0m[0m load_balancer {
          [32m+[0m[0m container_name   = "grafana"
          [32m+[0m[0m container_port   = 3000
          [32m+[0m[0m target_group_arn = (known after apply)
            [90m# (1 unchanged attribute hidden)[0m[0m
        }

      [32m+[0m[0m network_configuration {
          [32m+[0m[0m assign_public_ip = false
          [32m+[0m[0m security_groups  = (known after apply)
          [32m+[0m[0m subnets          = (known after apply)
        }
    }

[1m  # module.grafana.aws_ecs_task_definition.this[0m will be created
[0m  [32m+[0m[0m resource "aws_ecs_task_definition" "this" {
      [32m+[0m[0m arn                      = (known after apply)
      [32m+[0m[0m arn_without_revision     = (known after apply)
      [32m+[0m[0m container_definitions    = (known after apply)
      [32m+[0m[0m cpu                      = "512"
      [32m+[0m[0m enable_fault_injection   = (known after apply)
      [32m+[0m[0m execution_role_arn       = (known after apply)
      [32m+[0m[0m family                   = "devops-g3-grafana"
      [32m+[0m[0m id                       = (known after apply)
      [32m+[0m[0m memory                   = "1024"
      [32m+[0m[0m network_mode             = "awsvpc"
      [32m+[0m[0m region                   = "us-west-1"
      [32m+[0m[0m requires_compatibilities = [
          [32m+[0m[0m "FARGATE",
        ]
      [32m+[0m[0m revision                 = (known after apply)
      [32m+[0m[0m skip_destroy             = false
      [32m+[0m[0m tags                     = {
          [32m+[0m[0m "Name"    = "devops-g3-grafana"
          [32m+[0m[0m "service" = "grafana"
        }
      [32m+[0m[0m tags_all                 = {
          [32m+[0m[0m "Name"        = "devops-g3-grafana"
          [32m+[0m[0m "capstone"    = "tillflow"
          [32m+[0m[0m "environment" = "dev"
          [32m+[0m[0m "group"       = "devops-g3"
          [32m+[0m[0m "managed-by"  = "terraform"
          [32m+[0m[0m "owner"       = "lwam"
          [32m+[0m[0m "service"     = "grafana"
        }
      [32m+[0m[0m task_role_arn            = (known after apply)
      [32m+[0m[0m track_latest             = false

      [32m+[0m[0m runtime_platform {
          [32m+[0m[0m cpu_architecture        = "ARM64"
          [32m+[0m[0m operating_system_family = "LINUX"
        }
    }

[1m  # module.grafana.aws_iam_role.task[0m will be created
[0m  [32m+[0m[0m resource "aws_iam_role" "task" {
      [32m+[0m[0m arn                   = (known after apply)
      [32m+[0m[0m assume_role_policy    = jsonencode(
            {
              [32m+[0m[0m Statement = [
                  [32m+[0m[0m {
                      [32m+[0m[0m Action    = "sts:AssumeRole"
                      [32m+[0m[0m Condition = {
                          [32m+[0m[0m StringEquals = {
                              [32m+[0m[0m "aws:SourceAccount" = "240462142849"
                            }
                        }
                      [32m+[0m[0m Effect    = "Allow"
                      [32m+[0m[0m Principal = {
                          [32m+[0m[0m Service = "ecs-tasks.amazonaws.com"
                        }
                    },
                ]
              [32m+[0m[0m Version   = "2012-10-17"
            }
        )
      [32m+[0m[0m create_date           = (known after apply)
      [32m+[0m[0m description           = "Grafana task role - AMP query and optional alert secrets"
      [32m+[0m[0m force_detach_policies = false
      [32m+[0m[0m id                    = (known after apply)
      [32m+[0m[0m managed_policy_arns   = (known after apply)
      [32m+[0m[0m max_session_duration  = 3600
      [32m+[0m[0m name                  = "devops-g3-grafana-task"
      [32m+[0m[0m name_prefix           = (known after apply)
      [32m+[0m[0m path                  = "/"
      [32m+[0m[0m tags                  = {
          [32m+[0m[0m "Name"    = "devops-g3-grafana-task"
          [32m+[0m[0m "service" = "grafana"
        }
      [32m+[0m[0m tags_all              = {
          [32m+[0m[0m "Name"        = "devops-g3-grafana-task"
          [32m+[0m[0m "capstone"    = "tillflow"
          [32m+[0m[0m "environment" = "dev"
          [32m+[0m[0m "group"       = "devops-g3"
          [32m+[0m[0m "managed-by"  = "terraform"
          [32m+[0m[0m "owner"       = "lwam"
          [32m+[0m[0m "service"     = "grafana"
        }
      [32m+[0m[0m unique_id             = (known after apply)

      [32m+[0m[0m inline_policy (known after apply)
    }

[1m  # module.grafana.aws_iam_role_policy.task[0m will be created
[0m  [32m+[0m[0m resource "aws_iam_role_policy" "task" {
      [32m+[0m[0m id          = (known after apply)
      [32m+[0m[0m name        = "grafana-permissions"
      [32m+[0m[0m name_prefix = (known after apply)
      [32m+[0m[0m policy      = (known after apply)
      [32m+[0m[0m role        = (known after apply)
    }

[1m  # module.grafana.aws_security_group.this[0m will be created
[0m  [32m+[0m[0m resource "aws_security_group" "this" {
      [32m+[0m[0m arn                    = (known after apply)
      [32m+[0m[0m description            = "Grafana ECS task"
      [32m+[0m[0m egress                 = (known after apply)
      [32m+[0m[0m id                     = (known after apply)
      [32m+[0m[0m ingress                = (known after apply)
      [32m+[0m[0m name                   = "devops-g3-grafana"
      [32m+[0m[0m name_prefix            = (known after apply)
      [32m+[0m[0m owner_id               = (known after apply)
      [32m+[0m[0m region                 = "us-west-1"
      [32m+[0m[0m revoke_rules_on_delete = false
      [32m+[0m[0m tags                   = {
          [32m+[0m[0m "Name"    = "devops-g3-grafana"
          [32m+[0m[0m "service" = "grafana"
        }
      [32m+[0m[0m tags_all               = {
          [32m+[0m[0m "Name"        = "devops-g3-grafana"
          [32m+[0m[0m "capstone"    = "tillflow"
          [32m+[0m[0m "environment" = "dev"
          [32m+[0m[0m "group"       = "devops-g3"
          [32m+[0m[0m "managed-by"  = "terraform"
          [32m+[0m[0m "owner"       = "lwam"
          [32m+[0m[0m "service"     = "grafana"
        }
      [32m+[0m[0m vpc_id                 = (known after apply)
    }

[1m  # module.grafana.aws_vpc_security_group_egress_rule.in_vpc[0m will be created
[0m  [32m+[0m[0m resource "aws_vpc_security_group_egress_rule" "in_vpc" {
      [32m+[0m[0m arn                    = (known after apply)
      [32m+[0m[0m cidr_ipv4              = "10.20.0.0/16"
      [32m+[0m[0m description            = "In-VPC egress (VPC endpoints, DNS)"
      [32m+[0m[0m id                     = (known after apply)
      [32m+[0m[0m ip_protocol            = "-1"
      [32m+[0m[0m region                 = "us-west-1"
      [32m+[0m[0m security_group_id      = (known after apply)
      [32m+[0m[0m security_group_rule_id = (known after apply)
      [32m+[0m[0m tags_all               = {
          [32m+[0m[0m "capstone"    = "tillflow"
          [32m+[0m[0m "environment" = "dev"
          [32m+[0m[0m "group"       = "devops-g3"
          [32m+[0m[0m "managed-by"  = "terraform"
          [32m+[0m[0m "owner"       = "lwam"
          [32m+[0m[0m "service"     = "platform"
        }
    }

[1m  # module.grafana.aws_vpc_security_group_egress_rule.internet_https[0m will be created
[0m  [32m+[0m[0m resource "aws_vpc_security_group_egress_rule" "internet_https" {
      [32m+[0m[0m arn                    = (known after apply)
      [32m+[0m[0m cidr_ipv4              = "0.0.0.0/0"
      [32m+[0m[0m description            = "HTTPS for AMP Prometheus query API (SigV4)"
      [32m+[0m[0m from_port              = 443
      [32m+[0m[0m id                     = (known after apply)
      [32m+[0m[0m ip_protocol            = "tcp"
      [32m+[0m[0m region                 = "us-west-1"
      [32m+[0m[0m security_group_id      = (known after apply)
      [32m+[0m[0m security_group_rule_id = (known after apply)
      [32m+[0m[0m tags_all               = {
          [32m+[0m[0m "capstone"    = "tillflow"
          [32m+[0m[0m "environment" = "dev"
          [32m+[0m[0m "group"       = "devops-g3"
          [32m+[0m[0m "managed-by"  = "terraform"
          [32m+[0m[0m "owner"       = "lwam"
          [32m+[0m[0m "service"     = "platform"
        }
      [32m+[0m[0m to_port                = 443
    }

[1m  # module.grafana.aws_vpc_security_group_egress_rule.s3_gateway_https[0m will be created
[0m  [32m+[0m[0m resource "aws_vpc_security_group_egress_rule" "s3_gateway_https" {
      [32m+[0m[0m arn                    = (known after apply)
      [32m+[0m[0m description            = "HTTPS to S3 gateway endpoint for ECR image layers"
      [32m+[0m[0m from_port              = 443
      [32m+[0m[0m id                     = (known after apply)
      [32m+[0m[0m ip_protocol            = "tcp"
      [32m+[0m[0m prefix_list_id         = "pl-6ba54002"
      [32m+[0m[0m region                 = "us-west-1"
      [32m+[0m[0m security_group_id      = (known after apply)
      [32m+[0m[0m security_group_rule_id = (known after apply)
      [32m+[0m[0m tags_all               = {
          [32m+[0m[0m "capstone"    = "tillflow"
          [32m+[0m[0m "environment" = "dev"
          [32m+[0m[0m "group"       = "devops-g3"
          [32m+[0m[0m "managed-by"  = "terraform"
          [32m+[0m[0m "owner"       = "lwam"
          [32m+[0m[0m "service"     = "platform"
        }
      [32m+[0m[0m to_port                = 443
    }

[1m  # module.grafana.aws_vpc_security_group_ingress_rule.from_alb[0m will be created
[0m  [32m+[0m[0m resource "aws_vpc_security_group_ingress_rule" "from_alb" {
      [32m+[0m[0m arn                          = (known after apply)
      [32m+[0m[0m description                  = "HTTP from the ALB on port 3000"
      [32m+[0m[0m from_port                    = 3000
      [32m+[0m[0m id                           = (known after apply)
      [32m+[0m[0m ip_protocol                  = "tcp"
      [32m+[0m[0m referenced_security_group_id = (known after apply)
      [32m+[0m[0m region                       = "us-west-1"
      [32m+[0m[0m security_group_id            = (known after apply)
      [32m+[0m[0m security_group_rule_id       = (known after apply)
      [32m+[0m[0m tags_all                     = {
          [32m+[0m[0m "capstone"    = "tillflow"
          [32m+[0m[0m "environment" = "dev"
          [32m+[0m[0m "group"       = "devops-g3"
          [32m+[0m[0m "managed-by"  = "terraform"
          [32m+[0m[0m "owner"       = "lwam"
          [32m+[0m[0m "service"     = "platform"
        }
      [32m+[0m[0m to_port                      = 3000
    }

[1m  # module.messaging.data.aws_iam_policy_document.scheduler[0m will be read during apply
  # (config refers to values not yet known)
[0m [36m<=[0m[0m data "aws_iam_policy_document" "scheduler" {
      [32m+[0m[0m id            = (known after apply)
      [32m+[0m[0m json          = (known after apply)
      [32m+[0m[0m minified_json = (known after apply)

      [32m+[0m[0m statement {
          [32m+[0m[0m actions   = [
              [32m+[0m[0m "sqs:SendMessage",
            ]
          [32m+[0m[0m resources = [
              [32m+[0m[0m (known after apply),
            ]
        }
      [32m+[0m[0m statement {
          [32m+[0m[0m actions   = [
              [32m+[0m[0m "kms:Decrypt",
              [32m+[0m[0m "kms:GenerateDataKey",
            ]
          [32m+[0m[0m resources = [
              [32m+[0m[0m "arn:aws:kms:us-west-1:240462142849:key/90e2806f-72c0-4b51-ae60-8cc9436bdfe0",
            ]
        }
    }

[1m  # module.messaging.aws_iam_role.scheduler[0m will be created
[0m  [32m+[0m[0m resource "aws_iam_role" "scheduler" {
      [32m+[0m[0m arn                   = (known after apply)
      [32m+[0m[0m assume_role_policy    = jsonencode(
            {
              [32m+[0m[0m Statement = [
                  [32m+[0m[0m {
                      [32m+[0m[0m Action    = "sts:AssumeRole"
                      [32m+[0m[0m Condition = {
                          [32m+[0m[0m StringEquals = {
                              [32m+[0m[0m "aws:SourceAccount" = "240462142849"
                            }
                        }
                      [32m+[0m[0m Effect    = "Allow"
                      [32m+[0m[0m Principal = {
                          [32m+[0m[0m Service = "scheduler.amazonaws.com"
                        }
                    },
                ]
              [32m+[0m[0m Version   = "2012-10-17"
            }
        )
      [32m+[0m[0m create_date           = (known after apply)
      [32m+[0m[0m force_detach_policies = false
      [32m+[0m[0m id                    = (known after apply)
      [32m+[0m[0m managed_policy_arns   = (known after apply)
      [32m+[0m[0m max_session_duration  = 3600
      [32m+[0m[0m name                  = "devops-g3-scheduler"
      [32m+[0m[0m name_prefix           = (known after apply)
      [32m+[0m[0m path                  = "/"
      [32m+[0m[0m tags_all              = {
          [32m+[0m[0m "capstone"    = "tillflow"
          [32m+[0m[0m "environment" = "dev"
          [32m+[0m[0m "group"       = "devops-g3"
          [32m+[0m[0m "managed-by"  = "terraform"
          [32m+[0m[0m "owner"       = "lwam"
          [32m+[0m[0m "service"     = "platform"
        }
      [32m+[0m[0m unique_id             = (known after apply)

      [32m+[0m[0m inline_policy (known after apply)
    }

[1m  # module.messaging.aws_iam_role_policy.scheduler[0m will be created
[0m  [32m+[0m[0m resource "aws_iam_role_policy" "scheduler" {
      [32m+[0m[0m id          = (known after apply)
      [32m+[0m[0m name        = "enqueue-daily-close"
      [32m+[0m[0m name_prefix = (known after apply)
      [32m+[0m[0m policy      = (known after apply)
      [32m+[0m[0m role        = (known after apply)
    }

[1m  # module.messaging.aws_scheduler_schedule.daily_close[0m will be created
[0m  [32m+[0m[0m resource "aws_scheduler_schedule" "daily_close" {
      [32m+[0m[0m action_after_completion      = (known after apply)
      [32m+[0m[0m arn                          = (known after apply)
      [32m+[0m[0m description                  = "Triggers the commission daily close. SLO: terminal by 06:30 EAT."
      [32m+[0m[0m group_name                   = "default"
      [32m+[0m[0m id                           = (known after apply)
      [32m+[0m[0m name                         = "devops-g3-daily-close"
      [32m+[0m[0m name_prefix                  = (known after apply)
      [32m+[0m[0m region                       = "us-west-1"
      [32m+[0m[0m schedule_expression          = "cron(0 5 * * ? *)"
      [32m+[0m[0m schedule_expression_timezone = "Africa/Nairobi"
      [32m+[0m[0m state                        = "ENABLED"

      [32m+[0m[0m flexible_time_window {
          [32m+[0m[0m mode = "OFF"
        }

      [32m+[0m[0m target {
          [32m+[0m[0m arn      = (known after apply)
          [32m+[0m[0m input    = jsonencode(
                {
                  [32m+[0m[0m event = "commission.daily_close.requested"
                }
            )
          [32m+[0m[0m role_arn = (known after apply)
        }
    }

[1m  # module.messaging.aws_sqs_queue.dlq["payout"][0m will be created
[0m  [32m+[0m[0m resource "aws_sqs_queue" "dlq" {
      [32m+[0m[0m arn                               = (known after apply)
      [32m+[0m[0m content_based_deduplication       = false
      [32m+[0m[0m deduplication_scope               = (known after apply)
      [32m+[0m[0m delay_seconds                     = 0
      [32m+[0m[0m fifo_queue                        = false
      [32m+[0m[0m fifo_throughput_limit             = (known after apply)
      [32m+[0m[0m id                                = (known after apply)
      [32m+[0m[0m kms_data_key_reuse_period_seconds = (known after apply)
      [32m+[0m[0m kms_master_key_id                 = "arn:aws:kms:us-west-1:240462142849:key/90e2806f-72c0-4b51-ae60-8cc9436bdfe0"
      [32m+[0m[0m max_message_size                  = 262144
      [32m+[0m[0m message_retention_seconds         = 1209600
      [32m+[0m[0m name                              = "devops-g3-payout-dlq"
      [32m+[0m[0m name_prefix                       = (known after apply)
      [32m+[0m[0m policy                            = (known after apply)
      [32m+[0m[0m receive_wait_time_seconds         = 0
      [32m+[0m[0m redrive_allow_policy              = (known after apply)
      [32m+[0m[0m redrive_policy                    = (known after apply)
      [32m+[0m[0m region                            = "us-west-1"
      [32m+[0m[0m sqs_managed_sse_enabled           = (known after apply)
      [32m+[0m[0m tags                              = {
          [32m+[0m[0m "Name" = "devops-g3-payout-dlq"
        }
      [32m+[0m[0m tags_all                          = {
          [32m+[0m[0m "Name"        = "devops-g3-payout-dlq"
          [32m+[0m[0m "capstone"    = "tillflow"
          [32m+[0m[0m "environment" = "dev"
          [32m+[0m[0m "group"       = "devops-g3"
          [32m+[0m[0m "managed-by"  = "terraform"
          [32m+[0m[0m "owner"       = "lwam"
          [32m+[0m[0m "service"     = "platform"
        }
      [32m+[0m[0m url                               = (known after apply)
      [32m+[0m[0m visibility_timeout_seconds        = 30
    }

[1m  # module.messaging.aws_sqs_queue.dlq["reconciliation"][0m will be created
[0m  [32m+[0m[0m resource "aws_sqs_queue" "dlq" {
      [32m+[0m[0m arn                               = (known after apply)
      [32m+[0m[0m content_based_deduplication       = false
      [32m+[0m[0m deduplication_scope               = (known after apply)
      [32m+[0m[0m delay_seconds                     = 0
      [32m+[0m[0m fifo_queue                        = false
      [32m+[0m[0m fifo_throughput_limit             = (known after apply)
      [32m+[0m[0m id                                = (known after apply)
      [32m+[0m[0m kms_data_key_reuse_period_seconds = (known after apply)
      [32m+[0m[0m kms_master_key_id                 = "arn:aws:kms:us-west-1:240462142849:key/90e2806f-72c0-4b51-ae60-8cc9436bdfe0"
      [32m+[0m[0m max_message_size                  = 262144
      [32m+[0m[0m message_retention_seconds         = 1209600
      [32m+[0m[0m name                              = "devops-g3-reconciliation-dlq"
      [32m+[0m[0m name_prefix                       = (known after apply)
      [32m+[0m[0m policy                            = (known after apply)
      [32m+[0m[0m receive_wait_time_seconds         = 0
      [32m+[0m[0m redrive_allow_policy              = (known after apply)
      [32m+[0m[0m redrive_policy                    = (known after apply)
      [32m+[0m[0m region                            = "us-west-1"
      [32m+[0m[0m sqs_managed_sse_enabled           = (known after apply)
      [32m+[0m[0m tags                              = {
          [32m+[0m[0m "Name" = "devops-g3-reconciliation-dlq"
        }
      [32m+[0m[0m tags_all                          = {
          [32m+[0m[0m "Name"        = "devops-g3-reconciliation-dlq"
          [32m+[0m[0m "capstone"    = "tillflow"
          [32m+[0m[0m "environment" = "dev"
          [32m+[0m[0m "group"       = "devops-g3"
          [32m+[0m[0m "managed-by"  = "terraform"
          [32m+[0m[0m "owner"       = "lwam"
          [32m+[0m[0m "service"     = "platform"
        }
      [32m+[0m[0m url                               = (known after apply)
      [32m+[0m[0m visibility_timeout_seconds        = 30
    }

[1m  # module.messaging.aws_sqs_queue.main["payout"][0m will be created
[0m  [32m+[0m[0m resource "aws_sqs_queue" "main" {
      [32m+[0m[0m arn                               = (known after apply)
      [32m+[0m[0m content_based_deduplication       = false
      [32m+[0m[0m deduplication_scope               = (known after apply)
      [32m+[0m[0m delay_seconds                     = 0
      [32m+[0m[0m fifo_queue                        = false
      [32m+[0m[0m fifo_throughput_limit             = (known after apply)
      [32m+[0m[0m id                                = (known after apply)
      [32m+[0m[0m kms_data_key_reuse_period_seconds = (known after apply)
      [32m+[0m[0m kms_master_key_id                 = "arn:aws:kms:us-west-1:240462142849:key/90e2806f-72c0-4b51-ae60-8cc9436bdfe0"
      [32m+[0m[0m max_message_size                  = 262144
      [32m+[0m[0m message_retention_seconds         = 345600
      [32m+[0m[0m name                              = "devops-g3-payout"
      [32m+[0m[0m name_prefix                       = (known after apply)
      [32m+[0m[0m policy                            = (known after apply)
      [32m+[0m[0m receive_wait_time_seconds         = 20
      [32m+[0m[0m redrive_allow_policy              = (known after apply)
      [32m+[0m[0m redrive_policy                    = (known after apply)
      [32m+[0m[0m region                            = "us-west-1"
      [32m+[0m[0m sqs_managed_sse_enabled           = (known after apply)
      [32m+[0m[0m tags                              = {
          [32m+[0m[0m "Name" = "devops-g3-payout"
        }
      [32m+[0m[0m tags_all                          = {
          [32m+[0m[0m "Name"        = "devops-g3-payout"
          [32m+[0m[0m "capstone"    = "tillflow"
          [32m+[0m[0m "environment" = "dev"
          [32m+[0m[0m "group"       = "devops-g3"
          [32m+[0m[0m "managed-by"  = "terraform"
          [32m+[0m[0m "owner"       = "lwam"
          [32m+[0m[0m "service"     = "platform"
        }
      [32m+[0m[0m url                               = (known after apply)
      [32m+[0m[0m visibility_timeout_seconds        = 300
    }

[1m  # module.messaging.aws_sqs_queue.main["reconciliation"][0m will be created
[0m  [32m+[0m[0m resource "aws_sqs_queue" "main" {
      [32m+[0m[0m arn                               = (known after apply)
      [32m+[0m[0m content_based_deduplication       = false
      [32m+[0m[0m deduplication_scope               = (known after apply)
      [32m+[0m[0m delay_seconds                     = 0
      [32m+[0m[0m fifo_queue                        = false
      [32m+[0m[0m fifo_throughput_limit             = (known after apply)
      [32m+[0m[0m id                                = (known after apply)
      [32m+[0m[0m kms_data_key_reuse_period_seconds = (known after apply)
      [32m+[0m[0m kms_master_key_id                 = "arn:aws:kms:us-west-1:240462142849:key/90e2806f-72c0-4b51-ae60-8cc9436bdfe0"
      [32m+[0m[0m max_message_size                  = 262144
      [32m+[0m[0m message_retention_seconds         = 345600
      [32m+[0m[0m name                              = "devops-g3-reconciliation"
      [32m+[0m[0m name_prefix                       = (known after apply)
      [32m+[0m[0m policy                            = (known after apply)
      [32m+[0m[0m receive_wait_time_seconds         = 20
      [32m+[0m[0m redrive_allow_policy              = (known after apply)
      [32m+[0m[0m redrive_policy                    = (known after apply)
      [32m+[0m[0m region                            = "us-west-1"
      [32m+[0m[0m sqs_managed_sse_enabled           = (known after apply)
      [32m+[0m[0m tags                              = {
          [32m+[0m[0m "Name" = "devops-g3-reconciliation"
        }
      [32m+[0m[0m tags_all                          = {
          [32m+[0m[0m "Name"        = "devops-g3-reconciliation"
          [32m+[0m[0m "capstone"    = "tillflow"
          [32m+[0m[0m "environment" = "dev"
          [32m+[0m[0m "group"       = "devops-g3"
          [32m+[0m[0m "managed-by"  = "terraform"
          [32m+[0m[0m "owner"       = "lwam"
          [32m+[0m[0m "service"     = "platform"
        }
      [32m+[0m[0m url                               = (known after apply)
      [32m+[0m[0m visibility_timeout_seconds        = 300
    }

[1m  # module.messaging.aws_sqs_queue_redrive_allow_policy.dlq["payout"][0m will be created
[0m  [32m+[0m[0m resource "aws_sqs_queue_redrive_allow_policy" "dlq" {
      [32m+[0m[0m id                   = (known after apply)
      [32m+[0m[0m queue_url            = (known after apply)
      [32m+[0m[0m redrive_allow_policy = (known after apply)
      [32m+[0m[0m region               = "us-west-1"
    }

[1m  # module.messaging.aws_sqs_queue_redrive_allow_policy.dlq["reconciliation"][0m will be created
[0m  [32m+[0m[0m resource "aws_sqs_queue_redrive_allow_policy" "dlq" {
      [32m+[0m[0m id                   = (known after apply)
      [32m+[0m[0m queue_url            = (known after apply)
      [32m+[0m[0m redrive_allow_policy = (known after apply)
      [32m+[0m[0m region               = "us-west-1"
    }

[1m  # module.network.data.aws_iam_policy_document.flow_logs[0m will be read during apply
  # (config refers to values not yet known)
[0m [36m<=[0m[0m data "aws_iam_policy_document" "flow_logs" {
      [32m+[0m[0m id            = (known after apply)
      [32m+[0m[0m json          = (known after apply)
      [32m+[0m[0m minified_json = (known after apply)

      [32m+[0m[0m statement {
          [32m+[0m[0m actions   = [
              [32m+[0m[0m "logs:CreateLogStream",
              [32m+[0m[0m "logs:DescribeLogGroups",
              [32m+[0m[0m "logs:DescribeLogStreams",
              [32m+[0m[0m "logs:PutLogEvents",
            ]
          [32m+[0m[0m resources = [
              [32m+[0m[0m (known after apply),
            ]
        }
    }

[1m  # module.network.aws_cloudwatch_log_group.flow_logs[0m will be created
[0m  [32m+[0m[0m resource "aws_cloudwatch_log_group" "flow_logs" {
      [32m+[0m[0m arn                         = (known after apply)
      [32m+[0m[0m deletion_protection_enabled = (known after apply)
      [32m+[0m[0m id                          = (known after apply)
      [32m+[0m[0m kms_key_id                  = "arn:aws:kms:us-west-1:240462142849:key/90e2806f-72c0-4b51-ae60-8cc9436bdfe0"
      [32m+[0m[0m log_group_class             = (known after apply)
      [32m+[0m[0m name                        = "/devops-g3/vpc-flow-logs"
      [32m+[0m[0m name_prefix                 = (known after apply)
      [32m+[0m[0m region                      = "us-west-1"
      [32m+[0m[0m retention_in_days           = 30
      [32m+[0m[0m skip_destroy                = false
      [32m+[0m[0m tags                        = {
          [32m+[0m[0m "Name" = "devops-g3-vpc-flow-logs"
        }
      [32m+[0m[0m tags_all                    = {
          [32m+[0m[0m "Name"        = "devops-g3-vpc-flow-logs"
          [32m+[0m[0m "capstone"    = "tillflow"
          [32m+[0m[0m "environment" = "dev"
          [32m+[0m[0m "group"       = "devops-g3"
          [32m+[0m[0m "managed-by"  = "terraform"
          [32m+[0m[0m "owner"       = "lwam"
          [32m+[0m[0m "service"     = "platform"
        }
    }

[1m  # module.network.aws_eip.nat[0][0m will be created
[0m  [32m+[0m[0m resource "aws_eip" "nat" {
      [32m+[0m[0m allocation_id        = (known after apply)
      [32m+[0m[0m arn                  = (known after apply)
      [32m+[0m[0m association_id       = (known after apply)
      [32m+[0m[0m carrier_ip           = (known after apply)
      [32m+[0m[0m customer_owned_ip    = (known after apply)
      [32m+[0m[0m domain               = "vpc"
      [32m+[0m[0m id                   = (known after apply)
      [32m+[0m[0m instance             = (known after apply)
      [32m+[0m[0m ipam_pool_id         = (known after apply)
      [32m+[0m[0m network_border_group = (known after apply)
      [32m+[0m[0m network_interface    = (known after apply)
      [32m+[0m[0m private_dns          = (known after apply)
      [32m+[0m[0m private_ip           = (known after apply)
      [32m+[0m[0m ptr_record           = (known after apply)
      [32m+[0m[0m public_dns           = (known after apply)
      [32m+[0m[0m public_ip            = (known after apply)
      [32m+[0m[0m public_ipv4_pool     = (known after apply)
      [32m+[0m[0m region               = "us-west-1"
      [32m+[0m[0m tags                 = {
          [32m+[0m[0m "Name" = "devops-g3-nat-eip-0"
        }
      [32m+[0m[0m tags_all             = {
          [32m+[0m[0m "Name"        = "devops-g3-nat-eip-0"
          [32m+[0m[0m "capstone"    = "tillflow"
          [32m+[0m[0m "environment" = "dev"
          [32m+[0m[0m "group"       = "devops-g3"
          [32m+[0m[0m "managed-by"  = "terraform"
          [32m+[0m[0m "owner"       = "lwam"
          [32m+[0m[0m "service"     = "platform"
        }
    }

[1m  # module.network.aws_flow_log.this[0m will be created
[0m  [32m+[0m[0m resource "aws_flow_log" "this" {
      [32m+[0m[0m arn                      = (known after apply)
      [32m+[0m[0m iam_role_arn             = (known after apply)
      [32m+[0m[0m id                       = (known after apply)
      [32m+[0m[0m log_destination          = (known after apply)
      [32m+[0m[0m log_destination_type     = "cloud-watch-logs"
      [32m+[0m[0m log_format               = (known after apply)
      [32m+[0m[0m max_aggregation_interval = 60
      [32m+[0m[0m region                   = "us-west-1"
      [32m+[0m[0m tags                     = {
          [32m+[0m[0m "Name" = "devops-g3-flow-logs"
        }
      [32m+[0m[0m tags_all                 = {
          [32m+[0m[0m "Name"        = "devops-g3-flow-logs"
          [32m+[0m[0m "capstone"    = "tillflow"
          [32m+[0m[0m "environment" = "dev"
          [32m+[0m[0m "group"       = "devops-g3"
          [32m+[0m[0m "managed-by"  = "terraform"
          [32m+[0m[0m "owner"       = "lwam"
          [32m+[0m[0m "service"     = "platform"
        }
      [32m+[0m[0m traffic_type             = "ALL"
      [32m+[0m[0m vpc_id                   = (known after apply)
    }

[1m  # module.network.aws_iam_role.flow_logs[0m will be created
[0m  [32m+[0m[0m resource "aws_iam_role" "flow_logs" {
      [32m+[0m[0m arn                   = (known after apply)
      [32m+[0m[0m assume_role_policy    = jsonencode(
            {
              [32m+[0m[0m Statement = [
                  [32m+[0m[0m {
                      [32m+[0m[0m Action    = "sts:AssumeRole"
                      [32m+[0m[0m Effect    = "Allow"
                      [32m+[0m[0m Principal = {
                          [32m+[0m[0m Service = "vpc-flow-logs.amazonaws.com"
                        }
                    },
                ]
              [32m+[0m[0m Version   = "2012-10-17"
            }
        )
      [32m+[0m[0m create_date           = (known after apply)
      [32m+[0m[0m force_detach_policies = false
      [32m+[0m[0m id                    = (known after apply)
      [32m+[0m[0m managed_policy_arns   = (known after apply)
      [32m+[0m[0m max_session_duration  = 3600
      [32m+[0m[0m name                  = "devops-g3-vpc-flow-logs"
      [32m+[0m[0m name_prefix           = (known after apply)
      [32m+[0m[0m path                  = "/"
      [32m+[0m[0m tags_all              = {
          [32m+[0m[0m "capstone"    = "tillflow"
          [32m+[0m[0m "environment" = "dev"
          [32m+[0m[0m "group"       = "devops-g3"
          [32m+[0m[0m "managed-by"  = "terraform"
          [32m+[0m[0m "owner"       = "lwam"
          [32m+[0m[0m "service"     = "platform"
        }
      [32m+[0m[0m unique_id             = (known after apply)

      [32m+[0m[0m inline_policy (known after apply)
    }

[1m  # module.network.aws_iam_role_policy.flow_logs[0m will be created
[0m  [32m+[0m[0m resource "aws_iam_role_policy" "flow_logs" {
      [32m+[0m[0m id          = (known after apply)
      [32m+[0m[0m name        = "publish"
      [32m+[0m[0m name_prefix = (known after apply)
      [32m+[0m[0m policy      = (known after apply)
      [32m+[0m[0m role        = (known after apply)
    }

[1m  # module.network.aws_internet_gateway.this[0m will be created
[0m  [32m+[0m[0m resource "aws_internet_gateway" "this" {
      [32m+[0m[0m arn      = (known after apply)
      [32m+[0m[0m id       = (known after apply)
      [32m+[0m[0m owner_id = (known after apply)
      [32m+[0m[0m region   = "us-west-1"
      [32m+[0m[0m tags     = {
          [32m+[0m[0m "Name" = "devops-g3-igw"
        }
      [32m+[0m[0m tags_all = {
          [32m+[0m[0m "Name"        = "devops-g3-igw"
          [32m+[0m[0m "capstone"    = "tillflow"
          [32m+[0m[0m "environment" = "dev"
          [32m+[0m[0m "group"       = "devops-g3"
          [32m+[0m[0m "managed-by"  = "terraform"
          [32m+[0m[0m "owner"       = "lwam"
          [32m+[0m[0m "service"     = "platform"
        }
      [32m+[0m[0m vpc_id   = (known after apply)
    }

[1m  # module.network.aws_nat_gateway.this[0][0m will be created
[0m  [32m+[0m[0m resource "aws_nat_gateway" "this" {
      [32m+[0m[0m allocation_id                      = (known after apply)
      [32m+[0m[0m association_id                     = (known after apply)
      [32m+[0m[0m auto_provision_zones               = (known after apply)
      [32m+[0m[0m auto_scaling_ips                   = (known after apply)
      [32m+[0m[0m availability_mode                  = (known after apply)
      [32m+[0m[0m connectivity_type                  = "public"
      [32m+[0m[0m id                                 = (known after apply)
      [32m+[0m[0m network_interface_id               = (known after apply)
      [32m+[0m[0m private_ip                         = (known after apply)
      [32m+[0m[0m public_ip                          = (known after apply)
      [32m+[0m[0m region                             = "us-west-1"
      [32m+[0m[0m regional_nat_gateway_address       = (known after apply)
      [32m+[0m[0m regional_nat_gateway_auto_mode     = (known after apply)
      [32m+[0m[0m route_table_id                     = (known after apply)
      [32m+[0m[0m secondary_allocation_ids           = (known after apply)
      [32m+[0m[0m secondary_private_ip_address_count = (known after apply)
      [32m+[0m[0m secondary_private_ip_addresses     = (known after apply)
      [32m+[0m[0m subnet_id                          = (known after apply)
      [32m+[0m[0m tags                               = {
          [32m+[0m[0m "Name" = "devops-g3-nat-0"
        }
      [32m+[0m[0m tags_all                           = {
          [32m+[0m[0m "Name"        = "devops-g3-nat-0"
          [32m+[0m[0m "capstone"    = "tillflow"
          [32m+[0m[0m "environment" = "dev"
          [32m+[0m[0m "group"       = "devops-g3"
          [32m+[0m[0m "managed-by"  = "terraform"
          [32m+[0m[0m "owner"       = "lwam"
          [32m+[0m[0m "service"     = "platform"
        }
      [32m+[0m[0m vpc_id                             = (known after apply)
    }

[1m  # module.network.aws_route.private_app_nat["us-west-1a"][0m will be created
[0m  [32m+[0m[0m resource "aws_route" "private_app_nat" {
      [32m+[0m[0m destination_cidr_block = "0.0.0.0/0"
      [32m+[0m[0m id                     = (known after apply)
      [32m+[0m[0m instance_id            = (known after apply)
      [32m+[0m[0m instance_owner_id      = (known after apply)
      [32m+[0m[0m nat_gateway_id         = (known after apply)
      [32m+[0m[0m network_interface_id   = (known after apply)
      [32m+[0m[0m origin                 = (known after apply)
      [32m+[0m[0m region                 = "us-west-1"
      [32m+[0m[0m route_table_id         = (known after apply)
      [32m+[0m[0m state                  = (known after apply)
    }

[1m  # module.network.aws_route.private_app_nat["us-west-1c"][0m will be created
[0m  [32m+[0m[0m resource "aws_route" "private_app_nat" {
      [32m+[0m[0m destination_cidr_block = "0.0.0.0/0"
      [32m+[0m[0m id                     = (known after apply)
      [32m+[0m[0m instance_id            = (known after apply)
      [32m+[0m[0m instance_owner_id      = (known after apply)
      [32m+[0m[0m nat_gateway_id         = (known after apply)
      [32m+[0m[0m network_interface_id   = (known after apply)
      [32m+[0m[0m origin                 = (known after apply)
      [32m+[0m[0m region                 = "us-west-1"
      [32m+[0m[0m route_table_id         = (known after apply)
      [32m+[0m[0m state                  = (known after apply)
    }

[1m  # module.network.aws_route.public_internet[0m will be created
[0m  [32m+[0m[0m resource "aws_route" "public_internet" {
      [32m+[0m[0m destination_cidr_block = "0.0.0.0/0"
      [32m+[0m[0m gateway_id             = (known after apply)
      [32m+[0m[0m id                     = (known after apply)
      [32m+[0m[0m instance_id            = (known after apply)
      [32m+[0m[0m instance_owner_id      = (known after apply)
      [32m+[0m[0m network_interface_id   = (known after apply)
      [32m+[0m[0m origin                 = (known after apply)
      [32m+[0m[0m region                 = "us-west-1"
      [32m+[0m[0m route_table_id         = (known after apply)
      [32m+[0m[0m state                  = (known after apply)
    }

[1m  # module.network.aws_route_table.private_app["us-west-1a"][0m will be created
[0m  [32m+[0m[0m resource "aws_route_table" "private_app" {
      [32m+[0m[0m arn              = (known after apply)
      [32m+[0m[0m id               = (known after apply)
      [32m+[0m[0m owner_id         = (known after apply)
      [32m+[0m[0m propagating_vgws = (known after apply)
      [32m+[0m[0m region           = "us-west-1"
      [32m+[0m[0m route            = (known after apply)
      [32m+[0m[0m tags             = {
          [32m+[0m[0m "Name" = "devops-g3-rt-private-app-us-west-1a"
        }
      [32m+[0m[0m tags_all         = {
          [32m+[0m[0m "Name"        = "devops-g3-rt-private-app-us-west-1a"
          [32m+[0m[0m "capstone"    = "tillflow"
          [32m+[0m[0m "environment" = "dev"
          [32m+[0m[0m "group"       = "devops-g3"
          [32m+[0m[0m "managed-by"  = "terraform"
          [32m+[0m[0m "owner"       = "lwam"
          [32m+[0m[0m "service"     = "platform"
        }
      [32m+[0m[0m vpc_id           = (known after apply)
    }

[1m  # module.network.aws_route_table.private_app["us-west-1c"][0m will be created
[0m  [32m+[0m[0m resource "aws_route_table" "private_app" {
      [32m+[0m[0m arn              = (known after apply)
      [32m+[0m[0m id               = (known after apply)
      [32m+[0m[0m owner_id         = (known after apply)
      [32m+[0m[0m propagating_vgws = (known after apply)
      [32m+[0m[0m region           = "us-west-1"
      [32m+[0m[0m route            = (known after apply)
      [32m+[0m[0m tags             = {
          [32m+[0m[0m "Name" = "devops-g3-rt-private-app-us-west-1c"
        }
      [32m+[0m[0m tags_all         = {
          [32m+[0m[0m "Name"        = "devops-g3-rt-private-app-us-west-1c"
          [32m+[0m[0m "capstone"    = "tillflow"
          [32m+[0m[0m "environment" = "dev"
          [32m+[0m[0m "group"       = "devops-g3"
          [32m+[0m[0m "managed-by"  = "terraform"
          [32m+[0m[0m "owner"       = "lwam"
          [32m+[0m[0m "service"     = "platform"
        }
      [32m+[0m[0m vpc_id           = (known after apply)
    }

[1m  # module.network.aws_route_table.private_data[0m will be created
[0m  [32m+[0m[0m resource "aws_route_table" "private_data" {
      [32m+[0m[0m arn              = (known after apply)
      [32m+[0m[0m id               = (known after apply)
      [32m+[0m[0m owner_id         = (known after apply)
      [32m+[0m[0m propagating_vgws = (known after apply)
      [32m+[0m[0m region           = "us-west-1"
      [32m+[0m[0m route            = (known after apply)
      [32m+[0m[0m tags             = {
          [32m+[0m[0m "Name" = "devops-g3-rt-private-data"
        }
      [32m+[0m[0m tags_all         = {
          [32m+[0m[0m "Name"        = "devops-g3-rt-private-data"
          [32m+[0m[0m "capstone"    = "tillflow"
          [32m+[0m[0m "environment" = "dev"
          [32m+[0m[0m "group"       = "devops-g3"
          [32m+[0m[0m "managed-by"  = "terraform"
          [32m+[0m[0m "owner"       = "lwam"
          [32m+[0m[0m "service"     = "platform"
        }
      [32m+[0m[0m vpc_id           = (known after apply)
    }

[1m  # module.network.aws_route_table.public[0m will be created
[0m  [32m+[0m[0m resource "aws_route_table" "public" {
      [32m+[0m[0m arn              = (known after apply)
      [32m+[0m[0m id               = (known after apply)
      [32m+[0m[0m owner_id         = (known after apply)
      [32m+[0m[0m propagating_vgws = (known after apply)
      [32m+[0m[0m region           = "us-west-1"
      [32m+[0m[0m route            = (known after apply)
      [32m+[0m[0m tags             = {
          [32m+[0m[0m "Name" = "devops-g3-rt-public"
        }
      [32m+[0m[0m tags_all         = {
          [32m+[0m[0m "Name"        = "devops-g3-rt-public"
          [32m+[0m[0m "capstone"    = "tillflow"
          [32m+[0m[0m "environment" = "dev"
          [32m+[0m[0m "group"       = "devops-g3"
          [32m+[0m[0m "managed-by"  = "terraform"
          [32m+[0m[0m "owner"       = "lwam"
          [32m+[0m[0m "service"     = "platform"
        }
      [32m+[0m[0m vpc_id           = (known after apply)
    }

[1m  # module.network.aws_route_table_association.private_app["us-west-1a"][0m will be created
[0m  [32m+[0m[0m resource "aws_route_table_association" "private_app" {
      [32m+[0m[0m id             = (known after apply)
      [32m+[0m[0m region         = "us-west-1"
      [32m+[0m[0m route_table_id = (known after apply)
      [32m+[0m[0m subnet_id      = (known after apply)
    }

[1m  # module.network.aws_route_table_association.private_app["us-west-1c"][0m will be created
[0m  [32m+[0m[0m resource "aws_route_table_association" "private_app" {
      [32m+[0m[0m id             = (known after apply)
      [32m+[0m[0m region         = "us-west-1"
      [32m+[0m[0m route_table_id = (known after apply)
      [32m+[0m[0m subnet_id      = (known after apply)
    }

[1m  # module.network.aws_route_table_association.private_data["us-west-1a"][0m will be created
[0m  [32m+[0m[0m resource "aws_route_table_association" "private_data" {
      [32m+[0m[0m id             = (known after apply)
      [32m+[0m[0m region         = "us-west-1"
      [32m+[0m[0m route_table_id = (known after apply)
      [32m+[0m[0m subnet_id      = (known after apply)
    }

[1m  # module.network.aws_route_table_association.private_data["us-west-1c"][0m will be created
[0m  [32m+[0m[0m resource "aws_route_table_association" "private_data" {
      [32m+[0m[0m id             = (known after apply)
      [32m+[0m[0m region         = "us-west-1"
      [32m+[0m[0m route_table_id = (known after apply)
      [32m+[0m[0m subnet_id      = (known after apply)
    }

[1m  # module.network.aws_route_table_association.public["us-west-1a"][0m will be created
[0m  [32m+[0m[0m resource "aws_route_table_association" "public" {
      [32m+[0m[0m id             = (known after apply)
      [32m+[0m[0m region         = "us-west-1"
      [32m+[0m[0m route_table_id = (known after apply)
      [32m+[0m[0m subnet_id      = (known after apply)
    }

[1m  # module.network.aws_route_table_association.public["us-west-1c"][0m will be created
[0m  [32m+[0m[0m resource "aws_route_table_association" "public" {
      [32m+[0m[0m id             = (known after apply)
      [32m+[0m[0m region         = "us-west-1"
      [32m+[0m[0m route_table_id = (known after apply)
      [32m+[0m[0m subnet_id      = (known after apply)
    }

[1m  # module.network.aws_security_group.vpc_endpoints[0m will be created
[0m  [32m+[0m[0m resource "aws_security_group" "vpc_endpoints" {
      [32m+[0m[0m arn                    = (known after apply)
      [32m+[0m[0m description            = "Interface VPC endpoints - HTTPS from inside the VPC only"
      [32m+[0m[0m egress                 = (known after apply)
      [32m+[0m[0m id                     = (known after apply)
      [32m+[0m[0m ingress                = (known after apply)
      [32m+[0m[0m name                   = "devops-g3-vpce"
      [32m+[0m[0m name_prefix            = (known after apply)
      [32m+[0m[0m owner_id               = (known after apply)
      [32m+[0m[0m region                 = "us-west-1"
      [32m+[0m[0m revoke_rules_on_delete = false
      [32m+[0m[0m tags                   = {
          [32m+[0m[0m "Name" = "devops-g3-vpce"
        }
      [32m+[0m[0m tags_all               = {
          [32m+[0m[0m "Name"        = "devops-g3-vpce"
          [32m+[0m[0m "capstone"    = "tillflow"
          [32m+[0m[0m "environment" = "dev"
          [32m+[0m[0m "group"       = "devops-g3"
          [32m+[0m[0m "managed-by"  = "terraform"
          [32m+[0m[0m "owner"       = "lwam"
          [32m+[0m[0m "service"     = "platform"
        }
      [32m+[0m[0m vpc_id                 = (known after apply)
    }

[1m  # module.network.aws_subnet.private_app["us-west-1a"][0m will be created
[0m  [32m+[0m[0m resource "aws_subnet" "private_app" {
      [32m+[0m[0m arn                                            = (known after apply)
      [32m+[0m[0m assign_ipv6_address_on_creation                = false
      [32m+[0m[0m availability_zone                              = "us-west-1a"
      [32m+[0m[0m availability_zone_id                           = (known after apply)
      [32m+[0m[0m cidr_block                                     = "10.20.64.0/20"
      [32m+[0m[0m enable_dns64                                   = false
      [32m+[0m[0m enable_resource_name_dns_a_record_on_launch    = false
      [32m+[0m[0m enable_resource_name_dns_aaaa_record_on_launch = false
      [32m+[0m[0m id                                             = (known after apply)
      [32m+[0m[0m ipv6_cidr_block                                = (known after apply)
      [32m+[0m[0m ipv6_cidr_block_association_id                 = (known after apply)
      [32m+[0m[0m ipv6_native                                    = false
      [32m+[0m[0m map_public_ip_on_launch                        = false
      [32m+[0m[0m owner_id                                       = (known after apply)
      [32m+[0m[0m private_dns_hostname_type_on_launch            = (known after apply)
      [32m+[0m[0m region                                         = "us-west-1"
      [32m+[0m[0m tags                                           = {
          [32m+[0m[0m "Name" = "devops-g3-private-app-us-west-1a"
          [32m+[0m[0m "tier" = "private-app"
        }
      [32m+[0m[0m tags_all                                       = {
          [32m+[0m[0m "Name"        = "devops-g3-private-app-us-west-1a"
          [32m+[0m[0m "capstone"    = "tillflow"
          [32m+[0m[0m "environment" = "dev"
          [32m+[0m[0m "group"       = "devops-g3"
          [32m+[0m[0m "managed-by"  = "terraform"
          [32m+[0m[0m "owner"       = "lwam"
          [32m+[0m[0m "service"     = "platform"
          [32m+[0m[0m "tier"        = "private-app"
        }
      [32m+[0m[0m vpc_id                                         = (known after apply)
    }

[1m  # module.network.aws_subnet.private_app["us-west-1c"][0m will be created
[0m  [32m+[0m[0m resource "aws_subnet" "private_app" {
      [32m+[0m[0m arn                                            = (known after apply)
      [32m+[0m[0m assign_ipv6_address_on_creation                = false
      [32m+[0m[0m availability_zone                              = "us-west-1c"
      [32m+[0m[0m availability_zone_id                           = (known after apply)
      [32m+[0m[0m cidr_block                                     = "10.20.80.0/20"
      [32m+[0m[0m enable_dns64                                   = false
      [32m+[0m[0m enable_resource_name_dns_a_record_on_launch    = false
      [32m+[0m[0m enable_resource_name_dns_aaaa_record_on_launch = false
      [32m+[0m[0m id                                             = (known after apply)
      [32m+[0m[0m ipv6_cidr_block                                = (known after apply)
      [32m+[0m[0m ipv6_cidr_block_association_id                 = (known after apply)
      [32m+[0m[0m ipv6_native                                    = false
      [32m+[0m[0m map_public_ip_on_launch                        = false
      [32m+[0m[0m owner_id                                       = (known after apply)
      [32m+[0m[0m private_dns_hostname_type_on_launch            = (known after apply)
      [32m+[0m[0m region                                         = "us-west-1"
      [32m+[0m[0m tags                                           = {
          [32m+[0m[0m "Name" = "devops-g3-private-app-us-west-1c"
          [32m+[0m[0m "tier" = "private-app"
        }
      [32m+[0m[0m tags_all                                       = {
          [32m+[0m[0m "Name"        = "devops-g3-private-app-us-west-1c"
          [32m+[0m[0m "capstone"    = "tillflow"
          [32m+[0m[0m "environment" = "dev"
          [32m+[0m[0m "group"       = "devops-g3"
          [32m+[0m[0m "managed-by"  = "terraform"
          [32m+[0m[0m "owner"       = "lwam"
          [32m+[0m[0m "service"     = "platform"
          [32m+[0m[0m "tier"        = "private-app"
        }
      [32m+[0m[0m vpc_id                                         = (known after apply)
    }

[1m  # module.network.aws_subnet.private_data["us-west-1a"][0m will be created
[0m  [32m+[0m[0m resource "aws_subnet" "private_data" {
      [32m+[0m[0m arn                                            = (known after apply)
      [32m+[0m[0m assign_ipv6_address_on_creation                = false
      [32m+[0m[0m availability_zone                              = "us-west-1a"
      [32m+[0m[0m availability_zone_id                           = (known after apply)
      [32m+[0m[0m cidr_block                                     = "10.20.128.0/20"
      [32m+[0m[0m enable_dns64                                   = false
      [32m+[0m[0m enable_resource_name_dns_a_record_on_launch    = false
      [32m+[0m[0m enable_resource_name_dns_aaaa_record_on_launch = false
      [32m+[0m[0m id                                             = (known after apply)
      [32m+[0m[0m ipv6_cidr_block                                = (known after apply)
      [32m+[0m[0m ipv6_cidr_block_association_id                 = (known after apply)
      [32m+[0m[0m ipv6_native                                    = false
      [32m+[0m[0m map_public_ip_on_launch                        = false
      [32m+[0m[0m owner_id                                       = (known after apply)
      [32m+[0m[0m private_dns_hostname_type_on_launch            = (known after apply)
      [32m+[0m[0m region                                         = "us-west-1"
      [32m+[0m[0m tags                                           = {
          [32m+[0m[0m "Name" = "devops-g3-private-data-us-west-1a"
          [32m+[0m[0m "tier" = "private-data"
        }
      [32m+[0m[0m tags_all                                       = {
          [32m+[0m[0m "Name"        = "devops-g3-private-data-us-west-1a"
          [32m+[0m[0m "capstone"    = "tillflow"
          [32m+[0m[0m "environment" = "dev"
          [32m+[0m[0m "group"       = "devops-g3"
          [32m+[0m[0m "managed-by"  = "terraform"
          [32m+[0m[0m "owner"       = "lwam"
          [32m+[0m[0m "service"     = "platform"
          [32m+[0m[0m "tier"        = "private-data"
        }
      [32m+[0m[0m vpc_id                                         = (known after apply)
    }

[1m  # module.network.aws_subnet.private_data["us-west-1c"][0m will be created
[0m  [32m+[0m[0m resource "aws_subnet" "private_data" {
      [32m+[0m[0m arn                                            = (known after apply)
      [32m+[0m[0m assign_ipv6_address_on_creation                = false
      [32m+[0m[0m availability_zone                              = "us-west-1c"
      [32m+[0m[0m availability_zone_id                           = (known after apply)
      [32m+[0m[0m cidr_block                                     = "10.20.144.0/20"
      [32m+[0m[0m enable_dns64                                   = false
      [32m+[0m[0m enable_resource_name_dns_a_record_on_launch    = false
      [32m+[0m[0m enable_resource_name_dns_aaaa_record_on_launch = false
      [32m+[0m[0m id                                             = (known after apply)
      [32m+[0m[0m ipv6_cidr_block                                = (known after apply)
      [32m+[0m[0m ipv6_cidr_block_association_id                 = (known after apply)
      [32m+[0m[0m ipv6_native                                    = false
      [32m+[0m[0m map_public_ip_on_launch                        = false
      [32m+[0m[0m owner_id                                       = (known after apply)
      [32m+[0m[0m private_dns_hostname_type_on_launch            = (known after apply)
      [32m+[0m[0m region                                         = "us-west-1"
      [32m+[0m[0m tags                                           = {
          [32m+[0m[0m "Name" = "devops-g3-private-data-us-west-1c"
          [32m+[0m[0m "tier" = "private-data"
        }
      [32m+[0m[0m tags_all                                       = {
          [32m+[0m[0m "Name"        = "devops-g3-private-data-us-west-1c"
          [32m+[0m[0m "capstone"    = "tillflow"
          [32m+[0m[0m "environment" = "dev"
          [32m+[0m[0m "group"       = "devops-g3"
          [32m+[0m[0m "managed-by"  = "terraform"
          [32m+[0m[0m "owner"       = "lwam"
          [32m+[0m[0m "service"     = "platform"
          [32m+[0m[0m "tier"        = "private-data"
        }
      [32m+[0m[0m vpc_id                                         = (known after apply)
    }

[1m  # module.network.aws_subnet.public["us-west-1a"][0m will be created
[0m  [32m+[0m[0m resource "aws_subnet" "public" {
      [32m+[0m[0m arn                                            = (known after apply)
      [32m+[0m[0m assign_ipv6_address_on_creation                = false
      [32m+[0m[0m availability_zone                              = "us-west-1a"
      [32m+[0m[0m availability_zone_id                           = (known after apply)
      [32m+[0m[0m cidr_block                                     = "10.20.0.0/20"
      [32m+[0m[0m enable_dns64                                   = false
      [32m+[0m[0m enable_resource_name_dns_a_record_on_launch    = false
      [32m+[0m[0m enable_resource_name_dns_aaaa_record_on_launch = false
      [32m+[0m[0m id                                             = (known after apply)
      [32m+[0m[0m ipv6_cidr_block                                = (known after apply)
      [32m+[0m[0m ipv6_cidr_block_association_id                 = (known after apply)
      [32m+[0m[0m ipv6_native                                    = false
      [32m+[0m[0m map_public_ip_on_launch                        = false
      [32m+[0m[0m owner_id                                       = (known after apply)
      [32m+[0m[0m private_dns_hostname_type_on_launch            = (known after apply)
      [32m+[0m[0m region                                         = "us-west-1"
      [32m+[0m[0m tags                                           = {
          [32m+[0m[0m "Name" = "devops-g3-public-us-west-1a"
          [32m+[0m[0m "tier" = "public"
        }
      [32m+[0m[0m tags_all                                       = {
          [32m+[0m[0m "Name"        = "devops-g3-public-us-west-1a"
          [32m+[0m[0m "capstone"    = "tillflow"
          [32m+[0m[0m "environment" = "dev"
          [32m+[0m[0m "group"       = "devops-g3"
          [32m+[0m[0m "managed-by"  = "terraform"
          [32m+[0m[0m "owner"       = "lwam"
          [32m+[0m[0m "service"     = "platform"
          [32m+[0m[0m "tier"        = "public"
        }
      [32m+[0m[0m vpc_id                                         = (known after apply)
    }

[1m  # module.network.aws_subnet.public["us-west-1c"][0m will be created
[0m  [32m+[0m[0m resource "aws_subnet" "public" {
      [32m+[0m[0m arn                                            = (known after apply)
      [32m+[0m[0m assign_ipv6_address_on_creation                = false
      [32m+[0m[0m availability_zone                              = "us-west-1c"
      [32m+[0m[0m availability_zone_id                           = (known after apply)
      [32m+[0m[0m cidr_block                                     = "10.20.16.0/20"
      [32m+[0m[0m enable_dns64                                   = false
      [32m+[0m[0m enable_resource_name_dns_a_record_on_launch    = false
      [32m+[0m[0m enable_resource_name_dns_aaaa_record_on_launch = false
      [32m+[0m[0m id                                             = (known after apply)
      [32m+[0m[0m ipv6_cidr_block                                = (known after apply)
      [32m+[0m[0m ipv6_cidr_block_association_id                 = (known after apply)
      [32m+[0m[0m ipv6_native                                    = false
      [32m+[0m[0m map_public_ip_on_launch                        = false
      [32m+[0m[0m owner_id                                       = (known after apply)
      [32m+[0m[0m private_dns_hostname_type_on_launch            = (known after apply)
      [32m+[0m[0m region                                         = "us-west-1"
      [32m+[0m[0m tags                                           = {
          [32m+[0m[0m "Name" = "devops-g3-public-us-west-1c"
          [32m+[0m[0m "tier" = "public"
        }
      [32m+[0m[0m tags_all                                       = {
          [32m+[0m[0m "Name"        = "devops-g3-public-us-west-1c"
          [32m+[0m[0m "capstone"    = "tillflow"
          [32m+[0m[0m "environment" = "dev"
          [32m+[0m[0m "group"       = "devops-g3"
          [32m+[0m[0m "managed-by"  = "terraform"
          [32m+[0m[0m "owner"       = "lwam"
          [32m+[0m[0m "service"     = "platform"
          [32m+[0m[0m "tier"        = "public"
        }
      [32m+[0m[0m vpc_id                                         = (known after apply)
    }

[1m  # module.network.aws_vpc.this[0m will be created
[0m  [32m+[0m[0m resource "aws_vpc" "this" {
      [32m+[0m[0m arn                                  = (known after apply)
      [32m+[0m[0m cidr_block                           = "10.20.0.0/16"
      [32m+[0m[0m default_network_acl_id               = (known after apply)
      [32m+[0m[0m default_route_table_id               = (known after apply)
      [32m+[0m[0m default_security_group_id            = (known after apply)
      [32m+[0m[0m dhcp_options_id                      = (known after apply)
      [32m+[0m[0m enable_dns_hostnames                 = true
      [32m+[0m[0m enable_dns_support                   = true
      [32m+[0m[0m enable_network_address_usage_metrics = (known after apply)
      [32m+[0m[0m id                                   = (known after apply)
      [32m+[0m[0m instance_tenancy                     = "default"
      [32m+[0m[0m ipv6_association_id                  = (known after apply)
      [32m+[0m[0m ipv6_cidr_block                      = (known after apply)
      [32m+[0m[0m ipv6_cidr_block_network_border_group = (known after apply)
      [32m+[0m[0m main_route_table_id                  = (known after apply)
      [32m+[0m[0m owner_id                             = (known after apply)
      [32m+[0m[0m region                               = "us-west-1"
      [32m+[0m[0m tags                                 = {
          [32m+[0m[0m "Name" = "devops-g3-vpc"
        }
      [32m+[0m[0m tags_all                             = {
          [32m+[0m[0m "Name"        = "devops-g3-vpc"
          [32m+[0m[0m "capstone"    = "tillflow"
          [32m+[0m[0m "environment" = "dev"
          [32m+[0m[0m "group"       = "devops-g3"
          [32m+[0m[0m "managed-by"  = "terraform"
          [32m+[0m[0m "owner"       = "lwam"
          [32m+[0m[0m "service"     = "platform"
        }
    }

[1m  # module.network.aws_vpc_endpoint.interface["ecr.api"][0m will be created
[0m  [32m+[0m[0m resource "aws_vpc_endpoint" "interface" {
      [32m+[0m[0m arn                   = (known after apply)
      [32m+[0m[0m cidr_blocks           = (known after apply)
      [32m+[0m[0m dns_entry             = (known after apply)
      [32m+[0m[0m id                    = (known after apply)
      [32m+[0m[0m ip_address_type       = (known after apply)
      [32m+[0m[0m network_interface_ids = (known after apply)
      [32m+[0m[0m owner_id              = (known after apply)
      [32m+[0m[0m policy                = (known after apply)
      [32m+[0m[0m prefix_list_id        = (known after apply)
      [32m+[0m[0m private_dns_enabled   = true
      [32m+[0m[0m region                = "us-west-1"
      [32m+[0m[0m requester_managed     = (known after apply)
      [32m+[0m[0m route_table_ids       = (known after apply)
      [32m+[0m[0m security_group_ids    = (known after apply)
      [32m+[0m[0m service_name          = "com.amazonaws.us-west-1.ecr.api"
      [32m+[0m[0m service_region        = (known after apply)
      [32m+[0m[0m state                 = (known after apply)
      [32m+[0m[0m subnet_ids            = (known after apply)
      [32m+[0m[0m tags                  = {
          [32m+[0m[0m "Name" = "devops-g3-vpce-ecr.api"
        }
      [32m+[0m[0m tags_all              = {
          [32m+[0m[0m "Name"        = "devops-g3-vpce-ecr.api"
          [32m+[0m[0m "capstone"    = "tillflow"
          [32m+[0m[0m "environment" = "dev"
          [32m+[0m[0m "group"       = "devops-g3"
          [32m+[0m[0m "managed-by"  = "terraform"
          [32m+[0m[0m "owner"       = "lwam"
          [32m+[0m[0m "service"     = "platform"
        }
      [32m+[0m[0m vpc_endpoint_type     = "Interface"
      [32m+[0m[0m vpc_id                = (known after apply)

      [32m+[0m[0m dns_options (known after apply)

      [32m+[0m[0m subnet_configuration (known after apply)
    }

[1m  # module.network.aws_vpc_endpoint.interface["ecr.dkr"][0m will be created
[0m  [32m+[0m[0m resource "aws_vpc_endpoint" "interface" {
      [32m+[0m[0m arn                   = (known after apply)
      [32m+[0m[0m cidr_blocks           = (known after apply)
      [32m+[0m[0m dns_entry             = (known after apply)
      [32m+[0m[0m id                    = (known after apply)
      [32m+[0m[0m ip_address_type       = (known after apply)
      [32m+[0m[0m network_interface_ids = (known after apply)
      [32m+[0m[0m owner_id              = (known after apply)
      [32m+[0m[0m policy                = (known after apply)
      [32m+[0m[0m prefix_list_id        = (known after apply)
      [32m+[0m[0m private_dns_enabled   = true
      [32m+[0m[0m region                = "us-west-1"
      [32m+[0m[0m requester_managed     = (known after apply)
      [32m+[0m[0m route_table_ids       = (known after apply)
      [32m+[0m[0m security_group_ids    = (known after apply)
      [32m+[0m[0m service_name          = "com.amazonaws.us-west-1.ecr.dkr"
      [32m+[0m[0m service_region        = (known after apply)
      [32m+[0m[0m state                 = (known after apply)
      [32m+[0m[0m subnet_ids            = (known after apply)
      [32m+[0m[0m tags                  = {
          [32m+[0m[0m "Name" = "devops-g3-vpce-ecr.dkr"
        }
      [32m+[0m[0m tags_all              = {
          [32m+[0m[0m "Name"        = "devops-g3-vpce-ecr.dkr"
          [32m+[0m[0m "capstone"    = "tillflow"
          [32m+[0m[0m "environment" = "dev"
          [32m+[0m[0m "group"       = "devops-g3"
          [32m+[0m[0m "managed-by"  = "terraform"
          [32m+[0m[0m "owner"       = "lwam"
          [32m+[0m[0m "service"     = "platform"
        }
      [32m+[0m[0m vpc_endpoint_type     = "Interface"
      [32m+[0m[0m vpc_id                = (known after apply)

      [32m+[0m[0m dns_options (known after apply)

      [32m+[0m[0m subnet_configuration (known after apply)
    }

[1m  # module.network.aws_vpc_endpoint.interface["kms"][0m will be created
[0m  [32m+[0m[0m resource "aws_vpc_endpoint" "interface" {
      [32m+[0m[0m arn                   = (known after apply)
      [32m+[0m[0m cidr_blocks           = (known after apply)
      [32m+[0m[0m dns_entry             = (known after apply)
      [32m+[0m[0m id                    = (known after apply)
      [32m+[0m[0m ip_address_type       = (known after apply)
      [32m+[0m[0m network_interface_ids = (known after apply)
      [32m+[0m[0m owner_id              = (known after apply)
      [32m+[0m[0m policy                = (known after apply)
      [32m+[0m[0m prefix_list_id        = (known after apply)
      [32m+[0m[0m private_dns_enabled   = true
      [32m+[0m[0m region                = "us-west-1"
      [32m+[0m[0m requester_managed     = (known after apply)
      [32m+[0m[0m route_table_ids       = (known after apply)
      [32m+[0m[0m security_group_ids    = (known after apply)
      [32m+[0m[0m service_name          = "com.amazonaws.us-west-1.kms"
      [32m+[0m[0m service_region        = (known after apply)
      [32m+[0m[0m state                 = (known after apply)
      [32m+[0m[0m subnet_ids            = (known after apply)
      [32m+[0m[0m tags                  = {
          [32m+[0m[0m "Name" = "devops-g3-vpce-kms"
        }
      [32m+[0m[0m tags_all              = {
          [32m+[0m[0m "Name"        = "devops-g3-vpce-kms"
          [32m+[0m[0m "capstone"    = "tillflow"
          [32m+[0m[0m "environment" = "dev"
          [32m+[0m[0m "group"       = "devops-g3"
          [32m+[0m[0m "managed-by"  = "terraform"
          [32m+[0m[0m "owner"       = "lwam"
          [32m+[0m[0m "service"     = "platform"
        }
      [32m+[0m[0m vpc_endpoint_type     = "Interface"
      [32m+[0m[0m vpc_id                = (known after apply)

      [32m+[0m[0m dns_options (known after apply)

      [32m+[0m[0m subnet_configuration (known after apply)
    }

[1m  # module.network.aws_vpc_endpoint.interface["logs"][0m will be created
[0m  [32m+[0m[0m resource "aws_vpc_endpoint" "interface" {
      [32m+[0m[0m arn                   = (known after apply)
      [32m+[0m[0m cidr_blocks           = (known after apply)
      [32m+[0m[0m dns_entry             = (known after apply)
      [32m+[0m[0m id                    = (known after apply)
      [32m+[0m[0m ip_address_type       = (known after apply)
      [32m+[0m[0m network_interface_ids = (known after apply)
      [32m+[0m[0m owner_id              = (known after apply)
      [32m+[0m[0m policy                = (known after apply)
      [32m+[0m[0m prefix_list_id        = (known after apply)
      [32m+[0m[0m private_dns_enabled   = true
      [32m+[0m[0m region                = "us-west-1"
      [32m+[0m[0m requester_managed     = (known after apply)
      [32m+[0m[0m route_table_ids       = (known after apply)
      [32m+[0m[0m security_group_ids    = (known after apply)
      [32m+[0m[0m service_name          = "com.amazonaws.us-west-1.logs"
      [32m+[0m[0m service_region        = (known after apply)
      [32m+[0m[0m state                 = (known after apply)
      [32m+[0m[0m subnet_ids            = (known after apply)
      [32m+[0m[0m tags                  = {
          [32m+[0m[0m "Name" = "devops-g3-vpce-logs"
        }
      [32m+[0m[0m tags_all              = {
          [32m+[0m[0m "Name"        = "devops-g3-vpce-logs"
          [32m+[0m[0m "capstone"    = "tillflow"
          [32m+[0m[0m "environment" = "dev"
          [32m+[0m[0m "group"       = "devops-g3"
          [32m+[0m[0m "managed-by"  = "terraform"
          [32m+[0m[0m "owner"       = "lwam"
          [32m+[0m[0m "service"     = "platform"
        }
      [32m+[0m[0m vpc_endpoint_type     = "Interface"
      [32m+[0m[0m vpc_id                = (known after apply)

      [32m+[0m[0m dns_options (known after apply)

      [32m+[0m[0m subnet_configuration (known after apply)
    }

[1m  # module.network.aws_vpc_endpoint.interface["monitoring"][0m will be created
[0m  [32m+[0m[0m resource "aws_vpc_endpoint" "interface" {
      [32m+[0m[0m arn                   = (known after apply)
      [32m+[0m[0m cidr_blocks           = (known after apply)
      [32m+[0m[0m dns_entry             = (known after apply)
      [32m+[0m[0m id                    = (known after apply)
      [32m+[0m[0m ip_address_type       = (known after apply)
      [32m+[0m[0m network_interface_ids = (known after apply)
      [32m+[0m[0m owner_id              = (known after apply)
      [32m+[0m[0m policy                = (known after apply)
      [32m+[0m[0m prefix_list_id        = (known after apply)
      [32m+[0m[0m private_dns_enabled   = true
      [32m+[0m[0m region                = "us-west-1"
      [32m+[0m[0m requester_managed     = (known after apply)
      [32m+[0m[0m route_table_ids       = (known after apply)
      [32m+[0m[0m security_group_ids    = (known after apply)
      [32m+[0m[0m service_name          = "com.amazonaws.us-west-1.monitoring"
      [32m+[0m[0m service_region        = (known after apply)
      [32m+[0m[0m state                 = (known after apply)
      [32m+[0m[0m subnet_ids            = (known after apply)
      [32m+[0m[0m tags                  = {
          [32m+[0m[0m "Name" = "devops-g3-vpce-monitoring"
        }
      [32m+[0m[0m tags_all              = {
          [32m+[0m[0m "Name"        = "devops-g3-vpce-monitoring"
          [32m+[0m[0m "capstone"    = "tillflow"
          [32m+[0m[0m "environment" = "dev"
          [32m+[0m[0m "group"       = "devops-g3"
          [32m+[0m[0m "managed-by"  = "terraform"
          [32m+[0m[0m "owner"       = "lwam"
          [32m+[0m[0m "service"     = "platform"
        }
      [32m+[0m[0m vpc_endpoint_type     = "Interface"
      [32m+[0m[0m vpc_id                = (known after apply)

      [32m+[0m[0m dns_options (known after apply)

      [32m+[0m[0m subnet_configuration (known after apply)
    }

[1m  # module.network.aws_vpc_endpoint.interface["secretsmanager"][0m will be created
[0m  [32m+[0m[0m resource "aws_vpc_endpoint" "interface" {
      [32m+[0m[0m arn                   = (known after apply)
      [32m+[0m[0m cidr_blocks           = (known after apply)
      [32m+[0m[0m dns_entry             = (known after apply)
      [32m+[0m[0m id                    = (known after apply)
      [32m+[0m[0m ip_address_type       = (known after apply)
      [32m+[0m[0m network_interface_ids = (known after apply)
      [32m+[0m[0m owner_id              = (known after apply)
      [32m+[0m[0m policy                = (known after apply)
      [32m+[0m[0m prefix_list_id        = (known after apply)
      [32m+[0m[0m private_dns_enabled   = true
      [32m+[0m[0m region                = "us-west-1"
      [32m+[0m[0m requester_managed     = (known after apply)
      [32m+[0m[0m route_table_ids       = (known after apply)
      [32m+[0m[0m security_group_ids    = (known after apply)
      [32m+[0m[0m service_name          = "com.amazonaws.us-west-1.secretsmanager"
      [32m+[0m[0m service_region        = (known after apply)
      [32m+[0m[0m state                 = (known after apply)
      [32m+[0m[0m subnet_ids            = (known after apply)
      [32m+[0m[0m tags                  = {
          [32m+[0m[0m "Name" = "devops-g3-vpce-secretsmanager"
        }
      [32m+[0m[0m tags_all              = {
          [32m+[0m[0m "Name"        = "devops-g3-vpce-secretsmanager"
          [32m+[0m[0m "capstone"    = "tillflow"
          [32m+[0m[0m "environment" = "dev"
          [32m+[0m[0m "group"       = "devops-g3"
          [32m+[0m[0m "managed-by"  = "terraform"
          [32m+[0m[0m "owner"       = "lwam"
          [32m+[0m[0m "service"     = "platform"
        }
      [32m+[0m[0m vpc_endpoint_type     = "Interface"
      [32m+[0m[0m vpc_id                = (known after apply)

      [32m+[0m[0m dns_options (known after apply)

      [32m+[0m[0m subnet_configuration (known after apply)
    }

[1m  # module.network.aws_vpc_endpoint.interface["sqs"][0m will be created
[0m  [32m+[0m[0m resource "aws_vpc_endpoint" "interface" {
      [32m+[0m[0m arn                   = (known after apply)
      [32m+[0m[0m cidr_blocks           = (known after apply)
      [32m+[0m[0m dns_entry             = (known after apply)
      [32m+[0m[0m id                    = (known after apply)
      [32m+[0m[0m ip_address_type       = (known after apply)
      [32m+[0m[0m network_interface_ids = (known after apply)
      [32m+[0m[0m owner_id              = (known after apply)
      [32m+[0m[0m policy                = (known after apply)
      [32m+[0m[0m prefix_list_id        = (known after apply)
      [32m+[0m[0m private_dns_enabled   = true
      [32m+[0m[0m region                = "us-west-1"
      [32m+[0m[0m requester_managed     = (known after apply)
      [32m+[0m[0m route_table_ids       = (known after apply)
      [32m+[0m[0m security_group_ids    = (known after apply)
      [32m+[0m[0m service_name          = "com.amazonaws.us-west-1.sqs"
      [32m+[0m[0m service_region        = (known after apply)
      [32m+[0m[0m state                 = (known after apply)
      [32m+[0m[0m subnet_ids            = (known after apply)
      [32m+[0m[0m tags                  = {
          [32m+[0m[0m "Name" = "devops-g3-vpce-sqs"
        }
      [32m+[0m[0m tags_all              = {
          [32m+[0m[0m "Name"        = "devops-g3-vpce-sqs"
          [32m+[0m[0m "capstone"    = "tillflow"
          [32m+[0m[0m "environment" = "dev"
          [32m+[0m[0m "group"       = "devops-g3"
          [32m+[0m[0m "managed-by"  = "terraform"
          [32m+[0m[0m "owner"       = "lwam"
          [32m+[0m[0m "service"     = "platform"
        }
      [32m+[0m[0m vpc_endpoint_type     = "Interface"
      [32m+[0m[0m vpc_id                = (known after apply)

      [32m+[0m[0m dns_options (known after apply)

      [32m+[0m[0m subnet_configuration (known after apply)
    }

[1m  # module.network.aws_vpc_endpoint.interface["ssm"][0m will be created
[0m  [32m+[0m[0m resource "aws_vpc_endpoint" "interface" {
      [32m+[0m[0m arn                   = (known after apply)
      [32m+[0m[0m cidr_blocks           = (known after apply)
      [32m+[0m[0m dns_entry             = (known after apply)
      [32m+[0m[0m id                    = (known after apply)
      [32m+[0m[0m ip_address_type       = (known after apply)
      [32m+[0m[0m network_interface_ids = (known after apply)
      [32m+[0m[0m owner_id              = (known after apply)
      [32m+[0m[0m policy                = (known after apply)
      [32m+[0m[0m prefix_list_id        = (known after apply)
      [32m+[0m[0m private_dns_enabled   = true
      [32m+[0m[0m region                = "us-west-1"
      [32m+[0m[0m requester_managed     = (known after apply)
      [32m+[0m[0m route_table_ids       = (known after apply)
      [32m+[0m[0m security_group_ids    = (known after apply)
      [32m+[0m[0m service_name          = "com.amazonaws.us-west-1.ssm"
      [32m+[0m[0m service_region        = (known after apply)
      [32m+[0m[0m state                 = (known after apply)
      [32m+[0m[0m subnet_ids            = (known after apply)
      [32m+[0m[0m tags                  = {
          [32m+[0m[0m "Name" = "devops-g3-vpce-ssm"
        }
      [32m+[0m[0m tags_all              = {
          [32m+[0m[0m "Name"        = "devops-g3-vpce-ssm"
          [32m+[0m[0m "capstone"    = "tillflow"
          [32m+[0m[0m "environment" = "dev"
          [32m+[0m[0m "group"       = "devops-g3"
          [32m+[0m[0m "managed-by"  = "terraform"
          [32m+[0m[0m "owner"       = "lwam"
          [32m+[0m[0m "service"     = "platform"
        }
      [32m+[0m[0m vpc_endpoint_type     = "Interface"
      [32m+[0m[0m vpc_id                = (known after apply)

      [32m+[0m[0m dns_options (known after apply)

      [32m+[0m[0m subnet_configuration (known after apply)
    }

[1m  # module.network.aws_vpc_endpoint.interface["ssmmessages"][0m will be created
[0m  [32m+[0m[0m resource "aws_vpc_endpoint" "interface" {
      [32m+[0m[0m arn                   = (known after apply)
      [32m+[0m[0m cidr_blocks           = (known after apply)
      [32m+[0m[0m dns_entry             = (known after apply)
      [32m+[0m[0m id                    = (known after apply)
      [32m+[0m[0m ip_address_type       = (known after apply)
      [32m+[0m[0m network_interface_ids = (known after apply)
      [32m+[0m[0m owner_id              = (known after apply)
      [32m+[0m[0m policy                = (known after apply)
      [32m+[0m[0m prefix_list_id        = (known after apply)
      [32m+[0m[0m private_dns_enabled   = true
      [32m+[0m[0m region                = "us-west-1"
      [32m+[0m[0m requester_managed     = (known after apply)
      [32m+[0m[0m route_table_ids       = (known after apply)
      [32m+[0m[0m security_group_ids    = (known after apply)
      [32m+[0m[0m service_name          = "com.amazonaws.us-west-1.ssmmessages"
      [32m+[0m[0m service_region        = (known after apply)
      [32m+[0m[0m state                 = (known after apply)
      [32m+[0m[0m subnet_ids            = (known after apply)
      [32m+[0m[0m tags                  = {
          [32m+[0m[0m "Name" = "devops-g3-vpce-ssmmessages"
        }
      [32m+[0m[0m tags_all              = {
          [32m+[0m[0m "Name"        = "devops-g3-vpce-ssmmessages"
          [32m+[0m[0m "capstone"    = "tillflow"
          [32m+[0m[0m "environment" = "dev"
          [32m+[0m[0m "group"       = "devops-g3"
          [32m+[0m[0m "managed-by"  = "terraform"
          [32m+[0m[0m "owner"       = "lwam"
          [32m+[0m[0m "service"     = "platform"
        }
      [32m+[0m[0m vpc_endpoint_type     = "Interface"
      [32m+[0m[0m vpc_id                = (known after apply)

      [32m+[0m[0m dns_options (known after apply)

      [32m+[0m[0m subnet_configuration (known after apply)
    }

[1m  # module.network.aws_vpc_endpoint.s3[0m will be created
[0m  [32m+[0m[0m resource "aws_vpc_endpoint" "s3" {
      [32m+[0m[0m arn                   = (known after apply)
      [32m+[0m[0m cidr_blocks           = (known after apply)
      [32m+[0m[0m dns_entry             = (known after apply)
      [32m+[0m[0m id                    = (known after apply)
      [32m+[0m[0m ip_address_type       = (known after apply)
      [32m+[0m[0m network_interface_ids = (known after apply)
      [32m+[0m[0m owner_id              = (known after apply)
      [32m+[0m[0m policy                = (known after apply)
      [32m+[0m[0m prefix_list_id        = (known after apply)
      [32m+[0m[0m private_dns_enabled   = (known after apply)
      [32m+[0m[0m region                = "us-west-1"
      [32m+[0m[0m requester_managed     = (known after apply)
      [32m+[0m[0m route_table_ids       = (known after apply)
      [32m+[0m[0m security_group_ids    = (known after apply)
      [32m+[0m[0m service_name          = "com.amazonaws.us-west-1.s3"
      [32m+[0m[0m service_region        = (known after apply)
      [32m+[0m[0m state                 = (known after apply)
      [32m+[0m[0m subnet_ids            = (known after apply)
      [32m+[0m[0m tags                  = {
          [32m+[0m[0m "Name" = "devops-g3-vpce-s3"
        }
      [32m+[0m[0m tags_all              = {
          [32m+[0m[0m "Name"        = "devops-g3-vpce-s3"
          [32m+[0m[0m "capstone"    = "tillflow"
          [32m+[0m[0m "environment" = "dev"
          [32m+[0m[0m "group"       = "devops-g3"
          [32m+[0m[0m "managed-by"  = "terraform"
          [32m+[0m[0m "owner"       = "lwam"
          [32m+[0m[0m "service"     = "platform"
        }
      [32m+[0m[0m vpc_endpoint_type     = "Gateway"
      [32m+[0m[0m vpc_id                = (known after apply)

      [32m+[0m[0m dns_options (known after apply)

      [32m+[0m[0m subnet_configuration (known after apply)
    }

[1m  # module.network.aws_vpc_security_group_ingress_rule.vpc_endpoints_https[0m will be created
[0m  [32m+[0m[0m resource "aws_vpc_security_group_ingress_rule" "vpc_endpoints_https" {
      [32m+[0m[0m arn                    = (known after apply)
      [32m+[0m[0m cidr_ipv4              = "10.20.0.0/16"
      [32m+[0m[0m description            = "HTTPS from within the VPC"
      [32m+[0m[0m from_port              = 443
      [32m+[0m[0m id                     = (known after apply)
      [32m+[0m[0m ip_protocol            = "tcp"
      [32m+[0m[0m region                 = "us-west-1"
      [32m+[0m[0m security_group_id      = (known after apply)
      [32m+[0m[0m security_group_rule_id = (known after apply)
      [32m+[0m[0m tags_all               = {
          [32m+[0m[0m "capstone"    = "tillflow"
          [32m+[0m[0m "environment" = "dev"
          [32m+[0m[0m "group"       = "devops-g3"
          [32m+[0m[0m "managed-by"  = "terraform"
          [32m+[0m[0m "owner"       = "lwam"
          [32m+[0m[0m "service"     = "platform"
        }
      [32m+[0m[0m to_port                = 443
    }

[1m  # module.observability_alarms.aws_cloudwatch_metric_alarm.canary_success[0][0m will be created
[0m  [32m+[0m[0m resource "aws_cloudwatch_metric_alarm" "canary_success" {
      [32m+[0m[0m actions_enabled                       = true
      [32m+[0m[0m alarm_description                     = "External synthetics success rate below 90% — check API Gateway, ALB, web service (runbook EdgeProbeFailed)."
      [32m+[0m[0m alarm_name                            = "devops-g3-edge-health-canary"
      [32m+[0m[0m arn                                   = (known after apply)
      [32m+[0m[0m comparison_operator                   = "LessThanThreshold"
      [32m+[0m[0m dimensions                            = {
          [32m+[0m[0m "CanaryName" = "devops-g3-edge-health"
        }
      [32m+[0m[0m evaluate_low_sample_count_percentiles = (known after apply)
      [32m+[0m[0m evaluation_periods                    = 2
      [32m+[0m[0m id                                    = (known after apply)
      [32m+[0m[0m metric_name                           = "SuccessPercent"
      [32m+[0m[0m namespace                             = "CloudWatchSynthetics"
      [32m+[0m[0m period                                = 60
      [32m+[0m[0m region                                = "us-west-1"
      [32m+[0m[0m statistic                             = "Average"
      [32m+[0m[0m tags                                  = {
          [32m+[0m[0m "Name"    = "devops-g3-edge-health-canary"
          [32m+[0m[0m "owner"   = "minage"
          [32m+[0m[0m "service" = "platform"
        }
      [32m+[0m[0m tags_all                              = {
          [32m+[0m[0m "Name"        = "devops-g3-edge-health-canary"
          [32m+[0m[0m "capstone"    = "tillflow"
          [32m+[0m[0m "environment" = "dev"
          [32m+[0m[0m "group"       = "devops-g3"
          [32m+[0m[0m "managed-by"  = "terraform"
          [32m+[0m[0m "owner"       = "minage"
          [32m+[0m[0m "service"     = "platform"
        }
      [32m+[0m[0m threshold                             = 90
      [32m+[0m[0m treat_missing_data                    = "breaching"
    }

[1m  # module.observability_alarms.aws_cloudwatch_metric_alarm.dlq_depth["payout"][0m will be created
[0m  [32m+[0m[0m resource "aws_cloudwatch_metric_alarm" "dlq_depth" {
      [32m+[0m[0m actions_enabled                       = true
      [32m+[0m[0m alarm_description                     = "Messages visible on payout DLQ — replay or fix consumer (runbook § Observability alerts)."
      [32m+[0m[0m alarm_name                            = "devops-g3-payout-dlq-depth"
      [32m+[0m[0m arn                                   = (known after apply)
      [32m+[0m[0m comparison_operator                   = "GreaterThanOrEqualToThreshold"
      [32m+[0m[0m dimensions                            = {
          [32m+[0m[0m "QueueName" = "devops-g3-payout-dlq"
        }
      [32m+[0m[0m evaluate_low_sample_count_percentiles = (known after apply)
      [32m+[0m[0m evaluation_periods                    = 1
      [32m+[0m[0m id                                    = (known after apply)
      [32m+[0m[0m metric_name                           = "ApproximateNumberOfMessagesVisible"
      [32m+[0m[0m namespace                             = "AWS/SQS"
      [32m+[0m[0m period                                = 60
      [32m+[0m[0m region                                = "us-west-1"
      [32m+[0m[0m statistic                             = "Maximum"
      [32m+[0m[0m tags                                  = {
          [32m+[0m[0m "Name"    = "devops-g3-payout-dlq-depth"
          [32m+[0m[0m "owner"   = "minage"
          [32m+[0m[0m "service" = "payout"
        }
      [32m+[0m[0m tags_all                              = {
          [32m+[0m[0m "Name"        = "devops-g3-payout-dlq-depth"
          [32m+[0m[0m "capstone"    = "tillflow"
          [32m+[0m[0m "environment" = "dev"
          [32m+[0m[0m "group"       = "devops-g3"
          [32m+[0m[0m "managed-by"  = "terraform"
          [32m+[0m[0m "owner"       = "minage"
          [32m+[0m[0m "service"     = "payout"
        }
      [32m+[0m[0m threshold                             = 1
      [32m+[0m[0m treat_missing_data                    = "notBreaching"
    }

[1m  # module.observability_alarms.aws_cloudwatch_metric_alarm.dlq_depth["reconciliation"][0m will be created
[0m  [32m+[0m[0m resource "aws_cloudwatch_metric_alarm" "dlq_depth" {
      [32m+[0m[0m actions_enabled                       = true
      [32m+[0m[0m alarm_description                     = "Messages visible on reconciliation DLQ — replay or fix consumer (runbook § Observability alerts)."
      [32m+[0m[0m alarm_name                            = "devops-g3-reconciliation-dlq-depth"
      [32m+[0m[0m arn                                   = (known after apply)
      [32m+[0m[0m comparison_operator                   = "GreaterThanOrEqualToThreshold"
      [32m+[0m[0m dimensions                            = {
          [32m+[0m[0m "QueueName" = "devops-g3-reconciliation-dlq"
        }
      [32m+[0m[0m evaluate_low_sample_count_percentiles = (known after apply)
      [32m+[0m[0m evaluation_periods                    = 1
      [32m+[0m[0m id                                    = (known after apply)
      [32m+[0m[0m metric_name                           = "ApproximateNumberOfMessagesVisible"
      [32m+[0m[0m namespace                             = "AWS/SQS"
      [32m+[0m[0m period                                = 60
      [32m+[0m[0m region                                = "us-west-1"
      [32m+[0m[0m statistic                             = "Maximum"
      [32m+[0m[0m tags                                  = {
          [32m+[0m[0m "Name"    = "devops-g3-reconciliation-dlq-depth"
          [32m+[0m[0m "owner"   = "minage"
          [32m+[0m[0m "service" = "reconciliation"
        }
      [32m+[0m[0m tags_all                              = {
          [32m+[0m[0m "Name"        = "devops-g3-reconciliation-dlq-depth"
          [32m+[0m[0m "capstone"    = "tillflow"
          [32m+[0m[0m "environment" = "dev"
          [32m+[0m[0m "group"       = "devops-g3"
          [32m+[0m[0m "managed-by"  = "terraform"
          [32m+[0m[0m "owner"       = "minage"
          [32m+[0m[0m "service"     = "reconciliation"
        }
      [32m+[0m[0m threshold                             = 1
      [32m+[0m[0m treat_missing_data                    = "notBreaching"
    }

[1m  # module.observability_alarms.aws_cloudwatch_metric_alarm.ecs_cpu_high["commission"][0m will be created
[0m  [32m+[0m[0m resource "aws_cloudwatch_metric_alarm" "ecs_cpu_high" {
      [32m+[0m[0m actions_enabled                       = true
      [32m+[0m[0m alarm_description                     = "ECS CPU above 80% for commission; check recent deploy, task health and scaling."
      [32m+[0m[0m alarm_name                            = "devops-g3-commission-ecs-cpu-high"
      [32m+[0m[0m arn                                   = (known after apply)
      [32m+[0m[0m comparison_operator                   = "GreaterThanThreshold"
      [32m+[0m[0m dimensions                            = {
          [32m+[0m[0m "ClusterName" = "devops-g3"
          [32m+[0m[0m "ServiceName" = "devops-g3-commission"
        }
      [32m+[0m[0m evaluate_low_sample_count_percentiles = (known after apply)
      [32m+[0m[0m evaluation_periods                    = 5
      [32m+[0m[0m id                                    = (known after apply)
      [32m+[0m[0m metric_name                           = "CPUUtilization"
      [32m+[0m[0m namespace                             = "AWS/ECS"
      [32m+[0m[0m period                                = 60
      [32m+[0m[0m region                                = "us-west-1"
      [32m+[0m[0m statistic                             = "Average"
      [32m+[0m[0m tags                                  = {
          [32m+[0m[0m "Name"    = "devops-g3-commission-ecs-cpu-high"
          [32m+[0m[0m "owner"   = "minage"
          [32m+[0m[0m "service" = "commission"
        }
      [32m+[0m[0m tags_all                              = {
          [32m+[0m[0m "Name"        = "devops-g3-commission-ecs-cpu-high"
          [32m+[0m[0m "capstone"    = "tillflow"
          [32m+[0m[0m "environment" = "dev"
          [32m+[0m[0m "group"       = "devops-g3"
          [32m+[0m[0m "managed-by"  = "terraform"
          [32m+[0m[0m "owner"       = "minage"
          [32m+[0m[0m "service"     = "commission"
        }
      [32m+[0m[0m threshold                             = 80
      [32m+[0m[0m treat_missing_data                    = "notBreaching"
    }

[1m  # module.observability_alarms.aws_cloudwatch_metric_alarm.ecs_cpu_high["payments"][0m will be created
[0m  [32m+[0m[0m resource "aws_cloudwatch_metric_alarm" "ecs_cpu_high" {
      [32m+[0m[0m actions_enabled                       = true
      [32m+[0m[0m alarm_description                     = "ECS CPU above 80% for payments; check recent deploy, task health and scaling."
      [32m+[0m[0m alarm_name                            = "devops-g3-payments-ecs-cpu-high"
      [32m+[0m[0m arn                                   = (known after apply)
      [32m+[0m[0m comparison_operator                   = "GreaterThanThreshold"
      [32m+[0m[0m dimensions                            = {
          [32m+[0m[0m "ClusterName" = "devops-g3"
          [32m+[0m[0m "ServiceName" = "devops-g3-payments"
        }
      [32m+[0m[0m evaluate_low_sample_count_percentiles = (known after apply)
      [32m+[0m[0m evaluation_periods                    = 5
      [32m+[0m[0m id                                    = (known after apply)
      [32m+[0m[0m metric_name                           = "CPUUtilization"
      [32m+[0m[0m namespace                             = "AWS/ECS"
      [32m+[0m[0m period                                = 60
      [32m+[0m[0m region                                = "us-west-1"
      [32m+[0m[0m statistic                             = "Average"
      [32m+[0m[0m tags                                  = {
          [32m+[0m[0m "Name"    = "devops-g3-payments-ecs-cpu-high"
          [32m+[0m[0m "owner"   = "minage"
          [32m+[0m[0m "service" = "payments"
        }
      [32m+[0m[0m tags_all                              = {
          [32m+[0m[0m "Name"        = "devops-g3-payments-ecs-cpu-high"
          [32m+[0m[0m "capstone"    = "tillflow"
          [32m+[0m[0m "environment" = "dev"
          [32m+[0m[0m "group"       = "devops-g3"
          [32m+[0m[0m "managed-by"  = "terraform"
          [32m+[0m[0m "owner"       = "minage"
          [32m+[0m[0m "service"     = "payments"
        }
      [32m+[0m[0m threshold                             = 80
      [32m+[0m[0m treat_missing_data                    = "notBreaching"
    }

[1m  # module.observability_alarms.aws_cloudwatch_metric_alarm.ecs_cpu_high["pos"][0m will be created
[0m  [32m+[0m[0m resource "aws_cloudwatch_metric_alarm" "ecs_cpu_high" {
      [32m+[0m[0m actions_enabled                       = true
      [32m+[0m[0m alarm_description                     = "ECS CPU above 80% for pos; check recent deploy, task health and scaling."
      [32m+[0m[0m alarm_name                            = "devops-g3-pos-ecs-cpu-high"
      [32m+[0m[0m arn                                   = (known after apply)
      [32m+[0m[0m comparison_operator                   = "GreaterThanThreshold"
      [32m+[0m[0m dimensions                            = {
          [32m+[0m[0m "ClusterName" = "devops-g3"
          [32m+[0m[0m "ServiceName" = "devops-g3-pos"
        }
      [32m+[0m[0m evaluate_low_sample_count_percentiles = (known after apply)
      [32m+[0m[0m evaluation_periods                    = 5
      [32m+[0m[0m id                                    = (known after apply)
      [32m+[0m[0m metric_name                           = "CPUUtilization"
      [32m+[0m[0m namespace                             = "AWS/ECS"
      [32m+[0m[0m period                                = 60
      [32m+[0m[0m region                                = "us-west-1"
      [32m+[0m[0m statistic                             = "Average"
      [32m+[0m[0m tags                                  = {
          [32m+[0m[0m "Name"    = "devops-g3-pos-ecs-cpu-high"
          [32m+[0m[0m "owner"   = "minage"
          [32m+[0m[0m "service" = "pos"
        }
      [32m+[0m[0m tags_all                              = {
          [32m+[0m[0m "Name"        = "devops-g3-pos-ecs-cpu-high"
          [32m+[0m[0m "capstone"    = "tillflow"
          [32m+[0m[0m "environment" = "dev"
          [32m+[0m[0m "group"       = "devops-g3"
          [32m+[0m[0m "managed-by"  = "terraform"
          [32m+[0m[0m "owner"       = "minage"
          [32m+[0m[0m "service"     = "pos"
        }
      [32m+[0m[0m threshold                             = 80
      [32m+[0m[0m treat_missing_data                    = "notBreaching"
    }

[1m  # module.observability_alarms.aws_cloudwatch_metric_alarm.ecs_cpu_high["web"][0m will be created
[0m  [32m+[0m[0m resource "aws_cloudwatch_metric_alarm" "ecs_cpu_high" {
      [32m+[0m[0m actions_enabled                       = true
      [32m+[0m[0m alarm_description                     = "ECS CPU above 80% for web; check recent deploy, task health and scaling."
      [32m+[0m[0m alarm_name                            = "devops-g3-web-ecs-cpu-high"
      [32m+[0m[0m arn                                   = (known after apply)
      [32m+[0m[0m comparison_operator                   = "GreaterThanThreshold"
      [32m+[0m[0m dimensions                            = {
          [32m+[0m[0m "ClusterName" = "devops-g3"
          [32m+[0m[0m "ServiceName" = "devops-g3-web"
        }
      [32m+[0m[0m evaluate_low_sample_count_percentiles = (known after apply)
      [32m+[0m[0m evaluation_periods                    = 5
      [32m+[0m[0m id                                    = (known after apply)
      [32m+[0m[0m metric_name                           = "CPUUtilization"
      [32m+[0m[0m namespace                             = "AWS/ECS"
      [32m+[0m[0m period                                = 60
      [32m+[0m[0m region                                = "us-west-1"
      [32m+[0m[0m statistic                             = "Average"
      [32m+[0m[0m tags                                  = {
          [32m+[0m[0m "Name"    = "devops-g3-web-ecs-cpu-high"
          [32m+[0m[0m "owner"   = "minage"
          [32m+[0m[0m "service" = "web"
        }
      [32m+[0m[0m tags_all                              = {
          [32m+[0m[0m "Name"        = "devops-g3-web-ecs-cpu-high"
          [32m+[0m[0m "capstone"    = "tillflow"
          [32m+[0m[0m "environment" = "dev"
          [32m+[0m[0m "group"       = "devops-g3"
          [32m+[0m[0m "managed-by"  = "terraform"
          [32m+[0m[0m "owner"       = "minage"
          [32m+[0m[0m "service"     = "web"
        }
      [32m+[0m[0m threshold                             = 80
      [32m+[0m[0m treat_missing_data                    = "notBreaching"
    }

[1m  # module.observability_alarms.aws_cloudwatch_metric_alarm.rds_connections_high[0m will be created
[0m  [32m+[0m[0m resource "aws_cloudwatch_metric_alarm" "rds_connections_high" {
      [32m+[0m[0m actions_enabled                       = true
      [32m+[0m[0m alarm_description                     = "RDS connections high for dev; check pool sizing, RDS Proxy and stuck tasks."
      [32m+[0m[0m alarm_name                            = "devops-g3-rds-connections-high"
      [32m+[0m[0m arn                                   = (known after apply)
      [32m+[0m[0m comparison_operator                   = "GreaterThanThreshold"
      [32m+[0m[0m dimensions                            = {
          [32m+[0m[0m "DBInstanceIdentifier" = "devops-g3-db"
        }
      [32m+[0m[0m evaluate_low_sample_count_percentiles = (known after apply)
      [32m+[0m[0m evaluation_periods                    = 5
      [32m+[0m[0m id                                    = (known after apply)
      [32m+[0m[0m metric_name                           = "DatabaseConnections"
      [32m+[0m[0m namespace                             = "AWS/RDS"
      [32m+[0m[0m period                                = 60
      [32m+[0m[0m region                                = "us-west-1"
      [32m+[0m[0m statistic                             = "Average"
      [32m+[0m[0m tags                                  = {
          [32m+[0m[0m "Name"    = "devops-g3-rds-connections-high"
          [32m+[0m[0m "owner"   = "minage"
          [32m+[0m[0m "service" = "database"
        }
      [32m+[0m[0m tags_all                              = {
          [32m+[0m[0m "Name"        = "devops-g3-rds-connections-high"
          [32m+[0m[0m "capstone"    = "tillflow"
          [32m+[0m[0m "environment" = "dev"
          [32m+[0m[0m "group"       = "devops-g3"
          [32m+[0m[0m "managed-by"  = "terraform"
          [32m+[0m[0m "owner"       = "minage"
          [32m+[0m[0m "service"     = "database"
        }
      [32m+[0m[0m threshold                             = 80
      [32m+[0m[0m treat_missing_data                    = "notBreaching"
    }

[1m  # module.observability_alarms.aws_cloudwatch_metric_alarm.rds_cpu_high[0m will be created
[0m  [32m+[0m[0m resource "aws_cloudwatch_metric_alarm" "rds_cpu_high" {
      [32m+[0m[0m actions_enabled                       = true
      [32m+[0m[0m alarm_description                     = "RDS CPU above 80%; check DB connections, slow queries and RDS events."
      [32m+[0m[0m alarm_name                            = "devops-g3-rds-cpu-high"
      [32m+[0m[0m arn                                   = (known after apply)
      [32m+[0m[0m comparison_operator                   = "GreaterThanThreshold"
      [32m+[0m[0m dimensions                            = {
          [32m+[0m[0m "DBInstanceIdentifier" = "devops-g3-db"
        }
      [32m+[0m[0m evaluate_low_sample_count_percentiles = (known after apply)
      [32m+[0m[0m evaluation_periods                    = 5
      [32m+[0m[0m id                                    = (known after apply)
      [32m+[0m[0m metric_name                           = "CPUUtilization"
      [32m+[0m[0m namespace                             = "AWS/RDS"
      [32m+[0m[0m period                                = 60
      [32m+[0m[0m region                                = "us-west-1"
      [32m+[0m[0m statistic                             = "Average"
      [32m+[0m[0m tags                                  = {
          [32m+[0m[0m "Name"    = "devops-g3-rds-cpu-high"
          [32m+[0m[0m "owner"   = "minage"
          [32m+[0m[0m "service" = "database"
        }
      [32m+[0m[0m tags_all                              = {
          [32m+[0m[0m "Name"        = "devops-g3-rds-cpu-high"
          [32m+[0m[0m "capstone"    = "tillflow"
          [32m+[0m[0m "environment" = "dev"
          [32m+[0m[0m "group"       = "devops-g3"
          [32m+[0m[0m "managed-by"  = "terraform"
          [32m+[0m[0m "owner"       = "minage"
          [32m+[0m[0m "service"     = "database"
        }
      [32m+[0m[0m threshold                             = 80
      [32m+[0m[0m treat_missing_data                    = "notBreaching"
    }

[1m  # module.rds.data.aws_iam_policy_document.proxy[0m will be read during apply
  # (config refers to values not yet known)
[0m [36m<=[0m[0m data "aws_iam_policy_document" "proxy" {
      [32m+[0m[0m id            = (known after apply)
      [32m+[0m[0m json          = (known after apply)
      [32m+[0m[0m minified_json = (known after apply)

      [32m+[0m[0m statement {
          [32m+[0m[0m actions   = [
              [32m+[0m[0m "secretsmanager:GetSecretValue",
            ]
          [32m+[0m[0m resources = [
              [32m+[0m[0m "arn:aws:secretsmanager:us-west-1:240462142849:secret:devops-g3/db-proxy-commission-O3w8qA",
              [32m+[0m[0m "arn:aws:secretsmanager:us-west-1:240462142849:secret:devops-g3/db-proxy-payments-H5SL8D",
              [32m+[0m[0m "arn:aws:secretsmanager:us-west-1:240462142849:secret:devops-g3/db-proxy-pos-L7bCoD",
              [32m+[0m[0m "arn:aws:secretsmanager:us-west-1:240462142849:secret:devops-g3/db-proxy-web-1bqHbE",
              [32m+[0m[0m (known after apply),
            ]
        }
      [32m+[0m[0m statement {
          [32m+[0m[0m actions   = [
              [32m+[0m[0m "kms:Decrypt",
            ]
          [32m+[0m[0m resources = [
              [32m+[0m[0m "arn:aws:kms:us-west-1:240462142849:key/90e2806f-72c0-4b51-ae60-8cc9436bdfe0",
            ]

          [32m+[0m[0m condition {
              [32m+[0m[0m test     = "StringEquals"
              [32m+[0m[0m values   = [
                  [32m+[0m[0m "secretsmanager.us-west-1.amazonaws.com",
                ]
              [32m+[0m[0m variable = "kms:ViaService"
            }
        }
    }

[1m  # module.rds.aws_db_instance.this[0m will be created
[0m  [32m+[0m[0m resource "aws_db_instance" "this" {
      [32m+[0m[0m address                               = (known after apply)
      [32m+[0m[0m allocated_storage                     = 20
      [32m+[0m[0m apply_immediately                     = false
      [32m+[0m[0m arn                                   = (known after apply)
      [32m+[0m[0m auto_minor_version_upgrade            = true
      [32m+[0m[0m availability_zone                     = (known after apply)
      [32m+[0m[0m backup_retention_period               = 7
      [32m+[0m[0m backup_target                         = (known after apply)
      [32m+[0m[0m backup_window                         = "03:00-04:00"
      [32m+[0m[0m ca_cert_identifier                    = (known after apply)
      [32m+[0m[0m character_set_name                    = (known after apply)
      [32m+[0m[0m copy_tags_to_snapshot                 = true
      [32m+[0m[0m database_insights_mode                = (known after apply)
      [32m+[0m[0m db_name                               = "tillflow"
      [32m+[0m[0m db_subnet_group_name                  = "devops-g3-db"
      [32m+[0m[0m dedicated_log_volume                  = false
      [32m+[0m[0m delete_automated_backups              = true
      [32m+[0m[0m deletion_protection                   = false
      [32m+[0m[0m domain_fqdn                           = (known after apply)
      [32m+[0m[0m enabled_cloudwatch_logs_exports       = [
          [32m+[0m[0m "postgresql",
          [32m+[0m[0m "upgrade",
        ]
      [32m+[0m[0m endpoint                              = (known after apply)
      [32m+[0m[0m engine                                = "postgres"
      [32m+[0m[0m engine_lifecycle_support              = (known after apply)
      [32m+[0m[0m engine_version                        = "16"
      [32m+[0m[0m engine_version_actual                 = (known after apply)
      [32m+[0m[0m hosted_zone_id                        = (known after apply)
      [32m+[0m[0m id                                    = (known after apply)
      [32m+[0m[0m identifier                            = "devops-g3-db"
      [32m+[0m[0m identifier_prefix                     = (known after apply)
      [32m+[0m[0m instance_class                        = "db.t4g.medium"
      [32m+[0m[0m iops                                  = (known after apply)
      [32m+[0m[0m kms_key_id                            = "arn:aws:kms:us-west-1:240462142849:key/90e2806f-72c0-4b51-ae60-8cc9436bdfe0"
      [32m+[0m[0m latest_restorable_time                = (known after apply)
      [32m+[0m[0m license_model                         = (known after apply)
      [32m+[0m[0m listener_endpoint                     = (known after apply)
      [32m+[0m[0m maintenance_window                    = "sun:04:30-sun:05:30"
      [32m+[0m[0m manage_master_user_password           = true
      [32m+[0m[0m master_user_secret                    = (known after apply)
      [32m+[0m[0m master_user_secret_kms_key_id         = "arn:aws:kms:us-west-1:240462142849:key/90e2806f-72c0-4b51-ae60-8cc9436bdfe0"
      [32m+[0m[0m max_allocated_storage                 = 100
      [32m+[0m[0m monitoring_interval                   = 0
      [32m+[0m[0m monitoring_role_arn                   = (known after apply)
      [32m+[0m[0m multi_az                              = false
      [32m+[0m[0m nchar_character_set_name              = (known after apply)
      [32m+[0m[0m network_type                          = (known after apply)
      [32m+[0m[0m option_group_name                     = (known after apply)
      [32m+[0m[0m parameter_group_name                  = "devops-g3-pg16"
      [32m+[0m[0m password_wo                           = (write-only attribute)
      [32m+[0m[0m performance_insights_enabled          = true
      [32m+[0m[0m performance_insights_kms_key_id       = (known after apply)
      [32m+[0m[0m performance_insights_retention_period = (known after apply)
      [32m+[0m[0m port                                  = (known after apply)
      [32m+[0m[0m publicly_accessible                   = false
      [32m+[0m[0m region                                = "us-west-1"
      [32m+[0m[0m replica_mode                          = (known after apply)
      [32m+[0m[0m replicas                              = (known after apply)
      [32m+[0m[0m resource_id                           = (known after apply)
      [32m+[0m[0m skip_final_snapshot                   = true
      [32m+[0m[0m snapshot_identifier                   = (known after apply)
      [32m+[0m[0m status                                = (known after apply)
      [32m+[0m[0m storage_encrypted                     = true
      [32m+[0m[0m storage_throughput                    = (known after apply)
      [32m+[0m[0m storage_type                          = "gp3"
      [32m+[0m[0m tags                                  = {
          [32m+[0m[0m "Name" = "devops-g3-db"
        }
      [32m+[0m[0m tags_all                              = {
          [32m+[0m[0m "Name"        = "devops-g3-db"
          [32m+[0m[0m "capstone"    = "tillflow"
          [32m+[0m[0m "environment" = "dev"
          [32m+[0m[0m "group"       = "devops-g3"
          [32m+[0m[0m "managed-by"  = "terraform"
          [32m+[0m[0m "owner"       = "lwam"
          [32m+[0m[0m "service"     = "platform"
        }
      [32m+[0m[0m timezone                              = (known after apply)
      [32m+[0m[0m upgrade_rollout_order                 = (known after apply)
      [32m+[0m[0m username                              = "tillflow_admin"
      [32m+[0m[0m vpc_security_group_ids                = (known after apply)
    }

[1m  # module.rds.aws_db_parameter_group.this[0m will be created
[0m  [32m+[0m[0m resource "aws_db_parameter_group" "this" {
      [32m+[0m[0m arn          = (known after apply)
      [32m+[0m[0m description  = "TillFlow PostgreSQL parameters (ADR-002)"
      [32m+[0m[0m family       = "postgres16"
      [32m+[0m[0m id           = (known after apply)
      [32m+[0m[0m name         = "devops-g3-pg16"
      [32m+[0m[0m name_prefix  = (known after apply)
      [32m+[0m[0m region       = "us-west-1"
      [32m+[0m[0m skip_destroy = false
      [32m+[0m[0m tags_all     = {
          [32m+[0m[0m "capstone"    = "tillflow"
          [32m+[0m[0m "environment" = "dev"
          [32m+[0m[0m "group"       = "devops-g3"
          [32m+[0m[0m "managed-by"  = "terraform"
          [32m+[0m[0m "owner"       = "lwam"
          [32m+[0m[0m "service"     = "platform"
        }

      [32m+[0m[0m parameter {
          [32m+[0m[0m apply_method = "immediate"
          [32m+[0m[0m name         = "idle_in_transaction_session_timeout"
          [32m+[0m[0m value        = "60000"
        }
      [32m+[0m[0m parameter {
          [32m+[0m[0m apply_method = "immediate"
          [32m+[0m[0m name         = "log_connections"
          [32m+[0m[0m value        = "1"
        }
      [32m+[0m[0m parameter {
          [32m+[0m[0m apply_method = "immediate"
          [32m+[0m[0m name         = "log_disconnections"
          [32m+[0m[0m value        = "1"
        }
      [32m+[0m[0m parameter {
          [32m+[0m[0m apply_method = "immediate"
          [32m+[0m[0m name         = "log_min_duration_statement"
          [32m+[0m[0m value        = "1000"
        }
      [32m+[0m[0m parameter {
          [32m+[0m[0m apply_method = "immediate"
          [32m+[0m[0m name         = "statement_timeout"
          [32m+[0m[0m value        = "30000"
        }
    }

[1m  # module.rds.aws_db_proxy.this[0m will be created
[0m  [32m+[0m[0m resource "aws_db_proxy" "this" {
      [32m+[0m[0m arn                            = (known after apply)
      [32m+[0m[0m default_auth_scheme            = (known after apply)
      [32m+[0m[0m endpoint                       = (known after apply)
      [32m+[0m[0m endpoint_network_type          = (known after apply)
      [32m+[0m[0m engine_family                  = "POSTGRESQL"
      [32m+[0m[0m id                             = (known after apply)
      [32m+[0m[0m idle_client_timeout            = 1800
      [32m+[0m[0m name                           = "devops-g3-db-proxy"
      [32m+[0m[0m region                         = "us-west-1"
      [32m+[0m[0m require_tls                    = true
      [32m+[0m[0m role_arn                       = (known after apply)
      [32m+[0m[0m tags                           = {
          [32m+[0m[0m "Name" = "devops-g3-db-proxy"
        }
      [32m+[0m[0m tags_all                       = {
          [32m+[0m[0m "Name"        = "devops-g3-db-proxy"
          [32m+[0m[0m "capstone"    = "tillflow"
          [32m+[0m[0m "environment" = "dev"
          [32m+[0m[0m "group"       = "devops-g3"
          [32m+[0m[0m "managed-by"  = "terraform"
          [32m+[0m[0m "owner"       = "lwam"
          [32m+[0m[0m "service"     = "platform"
        }
      [32m+[0m[0m target_connection_network_type = (known after apply)
      [32m+[0m[0m vpc_security_group_ids         = (known after apply)
      [32m+[0m[0m vpc_subnet_ids                 = (known after apply)

      [32m+[0m[0m auth {
          [32m+[0m[0m auth_scheme               = "SECRETS"
          [32m+[0m[0m client_password_auth_type = (known after apply)
          [32m+[0m[0m iam_auth                  = "DISABLED"
          [32m+[0m[0m secret_arn                = "arn:aws:secretsmanager:us-west-1:240462142849:secret:devops-g3/db-proxy-commission-O3w8qA"
            [90m# (2 unchanged attributes hidden)[0m[0m
        }
      [32m+[0m[0m auth {
          [32m+[0m[0m auth_scheme               = "SECRETS"
          [32m+[0m[0m client_password_auth_type = (known after apply)
          [32m+[0m[0m iam_auth                  = "DISABLED"
          [32m+[0m[0m secret_arn                = "arn:aws:secretsmanager:us-west-1:240462142849:secret:devops-g3/db-proxy-payments-H5SL8D"
            [90m# (2 unchanged attributes hidden)[0m[0m
        }
      [32m+[0m[0m auth {
          [32m+[0m[0m auth_scheme               = "SECRETS"
          [32m+[0m[0m client_password_auth_type = (known after apply)
          [32m+[0m[0m iam_auth                  = "DISABLED"
          [32m+[0m[0m secret_arn                = "arn:aws:secretsmanager:us-west-1:240462142849:secret:devops-g3/db-proxy-pos-L7bCoD"
            [90m# (2 unchanged attributes hidden)[0m[0m
        }
      [32m+[0m[0m auth {
          [32m+[0m[0m auth_scheme               = "SECRETS"
          [32m+[0m[0m client_password_auth_type = (known after apply)
          [32m+[0m[0m iam_auth                  = "DISABLED"
          [32m+[0m[0m secret_arn                = "arn:aws:secretsmanager:us-west-1:240462142849:secret:devops-g3/db-proxy-web-1bqHbE"
            [90m# (2 unchanged attributes hidden)[0m[0m
        }
      [32m+[0m[0m auth {
          [32m+[0m[0m auth_scheme               = "SECRETS"
          [32m+[0m[0m client_password_auth_type = (known after apply)
          [32m+[0m[0m iam_auth                  = "DISABLED"
          [32m+[0m[0m secret_arn                = (known after apply)
            [90m# (2 unchanged attributes hidden)[0m[0m
        }
    }

[1m  # module.rds.aws_db_proxy_default_target_group.this[0m will be created
[0m  [32m+[0m[0m resource "aws_db_proxy_default_target_group" "this" {
      [32m+[0m[0m arn           = (known after apply)
      [32m+[0m[0m db_proxy_name = "devops-g3-db-proxy"
      [32m+[0m[0m id            = (known after apply)
      [32m+[0m[0m name          = (known after apply)
      [32m+[0m[0m region        = "us-west-1"

      [32m+[0m[0m connection_pool_config {
          [32m+[0m[0m connection_borrow_timeout    = 120
          [32m+[0m[0m max_connections_percent      = 75
          [32m+[0m[0m max_idle_connections_percent = 50
        }
    }

[1m  # module.rds.aws_db_proxy_target.this[0m will be created
[0m  [32m+[0m[0m resource "aws_db_proxy_target" "this" {
      [32m+[0m[0m db_instance_identifier = "devops-g3-db"
      [32m+[0m[0m db_proxy_name          = "devops-g3-db-proxy"
      [32m+[0m[0m endpoint               = (known after apply)
      [32m+[0m[0m id                     = (known after apply)
      [32m+[0m[0m port                   = (known after apply)
      [32m+[0m[0m rds_resource_id        = (known after apply)
      [32m+[0m[0m region                 = "us-west-1"
      [32m+[0m[0m target_arn             = (known after apply)
      [32m+[0m[0m target_group_name      = (known after apply)
      [32m+[0m[0m tracked_cluster_id     = (known after apply)
      [32m+[0m[0m type                   = (known after apply)
    }

[1m  # module.rds.aws_db_subnet_group.this[0m will be created
[0m  [32m+[0m[0m resource "aws_db_subnet_group" "this" {
      [32m+[0m[0m arn                     = (known after apply)
      [32m+[0m[0m description             = "Managed by Terraform"
      [32m+[0m[0m id                      = (known after apply)
      [32m+[0m[0m name                    = "devops-g3-db"
      [32m+[0m[0m name_prefix             = (known after apply)
      [32m+[0m[0m region                  = "us-west-1"
      [32m+[0m[0m subnet_ids              = (known after apply)
      [32m+[0m[0m supported_network_types = (known after apply)
      [32m+[0m[0m tags                    = {
          [32m+[0m[0m "Name" = "devops-g3-db"
        }
      [32m+[0m[0m tags_all                = {
          [32m+[0m[0m "Name"        = "devops-g3-db"
          [32m+[0m[0m "capstone"    = "tillflow"
          [32m+[0m[0m "environment" = "dev"
          [32m+[0m[0m "group"       = "devops-g3"
          [32m+[0m[0m "managed-by"  = "terraform"
          [32m+[0m[0m "owner"       = "lwam"
          [32m+[0m[0m "service"     = "platform"
        }
      [32m+[0m[0m vpc_id                  = (known after apply)
    }

[1m  # module.rds.aws_iam_role.proxy[0m will be created
[0m  [32m+[0m[0m resource "aws_iam_role" "proxy" {
      [32m+[0m[0m arn                   = (known after apply)
      [32m+[0m[0m assume_role_policy    = jsonencode(
            {
              [32m+[0m[0m Statement = [
                  [32m+[0m[0m {
                      [32m+[0m[0m Action    = "sts:AssumeRole"
                      [32m+[0m[0m Effect    = "Allow"
                      [32m+[0m[0m Principal = {
                          [32m+[0m[0m Service = "rds.amazonaws.com"
                        }
                    },
                ]
              [32m+[0m[0m Version   = "2012-10-17"
            }
        )
      [32m+[0m[0m create_date           = (known after apply)
      [32m+[0m[0m force_detach_policies = false
      [32m+[0m[0m id                    = (known after apply)
      [32m+[0m[0m managed_policy_arns   = (known after apply)
      [32m+[0m[0m max_session_duration  = 3600
      [32m+[0m[0m name                  = "devops-g3-db-proxy"
      [32m+[0m[0m name_prefix           = (known after apply)
      [32m+[0m[0m path                  = "/"
      [32m+[0m[0m tags_all              = {
          [32m+[0m[0m "capstone"    = "tillflow"
          [32m+[0m[0m "environment" = "dev"
          [32m+[0m[0m "group"       = "devops-g3"
          [32m+[0m[0m "managed-by"  = "terraform"
          [32m+[0m[0m "owner"       = "lwam"
          [32m+[0m[0m "service"     = "platform"
        }
      [32m+[0m[0m unique_id             = (known after apply)

      [32m+[0m[0m inline_policy (known after apply)
    }

[1m  # module.rds.aws_iam_role_policy.proxy[0m will be created
[0m  [32m+[0m[0m resource "aws_iam_role_policy" "proxy" {
      [32m+[0m[0m id          = (known after apply)
      [32m+[0m[0m name        = "read-db-secret"
      [32m+[0m[0m name_prefix = (known after apply)
      [32m+[0m[0m policy      = (known after apply)
      [32m+[0m[0m role        = (known after apply)
    }

[1m  # module.rds.aws_security_group.db[0m will be created
[0m  [32m+[0m[0m resource "aws_security_group" "db" {
      [32m+[0m[0m arn                    = (known after apply)
      [32m+[0m[0m description            = "PostgreSQL - reachable only from the RDS Proxy"
      [32m+[0m[0m egress                 = (known after apply)
      [32m+[0m[0m id                     = (known after apply)
      [32m+[0m[0m ingress                = (known after apply)
      [32m+[0m[0m name                   = "devops-g3-db"
      [32m+[0m[0m name_prefix            = (known after apply)
      [32m+[0m[0m owner_id               = (known after apply)
      [32m+[0m[0m region                 = "us-west-1"
      [32m+[0m[0m revoke_rules_on_delete = false
      [32m+[0m[0m tags                   = {
          [32m+[0m[0m "Name" = "devops-g3-db"
        }
      [32m+[0m[0m tags_all               = {
          [32m+[0m[0m "Name"        = "devops-g3-db"
          [32m+[0m[0m "capstone"    = "tillflow"
          [32m+[0m[0m "environment" = "dev"
          [32m+[0m[0m "group"       = "devops-g3"
          [32m+[0m[0m "managed-by"  = "terraform"
          [32m+[0m[0m "owner"       = "lwam"
          [32m+[0m[0m "service"     = "platform"
        }
      [32m+[0m[0m vpc_id                 = (known after apply)
    }

[1m  # module.rds.aws_security_group.proxy[0m will be created
[0m  [32m+[0m[0m resource "aws_security_group" "proxy" {
      [32m+[0m[0m arn                    = (known after apply)
      [32m+[0m[0m description            = "RDS Proxy - reachable only from named service security groups"
      [32m+[0m[0m egress                 = (known after apply)
      [32m+[0m[0m id                     = (known after apply)
      [32m+[0m[0m ingress                = (known after apply)
      [32m+[0m[0m name                   = "devops-g3-db-proxy"
      [32m+[0m[0m name_prefix            = (known after apply)
      [32m+[0m[0m owner_id               = (known after apply)
      [32m+[0m[0m region                 = "us-west-1"
      [32m+[0m[0m revoke_rules_on_delete = false
      [32m+[0m[0m tags                   = {
          [32m+[0m[0m "Name" = "devops-g3-db-proxy"
        }
      [32m+[0m[0m tags_all               = {
          [32m+[0m[0m "Name"        = "devops-g3-db-proxy"
          [32m+[0m[0m "capstone"    = "tillflow"
          [32m+[0m[0m "environment" = "dev"
          [32m+[0m[0m "group"       = "devops-g3"
          [32m+[0m[0m "managed-by"  = "terraform"
          [32m+[0m[0m "owner"       = "lwam"
          [32m+[0m[0m "service"     = "platform"
        }
      [32m+[0m[0m vpc_id                 = (known after apply)
    }

[1m  # module.rds.aws_vpc_security_group_egress_rule.proxy_to_db[0m will be created
[0m  [32m+[0m[0m resource "aws_vpc_security_group_egress_rule" "proxy_to_db" {
      [32m+[0m[0m arn                          = (known after apply)
      [32m+[0m[0m description                  = "Proxy to PostgreSQL"
      [32m+[0m[0m from_port                    = 5432
      [32m+[0m[0m id                           = (known after apply)
      [32m+[0m[0m ip_protocol                  = "tcp"
      [32m+[0m[0m referenced_security_group_id = (known after apply)
      [32m+[0m[0m region                       = "us-west-1"
      [32m+[0m[0m security_group_id            = (known after apply)
      [32m+[0m[0m security_group_rule_id       = (known after apply)
      [32m+[0m[0m tags_all                     = {
          [32m+[0m[0m "capstone"    = "tillflow"
          [32m+[0m[0m "environment" = "dev"
          [32m+[0m[0m "group"       = "devops-g3"
          [32m+[0m[0m "managed-by"  = "terraform"
          [32m+[0m[0m "owner"       = "lwam"
          [32m+[0m[0m "service"     = "platform"
        }
      [32m+[0m[0m to_port                      = 5432
    }

[1m  # module.rds.aws_vpc_security_group_ingress_rule.db_from_proxy[0m will be created
[0m  [32m+[0m[0m resource "aws_vpc_security_group_ingress_rule" "db_from_proxy" {
      [32m+[0m[0m arn                          = (known after apply)
      [32m+[0m[0m description                  = "PostgreSQL from RDS Proxy only"
      [32m+[0m[0m from_port                    = 5432
      [32m+[0m[0m id                           = (known after apply)
      [32m+[0m[0m ip_protocol                  = "tcp"
      [32m+[0m[0m referenced_security_group_id = (known after apply)
      [32m+[0m[0m region                       = "us-west-1"
      [32m+[0m[0m security_group_id            = (known after apply)
      [32m+[0m[0m security_group_rule_id       = (known after apply)
      [32m+[0m[0m tags_all                     = {
          [32m+[0m[0m "capstone"    = "tillflow"
          [32m+[0m[0m "environment" = "dev"
          [32m+[0m[0m "group"       = "devops-g3"
          [32m+[0m[0m "managed-by"  = "terraform"
          [32m+[0m[0m "owner"       = "lwam"
          [32m+[0m[0m "service"     = "platform"
        }
      [32m+[0m[0m to_port                      = 5432
    }

[1m  # module.rds.aws_vpc_security_group_ingress_rule.proxy_from_services["commission"][0m will be created
[0m  [32m+[0m[0m resource "aws_vpc_security_group_ingress_rule" "proxy_from_services" {
      [32m+[0m[0m arn                          = (known after apply)
      [32m+[0m[0m description                  = "PostgreSQL from commission"
      [32m+[0m[0m from_port                    = 5432
      [32m+[0m[0m id                           = (known after apply)
      [32m+[0m[0m ip_protocol                  = "tcp"
      [32m+[0m[0m referenced_security_group_id = (known after apply)
      [32m+[0m[0m region                       = "us-west-1"
      [32m+[0m[0m security_group_id            = (known after apply)
      [32m+[0m[0m security_group_rule_id       = (known after apply)
      [32m+[0m[0m tags_all                     = {
          [32m+[0m[0m "capstone"    = "tillflow"
          [32m+[0m[0m "environment" = "dev"
          [32m+[0m[0m "group"       = "devops-g3"
          [32m+[0m[0m "managed-by"  = "terraform"
          [32m+[0m[0m "owner"       = "lwam"
          [32m+[0m[0m "service"     = "platform"
        }
      [32m+[0m[0m to_port                      = 5432
    }

[1m  # module.rds.aws_vpc_security_group_ingress_rule.proxy_from_services["db-bootstrap"][0m will be created
[0m  [32m+[0m[0m resource "aws_vpc_security_group_ingress_rule" "proxy_from_services" {
      [32m+[0m[0m arn                          = (known after apply)
      [32m+[0m[0m description                  = "PostgreSQL from db-bootstrap"
      [32m+[0m[0m from_port                    = 5432
      [32m+[0m[0m id                           = (known after apply)
      [32m+[0m[0m ip_protocol                  = "tcp"
      [32m+[0m[0m referenced_security_group_id = (known after apply)
      [32m+[0m[0m region                       = "us-west-1"
      [32m+[0m[0m security_group_id            = (known after apply)
      [32m+[0m[0m security_group_rule_id       = (known after apply)
      [32m+[0m[0m tags_all                     = {
          [32m+[0m[0m "capstone"    = "tillflow"
          [32m+[0m[0m "environment" = "dev"
          [32m+[0m[0m "group"       = "devops-g3"
          [32m+[0m[0m "managed-by"  = "terraform"
          [32m+[0m[0m "owner"       = "lwam"
          [32m+[0m[0m "service"     = "platform"
        }
      [32m+[0m[0m to_port                      = 5432
    }

[1m  # module.rds.aws_vpc_security_group_ingress_rule.proxy_from_services["payments"][0m will be created
[0m  [32m+[0m[0m resource "aws_vpc_security_group_ingress_rule" "proxy_from_services" {
      [32m+[0m[0m arn                          = (known after apply)
      [32m+[0m[0m description                  = "PostgreSQL from payments"
      [32m+[0m[0m from_port                    = 5432
      [32m+[0m[0m id                           = (known after apply)
      [32m+[0m[0m ip_protocol                  = "tcp"
      [32m+[0m[0m referenced_security_group_id = (known after apply)
      [32m+[0m[0m region                       = "us-west-1"
      [32m+[0m[0m security_group_id            = (known after apply)
      [32m+[0m[0m security_group_rule_id       = (known after apply)
      [32m+[0m[0m tags_all                     = {
          [32m+[0m[0m "capstone"    = "tillflow"
          [32m+[0m[0m "environment" = "dev"
          [32m+[0m[0m "group"       = "devops-g3"
          [32m+[0m[0m "managed-by"  = "terraform"
          [32m+[0m[0m "owner"       = "lwam"
          [32m+[0m[0m "service"     = "platform"
        }
      [32m+[0m[0m to_port                      = 5432
    }

[1m  # module.rds.aws_vpc_security_group_ingress_rule.proxy_from_services["pos"][0m will be created
[0m  [32m+[0m[0m resource "aws_vpc_security_group_ingress_rule" "proxy_from_services" {
      [32m+[0m[0m arn                          = (known after apply)
      [32m+[0m[0m description                  = "PostgreSQL from pos"
      [32m+[0m[0m from_port                    = 5432
      [32m+[0m[0m id                           = (known after apply)
      [32m+[0m[0m ip_protocol                  = "tcp"
      [32m+[0m[0m referenced_security_group_id = (known after apply)
      [32m+[0m[0m region                       = "us-west-1"
      [32m+[0m[0m security_group_id            = (known after apply)
      [32m+[0m[0m security_group_rule_id       = (known after apply)
      [32m+[0m[0m tags_all                     = {
          [32m+[0m[0m "capstone"    = "tillflow"
          [32m+[0m[0m "environment" = "dev"
          [32m+[0m[0m "group"       = "devops-g3"
          [32m+[0m[0m "managed-by"  = "terraform"
          [32m+[0m[0m "owner"       = "lwam"
          [32m+[0m[0m "service"     = "platform"
        }
      [32m+[0m[0m to_port                      = 5432
    }

[1m  # module.rds.aws_vpc_security_group_ingress_rule.proxy_from_services["web"][0m will be created
[0m  [32m+[0m[0m resource "aws_vpc_security_group_ingress_rule" "proxy_from_services" {
      [32m+[0m[0m arn                          = (known after apply)
      [32m+[0m[0m description                  = "PostgreSQL from web"
      [32m+[0m[0m from_port                    = 5432
      [32m+[0m[0m id                           = (known after apply)
      [32m+[0m[0m ip_protocol                  = "tcp"
      [32m+[0m[0m referenced_security_group_id = (known after apply)
      [32m+[0m[0m region                       = "us-west-1"
      [32m+[0m[0m security_group_id            = (known after apply)
      [32m+[0m[0m security_group_rule_id       = (known after apply)
      [32m+[0m[0m tags_all                     = {
          [32m+[0m[0m "capstone"    = "tillflow"
          [32m+[0m[0m "environment" = "dev"
          [32m+[0m[0m "group"       = "devops-g3"
          [32m+[0m[0m "managed-by"  = "terraform"
          [32m+[0m[0m "owner"       = "lwam"
          [32m+[0m[0m "service"     = "platform"
        }
      [32m+[0m[0m to_port                      = 5432
    }

[1m  # module.redis.aws_elasticache_replication_group.this[0m will be created
[0m  [32m+[0m[0m resource "aws_elasticache_replication_group" "this" {
      [32m+[0m[0m apply_immediately              = true
      [32m+[0m[0m arn                            = (known after apply)
      [32m+[0m[0m at_rest_encryption_enabled     = "true"
      [32m+[0m[0m auth_token_wo                  = (write-only attribute)
      [32m+[0m[0m auto_minor_version_upgrade     = (known after apply)
      [32m+[0m[0m automatic_failover_enabled     = false
      [32m+[0m[0m cluster_enabled                = (known after apply)
      [32m+[0m[0m cluster_mode                   = (known after apply)
      [32m+[0m[0m configuration_endpoint_address = (known after apply)
      [32m+[0m[0m data_tiering_enabled           = (known after apply)
      [32m+[0m[0m description                    = "TillFlow cache-aside (ADR-002)"
      [32m+[0m[0m durability                     = (known after apply)
      [32m+[0m[0m engine                         = "valkey"
      [32m+[0m[0m engine_version                 = "7.2"
      [32m+[0m[0m engine_version_actual          = (known after apply)
      [32m+[0m[0m global_replication_group_id    = (known after apply)
      [32m+[0m[0m id                             = (known after apply)
      [32m+[0m[0m ip_discovery                   = (known after apply)
      [32m+[0m[0m kms_key_id                     = "arn:aws:kms:us-west-1:240462142849:key/90e2806f-72c0-4b51-ae60-8cc9436bdfe0"
      [32m+[0m[0m maintenance_window             = "sun:05:30-sun:06:30"
      [32m+[0m[0m member_clusters                = (known after apply)
      [32m+[0m[0m multi_az_enabled               = false
      [32m+[0m[0m network_type                   = (known after apply)
      [32m+[0m[0m node_type                      = "cache.t4g.micro"
      [32m+[0m[0m num_cache_clusters             = 1
      [32m+[0m[0m num_node_groups                = (known after apply)
      [32m+[0m[0m parameter_group_name           = (known after apply)
      [32m+[0m[0m port                           = 6379
      [32m+[0m[0m primary_endpoint_address       = (known after apply)
      [32m+[0m[0m reader_endpoint_address        = (known after apply)
      [32m+[0m[0m region                         = "us-west-1"
      [32m+[0m[0m replicas_per_node_group        = (known after apply)
      [32m+[0m[0m replication_group_id           = "devops-g3-cache"
      [32m+[0m[0m security_group_ids             = (known after apply)
      [32m+[0m[0m security_group_names           = (known after apply)
      [32m+[0m[0m snapshot_retention_limit       = 0
      [32m+[0m[0m snapshot_window                = (known after apply)
      [32m+[0m[0m subnet_group_name              = "devops-g3-cache"
      [32m+[0m[0m tags                           = {
          [32m+[0m[0m "Name" = "devops-g3-cache"
        }
      [32m+[0m[0m tags_all                       = {
          [32m+[0m[0m "Name"        = "devops-g3-cache"
          [32m+[0m[0m "capstone"    = "tillflow"
          [32m+[0m[0m "environment" = "dev"
          [32m+[0m[0m "group"       = "devops-g3"
          [32m+[0m[0m "managed-by"  = "terraform"
          [32m+[0m[0m "owner"       = "lwam"
          [32m+[0m[0m "service"     = "platform"
        }
      [32m+[0m[0m transit_encryption_enabled     = true
      [32m+[0m[0m transit_encryption_mode        = (known after apply)

      [32m+[0m[0m node_group_configuration (known after apply)
    }

[1m  # module.redis.aws_elasticache_subnet_group.this[0m will be created
[0m  [32m+[0m[0m resource "aws_elasticache_subnet_group" "this" {
      [32m+[0m[0m arn         = (known after apply)
      [32m+[0m[0m description = "Managed by Terraform"
      [32m+[0m[0m id          = (known after apply)
      [32m+[0m[0m name        = "devops-g3-cache"
      [32m+[0m[0m region      = "us-west-1"
      [32m+[0m[0m subnet_ids  = (known after apply)
      [32m+[0m[0m tags_all    = {
          [32m+[0m[0m "capstone"    = "tillflow"
          [32m+[0m[0m "environment" = "dev"
          [32m+[0m[0m "group"       = "devops-g3"
          [32m+[0m[0m "managed-by"  = "terraform"
          [32m+[0m[0m "owner"       = "lwam"
          [32m+[0m[0m "service"     = "platform"
        }
      [32m+[0m[0m vpc_id      = (known after apply)
    }

[1m  # module.redis.aws_security_group.this[0m will be created
[0m  [32m+[0m[0m resource "aws_security_group" "this" {
      [32m+[0m[0m arn                    = (known after apply)
      [32m+[0m[0m description            = "Valkey - reachable only from named service security groups"
      [32m+[0m[0m egress                 = (known after apply)
      [32m+[0m[0m id                     = (known after apply)
      [32m+[0m[0m ingress                = (known after apply)
      [32m+[0m[0m name                   = "devops-g3-cache"
      [32m+[0m[0m name_prefix            = (known after apply)
      [32m+[0m[0m owner_id               = (known after apply)
      [32m+[0m[0m region                 = "us-west-1"
      [32m+[0m[0m revoke_rules_on_delete = false
      [32m+[0m[0m tags                   = {
          [32m+[0m[0m "Name" = "devops-g3-cache"
        }
      [32m+[0m[0m tags_all               = {
          [32m+[0m[0m "Name"        = "devops-g3-cache"
          [32m+[0m[0m "capstone"    = "tillflow"
          [32m+[0m[0m "environment" = "dev"
          [32m+[0m[0m "group"       = "devops-g3"
          [32m+[0m[0m "managed-by"  = "terraform"
          [32m+[0m[0m "owner"       = "lwam"
          [32m+[0m[0m "service"     = "platform"
        }
      [32m+[0m[0m vpc_id                 = (known after apply)
    }

[1m  # module.redis.aws_vpc_security_group_ingress_rule.from_services["commission"][0m will be created
[0m  [32m+[0m[0m resource "aws_vpc_security_group_ingress_rule" "from_services" {
      [32m+[0m[0m arn                          = (known after apply)
      [32m+[0m[0m description                  = "Valkey from commission"
      [32m+[0m[0m from_port                    = 6379
      [32m+[0m[0m id                           = (known after apply)
      [32m+[0m[0m ip_protocol                  = "tcp"
      [32m+[0m[0m referenced_security_group_id = (known after apply)
      [32m+[0m[0m region                       = "us-west-1"
      [32m+[0m[0m security_group_id            = (known after apply)
      [32m+[0m[0m security_group_rule_id       = (known after apply)
      [32m+[0m[0m tags_all                     = {
          [32m+[0m[0m "capstone"    = "tillflow"
          [32m+[0m[0m "environment" = "dev"
          [32m+[0m[0m "group"       = "devops-g3"
          [32m+[0m[0m "managed-by"  = "terraform"
          [32m+[0m[0m "owner"       = "lwam"
          [32m+[0m[0m "service"     = "platform"
        }
      [32m+[0m[0m to_port                      = 6379
    }

[1m  # module.redis.aws_vpc_security_group_ingress_rule.from_services["payments"][0m will be created
[0m  [32m+[0m[0m resource "aws_vpc_security_group_ingress_rule" "from_services" {
      [32m+[0m[0m arn                          = (known after apply)
      [32m+[0m[0m description                  = "Valkey from payments"
      [32m+[0m[0m from_port                    = 6379
      [32m+[0m[0m id                           = (known after apply)
      [32m+[0m[0m ip_protocol                  = "tcp"
      [32m+[0m[0m referenced_security_group_id = (known after apply)
      [32m+[0m[0m region                       = "us-west-1"
      [32m+[0m[0m security_group_id            = (known after apply)
      [32m+[0m[0m security_group_rule_id       = (known after apply)
      [32m+[0m[0m tags_all                     = {
          [32m+[0m[0m "capstone"    = "tillflow"
          [32m+[0m[0m "environment" = "dev"
          [32m+[0m[0m "group"       = "devops-g3"
          [32m+[0m[0m "managed-by"  = "terraform"
          [32m+[0m[0m "owner"       = "lwam"
          [32m+[0m[0m "service"     = "platform"
        }
      [32m+[0m[0m to_port                      = 6379
    }

[1m  # module.redis.aws_vpc_security_group_ingress_rule.from_services["pos"][0m will be created
[0m  [32m+[0m[0m resource "aws_vpc_security_group_ingress_rule" "from_services" {
      [32m+[0m[0m arn                          = (known after apply)
      [32m+[0m[0m description                  = "Valkey from pos"
      [32m+[0m[0m from_port                    = 6379
      [32m+[0m[0m id                           = (known after apply)
      [32m+[0m[0m ip_protocol                  = "tcp"
      [32m+[0m[0m referenced_security_group_id = (known after apply)
      [32m+[0m[0m region                       = "us-west-1"
      [32m+[0m[0m security_group_id            = (known after apply)
      [32m+[0m[0m security_group_rule_id       = (known after apply)
      [32m+[0m[0m tags_all                     = {
          [32m+[0m[0m "capstone"    = "tillflow"
          [32m+[0m[0m "environment" = "dev"
          [32m+[0m[0m "group"       = "devops-g3"
          [32m+[0m[0m "managed-by"  = "terraform"
          [32m+[0m[0m "owner"       = "lwam"
          [32m+[0m[0m "service"     = "platform"
        }
      [32m+[0m[0m to_port                      = 6379
    }

[1m  # module.redis.aws_vpc_security_group_ingress_rule.from_services["web"][0m will be created
[0m  [32m+[0m[0m resource "aws_vpc_security_group_ingress_rule" "from_services" {
      [32m+[0m[0m arn                          = (known after apply)
      [32m+[0m[0m description                  = "Valkey from web"
      [32m+[0m[0m from_port                    = 6379
      [32m+[0m[0m id                           = (known after apply)
      [32m+[0m[0m ip_protocol                  = "tcp"
      [32m+[0m[0m referenced_security_group_id = (known after apply)
      [32m+[0m[0m region                       = "us-west-1"
      [32m+[0m[0m security_group_id            = (known after apply)
      [32m+[0m[0m security_group_rule_id       = (known after apply)
      [32m+[0m[0m tags_all                     = {
          [32m+[0m[0m "capstone"    = "tillflow"
          [32m+[0m[0m "environment" = "dev"
          [32m+[0m[0m "group"       = "devops-g3"
          [32m+[0m[0m "managed-by"  = "terraform"
          [32m+[0m[0m "owner"       = "lwam"
          [32m+[0m[0m "service"     = "platform"
        }
      [32m+[0m[0m to_port                      = 6379
    }

[1m  # module.secrets.aws_secretsmanager_secret.this["daraja"][0m will be updated in-place
[0m  [33m~[0m[0m resource "aws_secretsmanager_secret" "this" {
      [32m+[0m[0m force_overwrite_replica_secret = false
        id                             = "arn:aws:secretsmanager:us-west-1:240462142849:secret:devops-g3/daraja-vDnR06"
        name                           = "devops-g3/daraja"
      [32m+[0m[0m recovery_window_in_days        = 7
        tags                           = {
            "Name" = "devops-g3-daraja"
        }
        [90m# (8 unchanged attributes hidden)[0m[0m
    }

[1m  # module.secrets.aws_secretsmanager_secret.this["db"][0m will be updated in-place
[0m  [33m~[0m[0m resource "aws_secretsmanager_secret" "this" {
      [32m+[0m[0m force_overwrite_replica_secret = false
        id                             = "arn:aws:secretsmanager:us-west-1:240462142849:secret:devops-g3/db-I364XC"
        name                           = "devops-g3/db"
      [32m+[0m[0m recovery_window_in_days        = 7
        tags                           = {
            "Name" = "devops-g3-db"
        }
        [90m# (8 unchanged attributes hidden)[0m[0m
    }

[1m  # module.secrets.aws_secretsmanager_secret.this["db-proxy-commission"][0m will be updated in-place
[0m  [33m~[0m[0m resource "aws_secretsmanager_secret" "this" {
      [32m+[0m[0m force_overwrite_replica_secret = false
        id                             = "arn:aws:secretsmanager:us-west-1:240462142849:secret:devops-g3/db-proxy-commission-O3w8qA"
        name                           = "devops-g3/db-proxy-commission"
      [32m+[0m[0m recovery_window_in_days        = 7
        tags                           = {
            "Name" = "devops-g3-db-proxy-commission"
        }
        [90m# (8 unchanged attributes hidden)[0m[0m
    }

[1m  # module.secrets.aws_secretsmanager_secret.this["db-proxy-payments"][0m will be updated in-place
[0m  [33m~[0m[0m resource "aws_secretsmanager_secret" "this" {
      [32m+[0m[0m force_overwrite_replica_secret = false
        id                             = "arn:aws:secretsmanager:us-west-1:240462142849:secret:devops-g3/db-proxy-payments-H5SL8D"
        name                           = "devops-g3/db-proxy-payments"
      [32m+[0m[0m recovery_window_in_days        = 7
        tags                           = {
            "Name" = "devops-g3-db-proxy-payments"
        }
        [90m# (8 unchanged attributes hidden)[0m[0m
    }

[1m  # module.secrets.aws_secretsmanager_secret.this["db-proxy-pos"][0m will be updated in-place
[0m  [33m~[0m[0m resource "aws_secretsmanager_secret" "this" {
      [32m+[0m[0m force_overwrite_replica_secret = false
        id                             = "arn:aws:secretsmanager:us-west-1:240462142849:secret:devops-g3/db-proxy-pos-L7bCoD"
        name                           = "devops-g3/db-proxy-pos"
      [32m+[0m[0m recovery_window_in_days        = 7
        tags                           = {
            "Name" = "devops-g3-db-proxy-pos"
        }
        [90m# (8 unchanged attributes hidden)[0m[0m
    }

[1m  # module.secrets.aws_secretsmanager_secret.this["db-proxy-web"][0m will be updated in-place
[0m  [33m~[0m[0m resource "aws_secretsmanager_secret" "this" {
      [32m+[0m[0m force_overwrite_replica_secret = false
        id                             = "arn:aws:secretsmanager:us-west-1:240462142849:secret:devops-g3/db-proxy-web-1bqHbE"
        name                           = "devops-g3/db-proxy-web"
      [32m+[0m[0m recovery_window_in_days        = 7
        tags                           = {
            "Name" = "devops-g3-db-proxy-web"
        }
        [90m# (8 unchanged attributes hidden)[0m[0m
    }

[1m  # module.secrets.aws_secretsmanager_secret.this["grafana-admin"][0m will be updated in-place
[0m  [33m~[0m[0m resource "aws_secretsmanager_secret" "this" {
      [32m+[0m[0m force_overwrite_replica_secret = false
        id                             = "arn:aws:secretsmanager:us-west-1:240462142849:secret:devops-g3/grafana-admin-T5XvCb"
        name                           = "devops-g3/grafana-admin"
      [32m+[0m[0m recovery_window_in_days        = 7
        tags                           = {
            "Name" = "devops-g3-grafana-admin"
        }
        [90m# (8 unchanged attributes hidden)[0m[0m
    }

[1m  # module.secrets.aws_secretsmanager_secret.this["slack-webhook"][0m will be updated in-place
[0m  [33m~[0m[0m resource "aws_secretsmanager_secret" "this" {
      [32m+[0m[0m force_overwrite_replica_secret = false
        id                             = "arn:aws:secretsmanager:us-west-1:240462142849:secret:devops-g3/slack-webhook-eunYoR"
        name                           = "devops-g3/slack-webhook"
      [32m+[0m[0m recovery_window_in_days        = 7
        tags                           = {
            "Name" = "devops-g3-slack-webhook"
        }
        [90m# (8 unchanged attributes hidden)[0m[0m
    }

[1m  # module.service["commission"].data.aws_iam_policy_document.task[0m will be read during apply
  # (config refers to values not yet known)
[0m [36m<=[0m[0m data "aws_iam_policy_document" "task" {
      [32m+[0m[0m id            = (known after apply)
      [32m+[0m[0m json          = (known after apply)
      [32m+[0m[0m minified_json = (known after apply)

      [32m+[0m[0m statement {
          [32m+[0m[0m actions   = [
              [32m+[0m[0m "aps:RemoteWrite",
              [32m+[0m[0m "cloudwatch:PutMetricData",
              [32m+[0m[0m "logs:CreateLogStream",
              [32m+[0m[0m "logs:PutLogEvents",
              [32m+[0m[0m "xray:GetSamplingRules",
              [32m+[0m[0m "xray:GetSamplingTargets",
              [32m+[0m[0m "xray:PutTelemetryRecords",
              [32m+[0m[0m "xray:PutTraceSegments",
            ]
          [32m+[0m[0m resources = [
              [32m+[0m[0m (known after apply),
            ]
          [32m+[0m[0m sid       = "Telemetry"
        }
      [32m+[0m[0m statement {
          [32m+[0m[0m actions   = [
              [32m+[0m[0m "ssmmessages:CreateControlChannel",
              [32m+[0m[0m "ssmmessages:CreateDataChannel",
              [32m+[0m[0m "ssmmessages:OpenControlChannel",
              [32m+[0m[0m "ssmmessages:OpenDataChannel",
            ]
          [32m+[0m[0m resources = [
              [32m+[0m[0m "*",
            ]
          [32m+[0m[0m sid       = "ExecCommand"
        }
      [32m+[0m[0m statement {
          [32m+[0m[0m actions   = [
              [32m+[0m[0m "secretsmanager:GetSecretValue",
            ]
          [32m+[0m[0m resources = [
              [32m+[0m[0m "arn:aws:secretsmanager:us-west-1:240462142849:secret:devops-g3/db-I364XC",
            ]
          [32m+[0m[0m sid       = "ReadOwnSecrets"
        }
      [32m+[0m[0m statement {
          [32m+[0m[0m actions   = [
              [32m+[0m[0m "sqs:GetQueueAttributes",
              [32m+[0m[0m "sqs:GetQueueUrl",
              [32m+[0m[0m "sqs:SendMessage",
            ]
          [32m+[0m[0m resources = [
              [32m+[0m[0m (known after apply),
            ]
          [32m+[0m[0m sid       = "SqsSend"
        }
      [32m+[0m[0m statement {
          [32m+[0m[0m actions   = [
              [32m+[0m[0m "kms:Decrypt",
              [32m+[0m[0m "kms:GenerateDataKey",
            ]
          [32m+[0m[0m resources = [
              [32m+[0m[0m "arn:aws:kms:us-west-1:240462142849:key/90e2806f-72c0-4b51-ae60-8cc9436bdfe0",
            ]
          [32m+[0m[0m sid       = "DecryptWithSharedKey"
        }
    }

[1m  # module.service["commission"].aws_ecs_service.this[0m will be created
[0m  [32m+[0m[0m resource "aws_ecs_service" "this" {
      [32m+[0m[0m arn                                = (known after apply)
      [32m+[0m[0m availability_zone_rebalancing      = (known after apply)
      [32m+[0m[0m cluster                            = (known after apply)
      [32m+[0m[0m deployment_maximum_percent         = 200
      [32m+[0m[0m deployment_minimum_healthy_percent = 100
      [32m+[0m[0m desired_count                      = 0
      [32m+[0m[0m enable_ecs_managed_tags            = false
      [32m+[0m[0m enable_execute_command             = true
      [32m+[0m[0m iam_role                           = (known after apply)
      [32m+[0m[0m id                                 = (known after apply)
      [32m+[0m[0m launch_type                        = "FARGATE"
      [32m+[0m[0m name                               = "devops-g3-commission"
      [32m+[0m[0m platform_version                   = (known after apply)
      [32m+[0m[0m region                             = "us-west-1"
      [32m+[0m[0m scheduling_strategy                = "REPLICA"
      [32m+[0m[0m tags                               = {
          [32m+[0m[0m "Name"    = "devops-g3-commission"
          [32m+[0m[0m "service" = "commission"
        }
      [32m+[0m[0m tags_all                           = {
          [32m+[0m[0m "Name"        = "devops-g3-commission"
          [32m+[0m[0m "capstone"    = "tillflow"
          [32m+[0m[0m "environment" = "dev"
          [32m+[0m[0m "group"       = "devops-g3"
          [32m+[0m[0m "managed-by"  = "terraform"
          [32m+[0m[0m "owner"       = "lwam"
          [32m+[0m[0m "service"     = "commission"
        }
      [32m+[0m[0m task_definition                    = (known after apply)
      [32m+[0m[0m triggers                           = (known after apply)
      [32m+[0m[0m wait_for_steady_state              = false

      [32m+[0m[0m deployment_circuit_breaker {
          [32m+[0m[0m enable   = true
          [32m+[0m[0m rollback = true
        }

      [32m+[0m[0m deployment_configuration (known after apply)

      [32m+[0m[0m network_configuration {
          [32m+[0m[0m assign_public_ip = false
          [32m+[0m[0m security_groups  = (known after apply)
          [32m+[0m[0m subnets          = (known after apply)
        }

      [32m+[0m[0m service_connect_configuration {
          [32m+[0m[0m enabled   = true
          [32m+[0m[0m namespace = (known after apply)

          [32m+[0m[0m log_configuration {
              [32m+[0m[0m log_driver = "awslogs"
              [32m+[0m[0m options    = {
                  [32m+[0m[0m "awslogs-group"         = "/devops-g3/commission"
                  [32m+[0m[0m "awslogs-region"        = "us-west-1"
                  [32m+[0m[0m "awslogs-stream-prefix" = "service-connect"
                }
            }

          [32m+[0m[0m service {
              [32m+[0m[0m discovery_name = "commission"
              [32m+[0m[0m port_name      = "commission-http"

              [32m+[0m[0m client_alias {
                  [32m+[0m[0m dns_name = "commission"
                  [32m+[0m[0m port     = 8080
                }
            }
        }
    }

[1m  # module.service["commission"].aws_ecs_task_definition.this[0m will be created
[0m  [32m+[0m[0m resource "aws_ecs_task_definition" "this" {
      [32m+[0m[0m arn                      = (known after apply)
      [32m+[0m[0m arn_without_revision     = (known after apply)
      [32m+[0m[0m container_definitions    = (known after apply)
      [32m+[0m[0m cpu                      = "512"
      [32m+[0m[0m enable_fault_injection   = (known after apply)
      [32m+[0m[0m execution_role_arn       = (known after apply)
      [32m+[0m[0m family                   = "devops-g3-commission"
      [32m+[0m[0m id                       = (known after apply)
      [32m+[0m[0m memory                   = "1024"
      [32m+[0m[0m network_mode             = "awsvpc"
      [32m+[0m[0m region                   = "us-west-1"
      [32m+[0m[0m requires_compatibilities = [
          [32m+[0m[0m "FARGATE",
        ]
      [32m+[0m[0m revision                 = (known after apply)
      [32m+[0m[0m skip_destroy             = false
      [32m+[0m[0m tags                     = {
          [32m+[0m[0m "Name"    = "devops-g3-commission"
          [32m+[0m[0m "service" = "commission"
        }
      [32m+[0m[0m tags_all                 = {
          [32m+[0m[0m "Name"        = "devops-g3-commission"
          [32m+[0m[0m "capstone"    = "tillflow"
          [32m+[0m[0m "environment" = "dev"
          [32m+[0m[0m "group"       = "devops-g3"
          [32m+[0m[0m "managed-by"  = "terraform"
          [32m+[0m[0m "owner"       = "lwam"
          [32m+[0m[0m "service"     = "commission"
        }
      [32m+[0m[0m task_role_arn            = (known after apply)
      [32m+[0m[0m track_latest             = false

      [32m+[0m[0m runtime_platform {
          [32m+[0m[0m cpu_architecture        = "ARM64"
          [32m+[0m[0m operating_system_family = "LINUX"
        }

      [32m+[0m[0m volume {
          [32m+[0m[0m configure_at_launch = (known after apply)
          [32m+[0m[0m name                = "tmp"
            [90m# (1 unchanged attribute hidden)[0m[0m
        }
    }

[1m  # module.service["commission"].aws_iam_role.task[0m will be created
[0m  [32m+[0m[0m resource "aws_iam_role" "task" {
      [32m+[0m[0m arn                   = (known after apply)
      [32m+[0m[0m assume_role_policy    = jsonencode(
            {
              [32m+[0m[0m Statement = [
                  [32m+[0m[0m {
                      [32m+[0m[0m Action    = "sts:AssumeRole"
                      [32m+[0m[0m Condition = {
                          [32m+[0m[0m StringEquals = {
                              [32m+[0m[0m "aws:SourceAccount" = "240462142849"
                            }
                        }
                      [32m+[0m[0m Effect    = "Allow"
                      [32m+[0m[0m Principal = {
                          [32m+[0m[0m Service = "ecs-tasks.amazonaws.com"
                        }
                    },
                ]
              [32m+[0m[0m Version   = "2012-10-17"
            }
        )
      [32m+[0m[0m create_date           = (known after apply)
      [32m+[0m[0m description           = "Task role for commission"
      [32m+[0m[0m force_detach_policies = false
      [32m+[0m[0m id                    = (known after apply)
      [32m+[0m[0m managed_policy_arns   = (known after apply)
      [32m+[0m[0m max_session_duration  = 3600
      [32m+[0m[0m name                  = "devops-g3-commission-task"
      [32m+[0m[0m name_prefix           = (known after apply)
      [32m+[0m[0m path                  = "/"
      [32m+[0m[0m tags                  = {
          [32m+[0m[0m "Name"    = "devops-g3-commission-task"
          [32m+[0m[0m "service" = "commission"
        }
      [32m+[0m[0m tags_all              = {
          [32m+[0m[0m "Name"        = "devops-g3-commission-task"
          [32m+[0m[0m "capstone"    = "tillflow"
          [32m+[0m[0m "environment" = "dev"
          [32m+[0m[0m "group"       = "devops-g3"
          [32m+[0m[0m "managed-by"  = "terraform"
          [32m+[0m[0m "owner"       = "lwam"
          [32m+[0m[0m "service"     = "commission"
        }
      [32m+[0m[0m unique_id             = (known after apply)

      [32m+[0m[0m inline_policy (known after apply)
    }

[1m  # module.service["commission"].aws_iam_role_policy.task[0m will be created
[0m  [32m+[0m[0m resource "aws_iam_role_policy" "task" {
      [32m+[0m[0m id          = (known after apply)
      [32m+[0m[0m name        = "service-permissions"
      [32m+[0m[0m name_prefix = (known after apply)
      [32m+[0m[0m policy      = (known after apply)
      [32m+[0m[0m role        = (known after apply)
    }

[1m  # module.service["commission"].aws_security_group.this[0m will be created
[0m  [32m+[0m[0m resource "aws_security_group" "this" {
      [32m+[0m[0m arn                    = (known after apply)
      [32m+[0m[0m description            = "commission task"
      [32m+[0m[0m egress                 = (known after apply)
      [32m+[0m[0m id                     = (known after apply)
      [32m+[0m[0m ingress                = (known after apply)
      [32m+[0m[0m name                   = "devops-g3-commission"
      [32m+[0m[0m name_prefix            = (known after apply)
      [32m+[0m[0m owner_id               = (known after apply)
      [32m+[0m[0m region                 = "us-west-1"
      [32m+[0m[0m revoke_rules_on_delete = false
      [32m+[0m[0m tags                   = {
          [32m+[0m[0m "Name"    = "devops-g3-commission"
          [32m+[0m[0m "service" = "commission"
        }
      [32m+[0m[0m tags_all               = {
          [32m+[0m[0m "Name"        = "devops-g3-commission"
          [32m+[0m[0m "capstone"    = "tillflow"
          [32m+[0m[0m "environment" = "dev"
          [32m+[0m[0m "group"       = "devops-g3"
          [32m+[0m[0m "managed-by"  = "terraform"
          [32m+[0m[0m "owner"       = "lwam"
          [32m+[0m[0m "service"     = "commission"
        }
      [32m+[0m[0m vpc_id                 = (known after apply)
    }

[1m  # module.service["commission"].aws_vpc_security_group_egress_rule.in_vpc[0m will be created
[0m  [32m+[0m[0m resource "aws_vpc_security_group_egress_rule" "in_vpc" {
      [32m+[0m[0m arn                    = (known after apply)
      [32m+[0m[0m cidr_ipv4              = "10.20.0.0/16"
      [32m+[0m[0m description            = "In-VPC egress (VPC endpoints, RDS Proxy, cache, Service Connect peers)"
      [32m+[0m[0m id                     = (known after apply)
      [32m+[0m[0m ip_protocol            = "-1"
      [32m+[0m[0m region                 = "us-west-1"
      [32m+[0m[0m security_group_id      = (known after apply)
      [32m+[0m[0m security_group_rule_id = (known after apply)
      [32m+[0m[0m tags_all               = {
          [32m+[0m[0m "capstone"    = "tillflow"
          [32m+[0m[0m "environment" = "dev"
          [32m+[0m[0m "group"       = "devops-g3"
          [32m+[0m[0m "managed-by"  = "terraform"
          [32m+[0m[0m "owner"       = "lwam"
          [32m+[0m[0m "service"     = "platform"
        }
    }

[1m  # module.service["commission"].aws_vpc_security_group_egress_rule.s3_gateway_https[0m will be created
[0m  [32m+[0m[0m resource "aws_vpc_security_group_egress_rule" "s3_gateway_https" {
      [32m+[0m[0m arn                    = (known after apply)
      [32m+[0m[0m description            = "HTTPS to S3 gateway endpoint for ECR image layers"
      [32m+[0m[0m from_port              = 443
      [32m+[0m[0m id                     = (known after apply)
      [32m+[0m[0m ip_protocol            = "tcp"
      [32m+[0m[0m prefix_list_id         = "pl-6ba54002"
      [32m+[0m[0m region                 = "us-west-1"
      [32m+[0m[0m security_group_id      = (known after apply)
      [32m+[0m[0m security_group_rule_id = (known after apply)
      [32m+[0m[0m tags_all               = {
          [32m+[0m[0m "capstone"    = "tillflow"
          [32m+[0m[0m "environment" = "dev"
          [32m+[0m[0m "group"       = "devops-g3"
          [32m+[0m[0m "managed-by"  = "terraform"
          [32m+[0m[0m "owner"       = "lwam"
          [32m+[0m[0m "service"     = "platform"
        }
      [32m+[0m[0m to_port                = 443
    }

[1m  # module.service["payments"].data.aws_iam_policy_document.task[0m will be read during apply
  # (config refers to values not yet known)
[0m [36m<=[0m[0m data "aws_iam_policy_document" "task" {
      [32m+[0m[0m id            = (known after apply)
      [32m+[0m[0m json          = (known after apply)
      [32m+[0m[0m minified_json = (known after apply)

      [32m+[0m[0m statement {
          [32m+[0m[0m actions   = [
              [32m+[0m[0m "aps:RemoteWrite",
              [32m+[0m[0m "cloudwatch:PutMetricData",
              [32m+[0m[0m "logs:CreateLogStream",
              [32m+[0m[0m "logs:PutLogEvents",
              [32m+[0m[0m "xray:GetSamplingRules",
              [32m+[0m[0m "xray:GetSamplingTargets",
              [32m+[0m[0m "xray:PutTelemetryRecords",
              [32m+[0m[0m "xray:PutTraceSegments",
            ]
          [32m+[0m[0m resources = [
              [32m+[0m[0m (known after apply),
            ]
          [32m+[0m[0m sid       = "Telemetry"
        }
      [32m+[0m[0m statement {
          [32m+[0m[0m actions   = [
              [32m+[0m[0m "ssmmessages:CreateControlChannel",
              [32m+[0m[0m "ssmmessages:CreateDataChannel",
              [32m+[0m[0m "ssmmessages:OpenControlChannel",
              [32m+[0m[0m "ssmmessages:OpenDataChannel",
            ]
          [32m+[0m[0m resources = [
              [32m+[0m[0m "*",
            ]
          [32m+[0m[0m sid       = "ExecCommand"
        }
      [32m+[0m[0m statement {
          [32m+[0m[0m actions   = [
              [32m+[0m[0m "secretsmanager:GetSecretValue",
            ]
          [32m+[0m[0m resources = [
              [32m+[0m[0m "arn:aws:secretsmanager:us-west-1:240462142849:secret:devops-g3/daraja-vDnR06",
              [32m+[0m[0m "arn:aws:secretsmanager:us-west-1:240462142849:secret:devops-g3/db-I364XC",
            ]
          [32m+[0m[0m sid       = "ReadOwnSecrets"
        }
      [32m+[0m[0m statement {
          [32m+[0m[0m actions   = [
              [32m+[0m[0m "sqs:GetQueueAttributes",
              [32m+[0m[0m "sqs:GetQueueUrl",
              [32m+[0m[0m "sqs:SendMessage",
            ]
          [32m+[0m[0m resources = [
              [32m+[0m[0m (known after apply),
            ]
          [32m+[0m[0m sid       = "SqsSend"
        }
      [32m+[0m[0m statement {
          [32m+[0m[0m actions   = [
              [32m+[0m[0m "sqs:ChangeMessageVisibility",
              [32m+[0m[0m "sqs:DeleteMessage",
              [32m+[0m[0m "sqs:GetQueueAttributes",
              [32m+[0m[0m "sqs:GetQueueUrl",
              [32m+[0m[0m "sqs:ReceiveMessage",
            ]
          [32m+[0m[0m resources = [
              [32m+[0m[0m (known after apply),
              [32m+[0m[0m (known after apply),
            ]
          [32m+[0m[0m sid       = "SqsConsume"
        }
      [32m+[0m[0m statement {
          [32m+[0m[0m actions   = [
              [32m+[0m[0m "kms:Decrypt",
              [32m+[0m[0m "kms:GenerateDataKey",
            ]
          [32m+[0m[0m resources = [
              [32m+[0m[0m "arn:aws:kms:us-west-1:240462142849:key/90e2806f-72c0-4b51-ae60-8cc9436bdfe0",
            ]
          [32m+[0m[0m sid       = "DecryptWithSharedKey"
        }
    }

[1m  # module.service["payments"].aws_ecs_service.this[0m will be created
[0m  [32m+[0m[0m resource "aws_ecs_service" "this" {
      [32m+[0m[0m arn                                = (known after apply)
      [32m+[0m[0m availability_zone_rebalancing      = (known after apply)
      [32m+[0m[0m cluster                            = (known after apply)
      [32m+[0m[0m deployment_maximum_percent         = 200
      [32m+[0m[0m deployment_minimum_healthy_percent = 100
      [32m+[0m[0m desired_count                      = 0
      [32m+[0m[0m enable_ecs_managed_tags            = false
      [32m+[0m[0m enable_execute_command             = true
      [32m+[0m[0m health_check_grace_period_seconds  = 60
      [32m+[0m[0m iam_role                           = (known after apply)
      [32m+[0m[0m id                                 = (known after apply)
      [32m+[0m[0m launch_type                        = "FARGATE"
      [32m+[0m[0m name                               = "devops-g3-payments"
      [32m+[0m[0m platform_version                   = (known after apply)
      [32m+[0m[0m region                             = "us-west-1"
      [32m+[0m[0m scheduling_strategy                = "REPLICA"
      [32m+[0m[0m tags                               = {
          [32m+[0m[0m "Name"    = "devops-g3-payments"
          [32m+[0m[0m "service" = "payments"
        }
      [32m+[0m[0m tags_all                           = {
          [32m+[0m[0m "Name"        = "devops-g3-payments"
          [32m+[0m[0m "capstone"    = "tillflow"
          [32m+[0m[0m "environment" = "dev"
          [32m+[0m[0m "group"       = "devops-g3"
          [32m+[0m[0m "managed-by"  = "terraform"
          [32m+[0m[0m "owner"       = "lwam"
          [32m+[0m[0m "service"     = "payments"
        }
      [32m+[0m[0m task_definition                    = (known after apply)
      [32m+[0m[0m triggers                           = (known after apply)
      [32m+[0m[0m wait_for_steady_state              = false

      [32m+[0m[0m deployment_circuit_breaker {
          [32m+[0m[0m enable   = true
          [32m+[0m[0m rollback = true
        }

      [32m+[0m[0m deployment_configuration (known after apply)

      [32m+[0m[0m load_balancer {
          [32m+[0m[0m container_name   = "payments"
          [32m+[0m[0m container_port   = 8080
          [32m+[0m[0m target_group_arn = (known after apply)
            [90m# (1 unchanged attribute hidden)[0m[0m
        }

      [32m+[0m[0m network_configuration {
          [32m+[0m[0m assign_public_ip = false
          [32m+[0m[0m security_groups  = (known after apply)
          [32m+[0m[0m subnets          = (known after apply)
        }

      [32m+[0m[0m service_connect_configuration {
          [32m+[0m[0m enabled   = true
          [32m+[0m[0m namespace = (known after apply)

          [32m+[0m[0m log_configuration {
              [32m+[0m[0m log_driver = "awslogs"
              [32m+[0m[0m options    = {
                  [32m+[0m[0m "awslogs-group"         = "/devops-g3/payments"
                  [32m+[0m[0m "awslogs-region"        = "us-west-1"
                  [32m+[0m[0m "awslogs-stream-prefix" = "service-connect"
                }
            }

          [32m+[0m[0m service {
              [32m+[0m[0m discovery_name = "payments"
              [32m+[0m[0m port_name      = "payments-http"

              [32m+[0m[0m client_alias {
                  [32m+[0m[0m dns_name = "payments"
                  [32m+[0m[0m port     = 8080
                }
            }
        }
    }

[1m  # module.service["payments"].aws_ecs_task_definition.this[0m will be created
[0m  [32m+[0m[0m resource "aws_ecs_task_definition" "this" {
      [32m+[0m[0m arn                      = (known after apply)
      [32m+[0m[0m arn_without_revision     = (known after apply)
      [32m+[0m[0m container_definitions    = (known after apply)
      [32m+[0m[0m cpu                      = "1024"
      [32m+[0m[0m enable_fault_injection   = (known after apply)
      [32m+[0m[0m execution_role_arn       = (known after apply)
      [32m+[0m[0m family                   = "devops-g3-payments"
      [32m+[0m[0m id                       = (known after apply)
      [32m+[0m[0m memory                   = "2048"
      [32m+[0m[0m network_mode             = "awsvpc"
      [32m+[0m[0m region                   = "us-west-1"
      [32m+[0m[0m requires_compatibilities = [
          [32m+[0m[0m "FARGATE",
        ]
      [32m+[0m[0m revision                 = (known after apply)
      [32m+[0m[0m skip_destroy             = false
      [32m+[0m[0m tags                     = {
          [32m+[0m[0m "Name"    = "devops-g3-payments"
          [32m+[0m[0m "service" = "payments"
        }
      [32m+[0m[0m tags_all                 = {
          [32m+[0m[0m "Name"        = "devops-g3-payments"
          [32m+[0m[0m "capstone"    = "tillflow"
          [32m+[0m[0m "environment" = "dev"
          [32m+[0m[0m "group"       = "devops-g3"
          [32m+[0m[0m "managed-by"  = "terraform"
          [32m+[0m[0m "owner"       = "lwam"
          [32m+[0m[0m "service"     = "payments"
        }
      [32m+[0m[0m task_role_arn            = (known after apply)
      [32m+[0m[0m track_latest             = false

      [32m+[0m[0m runtime_platform {
          [32m+[0m[0m cpu_architecture        = "ARM64"
          [32m+[0m[0m operating_system_family = "LINUX"
        }

      [32m+[0m[0m volume {
          [32m+[0m[0m configure_at_launch = (known after apply)
          [32m+[0m[0m name                = "tmp"
            [90m# (1 unchanged attribute hidden)[0m[0m
        }
    }

[1m  # module.service["payments"].aws_iam_role.task[0m will be created
[0m  [32m+[0m[0m resource "aws_iam_role" "task" {
      [32m+[0m[0m arn                   = (known after apply)
      [32m+[0m[0m assume_role_policy    = jsonencode(
            {
              [32m+[0m[0m Statement = [
                  [32m+[0m[0m {
                      [32m+[0m[0m Action    = "sts:AssumeRole"
                      [32m+[0m[0m Condition = {
                          [32m+[0m[0m StringEquals = {
                              [32m+[0m[0m "aws:SourceAccount" = "240462142849"
                            }
                        }
                      [32m+[0m[0m Effect    = "Allow"
                      [32m+[0m[0m Principal = {
                          [32m+[0m[0m Service = "ecs-tasks.amazonaws.com"
                        }
                    },
                ]
              [32m+[0m[0m Version   = "2012-10-17"
            }
        )
      [32m+[0m[0m create_date           = (known after apply)
      [32m+[0m[0m description           = "Task role for payments"
      [32m+[0m[0m force_detach_policies = false
      [32m+[0m[0m id                    = (known after apply)
      [32m+[0m[0m managed_policy_arns   = (known after apply)
      [32m+[0m[0m max_session_duration  = 3600
      [32m+[0m[0m name                  = "devops-g3-payments-task"
      [32m+[0m[0m name_prefix           = (known after apply)
      [32m+[0m[0m path                  = "/"
      [32m+[0m[0m tags                  = {
          [32m+[0m[0m "Name"    = "devops-g3-payments-task"
          [32m+[0m[0m "service" = "payments"
        }
      [32m+[0m[0m tags_all              = {
          [32m+[0m[0m "Name"        = "devops-g3-payments-task"
          [32m+[0m[0m "capstone"    = "tillflow"
          [32m+[0m[0m "environment" = "dev"
          [32m+[0m[0m "group"       = "devops-g3"
          [32m+[0m[0m "managed-by"  = "terraform"
          [32m+[0m[0m "owner"       = "lwam"
          [32m+[0m[0m "service"     = "payments"
        }
      [32m+[0m[0m unique_id             = (known after apply)

      [32m+[0m[0m inline_policy (known after apply)
    }

[1m  # module.service["payments"].aws_iam_role_policy.task[0m will be created
[0m  [32m+[0m[0m resource "aws_iam_role_policy" "task" {
      [32m+[0m[0m id          = (known after apply)
      [32m+[0m[0m name        = "service-permissions"
      [32m+[0m[0m name_prefix = (known after apply)
      [32m+[0m[0m policy      = (known after apply)
      [32m+[0m[0m role        = (known after apply)
    }

[1m  # module.service["payments"].aws_security_group.this[0m will be created
[0m  [32m+[0m[0m resource "aws_security_group" "this" {
      [32m+[0m[0m arn                    = (known after apply)
      [32m+[0m[0m description            = "payments task"
      [32m+[0m[0m egress                 = (known after apply)
      [32m+[0m[0m id                     = (known after apply)
      [32m+[0m[0m ingress                = (known after apply)
      [32m+[0m[0m name                   = "devops-g3-payments"
      [32m+[0m[0m name_prefix            = (known after apply)
      [32m+[0m[0m owner_id               = (known after apply)
      [32m+[0m[0m region                 = "us-west-1"
      [32m+[0m[0m revoke_rules_on_delete = false
      [32m+[0m[0m tags                   = {
          [32m+[0m[0m "Name"    = "devops-g3-payments"
          [32m+[0m[0m "service" = "payments"
        }
      [32m+[0m[0m tags_all               = {
          [32m+[0m[0m "Name"        = "devops-g3-payments"
          [32m+[0m[0m "capstone"    = "tillflow"
          [32m+[0m[0m "environment" = "dev"
          [32m+[0m[0m "group"       = "devops-g3"
          [32m+[0m[0m "managed-by"  = "terraform"
          [32m+[0m[0m "owner"       = "lwam"
          [32m+[0m[0m "service"     = "payments"
        }
      [32m+[0m[0m vpc_id                 = (known after apply)
    }

[1m  # module.service["payments"].aws_vpc_security_group_egress_rule.in_vpc[0m will be created
[0m  [32m+[0m[0m resource "aws_vpc_security_group_egress_rule" "in_vpc" {
      [32m+[0m[0m arn                    = (known after apply)
      [32m+[0m[0m cidr_ipv4              = "10.20.0.0/16"
      [32m+[0m[0m description            = "In-VPC egress (VPC endpoints, RDS Proxy, cache, Service Connect peers)"
      [32m+[0m[0m id                     = (known after apply)
      [32m+[0m[0m ip_protocol            = "-1"
      [32m+[0m[0m region                 = "us-west-1"
      [32m+[0m[0m security_group_id      = (known after apply)
      [32m+[0m[0m security_group_rule_id = (known after apply)
      [32m+[0m[0m tags_all               = {
          [32m+[0m[0m "capstone"    = "tillflow"
          [32m+[0m[0m "environment" = "dev"
          [32m+[0m[0m "group"       = "devops-g3"
          [32m+[0m[0m "managed-by"  = "terraform"
          [32m+[0m[0m "owner"       = "lwam"
          [32m+[0m[0m "service"     = "platform"
        }
    }

[1m  # module.service["payments"].aws_vpc_security_group_egress_rule.internet_https[0][0m will be created
[0m  [32m+[0m[0m resource "aws_vpc_security_group_egress_rule" "internet_https" {
      [32m+[0m[0m arn                    = (known after apply)
      [32m+[0m[0m cidr_ipv4              = "0.0.0.0/0"
      [32m+[0m[0m description            = "HTTPS to any host (AR-7 - hostname filtering is not expressible with SGs)"
      [32m+[0m[0m from_port              = 443
      [32m+[0m[0m id                     = (known after apply)
      [32m+[0m[0m ip_protocol            = "tcp"
      [32m+[0m[0m region                 = "us-west-1"
      [32m+[0m[0m security_group_id      = (known after apply)
      [32m+[0m[0m security_group_rule_id = (known after apply)
      [32m+[0m[0m tags_all               = {
          [32m+[0m[0m "capstone"    = "tillflow"
          [32m+[0m[0m "environment" = "dev"
          [32m+[0m[0m "group"       = "devops-g3"
          [32m+[0m[0m "managed-by"  = "terraform"
          [32m+[0m[0m "owner"       = "lwam"
          [32m+[0m[0m "service"     = "platform"
        }
      [32m+[0m[0m to_port                = 443
    }

[1m  # module.service["payments"].aws_vpc_security_group_egress_rule.s3_gateway_https[0m will be created
[0m  [32m+[0m[0m resource "aws_vpc_security_group_egress_rule" "s3_gateway_https" {
      [32m+[0m[0m arn                    = (known after apply)
      [32m+[0m[0m description            = "HTTPS to S3 gateway endpoint for ECR image layers"
      [32m+[0m[0m from_port              = 443
      [32m+[0m[0m id                     = (known after apply)
      [32m+[0m[0m ip_protocol            = "tcp"
      [32m+[0m[0m prefix_list_id         = "pl-6ba54002"
      [32m+[0m[0m region                 = "us-west-1"
      [32m+[0m[0m security_group_id      = (known after apply)
      [32m+[0m[0m security_group_rule_id = (known after apply)
      [32m+[0m[0m tags_all               = {
          [32m+[0m[0m "capstone"    = "tillflow"
          [32m+[0m[0m "environment" = "dev"
          [32m+[0m[0m "group"       = "devops-g3"
          [32m+[0m[0m "managed-by"  = "terraform"
          [32m+[0m[0m "owner"       = "lwam"
          [32m+[0m[0m "service"     = "platform"
        }
      [32m+[0m[0m to_port                = 443
    }

[1m  # module.service["payments"].aws_vpc_security_group_ingress_rule.from_alb[0][0m will be created
[0m  [32m+[0m[0m resource "aws_vpc_security_group_ingress_rule" "from_alb" {
      [32m+[0m[0m arn                          = (known after apply)
      [32m+[0m[0m description                  = "HTTP from the ALB on this service port only"
      [32m+[0m[0m from_port                    = 8080
      [32m+[0m[0m id                           = (known after apply)
      [32m+[0m[0m ip_protocol                  = "tcp"
      [32m+[0m[0m referenced_security_group_id = (known after apply)
      [32m+[0m[0m region                       = "us-west-1"
      [32m+[0m[0m security_group_id            = (known after apply)
      [32m+[0m[0m security_group_rule_id       = (known after apply)
      [32m+[0m[0m tags_all                     = {
          [32m+[0m[0m "capstone"    = "tillflow"
          [32m+[0m[0m "environment" = "dev"
          [32m+[0m[0m "group"       = "devops-g3"
          [32m+[0m[0m "managed-by"  = "terraform"
          [32m+[0m[0m "owner"       = "lwam"
          [32m+[0m[0m "service"     = "platform"
        }
      [32m+[0m[0m to_port                      = 8080
    }

[1m  # module.service["pos"].data.aws_iam_policy_document.task[0m will be read during apply
  # (config refers to values not yet known)
[0m [36m<=[0m[0m data "aws_iam_policy_document" "task" {
      [32m+[0m[0m id            = (known after apply)
      [32m+[0m[0m json          = (known after apply)
      [32m+[0m[0m minified_json = (known after apply)

      [32m+[0m[0m statement {
          [32m+[0m[0m actions   = [
              [32m+[0m[0m "aps:RemoteWrite",
              [32m+[0m[0m "cloudwatch:PutMetricData",
              [32m+[0m[0m "logs:CreateLogStream",
              [32m+[0m[0m "logs:PutLogEvents",
              [32m+[0m[0m "xray:GetSamplingRules",
              [32m+[0m[0m "xray:GetSamplingTargets",
              [32m+[0m[0m "xray:PutTelemetryRecords",
              [32m+[0m[0m "xray:PutTraceSegments",
            ]
          [32m+[0m[0m resources = [
              [32m+[0m[0m (known after apply),
            ]
          [32m+[0m[0m sid       = "Telemetry"
        }
      [32m+[0m[0m statement {
          [32m+[0m[0m actions   = [
              [32m+[0m[0m "ssmmessages:CreateControlChannel",
              [32m+[0m[0m "ssmmessages:CreateDataChannel",
              [32m+[0m[0m "ssmmessages:OpenControlChannel",
              [32m+[0m[0m "ssmmessages:OpenDataChannel",
            ]
          [32m+[0m[0m resources = [
              [32m+[0m[0m "*",
            ]
          [32m+[0m[0m sid       = "ExecCommand"
        }
      [32m+[0m[0m statement {
          [32m+[0m[0m actions   = [
              [32m+[0m[0m "secretsmanager:GetSecretValue",
            ]
          [32m+[0m[0m resources = [
              [32m+[0m[0m "arn:aws:secretsmanager:us-west-1:240462142849:secret:devops-g3/db-I364XC",
            ]
          [32m+[0m[0m sid       = "ReadOwnSecrets"
        }
      [32m+[0m[0m statement {
          [32m+[0m[0m actions   = [
              [32m+[0m[0m "kms:Decrypt",
              [32m+[0m[0m "kms:GenerateDataKey",
            ]
          [32m+[0m[0m resources = [
              [32m+[0m[0m "arn:aws:kms:us-west-1:240462142849:key/90e2806f-72c0-4b51-ae60-8cc9436bdfe0",
            ]
          [32m+[0m[0m sid       = "DecryptWithSharedKey"
        }
    }

[1m  # module.service["pos"].aws_ecs_service.this[0m will be created
[0m  [32m+[0m[0m resource "aws_ecs_service" "this" {
      [32m+[0m[0m arn                                = (known after apply)
      [32m+[0m[0m availability_zone_rebalancing      = (known after apply)
      [32m+[0m[0m cluster                            = (known after apply)
      [32m+[0m[0m deployment_maximum_percent         = 200
      [32m+[0m[0m deployment_minimum_healthy_percent = 100
      [32m+[0m[0m desired_count                      = 0
      [32m+[0m[0m enable_ecs_managed_tags            = false
      [32m+[0m[0m enable_execute_command             = true
      [32m+[0m[0m health_check_grace_period_seconds  = 60
      [32m+[0m[0m iam_role                           = (known after apply)
      [32m+[0m[0m id                                 = (known after apply)
      [32m+[0m[0m launch_type                        = "FARGATE"
      [32m+[0m[0m name                               = "devops-g3-pos"
      [32m+[0m[0m platform_version                   = (known after apply)
      [32m+[0m[0m region                             = "us-west-1"
      [32m+[0m[0m scheduling_strategy                = "REPLICA"
      [32m+[0m[0m tags                               = {
          [32m+[0m[0m "Name"    = "devops-g3-pos"
          [32m+[0m[0m "service" = "pos"
        }
      [32m+[0m[0m tags_all                           = {
          [32m+[0m[0m "Name"        = "devops-g3-pos"
          [32m+[0m[0m "capstone"    = "tillflow"
          [32m+[0m[0m "environment" = "dev"
          [32m+[0m[0m "group"       = "devops-g3"
          [32m+[0m[0m "managed-by"  = "terraform"
          [32m+[0m[0m "owner"       = "lwam"
          [32m+[0m[0m "service"     = "pos"
        }
      [32m+[0m[0m task_definition                    = (known after apply)
      [32m+[0m[0m triggers                           = (known after apply)
      [32m+[0m[0m wait_for_steady_state              = false

      [32m+[0m[0m deployment_circuit_breaker {
          [32m+[0m[0m enable   = true
          [32m+[0m[0m rollback = true
        }

      [32m+[0m[0m deployment_configuration (known after apply)

      [32m+[0m[0m load_balancer {
          [32m+[0m[0m container_name   = "pos"
          [32m+[0m[0m container_port   = 8080
          [32m+[0m[0m target_group_arn = (known after apply)
            [90m# (1 unchanged attribute hidden)[0m[0m
        }

      [32m+[0m[0m network_configuration {
          [32m+[0m[0m assign_public_ip = false
          [32m+[0m[0m security_groups  = (known after apply)
          [32m+[0m[0m subnets          = (known after apply)
        }

      [32m+[0m[0m service_connect_configuration {
          [32m+[0m[0m enabled   = true
          [32m+[0m[0m namespace = (known after apply)

          [32m+[0m[0m log_configuration {
              [32m+[0m[0m log_driver = "awslogs"
              [32m+[0m[0m options    = {
                  [32m+[0m[0m "awslogs-group"         = "/devops-g3/pos"
                  [32m+[0m[0m "awslogs-region"        = "us-west-1"
                  [32m+[0m[0m "awslogs-stream-prefix" = "service-connect"
                }
            }

          [32m+[0m[0m service {
              [32m+[0m[0m discovery_name = "pos"
              [32m+[0m[0m port_name      = "pos-http"

              [32m+[0m[0m client_alias {
                  [32m+[0m[0m dns_name = "pos"
                  [32m+[0m[0m port     = 8080
                }
            }
        }
    }

[1m  # module.service["pos"].aws_ecs_task_definition.this[0m will be created
[0m  [32m+[0m[0m resource "aws_ecs_task_definition" "this" {
      [32m+[0m[0m arn                      = (known after apply)
      [32m+[0m[0m arn_without_revision     = (known after apply)
      [32m+[0m[0m container_definitions    = (known after apply)
      [32m+[0m[0m cpu                      = "512"
      [32m+[0m[0m enable_fault_injection   = (known after apply)
      [32m+[0m[0m execution_role_arn       = (known after apply)
      [32m+[0m[0m family                   = "devops-g3-pos"
      [32m+[0m[0m id                       = (known after apply)
      [32m+[0m[0m memory                   = "1024"
      [32m+[0m[0m network_mode             = "awsvpc"
      [32m+[0m[0m region                   = "us-west-1"
      [32m+[0m[0m requires_compatibilities = [
          [32m+[0m[0m "FARGATE",
        ]
      [32m+[0m[0m revision                 = (known after apply)
      [32m+[0m[0m skip_destroy             = false
      [32m+[0m[0m tags                     = {
          [32m+[0m[0m "Name"    = "devops-g3-pos"
          [32m+[0m[0m "service" = "pos"
        }
      [32m+[0m[0m tags_all                 = {
          [32m+[0m[0m "Name"        = "devops-g3-pos"
          [32m+[0m[0m "capstone"    = "tillflow"
          [32m+[0m[0m "environment" = "dev"
          [32m+[0m[0m "group"       = "devops-g3"
          [32m+[0m[0m "managed-by"  = "terraform"
          [32m+[0m[0m "owner"       = "lwam"
          [32m+[0m[0m "service"     = "pos"
        }
      [32m+[0m[0m task_role_arn            = (known after apply)
      [32m+[0m[0m track_latest             = false

      [32m+[0m[0m runtime_platform {
          [32m+[0m[0m cpu_architecture        = "ARM64"
          [32m+[0m[0m operating_system_family = "LINUX"
        }

      [32m+[0m[0m volume {
          [32m+[0m[0m configure_at_launch = (known after apply)
          [32m+[0m[0m name                = "tmp"
            [90m# (1 unchanged attribute hidden)[0m[0m
        }
    }

[1m  # module.service["pos"].aws_iam_role.task[0m will be created
[0m  [32m+[0m[0m resource "aws_iam_role" "task" {
      [32m+[0m[0m arn                   = (known after apply)
      [32m+[0m[0m assume_role_policy    = jsonencode(
            {
              [32m+[0m[0m Statement = [
                  [32m+[0m[0m {
                      [32m+[0m[0m Action    = "sts:AssumeRole"
                      [32m+[0m[0m Condition = {
                          [32m+[0m[0m StringEquals = {
                              [32m+[0m[0m "aws:SourceAccount" = "240462142849"
                            }
                        }
                      [32m+[0m[0m Effect    = "Allow"
                      [32m+[0m[0m Principal = {
                          [32m+[0m[0m Service = "ecs-tasks.amazonaws.com"
                        }
                    },
                ]
              [32m+[0m[0m Version   = "2012-10-17"
            }
        )
      [32m+[0m[0m create_date           = (known after apply)
      [32m+[0m[0m description           = "Task role for pos"
      [32m+[0m[0m force_detach_policies = false
      [32m+[0m[0m id                    = (known after apply)
      [32m+[0m[0m managed_policy_arns   = (known after apply)
      [32m+[0m[0m max_session_duration  = 3600
      [32m+[0m[0m name                  = "devops-g3-pos-task"
      [32m+[0m[0m name_prefix           = (known after apply)
      [32m+[0m[0m path                  = "/"
      [32m+[0m[0m tags                  = {
          [32m+[0m[0m "Name"    = "devops-g3-pos-task"
          [32m+[0m[0m "service" = "pos"
        }
      [32m+[0m[0m tags_all              = {
          [32m+[0m[0m "Name"        = "devops-g3-pos-task"
          [32m+[0m[0m "capstone"    = "tillflow"
          [32m+[0m[0m "environment" = "dev"
          [32m+[0m[0m "group"       = "devops-g3"
          [32m+[0m[0m "managed-by"  = "terraform"
          [32m+[0m[0m "owner"       = "lwam"
          [32m+[0m[0m "service"     = "pos"
        }
      [32m+[0m[0m unique_id             = (known after apply)

      [32m+[0m[0m inline_policy (known after apply)
    }

[1m  # module.service["pos"].aws_iam_role_policy.task[0m will be created
[0m  [32m+[0m[0m resource "aws_iam_role_policy" "task" {
      [32m+[0m[0m id          = (known after apply)
      [32m+[0m[0m name        = "service-permissions"
      [32m+[0m[0m name_prefix = (known after apply)
      [32m+[0m[0m policy      = (known after apply)
      [32m+[0m[0m role        = (known after apply)
    }

[1m  # module.service["pos"].aws_security_group.this[0m will be created
[0m  [32m+[0m[0m resource "aws_security_group" "this" {
      [32m+[0m[0m arn                    = (known after apply)
      [32m+[0m[0m description            = "pos task"
      [32m+[0m[0m egress                 = (known after apply)
      [32m+[0m[0m id                     = (known after apply)
      [32m+[0m[0m ingress                = (known after apply)
      [32m+[0m[0m name                   = "devops-g3-pos"
      [32m+[0m[0m name_prefix            = (known after apply)
      [32m+[0m[0m owner_id               = (known after apply)
      [32m+[0m[0m region                 = "us-west-1"
      [32m+[0m[0m revoke_rules_on_delete = false
      [32m+[0m[0m tags                   = {
          [32m+[0m[0m "Name"    = "devops-g3-pos"
          [32m+[0m[0m "service" = "pos"
        }
      [32m+[0m[0m tags_all               = {
          [32m+[0m[0m "Name"        = "devops-g3-pos"
          [32m+[0m[0m "capstone"    = "tillflow"
          [32m+[0m[0m "environment" = "dev"
          [32m+[0m[0m "group"       = "devops-g3"
          [32m+[0m[0m "managed-by"  = "terraform"
          [32m+[0m[0m "owner"       = "lwam"
          [32m+[0m[0m "service"     = "pos"
        }
      [32m+[0m[0m vpc_id                 = (known after apply)
    }

[1m  # module.service["pos"].aws_vpc_security_group_egress_rule.in_vpc[0m will be created
[0m  [32m+[0m[0m resource "aws_vpc_security_group_egress_rule" "in_vpc" {
      [32m+[0m[0m arn                    = (known after apply)
      [32m+[0m[0m cidr_ipv4              = "10.20.0.0/16"
      [32m+[0m[0m description            = "In-VPC egress (VPC endpoints, RDS Proxy, cache, Service Connect peers)"
      [32m+[0m[0m id                     = (known after apply)
      [32m+[0m[0m ip_protocol            = "-1"
      [32m+[0m[0m region                 = "us-west-1"
      [32m+[0m[0m security_group_id      = (known after apply)
      [32m+[0m[0m security_group_rule_id = (known after apply)
      [32m+[0m[0m tags_all               = {
          [32m+[0m[0m "capstone"    = "tillflow"
          [32m+[0m[0m "environment" = "dev"
          [32m+[0m[0m "group"       = "devops-g3"
          [32m+[0m[0m "managed-by"  = "terraform"
          [32m+[0m[0m "owner"       = "lwam"
          [32m+[0m[0m "service"     = "platform"
        }
    }

[1m  # module.service["pos"].aws_vpc_security_group_egress_rule.s3_gateway_https[0m will be created
[0m  [32m+[0m[0m resource "aws_vpc_security_group_egress_rule" "s3_gateway_https" {
      [32m+[0m[0m arn                    = (known after apply)
      [32m+[0m[0m description            = "HTTPS to S3 gateway endpoint for ECR image layers"
      [32m+[0m[0m from_port              = 443
      [32m+[0m[0m id                     = (known after apply)
      [32m+[0m[0m ip_protocol            = "tcp"
      [32m+[0m[0m prefix_list_id         = "pl-6ba54002"
      [32m+[0m[0m region                 = "us-west-1"
      [32m+[0m[0m security_group_id      = (known after apply)
      [32m+[0m[0m security_group_rule_id = (known after apply)
      [32m+[0m[0m tags_all               = {
          [32m+[0m[0m "capstone"    = "tillflow"
          [32m+[0m[0m "environment" = "dev"
          [32m+[0m[0m "group"       = "devops-g3"
          [32m+[0m[0m "managed-by"  = "terraform"
          [32m+[0m[0m "owner"       = "lwam"
          [32m+[0m[0m "service"     = "platform"
        }
      [32m+[0m[0m to_port                = 443
    }

[1m  # module.service["pos"].aws_vpc_security_group_ingress_rule.from_alb[0][0m will be created
[0m  [32m+[0m[0m resource "aws_vpc_security_group_ingress_rule" "from_alb" {
      [32m+[0m[0m arn                          = (known after apply)
      [32m+[0m[0m description                  = "HTTP from the ALB on this service port only"
      [32m+[0m[0m from_port                    = 8080
      [32m+[0m[0m id                           = (known after apply)
      [32m+[0m[0m ip_protocol                  = "tcp"
      [32m+[0m[0m referenced_security_group_id = (known after apply)
      [32m+[0m[0m region                       = "us-west-1"
      [32m+[0m[0m security_group_id            = (known after apply)
      [32m+[0m[0m security_group_rule_id       = (known after apply)
      [32m+[0m[0m tags_all                     = {
          [32m+[0m[0m "capstone"    = "tillflow"
          [32m+[0m[0m "environment" = "dev"
          [32m+[0m[0m "group"       = "devops-g3"
          [32m+[0m[0m "managed-by"  = "terraform"
          [32m+[0m[0m "owner"       = "lwam"
          [32m+[0m[0m "service"     = "platform"
        }
      [32m+[0m[0m to_port                      = 8080
    }

[1m  # module.service["web"].data.aws_iam_policy_document.task[0m will be read during apply
  # (config refers to values not yet known)
[0m [36m<=[0m[0m data "aws_iam_policy_document" "task" {
      [32m+[0m[0m id            = (known after apply)
      [32m+[0m[0m json          = (known after apply)
      [32m+[0m[0m minified_json = (known after apply)

      [32m+[0m[0m statement {
          [32m+[0m[0m actions   = [
              [32m+[0m[0m "aps:RemoteWrite",
              [32m+[0m[0m "cloudwatch:PutMetricData",
              [32m+[0m[0m "logs:CreateLogStream",
              [32m+[0m[0m "logs:PutLogEvents",
              [32m+[0m[0m "xray:GetSamplingRules",
              [32m+[0m[0m "xray:GetSamplingTargets",
              [32m+[0m[0m "xray:PutTelemetryRecords",
              [32m+[0m[0m "xray:PutTraceSegments",
            ]
          [32m+[0m[0m resources = [
              [32m+[0m[0m (known after apply),
            ]
          [32m+[0m[0m sid       = "Telemetry"
        }
      [32m+[0m[0m statement {
          [32m+[0m[0m actions   = [
              [32m+[0m[0m "ssmmessages:CreateControlChannel",
              [32m+[0m[0m "ssmmessages:CreateDataChannel",
              [32m+[0m[0m "ssmmessages:OpenControlChannel",
              [32m+[0m[0m "ssmmessages:OpenDataChannel",
            ]
          [32m+[0m[0m resources = [
              [32m+[0m[0m "*",
            ]
          [32m+[0m[0m sid       = "ExecCommand"
        }
      [32m+[0m[0m statement {
          [32m+[0m[0m actions   = [
              [32m+[0m[0m "secretsmanager:GetSecretValue",
            ]
          [32m+[0m[0m resources = [
              [32m+[0m[0m "arn:aws:secretsmanager:us-west-1:240462142849:secret:devops-g3/db-I364XC",
            ]
          [32m+[0m[0m sid       = "ReadOwnSecrets"
        }
      [32m+[0m[0m statement {
          [32m+[0m[0m actions   = [
              [32m+[0m[0m "kms:Decrypt",
              [32m+[0m[0m "kms:GenerateDataKey",
            ]
          [32m+[0m[0m resources = [
              [32m+[0m[0m "arn:aws:kms:us-west-1:240462142849:key/90e2806f-72c0-4b51-ae60-8cc9436bdfe0",
            ]
          [32m+[0m[0m sid       = "DecryptWithSharedKey"
        }
    }

[1m  # module.service["web"].aws_ecs_service.this[0m will be created
[0m  [32m+[0m[0m resource "aws_ecs_service" "this" {
      [32m+[0m[0m arn                                = (known after apply)
      [32m+[0m[0m availability_zone_rebalancing      = (known after apply)
      [32m+[0m[0m cluster                            = (known after apply)
      [32m+[0m[0m deployment_maximum_percent         = 200
      [32m+[0m[0m deployment_minimum_healthy_percent = 100
      [32m+[0m[0m desired_count                      = 0
      [32m+[0m[0m enable_ecs_managed_tags            = false
      [32m+[0m[0m enable_execute_command             = true
      [32m+[0m[0m health_check_grace_period_seconds  = 60
      [32m+[0m[0m iam_role                           = (known after apply)
      [32m+[0m[0m id                                 = (known after apply)
      [32m+[0m[0m launch_type                        = "FARGATE"
      [32m+[0m[0m name                               = "devops-g3-web"
      [32m+[0m[0m platform_version                   = (known after apply)
      [32m+[0m[0m region                             = "us-west-1"
      [32m+[0m[0m scheduling_strategy                = "REPLICA"
      [32m+[0m[0m tags                               = {
          [32m+[0m[0m "Name"    = "devops-g3-web"
          [32m+[0m[0m "service" = "web"
        }
      [32m+[0m[0m tags_all                           = {
          [32m+[0m[0m "Name"        = "devops-g3-web"
          [32m+[0m[0m "capstone"    = "tillflow"
          [32m+[0m[0m "environment" = "dev"
          [32m+[0m[0m "group"       = "devops-g3"
          [32m+[0m[0m "managed-by"  = "terraform"
          [32m+[0m[0m "owner"       = "lwam"
          [32m+[0m[0m "service"     = "web"
        }
      [32m+[0m[0m task_definition                    = (known after apply)
      [32m+[0m[0m triggers                           = (known after apply)
      [32m+[0m[0m wait_for_steady_state              = false

      [32m+[0m[0m deployment_circuit_breaker {
          [32m+[0m[0m enable   = true
          [32m+[0m[0m rollback = true
        }

      [32m+[0m[0m deployment_configuration (known after apply)

      [32m+[0m[0m load_balancer {
          [32m+[0m[0m container_name   = "web"
          [32m+[0m[0m container_port   = 8080
          [32m+[0m[0m target_group_arn = (known after apply)
            [90m# (1 unchanged attribute hidden)[0m[0m
        }

      [32m+[0m[0m network_configuration {
          [32m+[0m[0m assign_public_ip = false
          [32m+[0m[0m security_groups  = (known after apply)
          [32m+[0m[0m subnets          = (known after apply)
        }

      [32m+[0m[0m service_connect_configuration {
          [32m+[0m[0m enabled   = true
          [32m+[0m[0m namespace = (known after apply)

          [32m+[0m[0m log_configuration {
              [32m+[0m[0m log_driver = "awslogs"
              [32m+[0m[0m options    = {
                  [32m+[0m[0m "awslogs-group"         = "/devops-g3/web"
                  [32m+[0m[0m "awslogs-region"        = "us-west-1"
                  [32m+[0m[0m "awslogs-stream-prefix" = "service-connect"
                }
            }

          [32m+[0m[0m service {
              [32m+[0m[0m discovery_name = "web"
              [32m+[0m[0m port_name      = "web-http"

              [32m+[0m[0m client_alias {
                  [32m+[0m[0m dns_name = "web"
                  [32m+[0m[0m port     = 8080
                }
            }
        }
    }

[1m  # module.service["web"].aws_ecs_task_definition.this[0m will be created
[0m  [32m+[0m[0m resource "aws_ecs_task_definition" "this" {
      [32m+[0m[0m arn                      = (known after apply)
      [32m+[0m[0m arn_without_revision     = (known after apply)
      [32m+[0m[0m container_definitions    = (known after apply)
      [32m+[0m[0m cpu                      = "512"
      [32m+[0m[0m enable_fault_injection   = (known after apply)
      [32m+[0m[0m execution_role_arn       = (known after apply)
      [32m+[0m[0m family                   = "devops-g3-web"
      [32m+[0m[0m id                       = (known after apply)
      [32m+[0m[0m memory                   = "1024"
      [32m+[0m[0m network_mode             = "awsvpc"
      [32m+[0m[0m region                   = "us-west-1"
      [32m+[0m[0m requires_compatibilities = [
          [32m+[0m[0m "FARGATE",
        ]
      [32m+[0m[0m revision                 = (known after apply)
      [32m+[0m[0m skip_destroy             = false
      [32m+[0m[0m tags                     = {
          [32m+[0m[0m "Name"    = "devops-g3-web"
          [32m+[0m[0m "service" = "web"
        }
      [32m+[0m[0m tags_all                 = {
          [32m+[0m[0m "Name"        = "devops-g3-web"
          [32m+[0m[0m "capstone"    = "tillflow"
          [32m+[0m[0m "environment" = "dev"
          [32m+[0m[0m "group"       = "devops-g3"
          [32m+[0m[0m "managed-by"  = "terraform"
          [32m+[0m[0m "owner"       = "lwam"
          [32m+[0m[0m "service"     = "web"
        }
      [32m+[0m[0m task_role_arn            = (known after apply)
      [32m+[0m[0m track_latest             = false

      [32m+[0m[0m runtime_platform {
          [32m+[0m[0m cpu_architecture        = "ARM64"
          [32m+[0m[0m operating_system_family = "LINUX"
        }

      [32m+[0m[0m volume {
          [32m+[0m[0m configure_at_launch = (known after apply)
          [32m+[0m[0m name                = "tmp"
            [90m# (1 unchanged attribute hidden)[0m[0m
        }
    }

[1m  # module.service["web"].aws_iam_role.task[0m will be created
[0m  [32m+[0m[0m resource "aws_iam_role" "task" {
      [32m+[0m[0m arn                   = (known after apply)
      [32m+[0m[0m assume_role_policy    = jsonencode(
            {
              [32m+[0m[0m Statement = [
                  [32m+[0m[0m {
                      [32m+[0m[0m Action    = "sts:AssumeRole"
                      [32m+[0m[0m Condition = {
                          [32m+[0m[0m StringEquals = {
                              [32m+[0m[0m "aws:SourceAccount" = "240462142849"
                            }
                        }
                      [32m+[0m[0m Effect    = "Allow"
                      [32m+[0m[0m Principal = {
                          [32m+[0m[0m Service = "ecs-tasks.amazonaws.com"
                        }
                    },
                ]
              [32m+[0m[0m Version   = "2012-10-17"
            }
        )
      [32m+[0m[0m create_date           = (known after apply)
      [32m+[0m[0m description           = "Task role for web"
      [32m+[0m[0m force_detach_policies = false
      [32m+[0m[0m id                    = (known after apply)
      [32m+[0m[0m managed_policy_arns   = (known after apply)
      [32m+[0m[0m max_session_duration  = 3600
      [32m+[0m[0m name                  = "devops-g3-web-task"
      [32m+[0m[0m name_prefix           = (known after apply)
      [32m+[0m[0m path                  = "/"
      [32m+[0m[0m tags                  = {
          [32m+[0m[0m "Name"    = "devops-g3-web-task"
          [32m+[0m[0m "service" = "web"
        }
      [32m+[0m[0m tags_all              = {
          [32m+[0m[0m "Name"        = "devops-g3-web-task"
          [32m+[0m[0m "capstone"    = "tillflow"
          [32m+[0m[0m "environment" = "dev"
          [32m+[0m[0m "group"       = "devops-g3"
          [32m+[0m[0m "managed-by"  = "terraform"
          [32m+[0m[0m "owner"       = "lwam"
          [32m+[0m[0m "service"     = "web"
        }
      [32m+[0m[0m unique_id             = (known after apply)

      [32m+[0m[0m inline_policy (known after apply)
    }

[1m  # module.service["web"].aws_iam_role_policy.task[0m will be created
[0m  [32m+[0m[0m resource "aws_iam_role_policy" "task" {
      [32m+[0m[0m id          = (known after apply)
      [32m+[0m[0m name        = "service-permissions"
      [32m+[0m[0m name_prefix = (known after apply)
      [32m+[0m[0m policy      = (known after apply)
      [32m+[0m[0m role        = (known after apply)
    }

[1m  # module.service["web"].aws_security_group.this[0m will be created
[0m  [32m+[0m[0m resource "aws_security_group" "this" {
      [32m+[0m[0m arn                    = (known after apply)
      [32m+[0m[0m description            = "web task"
      [32m+[0m[0m egress                 = (known after apply)
      [32m+[0m[0m id                     = (known after apply)
      [32m+[0m[0m ingress                = (known after apply)
      [32m+[0m[0m name                   = "devops-g3-web"
      [32m+[0m[0m name_prefix            = (known after apply)
      [32m+[0m[0m owner_id               = (known after apply)
      [32m+[0m[0m region                 = "us-west-1"
      [32m+[0m[0m revoke_rules_on_delete = false
      [32m+[0m[0m tags                   = {
          [32m+[0m[0m "Name"    = "devops-g3-web"
          [32m+[0m[0m "service" = "web"
        }
      [32m+[0m[0m tags_all               = {
          [32m+[0m[0m "Name"        = "devops-g3-web"
          [32m+[0m[0m "capstone"    = "tillflow"
          [32m+[0m[0m "environment" = "dev"
          [32m+[0m[0m "group"       = "devops-g3"
          [32m+[0m[0m "managed-by"  = "terraform"
          [32m+[0m[0m "owner"       = "lwam"
          [32m+[0m[0m "service"     = "web"
        }
      [32m+[0m[0m vpc_id                 = (known after apply)
    }

[1m  # module.service["web"].aws_vpc_security_group_egress_rule.in_vpc[0m will be created
[0m  [32m+[0m[0m resource "aws_vpc_security_group_egress_rule" "in_vpc" {
      [32m+[0m[0m arn                    = (known after apply)
      [32m+[0m[0m cidr_ipv4              = "10.20.0.0/16"
      [32m+[0m[0m description            = "In-VPC egress (VPC endpoints, RDS Proxy, cache, Service Connect peers)"
      [32m+[0m[0m id                     = (known after apply)
      [32m+[0m[0m ip_protocol            = "-1"
      [32m+[0m[0m region                 = "us-west-1"
      [32m+[0m[0m security_group_id      = (known after apply)
      [32m+[0m[0m security_group_rule_id = (known after apply)
      [32m+[0m[0m tags_all               = {
          [32m+[0m[0m "capstone"    = "tillflow"
          [32m+[0m[0m "environment" = "dev"
          [32m+[0m[0m "group"       = "devops-g3"
          [32m+[0m[0m "managed-by"  = "terraform"
          [32m+[0m[0m "owner"       = "lwam"
          [32m+[0m[0m "service"     = "platform"
        }
    }

[1m  # module.service["web"].aws_vpc_security_group_egress_rule.s3_gateway_https[0m will be created
[0m  [32m+[0m[0m resource "aws_vpc_security_group_egress_rule" "s3_gateway_https" {
      [32m+[0m[0m arn                    = (known after apply)
      [32m+[0m[0m description            = "HTTPS to S3 gateway endpoint for ECR image layers"
      [32m+[0m[0m from_port              = 443
      [32m+[0m[0m id                     = (known after apply)
      [32m+[0m[0m ip_protocol            = "tcp"
      [32m+[0m[0m prefix_list_id         = "pl-6ba54002"
      [32m+[0m[0m region                 = "us-west-1"
      [32m+[0m[0m security_group_id      = (known after apply)
      [32m+[0m[0m security_group_rule_id = (known after apply)
      [32m+[0m[0m tags_all               = {
          [32m+[0m[0m "capstone"    = "tillflow"
          [32m+[0m[0m "environment" = "dev"
          [32m+[0m[0m "group"       = "devops-g3"
          [32m+[0m[0m "managed-by"  = "terraform"
          [32m+[0m[0m "owner"       = "lwam"
          [32m+[0m[0m "service"     = "platform"
        }
      [32m+[0m[0m to_port                = 443
    }

[1m  # module.service["web"].aws_vpc_security_group_ingress_rule.from_alb[0][0m will be created
[0m  [32m+[0m[0m resource "aws_vpc_security_group_ingress_rule" "from_alb" {
      [32m+[0m[0m arn                          = (known after apply)
      [32m+[0m[0m description                  = "HTTP from the ALB on this service port only"
      [32m+[0m[0m from_port                    = 8080
      [32m+[0m[0m id                           = (known after apply)
      [32m+[0m[0m ip_protocol                  = "tcp"
      [32m+[0m[0m referenced_security_group_id = (known after apply)
      [32m+[0m[0m region                       = "us-west-1"
      [32m+[0m[0m security_group_id            = (known after apply)
      [32m+[0m[0m security_group_rule_id       = (known after apply)
      [32m+[0m[0m tags_all                     = {
          [32m+[0m[0m "capstone"    = "tillflow"
          [32m+[0m[0m "environment" = "dev"
          [32m+[0m[0m "group"       = "devops-g3"
          [32m+[0m[0m "managed-by"  = "terraform"
          [32m+[0m[0m "owner"       = "lwam"
          [32m+[0m[0m "service"     = "platform"
        }
      [32m+[0m[0m to_port                      = 8080
    }

[1m  # module.storage.data.aws_iam_policy_document.alb_logs[0m will be read during apply
  # (config refers to values not yet known)
[0m [36m<=[0m[0m data "aws_iam_policy_document" "alb_logs" {
      [32m+[0m[0m id                      = (known after apply)
      [32m+[0m[0m json                    = (known after apply)
      [32m+[0m[0m minified_json           = (known after apply)
      [32m+[0m[0m source_policy_documents = [
          [32m+[0m[0m (known after apply),
        ]

      [32m+[0m[0m statement {
          [32m+[0m[0m actions   = [
              [32m+[0m[0m "s3:PutObject",
            ]
          [32m+[0m[0m effect    = "Allow"
          [32m+[0m[0m resources = [
              [32m+[0m[0m (known after apply),
            ]
          [32m+[0m[0m sid       = "AllowModernAlbLogDelivery"

          [32m+[0m[0m condition {
              [32m+[0m[0m test     = "StringEquals"
              [32m+[0m[0m values   = [
                  [32m+[0m[0m "bucket-owner-full-control",
                ]
              [32m+[0m[0m variable = "s3:x-amz-acl"
            }

          [32m+[0m[0m principals {
              [32m+[0m[0m identifiers = [
                  [32m+[0m[0m "logdelivery.elasticloadbalancing.amazonaws.com",
                ]
              [32m+[0m[0m type        = "Service"
            }
        }
      [32m+[0m[0m statement {
          [32m+[0m[0m actions   = [
              [32m+[0m[0m "s3:PutObject",
            ]
          [32m+[0m[0m effect    = "Allow"
          [32m+[0m[0m resources = [
              [32m+[0m[0m (known after apply),
            ]
          [32m+[0m[0m sid       = "AllowLegacyAlbLogDelivery"

          [32m+[0m[0m principals {
              [32m+[0m[0m identifiers = [
                  [32m+[0m[0m "arn:aws:iam::027434742980:root",
                ]
              [32m+[0m[0m type        = "AWS"
            }
        }
    }

[1m  # module.storage.data.aws_iam_policy_document.deny_insecure["alb-logs"][0m will be read during apply
  # (config refers to values not yet known)
[0m [36m<=[0m[0m data "aws_iam_policy_document" "deny_insecure" {
      [32m+[0m[0m id            = (known after apply)
      [32m+[0m[0m json          = (known after apply)
      [32m+[0m[0m minified_json = (known after apply)

      [32m+[0m[0m statement {
          [32m+[0m[0m actions   = [
              [32m+[0m[0m "s3:*",
            ]
          [32m+[0m[0m effect    = "Deny"
          [32m+[0m[0m resources = [
              [32m+[0m[0m (known after apply),
              [32m+[0m[0m (known after apply),
            ]
          [32m+[0m[0m sid       = "DenyInsecureTransport"

          [32m+[0m[0m condition {
              [32m+[0m[0m test     = "Bool"
              [32m+[0m[0m values   = [
                  [32m+[0m[0m "false",
                ]
              [32m+[0m[0m variable = "aws:SecureTransport"
            }

          [32m+[0m[0m principals {
              [32m+[0m[0m identifiers = [
                  [32m+[0m[0m "*",
                ]
              [32m+[0m[0m type        = "*"
            }
        }
    }

[1m  # module.storage.data.aws_iam_policy_document.deny_insecure["artifacts"][0m will be read during apply
  # (config refers to values not yet known)
[0m [36m<=[0m[0m data "aws_iam_policy_document" "deny_insecure" {
      [32m+[0m[0m id            = (known after apply)
      [32m+[0m[0m json          = (known after apply)
      [32m+[0m[0m minified_json = (known after apply)

      [32m+[0m[0m statement {
          [32m+[0m[0m actions   = [
              [32m+[0m[0m "s3:*",
            ]
          [32m+[0m[0m effect    = "Deny"
          [32m+[0m[0m resources = [
              [32m+[0m[0m (known after apply),
              [32m+[0m[0m (known after apply),
            ]
          [32m+[0m[0m sid       = "DenyInsecureTransport"

          [32m+[0m[0m condition {
              [32m+[0m[0m test     = "Bool"
              [32m+[0m[0m values   = [
                  [32m+[0m[0m "false",
                ]
              [32m+[0m[0m variable = "aws:SecureTransport"
            }

          [32m+[0m[0m principals {
              [32m+[0m[0m identifiers = [
                  [32m+[0m[0m "*",
                ]
              [32m+[0m[0m type        = "*"
            }
        }
    }

[1m  # module.storage.data.aws_iam_policy_document.deny_insecure["backups"][0m will be read during apply
  # (config refers to values not yet known)
[0m [36m<=[0m[0m data "aws_iam_policy_document" "deny_insecure" {
      [32m+[0m[0m id            = (known after apply)
      [32m+[0m[0m json          = (known after apply)
      [32m+[0m[0m minified_json = (known after apply)

      [32m+[0m[0m statement {
          [32m+[0m[0m actions   = [
              [32m+[0m[0m "s3:*",
            ]
          [32m+[0m[0m effect    = "Deny"
          [32m+[0m[0m resources = [
              [32m+[0m[0m (known after apply),
              [32m+[0m[0m (known after apply),
            ]
          [32m+[0m[0m sid       = "DenyInsecureTransport"

          [32m+[0m[0m condition {
              [32m+[0m[0m test     = "Bool"
              [32m+[0m[0m values   = [
                  [32m+[0m[0m "false",
                ]
              [32m+[0m[0m variable = "aws:SecureTransport"
            }

          [32m+[0m[0m principals {
              [32m+[0m[0m identifiers = [
                  [32m+[0m[0m "*",
                ]
              [32m+[0m[0m type        = "*"
            }
        }
    }

[1m  # module.storage.data.aws_iam_policy_document.deny_insecure["evidence"][0m will be read during apply
  # (config refers to values not yet known)
[0m [36m<=[0m[0m data "aws_iam_policy_document" "deny_insecure" {
      [32m+[0m[0m id            = (known after apply)
      [32m+[0m[0m json          = (known after apply)
      [32m+[0m[0m minified_json = (known after apply)

      [32m+[0m[0m statement {
          [32m+[0m[0m actions   = [
              [32m+[0m[0m "s3:*",
            ]
          [32m+[0m[0m effect    = "Deny"
          [32m+[0m[0m resources = [
              [32m+[0m[0m (known after apply),
              [32m+[0m[0m (known after apply),
            ]
          [32m+[0m[0m sid       = "DenyInsecureTransport"

          [32m+[0m[0m condition {
              [32m+[0m[0m test     = "Bool"
              [32m+[0m[0m values   = [
                  [32m+[0m[0m "false",
                ]
              [32m+[0m[0m variable = "aws:SecureTransport"
            }

          [32m+[0m[0m principals {
              [32m+[0m[0m identifiers = [
                  [32m+[0m[0m "*",
                ]
              [32m+[0m[0m type        = "*"
            }
        }
    }

[1m  # module.storage.data.aws_iam_policy_document.deny_insecure["logs"][0m will be read during apply
  # (config refers to values not yet known)
[0m [36m<=[0m[0m data "aws_iam_policy_document" "deny_insecure" {
      [32m+[0m[0m id            = (known after apply)
      [32m+[0m[0m json          = (known after apply)
      [32m+[0m[0m minified_json = (known after apply)

      [32m+[0m[0m statement {
          [32m+[0m[0m actions   = [
              [32m+[0m[0m "s3:*",
            ]
          [32m+[0m[0m effect    = "Deny"
          [32m+[0m[0m resources = [
              [32m+[0m[0m (known after apply),
              [32m+[0m[0m (known after apply),
            ]
          [32m+[0m[0m sid       = "DenyInsecureTransport"

          [32m+[0m[0m condition {
              [32m+[0m[0m test     = "Bool"
              [32m+[0m[0m values   = [
                  [32m+[0m[0m "false",
                ]
              [32m+[0m[0m variable = "aws:SecureTransport"
            }

          [32m+[0m[0m principals {
              [32m+[0m[0m identifiers = [
                  [32m+[0m[0m "*",
                ]
              [32m+[0m[0m type        = "*"
            }
        }
    }

[1m  # module.storage.aws_s3_bucket.this["alb-logs"][0m will be created
[0m  [32m+[0m[0m resource "aws_s3_bucket" "this" {
      [32m+[0m[0m acceleration_status         = (known after apply)
      [32m+[0m[0m acl                         = (known after apply)
      [32m+[0m[0m arn                         = (known after apply)
      [32m+[0m[0m bucket                      = "devops-g3-alb-logs-240462142849"
      [32m+[0m[0m bucket_domain_name          = (known after apply)
      [32m+[0m[0m bucket_namespace            = (known after apply)
      [32m+[0m[0m bucket_prefix               = (known after apply)
      [32m+[0m[0m bucket_region               = (known after apply)
      [32m+[0m[0m bucket_regional_domain_name = (known after apply)
      [32m+[0m[0m force_destroy               = true
      [32m+[0m[0m hosted_zone_id              = (known after apply)
      [32m+[0m[0m id                          = (known after apply)
      [32m+[0m[0m object_lock_enabled         = (known after apply)
      [32m+[0m[0m policy                      = (known after apply)
      [32m+[0m[0m region                      = "us-west-1"
      [32m+[0m[0m request_payer               = (known after apply)
      [32m+[0m[0m tags                        = {
          [32m+[0m[0m "Name"    = "devops-g3-alb-logs"
          [32m+[0m[0m "purpose" = "ALB access logs SSE-S3 per ADR-003 exception"
        }
      [32m+[0m[0m tags_all                    = {
          [32m+[0m[0m "Name"        = "devops-g3-alb-logs"
          [32m+[0m[0m "capstone"    = "tillflow"
          [32m+[0m[0m "environment" = "dev"
          [32m+[0m[0m "group"       = "devops-g3"
          [32m+[0m[0m "managed-by"  = "terraform"
          [32m+[0m[0m "owner"       = "lwam"
          [32m+[0m[0m "purpose"     = "ALB access logs SSE-S3 per ADR-003 exception"
          [32m+[0m[0m "service"     = "platform"
        }
      [32m+[0m[0m website_domain              = (known after apply)
      [32m+[0m[0m website_endpoint            = (known after apply)

      [32m+[0m[0m cors_rule (known after apply)

      [32m+[0m[0m grant (known after apply)

      [32m+[0m[0m lifecycle_rule (known after apply)

      [32m+[0m[0m logging (known after apply)

      [32m+[0m[0m object_lock_configuration (known after apply)

      [32m+[0m[0m replication_configuration (known after apply)

      [32m+[0m[0m server_side_encryption_configuration (known after apply)

      [32m+[0m[0m versioning (known after apply)

      [32m+[0m[0m website (known after apply)
    }

[1m  # module.storage.aws_s3_bucket.this["artifacts"][0m will be created
[0m  [32m+[0m[0m resource "aws_s3_bucket" "this" {
      [32m+[0m[0m acceleration_status         = (known after apply)
      [32m+[0m[0m acl                         = (known after apply)
      [32m+[0m[0m arn                         = (known after apply)
      [32m+[0m[0m bucket                      = "devops-g3-artifacts-240462142849"
      [32m+[0m[0m bucket_domain_name          = (known after apply)
      [32m+[0m[0m bucket_namespace            = (known after apply)
      [32m+[0m[0m bucket_prefix               = (known after apply)
      [32m+[0m[0m bucket_region               = (known after apply)
      [32m+[0m[0m bucket_regional_domain_name = (known after apply)
      [32m+[0m[0m force_destroy               = true
      [32m+[0m[0m hosted_zone_id              = (known after apply)
      [32m+[0m[0m id                          = (known after apply)
      [32m+[0m[0m object_lock_enabled         = (known after apply)
      [32m+[0m[0m policy                      = (known after apply)
      [32m+[0m[0m region                      = "us-west-1"
      [32m+[0m[0m request_payer               = (known after apply)
      [32m+[0m[0m tags                        = {
          [32m+[0m[0m "Name"    = "devops-g3-artifacts"
          [32m+[0m[0m "purpose" = "Pipeline and build artifacts"
        }
      [32m+[0m[0m tags_all                    = {
          [32m+[0m[0m "Name"        = "devops-g3-artifacts"
          [32m+[0m[0m "capstone"    = "tillflow"
          [32m+[0m[0m "environment" = "dev"
          [32m+[0m[0m "group"       = "devops-g3"
          [32m+[0m[0m "managed-by"  = "terraform"
          [32m+[0m[0m "owner"       = "lwam"
          [32m+[0m[0m "purpose"     = "Pipeline and build artifacts"
          [32m+[0m[0m "service"     = "platform"
        }
      [32m+[0m[0m website_domain              = (known after apply)
      [32m+[0m[0m website_endpoint            = (known after apply)

      [32m+[0m[0m cors_rule (known after apply)

      [32m+[0m[0m grant (known after apply)

      [32m+[0m[0m lifecycle_rule (known after apply)

      [32m+[0m[0m logging (known after apply)

      [32m+[0m[0m object_lock_configuration (known after apply)

      [32m+[0m[0m replication_configuration (known after apply)

      [32m+[0m[0m server_side_encryption_configuration (known after apply)

      [32m+[0m[0m versioning (known after apply)

      [32m+[0m[0m website (known after apply)
    }

[1m  # module.storage.aws_s3_bucket.this["backups"][0m will be created
[0m  [32m+[0m[0m resource "aws_s3_bucket" "this" {
      [32m+[0m[0m acceleration_status         = (known after apply)
      [32m+[0m[0m acl                         = (known after apply)
      [32m+[0m[0m arn                         = (known after apply)
      [32m+[0m[0m bucket                      = "devops-g3-backups-240462142849"
      [32m+[0m[0m bucket_domain_name          = (known after apply)
      [32m+[0m[0m bucket_namespace            = (known after apply)
      [32m+[0m[0m bucket_prefix               = (known after apply)
      [32m+[0m[0m bucket_region               = (known after apply)
      [32m+[0m[0m bucket_regional_domain_name = (known after apply)
      [32m+[0m[0m force_destroy               = true
      [32m+[0m[0m hosted_zone_id              = (known after apply)
      [32m+[0m[0m id                          = (known after apply)
      [32m+[0m[0m object_lock_enabled         = (known after apply)
      [32m+[0m[0m policy                      = (known after apply)
      [32m+[0m[0m region                      = "us-west-1"
      [32m+[0m[0m request_payer               = (known after apply)
      [32m+[0m[0m tags                        = {
          [32m+[0m[0m "Name"    = "devops-g3-backups"
          [32m+[0m[0m "purpose" = "Database exports and backups"
        }
      [32m+[0m[0m tags_all                    = {
          [32m+[0m[0m "Name"        = "devops-g3-backups"
          [32m+[0m[0m "capstone"    = "tillflow"
          [32m+[0m[0m "environment" = "dev"
          [32m+[0m[0m "group"       = "devops-g3"
          [32m+[0m[0m "managed-by"  = "terraform"
          [32m+[0m[0m "owner"       = "lwam"
          [32m+[0m[0m "purpose"     = "Database exports and backups"
          [32m+[0m[0m "service"     = "platform"
        }
      [32m+[0m[0m website_domain              = (known after apply)
      [32m+[0m[0m website_endpoint            = (known after apply)

      [32m+[0m[0m cors_rule (known after apply)

      [32m+[0m[0m grant (known after apply)

      [32m+[0m[0m lifecycle_rule (known after apply)

      [32m+[0m[0m logging (known after apply)

      [32m+[0m[0m object_lock_configuration (known after apply)

      [32m+[0m[0m replication_configuration (known after apply)

      [32m+[0m[0m server_side_encryption_configuration (known after apply)

      [32m+[0m[0m versioning (known after apply)

      [32m+[0m[0m website (known after apply)
    }

[1m  # module.storage.aws_s3_bucket.this["evidence"][0m will be created
[0m  [32m+[0m[0m resource "aws_s3_bucket" "this" {
      [32m+[0m[0m acceleration_status         = (known after apply)
      [32m+[0m[0m acl                         = (known after apply)
      [32m+[0m[0m arn                         = (known after apply)
      [32m+[0m[0m bucket                      = "devops-g3-evidence-240462142849"
      [32m+[0m[0m bucket_domain_name          = (known after apply)
      [32m+[0m[0m bucket_namespace            = (known after apply)
      [32m+[0m[0m bucket_prefix               = (known after apply)
      [32m+[0m[0m bucket_region               = (known after apply)
      [32m+[0m[0m bucket_regional_domain_name = (known after apply)
      [32m+[0m[0m force_destroy               = false
      [32m+[0m[0m hosted_zone_id              = (known after apply)
      [32m+[0m[0m id                          = (known after apply)
      [32m+[0m[0m object_lock_enabled         = (known after apply)
      [32m+[0m[0m policy                      = (known after apply)
      [32m+[0m[0m region                      = "us-west-1"
      [32m+[0m[0m request_payer               = (known after apply)
      [32m+[0m[0m tags                        = {
          [32m+[0m[0m "Name"    = "devops-g3-evidence"
          [32m+[0m[0m "purpose" = "Graded capstone evidence"
        }
      [32m+[0m[0m tags_all                    = {
          [32m+[0m[0m "Name"        = "devops-g3-evidence"
          [32m+[0m[0m "capstone"    = "tillflow"
          [32m+[0m[0m "environment" = "dev"
          [32m+[0m[0m "group"       = "devops-g3"
          [32m+[0m[0m "managed-by"  = "terraform"
          [32m+[0m[0m "owner"       = "lwam"
          [32m+[0m[0m "purpose"     = "Graded capstone evidence"
          [32m+[0m[0m "service"     = "platform"
        }
      [32m+[0m[0m website_domain              = (known after apply)
      [32m+[0m[0m website_endpoint            = (known after apply)

      [32m+[0m[0m cors_rule (known after apply)

      [32m+[0m[0m grant (known after apply)

      [32m+[0m[0m lifecycle_rule (known after apply)

      [32m+[0m[0m logging (known after apply)

      [32m+[0m[0m object_lock_configuration (known after apply)

      [32m+[0m[0m replication_configuration (known after apply)

      [32m+[0m[0m server_side_encryption_configuration (known after apply)

      [32m+[0m[0m versioning (known after apply)

      [32m+[0m[0m website (known after apply)
    }

[1m  # module.storage.aws_s3_bucket.this["logs"][0m will be created
[0m  [32m+[0m[0m resource "aws_s3_bucket" "this" {
      [32m+[0m[0m acceleration_status         = (known after apply)
      [32m+[0m[0m acl                         = (known after apply)
      [32m+[0m[0m arn                         = (known after apply)
      [32m+[0m[0m bucket                      = "devops-g3-logs-240462142849"
      [32m+[0m[0m bucket_domain_name          = (known after apply)
      [32m+[0m[0m bucket_namespace            = (known after apply)
      [32m+[0m[0m bucket_prefix               = (known after apply)
      [32m+[0m[0m bucket_region               = (known after apply)
      [32m+[0m[0m bucket_regional_domain_name = (known after apply)
      [32m+[0m[0m force_destroy               = true
      [32m+[0m[0m hosted_zone_id              = (known after apply)
      [32m+[0m[0m id                          = (known after apply)
      [32m+[0m[0m object_lock_enabled         = (known after apply)
      [32m+[0m[0m policy                      = (known after apply)
      [32m+[0m[0m region                      = "us-west-1"
      [32m+[0m[0m request_payer               = (known after apply)
      [32m+[0m[0m tags                        = {
          [32m+[0m[0m "Name"    = "devops-g3-logs"
          [32m+[0m[0m "purpose" = "Application and service logs"
        }
      [32m+[0m[0m tags_all                    = {
          [32m+[0m[0m "Name"        = "devops-g3-logs"
          [32m+[0m[0m "capstone"    = "tillflow"
          [32m+[0m[0m "environment" = "dev"
          [32m+[0m[0m "group"       = "devops-g3"
          [32m+[0m[0m "managed-by"  = "terraform"
          [32m+[0m[0m "owner"       = "lwam"
          [32m+[0m[0m "purpose"     = "Application and service logs"
          [32m+[0m[0m "service"     = "platform"
        }
      [32m+[0m[0m website_domain              = (known after apply)
      [32m+[0m[0m website_endpoint            = (known after apply)

      [32m+[0m[0m cors_rule (known after apply)

      [32m+[0m[0m grant (known after apply)

      [32m+[0m[0m lifecycle_rule (known after apply)

      [32m+[0m[0m logging (known after apply)

      [32m+[0m[0m object_lock_configuration (known after apply)

      [32m+[0m[0m replication_configuration (known after apply)

      [32m+[0m[0m server_side_encryption_configuration (known after apply)

      [32m+[0m[0m versioning (known after apply)

      [32m+[0m[0m website (known after apply)
    }

[1m  # module.storage.aws_s3_bucket_lifecycle_configuration.this["alb-logs"][0m will be created
[0m  [32m+[0m[0m resource "aws_s3_bucket_lifecycle_configuration" "this" {
      [32m+[0m[0m bucket                                 = (known after apply)
      [32m+[0m[0m expected_bucket_owner                  = (known after apply)
      [32m+[0m[0m id                                     = (known after apply)
      [32m+[0m[0m region                                 = "us-west-1"
      [32m+[0m[0m transition_default_minimum_object_size = "all_storage_classes_128K"

      [32m+[0m[0m rule {
          [32m+[0m[0m id     = "retention"
          [32m+[0m[0m status = "Enabled"
            [90m# (1 unchanged attribute hidden)[0m[0m

          [32m+[0m[0m abort_incomplete_multipart_upload {
              [32m+[0m[0m days_after_initiation = 7
            }

          [32m+[0m[0m expiration {
              [32m+[0m[0m days                         = 400
              [32m+[0m[0m expired_object_delete_marker = false
            }

          [32m+[0m[0m filter {
                [90m# (1 unchanged attribute hidden)[0m[0m
            }

          [32m+[0m[0m noncurrent_version_expiration {
              [32m+[0m[0m noncurrent_days = 30
            }

          [32m+[0m[0m transition {
              [32m+[0m[0m days          = 30
              [32m+[0m[0m storage_class = "GLACIER_IR"
            }
        }
    }

[1m  # module.storage.aws_s3_bucket_lifecycle_configuration.this["artifacts"][0m will be created
[0m  [32m+[0m[0m resource "aws_s3_bucket_lifecycle_configuration" "this" {
      [32m+[0m[0m bucket                                 = (known after apply)
      [32m+[0m[0m expected_bucket_owner                  = (known after apply)
      [32m+[0m[0m id                                     = (known after apply)
      [32m+[0m[0m region                                 = "us-west-1"
      [32m+[0m[0m transition_default_minimum_object_size = "all_storage_classes_128K"

      [32m+[0m[0m rule {
          [32m+[0m[0m id     = "retention"
          [32m+[0m[0m status = "Enabled"
            [90m# (1 unchanged attribute hidden)[0m[0m

          [32m+[0m[0m abort_incomplete_multipart_upload {
              [32m+[0m[0m days_after_initiation = 7
            }

          [32m+[0m[0m expiration {
              [32m+[0m[0m days                         = 180
              [32m+[0m[0m expired_object_delete_marker = false
            }

          [32m+[0m[0m filter {
                [90m# (1 unchanged attribute hidden)[0m[0m
            }

          [32m+[0m[0m noncurrent_version_expiration {
              [32m+[0m[0m noncurrent_days = 30
            }

          [32m+[0m[0m transition {
              [32m+[0m[0m days          = 30
              [32m+[0m[0m storage_class = "GLACIER_IR"
            }
        }
    }

[1m  # module.storage.aws_s3_bucket_lifecycle_configuration.this["backups"][0m will be created
[0m  [32m+[0m[0m resource "aws_s3_bucket_lifecycle_configuration" "this" {
      [32m+[0m[0m bucket                                 = (known after apply)
      [32m+[0m[0m expected_bucket_owner                  = (known after apply)
      [32m+[0m[0m id                                     = (known after apply)
      [32m+[0m[0m region                                 = "us-west-1"
      [32m+[0m[0m transition_default_minimum_object_size = "all_storage_classes_128K"

      [32m+[0m[0m rule {
          [32m+[0m[0m id     = "retention"
          [32m+[0m[0m status = "Enabled"
            [90m# (1 unchanged attribute hidden)[0m[0m

          [32m+[0m[0m abort_incomplete_multipart_upload {
              [32m+[0m[0m days_after_initiation = 7
            }

          [32m+[0m[0m expiration {
              [32m+[0m[0m days                         = 35
              [32m+[0m[0m expired_object_delete_marker = false
            }

          [32m+[0m[0m filter {
                [90m# (1 unchanged attribute hidden)[0m[0m
            }

          [32m+[0m[0m noncurrent_version_expiration {
              [32m+[0m[0m noncurrent_days = 30
            }
        }
    }

[1m  # module.storage.aws_s3_bucket_lifecycle_configuration.this["logs"][0m will be created
[0m  [32m+[0m[0m resource "aws_s3_bucket_lifecycle_configuration" "this" {
      [32m+[0m[0m bucket                                 = (known after apply)
      [32m+[0m[0m expected_bucket_owner                  = (known after apply)
      [32m+[0m[0m id                                     = (known after apply)
      [32m+[0m[0m region                                 = "us-west-1"
      [32m+[0m[0m transition_default_minimum_object_size = "all_storage_classes_128K"

      [32m+[0m[0m rule {
          [32m+[0m[0m id     = "retention"
          [32m+[0m[0m status = "Enabled"
            [90m# (1 unchanged attribute hidden)[0m[0m

          [32m+[0m[0m abort_incomplete_multipart_upload {
              [32m+[0m[0m days_after_initiation = 7
            }

          [32m+[0m[0m expiration {
              [32m+[0m[0m days                         = 400
              [32m+[0m[0m expired_object_delete_marker = false
            }

          [32m+[0m[0m filter {
                [90m# (1 unchanged attribute hidden)[0m[0m
            }

          [32m+[0m[0m noncurrent_version_expiration {
              [32m+[0m[0m noncurrent_days = 30
            }

          [32m+[0m[0m transition {
              [32m+[0m[0m days          = 30
              [32m+[0m[0m storage_class = "GLACIER_IR"
            }
        }
    }

[1m  # module.storage.aws_s3_bucket_policy.this["alb-logs"][0m will be created
[0m  [32m+[0m[0m resource "aws_s3_bucket_policy" "this" {
      [32m+[0m[0m bucket = (known after apply)
      [32m+[0m[0m id     = (known after apply)
      [32m+[0m[0m policy = (known after apply)
      [32m+[0m[0m region = "us-west-1"
    }

[1m  # module.storage.aws_s3_bucket_policy.this["artifacts"][0m will be created
[0m  [32m+[0m[0m resource "aws_s3_bucket_policy" "this" {
      [32m+[0m[0m bucket = (known after apply)
      [32m+[0m[0m id     = (known after apply)
      [32m+[0m[0m policy = (known after apply)
      [32m+[0m[0m region = "us-west-1"
    }

[1m  # module.storage.aws_s3_bucket_policy.this["backups"][0m will be created
[0m  [32m+[0m[0m resource "aws_s3_bucket_policy" "this" {
      [32m+[0m[0m bucket = (known after apply)
      [32m+[0m[0m id     = (known after apply)
      [32m+[0m[0m policy = (known after apply)
      [32m+[0m[0m region = "us-west-1"
    }

[1m  # module.storage.aws_s3_bucket_policy.this["evidence"][0m will be created
[0m  [32m+[0m[0m resource "aws_s3_bucket_policy" "this" {
      [32m+[0m[0m bucket = (known after apply)
      [32m+[0m[0m id     = (known after apply)
      [32m+[0m[0m policy = (known after apply)
      [32m+[0m[0m region = "us-west-1"
    }

[1m  # module.storage.aws_s3_bucket_policy.this["logs"][0m will be created
[0m  [32m+[0m[0m resource "aws_s3_bucket_policy" "this" {
      [32m+[0m[0m bucket = (known after apply)
      [32m+[0m[0m id     = (known after apply)
      [32m+[0m[0m policy = (known after apply)
      [32m+[0m[0m region = "us-west-1"
    }

[1m  # module.storage.aws_s3_bucket_public_access_block.this["alb-logs"][0m will be created
[0m  [32m+[0m[0m resource "aws_s3_bucket_public_access_block" "this" {
      [32m+[0m[0m block_public_acls       = true
      [32m+[0m[0m block_public_policy     = true
      [32m+[0m[0m bucket                  = (known after apply)
      [32m+[0m[0m id                      = (known after apply)
      [32m+[0m[0m ignore_public_acls      = true
      [32m+[0m[0m region                  = "us-west-1"
      [32m+[0m[0m restrict_public_buckets = true
    }

[1m  # module.storage.aws_s3_bucket_public_access_block.this["artifacts"][0m will be created
[0m  [32m+[0m[0m resource "aws_s3_bucket_public_access_block" "this" {
      [32m+[0m[0m block_public_acls       = true
      [32m+[0m[0m block_public_policy     = true
      [32m+[0m[0m bucket                  = (known after apply)
      [32m+[0m[0m id                      = (known after apply)
      [32m+[0m[0m ignore_public_acls      = true
      [32m+[0m[0m region                  = "us-west-1"
      [32m+[0m[0m restrict_public_buckets = true
    }

[1m  # module.storage.aws_s3_bucket_public_access_block.this["backups"][0m will be created
[0m  [32m+[0m[0m resource "aws_s3_bucket_public_access_block" "this" {
      [32m+[0m[0m block_public_acls       = true
      [32m+[0m[0m block_public_policy     = true
      [32m+[0m[0m bucket                  = (known after apply)
      [32m+[0m[0m id                      = (known after apply)
      [32m+[0m[0m ignore_public_acls      = true
      [32m+[0m[0m region                  = "us-west-1"
      [32m+[0m[0m restrict_public_buckets = true
    }

[1m  # module.storage.aws_s3_bucket_public_access_block.this["evidence"][0m will be created
[0m  [32m+[0m[0m resource "aws_s3_bucket_public_access_block" "this" {
      [32m+[0m[0m block_public_acls       = true
      [32m+[0m[0m block_public_policy     = true
      [32m+[0m[0m bucket                  = (known after apply)
      [32m+[0m[0m id                      = (known after apply)
      [32m+[0m[0m ignore_public_acls      = true
      [32m+[0m[0m region                  = "us-west-1"
      [32m+[0m[0m restrict_public_buckets = true
    }

[1m  # module.storage.aws_s3_bucket_public_access_block.this["logs"][0m will be created
[0m  [32m+[0m[0m resource "aws_s3_bucket_public_access_block" "this" {
      [32m+[0m[0m block_public_acls       = true
      [32m+[0m[0m block_public_policy     = true
      [32m+[0m[0m bucket                  = (known after apply)
      [32m+[0m[0m id                      = (known after apply)
      [32m+[0m[0m ignore_public_acls      = true
      [32m+[0m[0m region                  = "us-west-1"
      [32m+[0m[0m restrict_public_buckets = true
    }

[1m  # module.storage.aws_s3_bucket_server_side_encryption_configuration.this["alb-logs"][0m will be created
[0m  [32m+[0m[0m resource "aws_s3_bucket_server_side_encryption_configuration" "this" {
      [32m+[0m[0m bucket = (known after apply)
      [32m+[0m[0m id     = (known after apply)
      [32m+[0m[0m region = "us-west-1"

      [32m+[0m[0m rule {
          [32m+[0m[0m blocked_encryption_types = (known after apply)
          [32m+[0m[0m bucket_key_enabled       = false

          [32m+[0m[0m apply_server_side_encryption_by_default {
              [32m+[0m[0m kms_master_key_id = (known after apply)
              [32m+[0m[0m sse_algorithm     = "AES256"
            }
        }
    }

[1m  # module.storage.aws_s3_bucket_server_side_encryption_configuration.this["artifacts"][0m will be created
[0m  [32m+[0m[0m resource "aws_s3_bucket_server_side_encryption_configuration" "this" {
      [32m+[0m[0m bucket = (known after apply)
      [32m+[0m[0m id     = (known after apply)
      [32m+[0m[0m region = "us-west-1"

      [32m+[0m[0m rule {
          [32m+[0m[0m blocked_encryption_types = (known after apply)
          [32m+[0m[0m bucket_key_enabled       = true

          [32m+[0m[0m apply_server_side_encryption_by_default {
              [32m+[0m[0m kms_master_key_id = "arn:aws:kms:us-west-1:240462142849:key/90e2806f-72c0-4b51-ae60-8cc9436bdfe0"
              [32m+[0m[0m sse_algorithm     = "aws:kms"
            }
        }
    }

[1m  # module.storage.aws_s3_bucket_server_side_encryption_configuration.this["backups"][0m will be created
[0m  [32m+[0m[0m resource "aws_s3_bucket_server_side_encryption_configuration" "this" {
      [32m+[0m[0m bucket = (known after apply)
      [32m+[0m[0m id     = (known after apply)
      [32m+[0m[0m region = "us-west-1"

      [32m+[0m[0m rule {
          [32m+[0m[0m blocked_encryption_types = (known after apply)
          [32m+[0m[0m bucket_key_enabled       = true

          [32m+[0m[0m apply_server_side_encryption_by_default {
              [32m+[0m[0m kms_master_key_id = "arn:aws:kms:us-west-1:240462142849:key/90e2806f-72c0-4b51-ae60-8cc9436bdfe0"
              [32m+[0m[0m sse_algorithm     = "aws:kms"
            }
        }
    }

[1m  # module.storage.aws_s3_bucket_server_side_encryption_configuration.this["evidence"][0m will be created
[0m  [32m+[0m[0m resource "aws_s3_bucket_server_side_encryption_configuration" "this" {
      [32m+[0m[0m bucket = (known after apply)
      [32m+[0m[0m id     = (known after apply)
      [32m+[0m[0m region = "us-west-1"

      [32m+[0m[0m rule {
          [32m+[0m[0m blocked_encryption_types = (known after apply)
          [32m+[0m[0m bucket_key_enabled       = true

          [32m+[0m[0m apply_server_side_encryption_by_default {
              [32m+[0m[0m kms_master_key_id = "arn:aws:kms:us-west-1:240462142849:key/90e2806f-72c0-4b51-ae60-8cc9436bdfe0"
              [32m+[0m[0m sse_algorithm     = "aws:kms"
            }
        }
    }

[1m  # module.storage.aws_s3_bucket_server_side_encryption_configuration.this["logs"][0m will be created
[0m  [32m+[0m[0m resource "aws_s3_bucket_server_side_encryption_configuration" "this" {
      [32m+[0m[0m bucket = (known after apply)
      [32m+[0m[0m id     = (known after apply)
      [32m+[0m[0m region = "us-west-1"

      [32m+[0m[0m rule {
          [32m+[0m[0m blocked_encryption_types = (known after apply)
          [32m+[0m[0m bucket_key_enabled       = true

          [32m+[0m[0m apply_server_side_encryption_by_default {
              [32m+[0m[0m kms_master_key_id = "arn:aws:kms:us-west-1:240462142849:key/90e2806f-72c0-4b51-ae60-8cc9436bdfe0"
              [32m+[0m[0m sse_algorithm     = "aws:kms"
            }
        }
    }

[1m  # module.storage.aws_s3_bucket_versioning.this["alb-logs"][0m will be created
[0m  [32m+[0m[0m resource "aws_s3_bucket_versioning" "this" {
      [32m+[0m[0m bucket = (known after apply)
      [32m+[0m[0m id     = (known after apply)
      [32m+[0m[0m region = "us-west-1"

      [32m+[0m[0m versioning_configuration {
          [32m+[0m[0m mfa_delete = (known after apply)
          [32m+[0m[0m status     = "Enabled"
        }
    }

[1m  # module.storage.aws_s3_bucket_versioning.this["artifacts"][0m will be created
[0m  [32m+[0m[0m resource "aws_s3_bucket_versioning" "this" {
      [32m+[0m[0m bucket = (known after apply)
      [32m+[0m[0m id     = (known after apply)
      [32m+[0m[0m region = "us-west-1"

      [32m+[0m[0m versioning_configuration {
          [32m+[0m[0m mfa_delete = (known after apply)
          [32m+[0m[0m status     = "Enabled"
        }
    }

[1m  # module.storage.aws_s3_bucket_versioning.this["backups"][0m will be created
[0m  [32m+[0m[0m resource "aws_s3_bucket_versioning" "this" {
      [32m+[0m[0m bucket = (known after apply)
      [32m+[0m[0m id     = (known after apply)
      [32m+[0m[0m region = "us-west-1"

      [32m+[0m[0m versioning_configuration {
          [32m+[0m[0m mfa_delete = (known after apply)
          [32m+[0m[0m status     = "Enabled"
        }
    }

[1m  # module.storage.aws_s3_bucket_versioning.this["evidence"][0m will be created
[0m  [32m+[0m[0m resource "aws_s3_bucket_versioning" "this" {
      [32m+[0m[0m bucket = (known after apply)
      [32m+[0m[0m id     = (known after apply)
      [32m+[0m[0m region = "us-west-1"

      [32m+[0m[0m versioning_configuration {
          [32m+[0m[0m mfa_delete = (known after apply)
          [32m+[0m[0m status     = "Enabled"
        }
    }

[1m  # module.storage.aws_s3_bucket_versioning.this["logs"][0m will be created
[0m  [32m+[0m[0m resource "aws_s3_bucket_versioning" "this" {
      [32m+[0m[0m bucket = (known after apply)
      [32m+[0m[0m id     = (known after apply)
      [32m+[0m[0m region = "us-west-1"

      [32m+[0m[0m versioning_configuration {
          [32m+[0m[0m mfa_delete = (known after apply)
          [32m+[0m[0m status     = "Enabled"
        }
    }

[1m  # module.synthetics_canary.data.aws_iam_policy_document.canary[0m will be read during apply
  # (config refers to values not yet known)
[0m [36m<=[0m[0m data "aws_iam_policy_document" "canary" {
      [32m+[0m[0m id            = (known after apply)
      [32m+[0m[0m json          = (known after apply)
      [32m+[0m[0m minified_json = (known after apply)

      [32m+[0m[0m statement {
          [32m+[0m[0m actions   = [
              [32m+[0m[0m "s3:GetBucketLocation",
              [32m+[0m[0m "s3:PutObject",
            ]
          [32m+[0m[0m effect    = "Allow"
          [32m+[0m[0m resources = [
              [32m+[0m[0m (known after apply),
              [32m+[0m[0m (known after apply),
            ]
          [32m+[0m[0m sid       = "CanaryArtifacts"
        }
      [32m+[0m[0m statement {
          [32m+[0m[0m actions   = [
              [32m+[0m[0m "logs:CreateLogGroup",
              [32m+[0m[0m "logs:CreateLogStream",
              [32m+[0m[0m "logs:PutLogEvents",
            ]
          [32m+[0m[0m effect    = "Allow"
          [32m+[0m[0m resources = [
              [32m+[0m[0m "arn:aws:logs:us-west-1:240462142849:log-group:/aws/lambda/cwsyn-*",
            ]
          [32m+[0m[0m sid       = "CanaryLogs"
        }
      [32m+[0m[0m statement {
          [32m+[0m[0m actions   = [
              [32m+[0m[0m "cloudwatch:PutMetricData",
            ]
          [32m+[0m[0m effect    = "Allow"
          [32m+[0m[0m resources = [
              [32m+[0m[0m "*",
            ]
          [32m+[0m[0m sid       = "CanaryMetrics"

          [32m+[0m[0m condition {
              [32m+[0m[0m test     = "StringEquals"
              [32m+[0m[0m values   = [
                  [32m+[0m[0m "CloudWatchSynthetics",
                ]
              [32m+[0m[0m variable = "cloudwatch:namespace"
            }
        }
    }

[1m  # module.synthetics_canary.aws_iam_role.canary[0m will be created
[0m  [32m+[0m[0m resource "aws_iam_role" "canary" {
      [32m+[0m[0m arn                   = (known after apply)
      [32m+[0m[0m assume_role_policy    = jsonencode(
            {
              [32m+[0m[0m Statement = [
                  [32m+[0m[0m {
                      [32m+[0m[0m Action    = "sts:AssumeRole"
                      [32m+[0m[0m Effect    = "Allow"
                      [32m+[0m[0m Principal = {
                          [32m+[0m[0m Service = "lambda.amazonaws.com"
                        }
                    },
                ]
              [32m+[0m[0m Version   = "2012-10-17"
            }
        )
      [32m+[0m[0m create_date           = (known after apply)
      [32m+[0m[0m force_detach_policies = false
      [32m+[0m[0m id                    = (known after apply)
      [32m+[0m[0m managed_policy_arns   = (known after apply)
      [32m+[0m[0m max_session_duration  = 3600
      [32m+[0m[0m name                  = "devops-g3-synthetics-canary"
      [32m+[0m[0m name_prefix           = (known after apply)
      [32m+[0m[0m path                  = "/"
      [32m+[0m[0m tags                  = {
          [32m+[0m[0m "Name"    = "devops-g3-synthetics-canary"
          [32m+[0m[0m "owner"   = "lwam"
          [32m+[0m[0m "service" = "platform"
        }
      [32m+[0m[0m tags_all              = {
          [32m+[0m[0m "Name"        = "devops-g3-synthetics-canary"
          [32m+[0m[0m "capstone"    = "tillflow"
          [32m+[0m[0m "environment" = "dev"
          [32m+[0m[0m "group"       = "devops-g3"
          [32m+[0m[0m "managed-by"  = "terraform"
          [32m+[0m[0m "owner"       = "lwam"
          [32m+[0m[0m "service"     = "platform"
        }
      [32m+[0m[0m unique_id             = (known after apply)

      [32m+[0m[0m inline_policy (known after apply)
    }

[1m  # module.synthetics_canary.aws_iam_role_policy.canary[0m will be created
[0m  [32m+[0m[0m resource "aws_iam_role_policy" "canary" {
      [32m+[0m[0m id          = (known after apply)
      [32m+[0m[0m name        = "synthetics-canary"
      [32m+[0m[0m name_prefix = (known after apply)
      [32m+[0m[0m policy      = (known after apply)
      [32m+[0m[0m role        = (known after apply)
    }

[1m  # module.synthetics_canary.aws_s3_bucket.artifacts[0m will be created
[0m  [32m+[0m[0m resource "aws_s3_bucket" "artifacts" {
      [32m+[0m[0m acceleration_status         = (known after apply)
      [32m+[0m[0m acl                         = (known after apply)
      [32m+[0m[0m arn                         = (known after apply)
      [32m+[0m[0m bucket                      = "devops-g3-synthetics-240462142849"
      [32m+[0m[0m bucket_domain_name          = (known after apply)
      [32m+[0m[0m bucket_namespace            = (known after apply)
      [32m+[0m[0m bucket_prefix               = (known after apply)
      [32m+[0m[0m bucket_region               = (known after apply)
      [32m+[0m[0m bucket_regional_domain_name = (known after apply)
      [32m+[0m[0m force_destroy               = true
      [32m+[0m[0m hosted_zone_id              = (known after apply)
      [32m+[0m[0m id                          = (known after apply)
      [32m+[0m[0m object_lock_enabled         = (known after apply)
      [32m+[0m[0m policy                      = (known after apply)
      [32m+[0m[0m region                      = "us-west-1"
      [32m+[0m[0m request_payer               = (known after apply)
      [32m+[0m[0m tags                        = {
          [32m+[0m[0m "Name"    = "devops-g3-synthetics"
          [32m+[0m[0m "owner"   = "lwam"
          [32m+[0m[0m "service" = "platform"
        }
      [32m+[0m[0m tags_all                    = {
          [32m+[0m[0m "Name"        = "devops-g3-synthetics"
          [32m+[0m[0m "capstone"    = "tillflow"
          [32m+[0m[0m "environment" = "dev"
          [32m+[0m[0m "group"       = "devops-g3"
          [32m+[0m[0m "managed-by"  = "terraform"
          [32m+[0m[0m "owner"       = "lwam"
          [32m+[0m[0m "service"     = "platform"
        }
      [32m+[0m[0m website_domain              = (known after apply)
      [32m+[0m[0m website_endpoint            = (known after apply)

      [32m+[0m[0m cors_rule (known after apply)

      [32m+[0m[0m grant (known after apply)

      [32m+[0m[0m lifecycle_rule (known after apply)

      [32m+[0m[0m logging (known after apply)

      [32m+[0m[0m object_lock_configuration (known after apply)

      [32m+[0m[0m replication_configuration (known after apply)

      [32m+[0m[0m server_side_encryption_configuration (known after apply)

      [32m+[0m[0m versioning (known after apply)

      [32m+[0m[0m website (known after apply)
    }

[1m  # module.synthetics_canary.aws_s3_bucket_policy.canary_artifacts[0m will be created
[0m  [32m+[0m[0m resource "aws_s3_bucket_policy" "canary_artifacts" {
      [32m+[0m[0m bucket = (known after apply)
      [32m+[0m[0m id     = (known after apply)
      [32m+[0m[0m policy = (known after apply)
      [32m+[0m[0m region = "us-west-1"
    }

[1m  # module.synthetics_canary.aws_s3_bucket_public_access_block.artifacts[0m will be created
[0m  [32m+[0m[0m resource "aws_s3_bucket_public_access_block" "artifacts" {
      [32m+[0m[0m block_public_acls       = true
      [32m+[0m[0m block_public_policy     = true
      [32m+[0m[0m bucket                  = (known after apply)
      [32m+[0m[0m id                      = (known after apply)
      [32m+[0m[0m ignore_public_acls      = true
      [32m+[0m[0m region                  = "us-west-1"
      [32m+[0m[0m restrict_public_buckets = true
    }

[1m  # module.synthetics_canary.aws_s3_bucket_server_side_encryption_configuration.artifacts[0m will be created
[0m  [32m+[0m[0m resource "aws_s3_bucket_server_side_encryption_configuration" "artifacts" {
      [32m+[0m[0m bucket = (known after apply)
      [32m+[0m[0m id     = (known after apply)
      [32m+[0m[0m region = "us-west-1"

      [32m+[0m[0m rule {
          [32m+[0m[0m blocked_encryption_types = (known after apply)
          [32m+[0m[0m bucket_key_enabled       = true

          [32m+[0m[0m apply_server_side_encryption_by_default {
              [32m+[0m[0m kms_master_key_id = "arn:aws:kms:us-west-1:240462142849:key/90e2806f-72c0-4b51-ae60-8cc9436bdfe0"
              [32m+[0m[0m sse_algorithm     = "aws:kms"
            }
        }
    }

[1m  # module.synthetics_canary.aws_s3_bucket_versioning.artifacts[0m will be created
[0m  [32m+[0m[0m resource "aws_s3_bucket_versioning" "artifacts" {
      [32m+[0m[0m bucket = (known after apply)
      [32m+[0m[0m id     = (known after apply)
      [32m+[0m[0m region = "us-west-1"

      [32m+[0m[0m versioning_configuration {
          [32m+[0m[0m mfa_delete = (known after apply)
          [32m+[0m[0m status     = "Enabled"
        }
    }

[1m  # module.synthetics_canary.aws_synthetics_canary.edge_health[0m will be created
[0m  [32m+[0m[0m resource "aws_synthetics_canary" "edge_health" {
      [32m+[0m[0m arn                      = (known after apply)
      [32m+[0m[0m artifact_s3_location     = (known after apply)
      [32m+[0m[0m delete_lambda            = false
      [32m+[0m[0m engine_arn               = (known after apply)
      [32m+[0m[0m execution_role_arn       = (known after apply)
      [32m+[0m[0m failure_retention_period = 31
      [32m+[0m[0m handler                  = "canary.handler"
      [32m+[0m[0m id                       = (known after apply)
      [32m+[0m[0m name                     = "devops-g3-edge-health"
      [32m+[0m[0m region                   = "us-west-1"
      [32m+[0m[0m runtime_version          = "syn-nodejs-puppeteer-17.0"
      [32m+[0m[0m source_location_arn      = (known after apply)
      [32m+[0m[0m start_canary             = true
      [32m+[0m[0m status                   = (known after apply)
      [32m+[0m[0m success_retention_period = 31
      [32m+[0m[0m tags                     = {
          [32m+[0m[0m "Name"    = "devops-g3-edge-health"
          [32m+[0m[0m "owner"   = "lwam"
          [32m+[0m[0m "service" = "platform"
        }
      [32m+[0m[0m tags_all                 = {
          [32m+[0m[0m "Name"        = "devops-g3-edge-health"
          [32m+[0m[0m "capstone"    = "tillflow"
          [32m+[0m[0m "environment" = "dev"
          [32m+[0m[0m "group"       = "devops-g3"
          [32m+[0m[0m "managed-by"  = "terraform"
          [32m+[0m[0m "owner"       = "lwam"
          [32m+[0m[0m "service"     = "platform"
        }
      [32m+[0m[0m timeline                 = (known after apply)
      [32m+[0m[0m zip_file                 = "../../modules/synthetics-canary/.canary.zip"

      [32m+[0m[0m run_config {
          [32m+[0m[0m environment_variables = (known after apply)
          [32m+[0m[0m ephemeral_storage     = (known after apply)
          [32m+[0m[0m memory_in_mb          = (known after apply)
          [32m+[0m[0m timeout_in_seconds    = 60
        }

      [32m+[0m[0m schedule {
          [32m+[0m[0m expression = "rate(1 minute)"

          [32m+[0m[0m retry_config (known after apply)
        }
    }

[1mPlan:[0m [0m244 to add, 8 to change, 0 to destroy.

Changes to Outputs:
  [32m+[0m[0m alb_dns_name                     = (known after apply)
  [32m+[0m[0m alb_internal                     = true
  [32m+[0m[0m amp_prometheus_endpoint          = (known after apply)
  [32m+[0m[0m amp_remote_write_url             = (known after apply)
  [32m+[0m[0m amp_workspace_id                 = (known after apply)
  [32m+[0m[0m api_endpoint                     = (known after apply)
  [32m+[0m[0m bucket_ids                       = {
      [32m+[0m[0m alb-logs  = (known after apply)
      [32m+[0m[0m artifacts = (known after apply)
      [32m+[0m[0m backups   = (known after apply)
      [32m+[0m[0m evidence  = (known after apply)
      [32m+[0m[0m logs      = (known after apply)
    }
  [33m~[0m[0m cloudwatch_alarm_names           = {
      [33m~[0m[0m canary = [90mnull[0m[0m [33m->[0m[0m "devops-g3-edge-health-canary"
      [33m~[0m[0m dlq    = [90mnull[0m[0m [33m->[0m[0m {
          [32m+[0m[0m payout         = "devops-g3-payout-dlq-depth"
          [32m+[0m[0m reconciliation = "devops-g3-reconciliation-dlq-depth"
        }
      [33m~[0m[0m ecs    = [90mnull[0m[0m [33m->[0m[0m {
          [32m+[0m[0m commission = "devops-g3-commission-ecs-cpu-high"
          [32m+[0m[0m payments   = "devops-g3-payments-ecs-cpu-high"
          [32m+[0m[0m pos        = "devops-g3-pos-ecs-cpu-high"
          [32m+[0m[0m web        = "devops-g3-web-ecs-cpu-high"
        }
      [33m~[0m[0m rds    = {
          [33m~[0m[0m connections_high = [90mnull[0m[0m [33m->[0m[0m "devops-g3-rds-connections-high"
          [33m~[0m[0m cpu_high         = [90mnull[0m[0m [33m->[0m[0m "devops-g3-rds-cpu-high"
        }
    }
  [32m+[0m[0m db_bootstrap_project_name        = "devops-g3-db-bootstrap"
  [32m+[0m[0m db_name                          = "tillflow"
  [32m+[0m[0m db_proxy_endpoint                = (known after apply)
  [32m+[0m[0m delivery_codebuild_project_names = {
      [32m+[0m[0m adot-mirror   = "devops-g3-adot-mirror"
      [32m+[0m[0m commission    = "devops-g3-commission-build"
      [32m+[0m[0m grafana-build = "devops-g3-grafana-build"
      [32m+[0m[0m payments      = "devops-g3-payments-build"
      [32m+[0m[0m pos           = "devops-g3-pos-build"
      [32m+[0m[0m smoke         = "devops-g3-smoke"
      [32m+[0m[0m web           = "devops-g3-web-build"
    }
  [32m+[0m[0m delivery_github_connection_arn   = (known after apply)
  [32m+[0m[0m delivery_pipeline_name           = "devops-g3-pipeline"
  [33m~[0m[0m dlq_names                        = {
      [33m~[0m[0m payout         = [90mnull[0m[0m [33m->[0m[0m "devops-g3-payout-dlq"
      [33m~[0m[0m reconciliation = [90mnull[0m[0m [33m->[0m[0m "devops-g3-reconciliation-dlq"
    }
  [32m+[0m[0m ecr_repository_urls              = {
      [32m+[0m[0m commission = (known after apply)
      [32m+[0m[0m payments   = (known after apply)
      [32m+[0m[0m pos        = (known after apply)
      [32m+[0m[0m web        = (known after apply)
    }
  [32m+[0m[0m ecs_cluster_name                 = "devops-g3"
  [32m+[0m[0m grafana_url                      = (known after apply)
  [32m+[0m[0m queue_urls                       = {
      [32m+[0m[0m payout         = (known after apply)
      [32m+[0m[0m reconciliation = (known after apply)
    }
  [32m+[0m[0m redis_endpoint                   = (known after apply)
  [33m~[0m[0m service_task_role_arns           = {
      [32m+[0m[0m commission = (known after apply)
      [32m+[0m[0m payments   = (known after apply)
      [32m+[0m[0m pos        = (known after apply)
      [32m+[0m[0m web        = (known after apply)
    }
  [32m+[0m[0m synthetics_canary_name           = "devops-g3-edge-health"
  [33m~[0m[0m synthetics_probe_urls            = {
      [32m+[0m[0m health = (known after apply)
      [32m+[0m[0m ready  = (known after apply)
    }
[90m
─────────────────────────────────────────────────────────────────────────────[0m

Saved the plan to: tfplan

To perform exactly these actions, run the following command to apply:
    terraform apply "tfplan"
Releasing state lock. This may take a few moments...
== naming: every resource starts with 'devops-g3' ==
== tags: every taggable resource carries all 6 required tags ==
== forbidden: no 'latest' image tag anywhere ==
== character sets: EC2 descriptions, tag values, IAM descriptions ==

PASS — 100 named resources checked, all tags present.
[33m╷[0m[0m
[33m│[0m [0m[1m[33mWarning: [0m[0m[1mDeprecated Parameter[0m
[33m│[0m [0m
[33m│[0m [0m[0mThe parameter "dynamodb_table" is deprecated. Use parameter "use_lockfile"
[33m│[0m [0minstead.
[33m╵[0m[0m
Acquiring state lock. This may take a few moments...
[0m[1maws_ecr_lifecycle_policy.grafana: Creating...[0m[0m
[0m[1mmodule.ecs_platform.aws_ecr_repository.service["pos"]: Creating...[0m[0m
[0m[1mmodule.network.aws_eip.nat[0]: Creating...[0m[0m
[0m[1mmodule.rds.aws_iam_role.proxy: Creating...[0m[0m
[0m[1mmodule.network.aws_iam_role.flow_logs: Creating...[0m[0m
[0m[1mmodule.ecs_platform.aws_service_discovery_http_namespace.this: Creating...[0m[0m
[0m[1mmodule.ecs_platform.aws_ecr_repository.service["commission"]: Creating...[0m[0m
[0m[1mmodule.apigw.aws_apigatewayv2_api.this: Creating...[0m[0m
[0m[1mmodule.ecs_platform.aws_cloudwatch_log_group.exec: Creating...[0m[0m
[0m[1mmodule.grafana.aws_cloudwatch_log_group.this: Creating...[0m[0m
[0m[1maws_ecr_lifecycle_policy.grafana: Creation complete after 1s [id=devops-g3/grafana][0m
[0m[1mmodule.network.aws_cloudwatch_log_group.flow_logs: Creating...[0m[0m
[0m[1mmodule.apigw.aws_apigatewayv2_api.this: Creation complete after 2s [id=k8ve9ik8zl][0m
[0m[1mmodule.messaging.aws_sqs_queue.dlq["payout"]: Creating...[0m[0m
[0m[1mmodule.ecs_platform.aws_ecr_repository.service["commission"]: Creation complete after 2s [id=devops-g3/commission][0m
[0m[1mmodule.ecs_platform.aws_ecr_repository.service["pos"]: Creation complete after 2s [id=devops-g3/pos][0m
[0m[1mmodule.ecs_platform.aws_ecr_repository.service["web"]: Creating...[0m[0m
[0m[1mmodule.ecs_platform.aws_ecr_repository.service["payments"]: Creating...[0m[0m
[0m[1mmodule.rds.aws_iam_role.proxy: Creation complete after 2s [id=devops-g3-db-proxy][0m
[0m[1mmodule.secrets.aws_secretsmanager_secret.this["db-proxy-web"]: Modifying... [id=arn:aws:secretsmanager:us-west-1:240462142849:secret:devops-g3/db-proxy-web-1bqHbE][0m[0m
[0m[1mmodule.network.aws_iam_role.flow_logs: Creation complete after 2s [id=devops-g3-vpc-flow-logs][0m
[0m[1mmodule.secrets.aws_secretsmanager_secret.this["daraja"]: Modifying... [id=arn:aws:secretsmanager:us-west-1:240462142849:secret:devops-g3/daraja-vDnR06][0m[0m
[0m[1mmodule.ecs_platform.aws_cloudwatch_log_group.exec: Creation complete after 2s [id=/devops-g3/ecs-exec][0m
[0m[1mmodule.secrets.aws_secretsmanager_secret.this["db-proxy-pos"]: Modifying... [id=arn:aws:secretsmanager:us-west-1:240462142849:secret:devops-g3/db-proxy-pos-L7bCoD][0m[0m
[0m[1mmodule.grafana.aws_cloudwatch_log_group.this: Creation complete after 3s [id=/devops-g3/grafana][0m
[0m[1mmodule.network.aws_eip.nat[0]: Creation complete after 3s [id=eipalloc-04421fe32aea62825][0m
[0m[1mmodule.messaging.aws_sqs_queue.dlq["reconciliation"]: Creating...[0m[0m
[0m[1mmodule.secrets.aws_secretsmanager_secret.this["slack-webhook"]: Modifying... [id=arn:aws:secretsmanager:us-west-1:240462142849:secret:devops-g3/slack-webhook-eunYoR][0m[0m
[0m[1mmodule.ecs_platform.aws_ecr_repository.service["payments"]: Creation complete after 1s [id=devops-g3/payments][0m
[0m[1mmodule.secrets.aws_secretsmanager_secret.this["db-proxy-commission"]: Modifying... [id=arn:aws:secretsmanager:us-west-1:240462142849:secret:devops-g3/db-proxy-commission-O3w8qA][0m[0m
[0m[1mmodule.network.aws_cloudwatch_log_group.flow_logs: Creation complete after 2s [id=/devops-g3/vpc-flow-logs][0m
[0m[1mmodule.secrets.aws_secretsmanager_secret.this["grafana-admin"]: Modifying... [id=arn:aws:secretsmanager:us-west-1:240462142849:secret:devops-g3/grafana-admin-T5XvCb][0m[0m
[0m[1mmodule.ecs_platform.aws_ecr_repository.service["web"]: Creation complete after 2s [id=devops-g3/web][0m
[0m[1mmodule.secrets.aws_secretsmanager_secret.this["db-proxy-payments"]: Modifying... [id=arn:aws:secretsmanager:us-west-1:240462142849:secret:devops-g3/db-proxy-payments-H5SL8D][0m[0m
[0m[1mmodule.secrets.aws_secretsmanager_secret.this["db-proxy-web"]: Modifications complete after 3s [id=arn:aws:secretsmanager:us-west-1:240462142849:secret:devops-g3/db-proxy-web-1bqHbE][0m
[0m[1mmodule.rds.aws_db_parameter_group.this: Creating...[0m[0m
[0m[1mmodule.secrets.aws_secretsmanager_secret.this["grafana-admin"]: Modifications complete after 2s [id=arn:aws:secretsmanager:us-west-1:240462142849:secret:devops-g3/grafana-admin-T5XvCb][0m
[0m[1mmodule.secrets.aws_secretsmanager_secret.this["db"]: Modifying... [id=arn:aws:secretsmanager:us-west-1:240462142849:secret:devops-g3/db-I364XC][0m[0m
[0m[1mmodule.secrets.aws_secretsmanager_secret.this["daraja"]: Modifications complete after 3s [id=arn:aws:secretsmanager:us-west-1:240462142849:secret:devops-g3/daraja-vDnR06][0m
[0m[1maws_ecr_repository.adot: Creating...[0m[0m
[0m[1mmodule.secrets.aws_secretsmanager_secret.this["slack-webhook"]: Modifications complete after 2s [id=arn:aws:secretsmanager:us-west-1:240462142849:secret:devops-g3/slack-webhook-eunYoR][0m
[0m[1mmodule.amp.aws_prometheus_workspace.this: Creating...[0m[0m
[0m[1mmodule.secrets.aws_secretsmanager_secret.this["db-proxy-pos"]: Modifications complete after 3s [id=arn:aws:secretsmanager:us-west-1:240462142849:secret:devops-g3/db-proxy-pos-L7bCoD][0m
[0m[1mmodule.ecs_platform.aws_cloudwatch_log_group.service["commission"]: Creating...[0m[0m
[0m[1mmodule.secrets.aws_secretsmanager_secret.this["db-proxy-commission"]: Modifications complete after 2s [id=arn:aws:secretsmanager:us-west-1:240462142849:secret:devops-g3/db-proxy-commission-O3w8qA][0m
[0m[1mmodule.ecs_platform.aws_cloudwatch_log_group.service["web"]: Creating...[0m[0m
[0m[1mmodule.secrets.aws_secretsmanager_secret.this["db-proxy-payments"]: Modifications complete after 1s [id=arn:aws:secretsmanager:us-west-1:240462142849:secret:devops-g3/db-proxy-payments-H5SL8D][0m
[0m[1mmodule.ecs_platform.aws_cloudwatch_log_group.service["pos"]: Creating...[0m[0m
[0m[1mmodule.secrets.aws_secretsmanager_secret.this["db"]: Modifications complete after 0s [id=arn:aws:secretsmanager:us-west-1:240462142849:secret:devops-g3/db-I364XC][0m
[0m[1mmodule.db_bootstrap.aws_iam_role.this: Creating...[0m[0m
[0m[1maws_ecr_repository.adot: Creation complete after 1s [id=devops-g3/adot][0m
[0m[1mmodule.apigw.aws_cloudwatch_log_group.access: Creating...[0m[0m
[0m[1mmodule.ecs_platform.aws_cloudwatch_log_group.service["web"]: Creation complete after 1s [id=/devops-g3/web][0m
[0m[1mmodule.network.aws_vpc.this: Creating...[0m[0m
[0m[1mmodule.ecs_platform.aws_cloudwatch_log_group.service["commission"]: Creation complete after 1s [id=/devops-g3/commission][0m
[0m[1mmodule.ecs_platform.aws_cloudwatch_log_group.service["payments"]: Creating...[0m[0m
[0m[1mmodule.ecs_platform.aws_cloudwatch_log_group.service["pos"]: Creation complete after 1s [id=/devops-g3/pos][0m
[0m[1mmodule.synthetics_canary.aws_iam_role.canary: Creating...[0m[0m
[0m[1mmodule.db_bootstrap.aws_iam_role.this: Creation complete after 2s [id=devops-g3-db-bootstrap][0m
[0m[1mmodule.ecs_platform.aws_ecs_cluster.this: Creating...[0m[0m
[0m[1mmodule.apigw.aws_cloudwatch_log_group.access: Creation complete after 1s [id=/devops-g3/apigw][0m
[0m[1mmodule.network.data.aws_iam_policy_document.flow_logs: Reading...[0m[0m
[0m[1mmodule.network.data.aws_iam_policy_document.flow_logs: Read complete after 0s [id=3880847988][0m
[0m[1mmodule.ecs_platform.aws_ecr_lifecycle_policy.service["web"]: Creating...[0m[0m
[0m[1mmodule.ecs_platform.aws_cloudwatch_log_group.service["payments"]: Creation complete after 1s [id=/devops-g3/payments][0m
[0m[1mmodule.ecs_platform.aws_ecr_lifecycle_policy.service["commission"]: Creating...[0m[0m
[0m[1mmodule.synthetics_canary.aws_iam_role.canary: Creation complete after 2s [id=devops-g3-synthetics-canary][0m
[0m[1mmodule.ecs_platform.aws_ecr_lifecycle_policy.service["payments"]: Creating...[0m[0m
[0m[1mmodule.ecs_platform.aws_ecr_lifecycle_policy.service["web"]: Creation complete after 1s [id=devops-g3/web][0m
[0m[1mmodule.ecs_platform.aws_ecr_lifecycle_policy.service["pos"]: Creating...[0m[0m
[0m[1mmodule.amp.aws_prometheus_workspace.this: Creation complete after 3s [id=ws-8a73e36c-60d1-42c6-bc84-4cd5bf0f5e16][0m
[0m[1maws_ecr_lifecycle_policy.adot: Creating...[0m[0m
[0m[1mmodule.ecs_platform.aws_ecr_lifecycle_policy.service["commission"]: Creation complete after 1s [id=devops-g3/commission][0m
[0m[1mmodule.apigw.aws_apigatewayv2_stage.this: Creating...[0m[0m
[0m[1mmodule.ecs_platform.aws_ecr_lifecycle_policy.service["payments"]: Creation complete after 0s [id=devops-g3/payments][0m
[0m[1mmodule.network.aws_iam_role_policy.flow_logs: Creating...[0m[0m
[0m[1mmodule.ecs_platform.aws_ecr_lifecycle_policy.service["pos"]: Creation complete after 0s [id=devops-g3/pos][0m
[0m[1mmodule.messaging.aws_iam_role.scheduler: Creating...[0m[0m
[0m[1mmodule.rds.aws_db_parameter_group.this: Creation complete after 4s [id=devops-g3-pg16][0m
[0m[1mmodule.synthetics_canary.aws_s3_bucket.artifacts: Creating...[0m[0m
[0m[1maws_ecr_lifecycle_policy.adot: Creation complete after 1s [id=devops-g3/adot][0m
[0m[1mmodule.storage.aws_s3_bucket.this["artifacts"]: Creating...[0m[0m
[0m[1mmodule.network.aws_iam_role_policy.flow_logs: Creation complete after 1s [id=devops-g3-vpc-flow-logs:publish][0m
[0m[1mmodule.storage.aws_s3_bucket.this["logs"]: Creating...[0m[0m
[0m[1mmodule.messaging.aws_iam_role.scheduler: Creation complete after 2s [id=devops-g3-scheduler][0m
[0m[1mmodule.storage.aws_s3_bucket.this["alb-logs"]: Creating...[0m[0m
[0m[1mmodule.apigw.aws_apigatewayv2_stage.this: Creation complete after 2s [id=v1][0m
[0m[1mmodule.storage.aws_s3_bucket.this["evidence"]: Creating...[0m[0m
[0m[1mmodule.ecs_platform.aws_service_discovery_http_namespace.this: Still creating... [00m10s elapsed][0m[0m
[0m[1mmodule.network.aws_vpc.this: Creation complete after 4s [id=vpc-01893fa497449df88][0m
[0m[1mmodule.storage.aws_s3_bucket.this["backups"]: Creating...[0m[0m
[0m[1mmodule.messaging.aws_sqs_queue.dlq["payout"]: Still creating... [00m10s elapsed][0m[0m
[0m[1mmodule.messaging.aws_sqs_queue.dlq["reconciliation"]: Still creating... [00m10s elapsed][0m[0m
[0m[1mmodule.storage.aws_s3_bucket.this["artifacts"]: Creation complete after 7s [id=devops-g3-artifacts-240462142849][0m
[0m[1mmodule.grafana.aws_iam_role.task: Creating...[0m[0m
[0m[1mmodule.synthetics_canary.aws_s3_bucket.artifacts: Creation complete after 7s [id=devops-g3-synthetics-240462142849][0m
[0m[1mmodule.ecs_platform.aws_iam_role.task_execution: Creating...[0m[0m
[0m[1mmodule.storage.aws_s3_bucket.this["logs"]: Creation complete after 7s [id=devops-g3-logs-240462142849][0m
[0m[1mmodule.storage.aws_s3_bucket.this["alb-logs"]: Creation complete after 6s [id=devops-g3-alb-logs-240462142849][0m
[0m[1mmodule.service["pos"].aws_iam_role.task: Creating...[0m[0m
[0m[1mmodule.service["web"].aws_iam_role.task: Creating...[0m[0m
[0m[1mmodule.storage.aws_s3_bucket.this["evidence"]: Creation complete after 6s [id=devops-g3-evidence-240462142849][0m
[0m[1mmodule.service["commission"].aws_iam_role.task: Creating...[0m[0m
[0m[1mmodule.ecs_platform.aws_ecs_cluster.this: Still creating... [00m10s elapsed][0m[0m
[0m[1mmodule.grafana.aws_iam_role.task: Creation complete after 1s [id=devops-g3-grafana-task][0m
[0m[1mmodule.service["payments"].aws_iam_role.task: Creating...[0m[0m
[0m[1mmodule.ecs_platform.aws_iam_role.task_execution: Creation complete after 1s [id=devops-g3-exec][0m
[0m[1mmodule.network.aws_route_table.private_data: Creating...[0m[0m
[0m[1mmodule.service["pos"].aws_iam_role.task: Creation complete after 2s [id=devops-g3-pos-task][0m
[0m[1mmodule.network.aws_route_table.private_app["us-west-1c"]: Creating...[0m[0m
[0m[1mmodule.service["web"].aws_iam_role.task: Creation complete after 2s [id=devops-g3-web-task][0m
[0m[1mmodule.network.aws_subnet.public["us-west-1a"]: Creating...[0m[0m
[0m[1mmodule.service["commission"].aws_iam_role.task: Creation complete after 2s [id=devops-g3-commission-task][0m
[0m[1mmodule.network.aws_security_group.vpc_endpoints: Creating...[0m[0m
[0m[1mmodule.service["payments"].aws_iam_role.task: Creation complete after 1s [id=devops-g3-payments-task][0m
[0m[1mmodule.network.aws_internet_gateway.this: Creating...[0m[0m
[0m[1mmodule.storage.aws_s3_bucket.this["backups"]: Creation complete after 9s [id=devops-g3-backups-240462142849][0m
[0m[1mmodule.network.aws_subnet.private_app["us-west-1a"]: Creating...[0m[0m
[0m[1mmodule.ecs_platform.aws_ecs_cluster.this: Creation complete after 13s [id=arn:aws:ecs:us-west-1:240462142849:cluster/devops-g3][0m
[0m[1mmodule.network.aws_subnet.public["us-west-1c"]: Creating...[0m[0m
[0m[1mmodule.network.aws_route_table.private_app["us-west-1c"]: Creation complete after 2s [id=rtb-0a71015ed5da3538f][0m
[0m[1mmodule.network.aws_route_table.private_data: Creation complete after 3s [id=rtb-0dc0b321b18796b33][0m
[0m[1mmodule.network.aws_subnet.private_app["us-west-1c"]: Creating...[0m[0m
[0m[1mmodule.network.aws_subnet.private_data["us-west-1a"]: Creating...[0m[0m
[0m[1mmodule.ecs_platform.aws_service_discovery_http_namespace.this: Still creating... [00m20s elapsed][0m[0m
[0m[1mmodule.network.aws_subnet.public["us-west-1a"]: Creation complete after 2s [id=subnet-07a7e68e30bca60d4][0m
[0m[1mmodule.network.aws_route_table.private_app["us-west-1a"]: Creating...[0m[0m
[0m[1mmodule.network.aws_internet_gateway.this: Creation complete after 2s [id=igw-0bdc4743640e13d1f][0m
[0m[1mmodule.network.aws_subnet.private_data["us-west-1c"]: Creating...[0m[0m
[0m[1mmodule.network.aws_subnet.private_app["us-west-1a"]: Creation complete after 2s [id=subnet-06b0cbcbf13389a85][0m
[0m[1mmodule.network.aws_flow_log.this: Creating...[0m[0m
[0m[1mmodule.network.aws_subnet.public["us-west-1c"]: Creation complete after 1s [id=subnet-03129e240355854d2][0m
[0m[1mmodule.network.aws_route_table.public: Creating...[0m[0m
[0m[1mmodule.network.aws_route_table.private_app["us-west-1a"]: Creation complete after 1s [id=rtb-08d6b9ca0737c7e83][0m
[0m[1mmodule.synthetics_canary.data.aws_iam_policy_document.canary: Reading...[0m[0m
[0m[1mmodule.synthetics_canary.data.aws_iam_policy_document.canary: Read complete after 0s [id=3736196624][0m
[0m[1mmodule.synthetics_canary.aws_s3_bucket_server_side_encryption_configuration.artifacts: Creating...[0m[0m
[0m[1mmodule.network.aws_subnet.private_app["us-west-1c"]: Creation complete after 2s [id=subnet-0327830d332cfbb1f][0m
[0m[1mmodule.messaging.aws_sqs_queue.dlq["payout"]: Still creating... [00m20s elapsed][0m[0m
[0m[1mmodule.messaging.aws_sqs_queue.dlq["reconciliation"]: Still creating... [00m20s elapsed][0m[0m
[0m[1mmodule.network.aws_subnet.private_data["us-west-1c"]: Creation complete after 4s [id=subnet-02c514dcce5718d7d][0m
[0m[1mmodule.network.aws_route_table.public: Creation complete after 3s [id=rtb-0773223542fbfde3b][0m
[0m[1mmodule.network.aws_security_group.vpc_endpoints: Creation complete after 6s [id=sg-04677226d2360310f][0m
[0m[1mmodule.network.aws_flow_log.this: Creation complete after 3s [id=fl-0af02ed3ce13faf2e][0m
[0m[1mmodule.synthetics_canary.aws_s3_bucket_server_side_encryption_configuration.artifacts: Creation complete after 3s [id=devops-g3-synthetics-240462142849][0m
[0m[1mmodule.synthetics_canary.aws_s3_bucket_public_access_block.artifacts: Creating...[0m[0m
[0m[1mmodule.synthetics_canary.aws_s3_bucket_versioning.artifacts: Creating...[0m[0m
[0m[1mmodule.grafana.data.aws_iam_policy_document.task: Reading...[0m[0m
[0m[1mmodule.ecs_platform.aws_iam_role_policy_attachment.task_execution: Creating...[0m[0m
[0m[1mmodule.ecs_platform.aws_iam_role_policy.task_execution_extra: Creating...[0m[0m
[0m[1mmodule.grafana.data.aws_iam_policy_document.task: Read complete after 0s [id=2076081693][0m
[0m[1mmodule.storage.data.aws_iam_policy_document.deny_insecure["artifacts"]: Reading...[0m[0m
[0m[1mmodule.storage.aws_s3_bucket_public_access_block.this["backups"]: Creating...[0m[0m
[0m[1mmodule.storage.data.aws_iam_policy_document.deny_insecure["artifacts"]: Read complete after 0s [id=1058598180][0m
[0m[1mmodule.storage.aws_s3_bucket_versioning.this["backups"]: Creating...[0m[0m
[0m[1mmodule.network.aws_subnet.private_data["us-west-1a"]: Creation complete after 4s [id=subnet-09f0ee4ac0961c17d][0m
[0m[1mmodule.storage.aws_s3_bucket_server_side_encryption_configuration.this["logs"]: Creating...[0m[0m
[0m[1mmodule.ecs_platform.aws_iam_role_policy_attachment.task_execution: Creation complete after 0s [id=devops-g3-exec/arn:aws:iam::aws:policy/service-role/AmazonECSTaskExecutionRolePolicy][0m
[0m[1mmodule.storage.aws_s3_bucket_public_access_block.this["artifacts"]: Creating...[0m[0m
[0m[1mmodule.ecs_platform.aws_iam_role_policy.task_execution_extra: Creation complete after 1s [id=devops-g3-exec:inject-secrets][0m
[0m[1mmodule.storage.aws_s3_bucket_public_access_block.this["evidence"]: Creating...[0m[0m
[0m[1mmodule.synthetics_canary.aws_s3_bucket_public_access_block.artifacts: Creation complete after 1s [id=devops-g3-synthetics-240462142849][0m
[0m[1mmodule.storage.aws_s3_bucket_server_side_encryption_configuration.this["artifacts"]: Creating...[0m[0m
[0m[1mmodule.storage.aws_s3_bucket_public_access_block.this["backups"]: Creation complete after 1s [id=devops-g3-backups-240462142849][0m
[0m[1mmodule.storage.aws_s3_bucket_public_access_block.this["alb-logs"]: Creating...[0m[0m
[0m[1mmodule.storage.aws_s3_bucket_server_side_encryption_configuration.this["logs"]: Creation complete after 2s [id=devops-g3-logs-240462142849][0m
[0m[1mmodule.storage.aws_s3_bucket_versioning.this["alb-logs"]: Creating...[0m[0m
[0m[1mmodule.storage.aws_s3_bucket_public_access_block.this["artifacts"]: Creation complete after 2s [id=devops-g3-artifacts-240462142849][0m
[0m[1mmodule.storage.aws_s3_bucket_server_side_encryption_configuration.this["evidence"]: Creating...[0m[0m
[0m[1mmodule.storage.aws_s3_bucket_public_access_block.this["evidence"]: Creation complete after 1s [id=devops-g3-evidence-240462142849][0m
[0m[1mmodule.storage.aws_s3_bucket_server_side_encryption_configuration.this["alb-logs"]: Creating...[0m[0m
[0m[1mmodule.storage.aws_s3_bucket_server_side_encryption_configuration.this["artifacts"]: Creation complete after 1s [id=devops-g3-artifacts-240462142849][0m
[0m[1mmodule.storage.data.aws_iam_policy_document.deny_insecure["logs"]: Reading...[0m[0m
[0m[1mmodule.storage.data.aws_iam_policy_document.deny_insecure["logs"]: Read complete after 0s [id=3287881118][0m
[0m[1mmodule.storage.aws_s3_bucket_lifecycle_configuration.this["artifacts"]: Creating...[0m[0m
[0m[1mmodule.storage.aws_s3_bucket_versioning.this["backups"]: Creation complete after 3s [id=devops-g3-backups-240462142849][0m
[0m[1mmodule.storage.data.aws_iam_policy_document.deny_insecure["backups"]: Reading...[0m[0m
[0m[1mmodule.storage.data.aws_iam_policy_document.deny_insecure["backups"]: Read complete after 0s [id=1517800055][0m
[0m[1mmodule.storage.data.aws_iam_policy_document.deny_insecure["evidence"]: Reading...[0m[0m
[0m[1mmodule.storage.data.aws_iam_policy_document.deny_insecure["evidence"]: Read complete after 0s [id=1934238669][0m
[0m[1mmodule.synthetics_canary.aws_s3_bucket_versioning.artifacts: Creation complete after 3s [id=devops-g3-synthetics-240462142849][0m
[0m[1mmodule.storage.aws_s3_bucket_public_access_block.this["logs"]: Creating...[0m[0m
[0m[1mmodule.storage.aws_s3_bucket_lifecycle_configuration.this["logs"]: Creating...[0m[0m
[0m[1mmodule.storage.aws_s3_bucket_public_access_block.this["alb-logs"]: Creation complete after 2s [id=devops-g3-alb-logs-240462142849][0m
[0m[1mmodule.storage.data.aws_iam_policy_document.deny_insecure["alb-logs"]: Reading...[0m[0m
[0m[1mmodule.storage.data.aws_iam_policy_document.deny_insecure["alb-logs"]: Read complete after 0s [id=2505233169][0m
[0m[1mmodule.storage.aws_s3_bucket_server_side_encryption_configuration.this["backups"]: Creating...[0m[0m
[0m[1mmodule.storage.aws_s3_bucket_server_side_encryption_configuration.this["evidence"]: Creation complete after 3s [id=devops-g3-evidence-240462142849][0m
[0m[1mmodule.storage.aws_s3_bucket_versioning.this["logs"]: Creating...[0m[0m
[0m[1mmodule.storage.aws_s3_bucket_server_side_encryption_configuration.this["alb-logs"]: Creation complete after 3s [id=devops-g3-alb-logs-240462142849][0m
[0m[1mmodule.storage.aws_s3_bucket_versioning.this["artifacts"]: Creating...[0m[0m
[0m[1mmodule.storage.aws_s3_bucket_server_side_encryption_configuration.this["backups"]: Creation complete after 2s [id=devops-g3-backups-240462142849][0m
[0m[1mmodule.storage.aws_s3_bucket_lifecycle_configuration.this["alb-logs"]: Creating...[0m[0m
[0m[1mmodule.storage.aws_s3_bucket_public_access_block.this["logs"]: Creation complete after 3s [id=devops-g3-logs-240462142849][0m
[0m[1mmodule.storage.aws_s3_bucket_lifecycle_configuration.this["backups"]: Creating...[0m[0m
[0m[1mmodule.ecs_platform.aws_service_discovery_http_namespace.this: Still creating... [00m30s elapsed][0m[0m
[0m[1mmodule.storage.aws_s3_bucket_versioning.this["alb-logs"]: Creation complete after 4s [id=devops-g3-alb-logs-240462142849][0m
[0m[1mmodule.storage.aws_s3_bucket_versioning.this["evidence"]: Creating...[0m[0m
[0m[1mmodule.storage.aws_s3_bucket_versioning.this["logs"]: Creation complete after 2s [id=devops-g3-logs-240462142849][0m
[0m[1mmodule.ecs_platform.aws_ecs_cluster_capacity_providers.this: Creating...[0m[0m
[0m[1mmodule.storage.aws_s3_bucket_versioning.this["artifacts"]: Creation complete after 3s [id=devops-g3-artifacts-240462142849][0m
[0m[1maws_security_group.vpc_link: Creating...[0m[0m
[0m[1mmodule.messaging.aws_sqs_queue.dlq["payout"]: Still creating... [00m30s elapsed][0m[0m
[0m[1mmodule.messaging.aws_sqs_queue.dlq["payout"]: Creation complete after 30s [id=https://sqs.us-west-1.amazonaws.com/240462142849/devops-g3-payout-dlq][0m
[0m[1maws_security_group.db_bootstrap: Creating...[0m[0m
[0m[1mmodule.messaging.aws_sqs_queue.dlq["reconciliation"]: Creation complete after 29s [id=https://sqs.us-west-1.amazonaws.com/240462142849/devops-g3-reconciliation-dlq][0m
[0m[1mmodule.network.aws_nat_gateway.this[0]: Creating...[0m[0m
[0m[1mmodule.storage.aws_s3_bucket_versioning.this["evidence"]: Creation complete after 3s [id=devops-g3-evidence-240462142849][0m
[0m[1mmodule.network.aws_vpc_endpoint.s3: Creating...[0m[0m
[0m[1maws_security_group.vpc_link: Creation complete after 3s [id=sg-0b75041f7e4283bc8][0m
[0m[1mmodule.synthetics_canary.aws_iam_role_policy.canary: Creating...[0m[0m
[0m[1maws_security_group.db_bootstrap: Creation complete after 3s [id=sg-0de9f45140fc87e52][0m
[0m[1mmodule.network.aws_route_table_association.private_app["us-west-1a"]: Creating...[0m[0m
[0m[1mmodule.synthetics_canary.aws_iam_role_policy.canary: Creation complete after 1s [id=devops-g3-synthetics-canary:synthetics-canary][0m
[0m[1mmodule.network.aws_route_table_association.private_app["us-west-1c"]: Creating...[0m[0m
[0m[1mmodule.storage.aws_s3_bucket_lifecycle_configuration.this["artifacts"]: Still creating... [00m10s elapsed][0m[0m
[0m[1mmodule.storage.aws_s3_bucket_lifecycle_configuration.this["logs"]: Still creating... [00m10s elapsed][0m[0m
[0m[1mmodule.network.aws_route_table_association.private_app["us-west-1a"]: Creation complete after 2s [id=rtbassoc-028969f80f6b8c5db][0m
[0m[1mmodule.network.aws_route_table_association.public["us-west-1c"]: Creating...[0m[0m
[0m[1mmodule.network.aws_route_table_association.private_app["us-west-1c"]: Creation complete after 2s [id=rtbassoc-00d34c945f7156e23][0m
[0m[1mmodule.network.aws_route_table_association.public["us-west-1a"]: Creating...[0m[0m
[0m[1mmodule.network.aws_route_table_association.public["us-west-1c"]: Creation complete after 1s [id=rtbassoc-0c739a3e586f84dbe][0m
[0m[1mmodule.network.aws_vpc_endpoint.interface["secretsmanager"]: Creating...[0m[0m
[0m[1mmodule.network.aws_route_table_association.public["us-west-1a"]: Creation complete after 1s [id=rtbassoc-0c9fb9e2cdd2883a4][0m
[0m[1mmodule.network.aws_vpc_endpoint.interface["monitoring"]: Creating...[0m[0m
[0m[1mmodule.storage.aws_s3_bucket_lifecycle_configuration.this["alb-logs"]: Still creating... [00m10s elapsed][0m[0m
[0m[1mmodule.storage.aws_s3_bucket_lifecycle_configuration.this["backups"]: Still creating... [00m10s elapsed][0m[0m
[0m[1mmodule.ecs_platform.aws_service_discovery_http_namespace.this: Still creating... [00m40s elapsed][0m[0m
[0m[1mmodule.network.aws_vpc_endpoint.s3: Creation complete after 8s [id=vpce-0d8169505dd9b3c6a][0m
[0m[1mmodule.network.aws_vpc_endpoint.interface["ecr.api"]: Creating...[0m[0m
[0m[1mmodule.ecs_platform.aws_ecs_cluster_capacity_providers.this: Still creating... [00m10s elapsed][0m[0m
[0m[1mmodule.network.aws_nat_gateway.this[0]: Still creating... [00m10s elapsed][0m[0m
[0m[1mmodule.ecs_platform.aws_ecs_cluster_capacity_providers.this: Creation complete after 13s [id=devops-g3][0m
[0m[1mmodule.storage.aws_s3_bucket_lifecycle_configuration.this["artifacts"]: Still creating... [00m20s elapsed][0m[0m
[0m[1mmodule.storage.aws_s3_bucket_lifecycle_configuration.this["logs"]: Still creating... [00m20s elapsed][0m[0m
[0m[1mmodule.network.aws_vpc_endpoint.interface["secretsmanager"]: Still creating... [00m10s elapsed][0m[0m
[0m[1mmodule.network.aws_vpc_endpoint.interface["monitoring"]: Still creating... [00m10s elapsed][0m[0m
[0m[1mmodule.storage.aws_s3_bucket_lifecycle_configuration.this["alb-logs"]: Still creating... [00m20s elapsed][0m[0m
[0m[1mmodule.network.aws_vpc_endpoint.interface["ecr.dkr"]: Creating...[0m[0m
[0m[1mmodule.ecs_platform.aws_service_discovery_http_namespace.this: Creation complete after 50s [id=ns-m3b22vodi4nakqzz][0m
[0m[1mmodule.network.aws_vpc_endpoint.interface["sqs"]: Creating...[0m[0m
[0m[1mmodule.storage.aws_s3_bucket_lifecycle_configuration.this["backups"]: Still creating... [00m20s elapsed][0m[0m
[0m[1mmodule.network.aws_vpc_endpoint.interface["ecr.api"]: Still creating... [00m10s elapsed][0m[0m
[0m[1mmodule.network.aws_nat_gateway.this[0]: Still creating... [00m20s elapsed][0m[0m
[0m[1mmodule.storage.aws_s3_bucket_lifecycle_configuration.this["artifacts"]: Still creating... [00m30s elapsed][0m[0m
[0m[1mmodule.storage.aws_s3_bucket_lifecycle_configuration.this["logs"]: Still creating... [00m30s elapsed][0m[0m
[0m[1mmodule.network.aws_vpc_endpoint.interface["secretsmanager"]: Still creating... [00m20s elapsed][0m[0m
[0m[1mmodule.network.aws_vpc_endpoint.interface["monitoring"]: Still creating... [00m20s elapsed][0m[0m
[0m[1mmodule.storage.aws_s3_bucket_lifecycle_configuration.this["alb-logs"]: Still creating... [00m30s elapsed][0m[0m
[0m[1mmodule.network.aws_vpc_endpoint.interface["ecr.dkr"]: Still creating... [00m10s elapsed][0m[0m
[0m[1mmodule.network.aws_vpc_endpoint.interface["sqs"]: Still creating... [00m10s elapsed][0m[0m
[0m[1mmodule.storage.aws_s3_bucket_lifecycle_configuration.this["backups"]: Still creating... [00m30s elapsed][0m[0m
[0m[1mmodule.network.aws_vpc_endpoint.interface["ecr.api"]: Still creating... [00m20s elapsed][0m[0m
[0m[1mmodule.network.aws_nat_gateway.this[0]: Still creating... [00m30s elapsed][0m[0m
[0m[1mmodule.storage.aws_s3_bucket_lifecycle_configuration.this["artifacts"]: Still creating... [00m40s elapsed][0m[0m
[0m[1mmodule.storage.aws_s3_bucket_lifecycle_configuration.this["logs"]: Still creating... [00m40s elapsed][0m[0m
[0m[1mmodule.network.aws_vpc_endpoint.interface["secretsmanager"]: Still creating... [00m30s elapsed][0m[0m
[0m[1mmodule.network.aws_vpc_endpoint.interface["monitoring"]: Still creating... [00m30s elapsed][0m[0m
[0m[1mmodule.storage.aws_s3_bucket_lifecycle_configuration.this["alb-logs"]: Still creating... [00m40s elapsed][0m[0m
[0m[1mmodule.network.aws_vpc_endpoint.interface["ecr.dkr"]: Still creating... [00m20s elapsed][0m[0m
[0m[1mmodule.network.aws_vpc_endpoint.interface["sqs"]: Still creating... [00m20s elapsed][0m[0m
[0m[1mmodule.storage.aws_s3_bucket_lifecycle_configuration.this["backups"]: Still creating... [00m40s elapsed][0m[0m
[0m[1mmodule.network.aws_vpc_endpoint.interface["ecr.api"]: Still creating... [00m30s elapsed][0m[0m
[0m[1mmodule.network.aws_nat_gateway.this[0]: Still creating... [00m40s elapsed][0m[0m
[0m[1mmodule.storage.aws_s3_bucket_lifecycle_configuration.this["artifacts"]: Still creating... [00m50s elapsed][0m[0m
[0m[1mmodule.storage.aws_s3_bucket_lifecycle_configuration.this["logs"]: Still creating... [00m50s elapsed][0m[0m
[0m[1mmodule.network.aws_vpc_endpoint.interface["secretsmanager"]: Still creating... [00m40s elapsed][0m[0m
[0m[1mmodule.network.aws_vpc_endpoint.interface["monitoring"]: Still creating... [00m40s elapsed][0m[0m
[0m[1mmodule.storage.aws_s3_bucket_lifecycle_configuration.this["alb-logs"]: Still creating... [00m50s elapsed][0m[0m
[0m[1mmodule.network.aws_vpc_endpoint.interface["ecr.dkr"]: Still creating... [00m30s elapsed][0m[0m
[0m[1mmodule.network.aws_vpc_endpoint.interface["sqs"]: Still creating... [00m30s elapsed][0m[0m
[0m[1mmodule.storage.aws_s3_bucket_lifecycle_configuration.this["backups"]: Still creating... [00m50s elapsed][0m[0m
[0m[1mmodule.network.aws_vpc_endpoint.interface["ecr.api"]: Still creating... [00m40s elapsed][0m[0m
[0m[1mmodule.network.aws_nat_gateway.this[0]: Still creating... [00m50s elapsed][0m[0m
[0m[1mmodule.storage.aws_s3_bucket_lifecycle_configuration.this["artifacts"]: Creation complete after 59s [id=devops-g3-artifacts-240462142849][0m
[0m[1mmodule.storage.aws_s3_bucket_lifecycle_configuration.this["logs"]: Still creating... [01m00s elapsed][0m[0m
[0m[1mmodule.storage.aws_s3_bucket_lifecycle_configuration.this["logs"]: Creation complete after 1m1s [id=devops-g3-logs-240462142849][0m
[0m[1mmodule.network.aws_vpc_endpoint.interface["ssm"]: Creating...[0m[0m
[0m[1mmodule.network.aws_vpc_endpoint.interface["ssmmessages"]: Creating...[0m[0m
[0m[1mmodule.network.aws_vpc_endpoint.interface["secretsmanager"]: Still creating... [00m50s elapsed][0m[0m
[0m[1mmodule.storage.aws_s3_bucket_lifecycle_configuration.this["alb-logs"]: Creation complete after 59s [id=devops-g3-alb-logs-240462142849][0m
[0m[1mmodule.network.aws_vpc_endpoint.interface["kms"]: Creating...[0m[0m
[0m[1mmodule.network.aws_vpc_endpoint.interface["monitoring"]: Still creating... [00m50s elapsed][0m[0m
[0m[1mmodule.network.aws_vpc_endpoint.interface["ecr.dkr"]: Still creating... [00m40s elapsed][0m[0m
[0m[1mmodule.network.aws_vpc_endpoint.interface["sqs"]: Still creating... [00m40s elapsed][0m[0m
[0m[1mmodule.storage.aws_s3_bucket_lifecycle_configuration.this["backups"]: Still creating... [01m00s elapsed][0m[0m
[0m[1mmodule.storage.aws_s3_bucket_lifecycle_configuration.this["backups"]: Creation complete after 1m0s [id=devops-g3-backups-240462142849][0m
[0m[1mmodule.network.aws_vpc_endpoint.interface["logs"]: Creating...[0m[0m
[0m[1mmodule.network.aws_vpc_endpoint.interface["ecr.api"]: Still creating... [00m50s elapsed][0m[0m
[0m[1mmodule.network.aws_nat_gateway.this[0]: Still creating... [01m00s elapsed][0m[0m
[0m[1mmodule.network.aws_vpc_endpoint.interface["ssmmessages"]: Still creating... [00m10s elapsed][0m[0m
[0m[1mmodule.network.aws_vpc_endpoint.interface["ssm"]: Still creating... [00m10s elapsed][0m[0m
[0m[1mmodule.network.aws_vpc_endpoint.interface["secretsmanager"]: Still creating... [01m00s elapsed][0m[0m
[0m[1mmodule.network.aws_vpc_endpoint.interface["kms"]: Still creating... [00m10s elapsed][0m[0m
[0m[1mmodule.network.aws_vpc_endpoint.interface["monitoring"]: Still creating... [01m00s elapsed][0m[0m
[0m[1mmodule.network.aws_vpc_endpoint.interface["ecr.dkr"]: Still creating... [00m50s elapsed][0m[0m
[0m[1mmodule.network.aws_vpc_endpoint.interface["sqs"]: Still creating... [00m50s elapsed][0m[0m
[0m[1mmodule.network.aws_vpc_endpoint.interface["logs"]: Still creating... [00m10s elapsed][0m[0m
[0m[1mmodule.network.aws_vpc_endpoint.interface["ecr.api"]: Still creating... [01m00s elapsed][0m[0m
[0m[1mmodule.network.aws_nat_gateway.this[0]: Still creating... [01m10s elapsed][0m[0m
[0m[1mmodule.network.aws_vpc_endpoint.interface["secretsmanager"]: Creation complete after 1m5s [id=vpce-08120d316f79ed8c9][0m
[0m[1mdata.aws_iam_policy_document.grafana_admin_readers: Reading...[0m[0m
[0m[1mdata.aws_iam_policy_document.grafana_admin_readers: Read complete after 0s [id=3961553112][0m
[0m[1mdata.aws_iam_policy_document.slack_readers: Reading...[0m[0m
[0m[1mdata.aws_iam_policy_document.slack_readers: Read complete after 0s [id=3112185049][0m
[0m[1mmodule.network.aws_vpc_security_group_ingress_rule.vpc_endpoints_https: Creating...[0m[0m
[0m[1mmodule.network.aws_vpc_security_group_ingress_rule.vpc_endpoints_https: Creation complete after 1s [id=sgr-0eae893c6f34d3a07][0m
[0m[1mmodule.network.aws_route.public_internet: Creating...[0m[0m
[0m[1mmodule.network.aws_vpc_endpoint.interface["ecr.dkr"]: Creation complete after 55s [id=vpce-0158e296cd96109cc][0m
[0m[1mmodule.grafana.aws_iam_role_policy.task: Creating...[0m[0m
[0m[1mmodule.network.aws_route.public_internet: Creation complete after 2s [id=r-rtb-0773223542fbfde3b1080289494][0m
[0m[1mdata.aws_iam_policy_document.daraja_readers: Reading...[0m[0m
[0m[1mdata.aws_iam_policy_document.daraja_readers: Read complete after 0s [id=3532253121][0m
[0m[1mmodule.network.aws_route_table_association.private_data["us-west-1c"]: Creating...[0m[0m
[0m[1mmodule.network.aws_vpc_endpoint.interface["ecr.api"]: Creation complete after 1m5s [id=vpce-034704620934cda60][0m
[0m[1mmodule.network.aws_route_table_association.private_data["us-west-1a"]: Creating...[0m[0m
[0m[1mmodule.grafana.aws_iam_role_policy.task: Creation complete after 1s [id=devops-g3-grafana-task:grafana-permissions][0m
[0m[1mmodule.synthetics_canary.aws_s3_bucket_policy.canary_artifacts: Creating...[0m[0m
[0m[1mmodule.network.aws_route_table_association.private_data["us-west-1c"]: Creation complete after 1s [id=rtbassoc-0313c03e04ee10d48][0m
[0m[1mmodule.storage.data.aws_iam_policy_document.alb_logs: Reading...[0m[0m
[0m[1mmodule.storage.data.aws_iam_policy_document.alb_logs: Read complete after 0s [id=2823928029][0m
[0m[1mmodule.rds.aws_security_group.proxy: Creating...[0m[0m
[0m[1mmodule.network.aws_route_table_association.private_data["us-west-1a"]: Creation complete after 1s [id=rtbassoc-04b5f93b0ab08431e][0m
[0m[1mmodule.rds.aws_security_group.db: Creating...[0m[0m
[0m[1mmodule.network.aws_vpc_endpoint.interface["ssm"]: Still creating... [00m20s elapsed][0m[0m
[0m[1mmodule.network.aws_vpc_endpoint.interface["ssmmessages"]: Still creating... [00m20s elapsed][0m[0m
[0m[1mmodule.network.aws_vpc_endpoint.interface["kms"]: Still creating... [00m20s elapsed][0m[0m
[0m[1mmodule.synthetics_canary.aws_s3_bucket_policy.canary_artifacts: Creation complete after 2s [id=devops-g3-synthetics-240462142849][0m
[0m[1mmodule.network.aws_vpc_endpoint.interface["monitoring"]: Still creating... [01m10s elapsed][0m[0m
[0m[1mmodule.network.aws_vpc_endpoint.interface["sqs"]: Still creating... [01m00s elapsed][0m[0m
[0m[1mmodule.network.aws_vpc_endpoint.interface["logs"]: Still creating... [00m20s elapsed][0m[0m
[0m[1mmodule.rds.aws_security_group.proxy: Creation complete after 4s [id=sg-0a0ee36c2918796d4][0m
[0m[1mmodule.rds.aws_security_group.db: Creation complete after 4s [id=sg-038ef288195737121][0m
[0m[1mmodule.messaging.aws_sqs_queue.main["payout"]: Creating...[0m[0m
[0m[1mmodule.messaging.aws_sqs_queue.main["reconciliation"]: Creating...[0m[0m
[0m[1mmodule.grafana.aws_security_group.this: Creating...[0m[0m
[0m[1mmodule.network.aws_nat_gateway.this[0]: Still creating... [01m20s elapsed][0m[0m
[0m[1mmodule.network.aws_vpc_endpoint.interface["monitoring"]: Creation complete after 1m16s [id=vpce-0faf3f9c25a9cca25][0m
[0m[1mmodule.redis.aws_security_group.this: Creating...[0m[0m
[0m[1mmodule.grafana.aws_security_group.this: Creation complete after 4s [id=sg-0d1aed34fdb8d6b12][0m
[0m[1mmodule.service["commission"].aws_security_group.this: Creating...[0m[0m
[0m[1mmodule.network.aws_vpc_endpoint.interface["sqs"]: Creation complete after 1m5s [id=vpce-03418ff301ee7a4d4][0m
[0m[1mmodule.service["payments"].aws_security_group.this: Creating...[0m[0m
[0m[1mmodule.network.aws_vpc_endpoint.interface["ssmmessages"]: Still creating... [00m30s elapsed][0m[0m
[0m[1mmodule.network.aws_vpc_endpoint.interface["ssm"]: Still creating... [00m30s elapsed][0m[0m
[0m[1mmodule.network.aws_vpc_endpoint.interface["kms"]: Still creating... [00m30s elapsed][0m[0m
[0m[1mmodule.redis.aws_security_group.this: Creation complete after 3s [id=sg-0167905ef303392b6][0m
[0m[1mmodule.service["pos"].aws_security_group.this: Creating...[0m[0m
[0m[1mmodule.service["payments"].aws_security_group.this: Creation complete after 3s [id=sg-0c97233e6a7f38d01][0m
[0m[1mmodule.service["commission"].aws_security_group.this: Creation complete after 3s [id=sg-04431ed15cb821dd9][0m
[0m[1mmodule.service["web"].aws_security_group.this: Creating...[0m[0m
[0m[1maws_vpc_security_group_egress_rule.vpc_link_to_alb: Creating...[0m[0m
[0m[1maws_vpc_security_group_egress_rule.vpc_link_to_alb: Creation complete after 1s [id=sgr-0afdf79e883ba4d34][0m
[0m[1maws_vpc_security_group_egress_rule.db_bootstrap_https: Creating...[0m[0m
[0m[1maws_vpc_security_group_egress_rule.db_bootstrap_https: Creation complete after 1s [id=sgr-0755dcf58276b1b1e][0m
[0m[1maws_vpc_security_group_egress_rule.db_bootstrap_in_vpc: Creating...[0m[0m
[0m[1mmodule.network.aws_vpc_endpoint.interface["logs"]: Still creating... [00m30s elapsed][0m[0m
[0m[1maws_vpc_security_group_egress_rule.db_bootstrap_in_vpc: Creation complete after 0s [id=sgr-067d4d955e013a5ad][0m
[0m[1maws_secretsmanager_secret_policy.grafana_admin: Creating...[0m[0m
[0m[1mmodule.messaging.aws_sqs_queue.main["reconciliation"]: Still creating... [00m10s elapsed][0m[0m
[0m[1mmodule.messaging.aws_sqs_queue.main["payout"]: Still creating... [00m10s elapsed][0m[0m
[0m[1maws_secretsmanager_secret_policy.grafana_admin: Creation complete after 2s [id=arn:aws:secretsmanager:us-west-1:240462142849:secret:devops-g3/grafana-admin-T5XvCb][0m
[0m[1maws_secretsmanager_secret_policy.slack_webhook: Creating...[0m[0m
[0m[1mmodule.service["pos"].aws_security_group.this: Creation complete after 4s [id=sg-0e27e35d663ed968e][0m
[0m[1mmodule.service["web"].aws_security_group.this: Creation complete after 4s [id=sg-051999c646751d7ff][0m
[0m[1maws_secretsmanager_secret_policy.daraja: Creating...[0m[0m
[0m[1mmodule.grafana.aws_ecs_task_definition.this: Creating...[0m[0m
[0m[1mmodule.network.aws_nat_gateway.this[0]: Still creating... [01m30s elapsed][0m[0m
[0m[1maws_secretsmanager_secret_policy.slack_webhook: Creation complete after 1s [id=arn:aws:secretsmanager:us-west-1:240462142849:secret:devops-g3/slack-webhook-eunYoR][0m
[0m[1mmodule.storage.aws_s3_bucket_policy.this["alb-logs"]: Creating...[0m[0m
[0m[1maws_secretsmanager_secret_policy.daraja: Creation complete after 1s [id=arn:aws:secretsmanager:us-west-1:240462142849:secret:devops-g3/daraja-vDnR06][0m
[0m[1mmodule.storage.aws_s3_bucket_policy.this["backups"]: Creating...[0m[0m
[0m[1mmodule.grafana.aws_ecs_task_definition.this: Creation complete after 2s [id=devops-g3-grafana][0m
[0m[1mmodule.storage.aws_s3_bucket_policy.this["evidence"]: Creating...[0m[0m
[0m[1mmodule.storage.aws_s3_bucket_policy.this["alb-logs"]: Creation complete after 2s [id=devops-g3-alb-logs-240462142849][0m
[0m[1mmodule.storage.aws_s3_bucket_policy.this["artifacts"]: Creating...[0m[0m
[0m[1mmodule.storage.aws_s3_bucket_policy.this["backups"]: Creation complete after 2s [id=devops-g3-backups-240462142849][0m
[0m[1mmodule.storage.aws_s3_bucket_policy.this["logs"]: Creating...[0m[0m
[0m[1mmodule.storage.aws_s3_bucket_policy.this["evidence"]: Creation complete after 2s [id=devops-g3-evidence-240462142849][0m
[0m[1mmodule.rds.aws_vpc_security_group_egress_rule.proxy_to_db: Creating...[0m[0m
[0m[1mmodule.rds.aws_vpc_security_group_egress_rule.proxy_to_db: Creation complete after 0s [id=sgr-008d89e30cb75d91e][0m
[0m[1mmodule.rds.aws_vpc_security_group_ingress_rule.db_from_proxy: Creating...[0m[0m
[0m[1mmodule.storage.aws_s3_bucket_policy.this["artifacts"]: Creation complete after 1s [id=devops-g3-artifacts-240462142849][0m
[0m[1mmodule.grafana.aws_vpc_security_group_egress_rule.s3_gateway_https: Creating...[0m[0m
[0m[1mmodule.storage.aws_s3_bucket_policy.this["logs"]: Creation complete after 2s [id=devops-g3-logs-240462142849][0m
[0m[1mmodule.grafana.aws_vpc_security_group_egress_rule.in_vpc: Creating...[0m[0m
[0m[1mmodule.rds.aws_vpc_security_group_ingress_rule.db_from_proxy: Creation complete after 1s [id=sgr-0110ea3649fe5f363][0m
[0m[1mmodule.grafana.aws_vpc_security_group_egress_rule.internet_https: Creating...[0m[0m
[0m[1mmodule.grafana.aws_vpc_security_group_egress_rule.s3_gateway_https: Creation complete after 1s [id=sgr-0d52bee4d0cdef7d6][0m
[0m[1mmodule.apigw.aws_apigatewayv2_vpc_link.this: Creating...[0m[0m
[0m[1mmodule.grafana.aws_vpc_security_group_egress_rule.in_vpc: Creation complete after 0s [id=sgr-019a54517bbd324cb][0m
[0m[1mmodule.service["commission"].aws_vpc_security_group_egress_rule.in_vpc: Creating...[0m[0m
[0m[1mmodule.grafana.aws_vpc_security_group_egress_rule.internet_https: Creation complete after 0s [id=sgr-08b3ffa01f9c4c20e][0m
[0m[1mmodule.service["pos"].aws_vpc_security_group_egress_rule.s3_gateway_https: Creating...[0m[0m
[0m[1mmodule.network.aws_vpc_endpoint.interface["ssm"]: Still creating... [00m40s elapsed][0m[0m
[0m[1mmodule.network.aws_vpc_endpoint.interface["ssmmessages"]: Still creating... [00m40s elapsed][0m[0m
[0m[1mmodule.service["commission"].aws_vpc_security_group_egress_rule.in_vpc: Creation complete after 1s [id=sgr-0a8b1f25f0df8256c][0m
[0m[1mmodule.service["web"].aws_vpc_security_group_egress_rule.in_vpc: Creating...[0m[0m
[0m[1mmodule.service["pos"].aws_vpc_security_group_egress_rule.s3_gateway_https: Creation complete after 1s [id=sgr-035fbba61c0934b02][0m
[0m[1mmodule.service["pos"].aws_vpc_security_group_egress_rule.in_vpc: Creating...[0m[0m
[0m[1mmodule.network.aws_vpc_endpoint.interface["kms"]: Still creating... [00m40s elapsed][0m[0m
[0m[1mmodule.service["web"].aws_vpc_security_group_egress_rule.in_vpc: Creation complete after 0s [id=sgr-0ae3fc535370b202a][0m
[0m[1mmodule.service["payments"].aws_vpc_security_group_egress_rule.in_vpc: Creating...[0m[0m
[0m[1mmodule.service["pos"].aws_vpc_security_group_egress_rule.in_vpc: Creation complete after 1s [id=sgr-005542bda817c6bd6][0m
[0m[1mmodule.service["web"].aws_vpc_security_group_egress_rule.s3_gateway_https: Creating...[0m[0m
[0m[1mmodule.service["payments"].aws_vpc_security_group_egress_rule.in_vpc: Creation complete after 1s [id=sgr-043bae690610ffb36][0m
[0m[1mmodule.service["payments"].aws_vpc_security_group_egress_rule.s3_gateway_https: Creating...[0m[0m
[0m[1mmodule.service["web"].aws_vpc_security_group_egress_rule.s3_gateway_https: Creation complete after 0s [id=sgr-06de7627d61553597][0m
[0m[1mmodule.service["commission"].aws_vpc_security_group_egress_rule.s3_gateway_https: Creating...[0m[0m
[0m[1mmodule.service["payments"].aws_vpc_security_group_egress_rule.s3_gateway_https: Creation complete after 1s [id=sgr-0c96f8cb659841d51][0m
[0m[1mmodule.service["payments"].aws_vpc_security_group_egress_rule.internet_https[0]: Creating...[0m[0m
[0m[1mmodule.service["commission"].aws_vpc_security_group_egress_rule.s3_gateway_https: Creation complete after 1s [id=sgr-0707ad8e56d6779ae][0m
[0m[1mmodule.synthetics_canary.aws_synthetics_canary.edge_health: Creating...[0m[0m
[0m[1mmodule.network.aws_vpc_endpoint.interface["logs"]: Still creating... [00m40s elapsed][0m[0m
[0m[1mmodule.service["payments"].aws_vpc_security_group_egress_rule.internet_https[0]: Creation complete after 0s [id=sgr-05f84f41569f1edee][0m
[0m[1mmodule.rds.aws_db_subnet_group.this: Creating...[0m[0m
[0m[1mmodule.messaging.aws_sqs_queue.main["reconciliation"]: Still creating... [00m20s elapsed][0m[0m
[0m[1mmodule.messaging.aws_sqs_queue.main["payout"]: Still creating... [00m20s elapsed][0m[0m
[0m[1mmodule.network.aws_vpc_endpoint.interface["ssmmessages"]: Creation complete after 44s [id=vpce-0e480019ff89144cd][0m
[0m[1mmodule.network.aws_nat_gateway.this[0]: Still creating... [01m40s elapsed][0m[0m
[0m[1mmodule.rds.aws_db_subnet_group.this: Creation complete after 5s [id=devops-g3-db][0m
[0m[1mmodule.network.aws_vpc_endpoint.interface["ssm"]: Creation complete after 47s [id=vpce-0996ad37f781f0a80][0m
[0m[1mmodule.redis.aws_elasticache_subnet_group.this: Creating...[0m[0m
[0m[1mmodule.observability_alarms.aws_cloudwatch_metric_alarm.dlq_depth["payout"]: Creating...[0m[0m
[0m[1mmodule.observability_alarms.aws_cloudwatch_metric_alarm.dlq_depth["reconciliation"]: Creating...[0m[0m
[0m[1mmodule.network.aws_vpc_endpoint.interface["logs"]: Creation complete after 45s [id=vpce-03a49d01489ca0478][0m
[0m[1maws_vpc_security_group_ingress_rule.pos_to_payments: Creating...[0m[0m
[0m[1maws_vpc_security_group_ingress_rule.pos_to_payments: Creation complete after 0s [id=sgr-069063ea772e126a8][0m
[0m[1maws_vpc_security_group_ingress_rule.commission_to_payments: Creating...[0m[0m
[0m[1maws_vpc_security_group_ingress_rule.commission_to_payments: Creation complete after 1s [id=sgr-0f3c306fe25220af9][0m
[0m[1maws_vpc_security_group_ingress_rule.payments_to_pos: Creating...[0m[0m
[0m[1maws_vpc_security_group_ingress_rule.payments_to_pos: Creation complete after 1s [id=sgr-062bf5f09d26aad1f][0m
[0m[1mmodule.rds.aws_db_instance.this: Creating...[0m[0m
[0m[1mmodule.observability_alarms.aws_cloudwatch_metric_alarm.dlq_depth["reconciliation"]: Creation complete after 2s [id=devops-g3-reconciliation-dlq-depth][0m
[0m[1mmodule.alb.aws_security_group.this: Creating...[0m[0m
[0m[1mmodule.observability_alarms.aws_cloudwatch_metric_alarm.dlq_depth["payout"]: Creation complete after 2s [id=devops-g3-payout-dlq-depth][0m
[0m[1mmodule.alb.aws_lb_target_group.this["pos"]: Creating...[0m[0m
[0m[1mmodule.apigw.aws_apigatewayv2_vpc_link.this: Still creating... [00m10s elapsed][0m[0m
[0m[1mmodule.redis.aws_elasticache_subnet_group.this: Creation complete after 2s [id=devops-g3-cache][0m
[0m[1mmodule.alb.aws_lb_target_group.this["grafana"]: Creating...[0m[0m
[0m[1mmodule.network.aws_vpc_endpoint.interface["kms"]: Still creating... [00m50s elapsed][0m[0m
[0m[1mmodule.synthetics_canary.aws_synthetics_canary.edge_health: Still creating... [00m10s elapsed][0m[0m
[0m[1mmodule.messaging.aws_sqs_queue.main["reconciliation"]: Creation complete after 29s [id=https://sqs.us-west-1.amazonaws.com/240462142849/devops-g3-reconciliation][0m
[0m[1mmodule.messaging.aws_sqs_queue.main["payout"]: Creation complete after 29s [id=https://sqs.us-west-1.amazonaws.com/240462142849/devops-g3-payout][0m
[0m[1mmodule.alb.aws_lb_target_group.this["web"]: Creating...[0m[0m
[0m[1mmodule.alb.aws_lb_target_group.this["payments"]: Creating...[0m[0m
[0m[1mmodule.alb.aws_security_group.this: Creation complete after 3s [id=sg-00ded8966ca7003cf][0m
[0m[1mmodule.redis.aws_elasticache_replication_group.this: Creating...[0m[0m
[0m[1mmodule.network.aws_nat_gateway.this[0]: Creation complete after 1m49s [id=nat-0d61633e7a98ecff1][0m
[0m[1mmodule.messaging.aws_scheduler_schedule.daily_close: Creating...[0m[0m
[0m[1mmodule.alb.aws_lb_target_group.this["pos"]: Creation complete after 5s [id=arn:aws:elasticloadbalancing:us-west-1:240462142849:targetgroup/devops-g3-pos/4a6d618517c4ac43][0m
[0m[1mmodule.messaging.aws_sqs_queue_redrive_allow_policy.dlq["payout"]: Creating...[0m[0m
[0m[1mmodule.alb.aws_lb_target_group.this["grafana"]: Creation complete after 5s [id=arn:aws:elasticloadbalancing:us-west-1:240462142849:targetgroup/devops-g3-grafana/2fba7c07c3fced10][0m
[0m[1mmodule.messaging.aws_sqs_queue_redrive_allow_policy.dlq["reconciliation"]: Creating...[0m[0m
[0m[1mmodule.messaging.aws_scheduler_schedule.daily_close: Creation complete after 2s [id=default/devops-g3-daily-close][0m
[0m[1mmodule.messaging.data.aws_iam_policy_document.scheduler: Reading...[0m[0m
[0m[1mmodule.messaging.data.aws_iam_policy_document.scheduler: Read complete after 0s [id=3524068127][0m
[0m[1mmodule.alb.aws_vpc_security_group_egress_rule.to_targets: Creating...[0m[0m
[0m[1mmodule.alb.aws_lb_target_group.this["payments"]: Creation complete after 3s [id=arn:aws:elasticloadbalancing:us-west-1:240462142849:targetgroup/devops-g3-payments/d88d25edcc673f99][0m
[0m[1mmodule.alb.aws_vpc_security_group_ingress_rule.from_vpc_link: Creating...[0m[0m
[0m[1mmodule.alb.aws_lb_target_group.this["web"]: Creation complete after 3s [id=arn:aws:elasticloadbalancing:us-west-1:240462142849:targetgroup/devops-g3-web/a95db8c13cdcfd02][0m
[0m[1mmodule.alb.aws_lb.this: Creating...[0m[0m
[0m[1mmodule.alb.aws_vpc_security_group_egress_rule.to_targets: Creation complete after 0s [id=sgr-0fe337a57864e1ba7][0m
[0m[1mmodule.network.aws_route.private_app_nat["us-west-1c"]: Creating...[0m[0m
[0m[1mmodule.alb.aws_vpc_security_group_ingress_rule.from_vpc_link: Creation complete after 0s [id=sgr-0a366a3e673a35745][0m
[0m[1mmodule.network.aws_route.private_app_nat["us-west-1a"]: Creating...[0m[0m
[0m[1mmodule.network.aws_vpc_endpoint.interface["kms"]: Creation complete after 56s [id=vpce-0aeffdaacc1f00ba9][0m
[0m[1mmodule.messaging.aws_iam_role_policy.scheduler: Creating...[0m[0m
[0m[1mmodule.messaging.aws_iam_role_policy.scheduler: Creation complete after 0s [id=devops-g3-scheduler:enqueue-daily-close][0m
[0m[1mmodule.service["web"].data.aws_iam_policy_document.task: Reading...[0m[0m
[0m[1mmodule.service["web"].data.aws_iam_policy_document.task: Read complete after 0s [id=658331436][0m
[0m[1mmodule.service["payments"].data.aws_iam_policy_document.task: Reading...[0m[0m
[0m[1mmodule.service["payments"].data.aws_iam_policy_document.task: Read complete after 0s [id=3310439911][0m
[0m[1mmodule.service["commission"].data.aws_iam_policy_document.task: Reading...[0m[0m
[0m[1mmodule.service["commission"].data.aws_iam_policy_document.task: Read complete after 0s [id=1694468759][0m
[0m[1mmodule.service["pos"].data.aws_iam_policy_document.task: Reading...[0m[0m
[0m[1mmodule.service["pos"].data.aws_iam_policy_document.task: Read complete after 0s [id=658331436][0m
[0m[1mmodule.grafana.aws_vpc_security_group_ingress_rule.from_alb: Creating...[0m[0m
[0m[1mmodule.synthetics_canary.aws_synthetics_canary.edge_health: Creation complete after 15s [id=devops-g3-edge-health][0m
[0m[1mmodule.service["pos"].aws_vpc_security_group_ingress_rule.from_alb[0]: Creating...[0m[0m
[0m[1mmodule.grafana.aws_vpc_security_group_ingress_rule.from_alb: Creation complete after 0s [id=sgr-06904847e967dd06e][0m
[0m[1mmodule.service["web"].aws_vpc_security_group_ingress_rule.from_alb[0]: Creating...[0m[0m
[0m[1mmodule.service["pos"].aws_vpc_security_group_ingress_rule.from_alb[0]: Creation complete after 0s [id=sgr-0971747f33d3e5f01][0m
[0m[1mmodule.service["payments"].aws_vpc_security_group_ingress_rule.from_alb[0]: Creating...[0m[0m
[0m[1mmodule.network.aws_route.private_app_nat["us-west-1c"]: Creation complete after 2s [id=r-rtb-0a71015ed5da3538f1080289494][0m
[0m[1mmodule.service["payments"].aws_iam_role_policy.task: Creating...[0m[0m
[0m[1mmodule.network.aws_route.private_app_nat["us-west-1a"]: Creation complete after 3s [id=r-rtb-08d6b9ca0737c7e831080289494][0m
[0m[1mmodule.service["web"].aws_vpc_security_group_ingress_rule.from_alb[0]: Creation complete after 1s [id=sgr-02958dcba9c14ea09][0m
[0m[1mmodule.service["pos"].aws_iam_role_policy.task: Creating...[0m[0m
[0m[1mmodule.service["commission"].aws_iam_role_policy.task: Creating...[0m[0m
[0m[1mmodule.service["payments"].aws_vpc_security_group_ingress_rule.from_alb[0]: Creation complete after 1s [id=sgr-034dd0815c2670e39][0m
[0m[1mmodule.service["web"].aws_iam_role_policy.task: Creating...[0m[0m
[0m[1mmodule.rds.aws_db_instance.this: Still creating... [00m10s elapsed][0m[0m
[0m[1mmodule.apigw.aws_apigatewayv2_vpc_link.this: Still creating... [00m20s elapsed][0m[0m
[0m[1mmodule.service["payments"].aws_iam_role_policy.task: Creation complete after 2s [id=devops-g3-payments-task:service-permissions][0m
[0m[1mmodule.grafana.aws_ecs_service.this: Creating...[0m[0m
[0m[1mmodule.service["commission"].aws_iam_role_policy.task: Creation complete after 1s [id=devops-g3-commission-task:service-permissions][0m
[0m[1mmodule.service["pos"].aws_iam_role_policy.task: Creation complete after 1s [id=devops-g3-pos-task:service-permissions][0m
[0m[1mmodule.observability_alarms.aws_cloudwatch_metric_alarm.canary_success[0]: Creating...[0m[0m
[0m[1mmodule.service["web"].aws_iam_role_policy.task: Creation complete after 2s [id=devops-g3-web-task:service-permissions][0m
[0m[1mmodule.observability_alarms.aws_cloudwatch_metric_alarm.canary_success[0]: Creation complete after 2s [id=devops-g3-edge-health-canary][0m
[0m[1mmodule.redis.aws_elasticache_replication_group.this: Still creating... [00m10s elapsed][0m[0m
[0m[1mmodule.messaging.aws_sqs_queue_redrive_allow_policy.dlq["payout"]: Still creating... [00m10s elapsed][0m[0m
[0m[1mmodule.messaging.aws_sqs_queue_redrive_allow_policy.dlq["reconciliation"]: Still creating... [00m10s elapsed][0m[0m
[0m[1mmodule.alb.aws_lb.this: Still creating... [00m10s elapsed][0m[0m
[0m[1mmodule.rds.aws_db_instance.this: Still creating... [00m20s elapsed][0m[0m
[0m[1mmodule.apigw.aws_apigatewayv2_vpc_link.this: Still creating... [00m30s elapsed][0m[0m
[0m[1mmodule.grafana.aws_ecs_service.this: Still creating... [00m10s elapsed][0m[0m
[0m[1mmodule.redis.aws_elasticache_replication_group.this: Still creating... [00m20s elapsed][0m[0m
[0m[1mmodule.messaging.aws_sqs_queue_redrive_allow_policy.dlq["payout"]: Still creating... [00m20s elapsed][0m[0m
[0m[1mmodule.messaging.aws_sqs_queue_redrive_allow_policy.dlq["reconciliation"]: Still creating... [00m20s elapsed][0m[0m
[0m[1mmodule.alb.aws_lb.this: Still creating... [00m20s elapsed][0m[0m
[0m[1mmodule.rds.aws_db_instance.this: Still creating... [00m30s elapsed][0m[0m
[0m[1mmodule.apigw.aws_apigatewayv2_vpc_link.this: Still creating... [00m40s elapsed][0m[0m
[0m[1mmodule.grafana.aws_ecs_service.this: Still creating... [00m20s elapsed][0m[0m
[0m[1mmodule.messaging.aws_sqs_queue_redrive_allow_policy.dlq["payout"]: Creation complete after 27s [id=https://sqs.us-west-1.amazonaws.com/240462142849/devops-g3-payout-dlq][0m
[0m[1mmodule.redis.aws_elasticache_replication_group.this: Still creating... [00m30s elapsed][0m[0m
[0m[1mmodule.messaging.aws_sqs_queue_redrive_allow_policy.dlq["reconciliation"]: Still creating... [00m30s elapsed][0m[0m
[0m[1mmodule.messaging.aws_sqs_queue_redrive_allow_policy.dlq["reconciliation"]: Creation complete after 30s [id=https://sqs.us-west-1.amazonaws.com/240462142849/devops-g3-reconciliation-dlq][0m
[0m[1mmodule.alb.aws_lb.this: Still creating... [00m30s elapsed][0m[0m
[0m[1mmodule.rds.aws_db_instance.this: Still creating... [00m40s elapsed][0m[0m
[0m[1mmodule.apigw.aws_apigatewayv2_vpc_link.this: Still creating... [00m50s elapsed][0m[0m
[0m[1mmodule.grafana.aws_ecs_service.this: Still creating... [00m30s elapsed][0m[0m
[0m[1mmodule.redis.aws_elasticache_replication_group.this: Still creating... [00m40s elapsed][0m[0m
[0m[1mmodule.alb.aws_lb.this: Still creating... [00m40s elapsed][0m[0m
[0m[1mmodule.rds.aws_db_instance.this: Still creating... [00m50s elapsed][0m[0m
[0m[1mmodule.apigw.aws_apigatewayv2_vpc_link.this: Still creating... [01m00s elapsed][0m[0m
[0m[1mmodule.grafana.aws_ecs_service.this: Still creating... [00m40s elapsed][0m[0m
[0m[1mmodule.redis.aws_elasticache_replication_group.this: Still creating... [00m50s elapsed][0m[0m
[0m[1mmodule.alb.aws_lb.this: Still creating... [00m50s elapsed][0m[0m
[0m[1mmodule.rds.aws_db_instance.this: Still creating... [01m00s elapsed][0m[0m
[0m[1mmodule.apigw.aws_apigatewayv2_vpc_link.this: Still creating... [01m10s elapsed][0m[0m
[0m[1mmodule.grafana.aws_ecs_service.this: Still creating... [00m50s elapsed][0m[0m
[0m[1mmodule.redis.aws_elasticache_replication_group.this: Still creating... [01m00s elapsed][0m[0m
[0m[1mmodule.alb.aws_lb.this: Still creating... [01m00s elapsed][0m[0m
[0m[1mmodule.rds.aws_db_instance.this: Still creating... [01m10s elapsed][0m[0m
[0m[1mmodule.apigw.aws_apigatewayv2_vpc_link.this: Still creating... [01m20s elapsed][0m[0m
[0m[1mmodule.grafana.aws_ecs_service.this: Still creating... [01m00s elapsed][0m[0m
[0m[1mmodule.redis.aws_elasticache_replication_group.this: Still creating... [01m10s elapsed][0m[0m
[0m[1mmodule.alb.aws_lb.this: Still creating... [01m10s elapsed][0m[0m
[0m[1mmodule.rds.aws_db_instance.this: Still creating... [01m20s elapsed][0m[0m
[0m[1mmodule.apigw.aws_apigatewayv2_vpc_link.this: Still creating... [01m30s elapsed][0m[0m
[0m[1mmodule.grafana.aws_ecs_service.this: Still creating... [01m10s elapsed][0m[0m
[0m[1mmodule.redis.aws_elasticache_replication_group.this: Still creating... [01m20s elapsed][0m[0m
[0m[1mmodule.alb.aws_lb.this: Still creating... [01m20s elapsed][0m[0m
[0m[1mmodule.rds.aws_db_instance.this: Still creating... [01m30s elapsed][0m[0m
[0m[1mmodule.apigw.aws_apigatewayv2_vpc_link.this: Still creating... [01m40s elapsed][0m[0m
[0m[1mmodule.grafana.aws_ecs_service.this: Still creating... [01m20s elapsed][0m[0m
[0m[1mmodule.redis.aws_elasticache_replication_group.this: Still creating... [01m30s elapsed][0m[0m
[0m[1mmodule.alb.aws_lb.this: Still creating... [01m30s elapsed][0m[0m
[0m[1mmodule.rds.aws_db_instance.this: Still creating... [01m40s elapsed][0m[0m
[0m[1mmodule.apigw.aws_apigatewayv2_vpc_link.this: Still creating... [01m50s elapsed][0m[0m
[0m[1mmodule.grafana.aws_ecs_service.this: Still creating... [01m30s elapsed][0m[0m
[0m[1mmodule.redis.aws_elasticache_replication_group.this: Still creating... [01m40s elapsed][0m[0m
[0m[1mmodule.alb.aws_lb.this: Still creating... [01m40s elapsed][0m[0m
[0m[1mmodule.rds.aws_db_instance.this: Still creating... [01m50s elapsed][0m[0m
[0m[1mmodule.apigw.aws_apigatewayv2_vpc_link.this: Still creating... [02m00s elapsed][0m[0m
[0m[1mmodule.grafana.aws_ecs_service.this: Still creating... [01m40s elapsed][0m[0m
[0m[1mmodule.redis.aws_elasticache_replication_group.this: Still creating... [01m50s elapsed][0m[0m
[0m[1mmodule.alb.aws_lb.this: Still creating... [01m50s elapsed][0m[0m
[0m[1mmodule.rds.aws_db_instance.this: Still creating... [02m00s elapsed][0m[0m
[0m[1mmodule.apigw.aws_apigatewayv2_vpc_link.this: Still creating... [02m10s elapsed][0m[0m
[0m[1mmodule.grafana.aws_ecs_service.this: Still creating... [01m50s elapsed][0m[0m
[0m[1mmodule.apigw.aws_apigatewayv2_vpc_link.this: Creation complete after 2m11s [id=fuc5ot][0m
[0m[1mmodule.redis.aws_elasticache_replication_group.this: Still creating... [02m00s elapsed][0m[0m
[0m[1mmodule.alb.aws_lb.this: Still creating... [02m00s elapsed][0m[0m
[0m[1mmodule.rds.aws_db_instance.this: Still creating... [02m10s elapsed][0m[0m
[0m[1mmodule.grafana.aws_ecs_service.this: Still creating... [02m00s elapsed][0m[0m
[0m[1mmodule.alb.aws_lb.this: Creation complete after 2m5s [id=arn:aws:elasticloadbalancing:us-west-1:240462142849:loadbalancer/app/devops-g3-alb/78d9571613478c96][0m
[0m[1mmodule.alb.aws_lb_listener.this: Creating...[0m[0m
[0m[1mmodule.alb.aws_lb_listener.this: Creation complete after 2s [id=arn:aws:elasticloadbalancing:us-west-1:240462142849:listener/app/devops-g3-alb/78d9571613478c96/6e8da2f8ee68e1ba][0m
[0m[1mmodule.apigw.aws_apigatewayv2_integration.alb_grafana_root: Creating...[0m[0m
[0m[1mmodule.apigw.aws_apigatewayv2_integration.alb_grafana: Creating...[0m[0m
[0m[1mmodule.alb.aws_lb_listener_rule.this["pos"]: Creating...[0m[0m
[0m[1mmodule.alb.aws_lb_listener_rule.this["payments"]: Creating...[0m[0m
[0m[1mmodule.alb.aws_lb_listener_rule.blocked_paths["pos_internal"]: Creating...[0m[0m
[0m[1mmodule.alb.aws_lb_listener_rule.this["web"]: Creating...[0m[0m
[0m[1mmodule.alb.aws_lb_listener_rule.this["grafana"]: Creating...[0m[0m
[0m[1mmodule.redis.aws_elasticache_replication_group.this: Still creating... [02m10s elapsed][0m[0m
[0m[1mmodule.apigw.aws_apigatewayv2_integration.alb_grafana: Creation complete after 1s [id=a0ndj8r][0m
[0m[1mmodule.apigw.aws_apigatewayv2_integration.alb_grafana_root: Creation complete after 1s [id=jjxh8av][0m
[0m[1mmodule.apigw.aws_apigatewayv2_route.grafana_proxy: Creating...[0m[0m
[0m[1mmodule.apigw.aws_apigatewayv2_integration.alb: Creating...[0m[0m
[0m[1mmodule.alb.aws_lb_listener_rule.this["pos"]: Creation complete after 2s [id=arn:aws:elasticloadbalancing:us-west-1:240462142849:listener-rule/app/devops-g3-alb/78d9571613478c96/6e8da2f8ee68e1ba/73be728a13390ec5][0m
[0m[1mmodule.alb.aws_lb_listener_rule.blocked_paths["pos_internal"]: Creation complete after 2s [id=arn:aws:elasticloadbalancing:us-west-1:240462142849:listener-rule/app/devops-g3-alb/78d9571613478c96/6e8da2f8ee68e1ba/f99655bfda475ce6][0m
[0m[1mmodule.apigw.aws_apigatewayv2_route.grafana_root: Creating...[0m[0m
[0m[1mmodule.alb.aws_lb_listener_rule.this["payments"]: Creation complete after 2s [id=arn:aws:elasticloadbalancing:us-west-1:240462142849:listener-rule/app/devops-g3-alb/78d9571613478c96/6e8da2f8ee68e1ba/2b4b349086301de8][0m
[0m[1mmodule.apigw.aws_apigatewayv2_route.grafana_proxy: Creation complete after 1s [id=5uzsjzk][0m
[0m[1mmodule.alb.aws_lb_listener_rule.this["grafana"]: Creation complete after 2s [id=arn:aws:elasticloadbalancing:us-west-1:240462142849:listener-rule/app/devops-g3-alb/78d9571613478c96/6e8da2f8ee68e1ba/d3cddeaf82c67167][0m
[0m[1mmodule.apigw.aws_apigatewayv2_integration.alb: Creation complete after 1s [id=ffg0rdp][0m
[0m[1mmodule.apigw.aws_apigatewayv2_route.proxy: Creating...[0m[0m
[0m[1mmodule.alb.aws_lb_listener_rule.this["web"]: Creation complete after 2s [id=arn:aws:elasticloadbalancing:us-west-1:240462142849:listener-rule/app/devops-g3-alb/78d9571613478c96/6e8da2f8ee68e1ba/084fad42de27ae3c][0m
[0m[1mmodule.apigw.aws_apigatewayv2_route.grafana_root: Creation complete after 1s [id=pwnxcsm][0m
[0m[1mmodule.apigw.aws_apigatewayv2_route.proxy: Creation complete after 1s [id=vdtad6n][0m
[0m[1mmodule.rds.aws_db_instance.this: Still creating... [02m20s elapsed][0m[0m
[0m[1mmodule.grafana.aws_ecs_service.this: Still creating... [02m10s elapsed][0m[0m
[0m[1mmodule.grafana.aws_ecs_service.this: Creation complete after 2m12s [id=arn:aws:ecs:us-west-1:240462142849:service/devops-g3/devops-g3-grafana][0m
[0m[1mmodule.redis.aws_elasticache_replication_group.this: Still creating... [02m20s elapsed][0m[0m
[0m[1mmodule.rds.aws_db_instance.this: Still creating... [02m30s elapsed][0m[0m
[0m[1mmodule.redis.aws_elasticache_replication_group.this: Still creating... [02m30s elapsed][0m[0m
[0m[1mmodule.rds.aws_db_instance.this: Still creating... [02m40s elapsed][0m[0m
[0m[1mmodule.redis.aws_elasticache_replication_group.this: Still creating... [02m40s elapsed][0m[0m
[0m[1mmodule.rds.aws_db_instance.this: Still creating... [02m50s elapsed][0m[0m
[0m[1mmodule.redis.aws_elasticache_replication_group.this: Still creating... [02m50s elapsed][0m[0m
[0m[1mmodule.rds.aws_db_instance.this: Still creating... [03m00s elapsed][0m[0m
[0m[1mmodule.redis.aws_elasticache_replication_group.this: Still creating... [03m00s elapsed][0m[0m
[0m[1mmodule.rds.aws_db_instance.this: Still creating... [03m10s elapsed][0m[0m
[0m[1mmodule.redis.aws_elasticache_replication_group.this: Still creating... [03m10s elapsed][0m[0m
[0m[1mmodule.rds.aws_db_instance.this: Still creating... [03m20s elapsed][0m[0m
[0m[1mmodule.redis.aws_elasticache_replication_group.this: Still creating... [03m20s elapsed][0m[0m
[0m[1mmodule.rds.aws_db_instance.this: Still creating... [03m30s elapsed][0m[0m
[0m[1mmodule.redis.aws_elasticache_replication_group.this: Still creating... [03m30s elapsed][0m[0m
[0m[1mmodule.rds.aws_db_instance.this: Still creating... [03m40s elapsed][0m[0m
[0m[1mmodule.redis.aws_elasticache_replication_group.this: Still creating... [03m40s elapsed][0m[0m
[0m[1mmodule.rds.aws_db_instance.this: Still creating... [03m50s elapsed][0m[0m
[0m[1mmodule.redis.aws_elasticache_replication_group.this: Still creating... [03m50s elapsed][0m[0m
[0m[1mmodule.rds.aws_db_instance.this: Still creating... [04m00s elapsed][0m[0m
[0m[1mmodule.redis.aws_elasticache_replication_group.this: Still creating... [04m00s elapsed][0m[0m
[0m[1mmodule.rds.aws_db_instance.this: Still creating... [04m10s elapsed][0m[0m
[0m[1mmodule.redis.aws_elasticache_replication_group.this: Still creating... [04m10s elapsed][0m[0m
[0m[1mmodule.rds.aws_db_instance.this: Still creating... [04m20s elapsed][0m[0m
[0m[1mmodule.redis.aws_elasticache_replication_group.this: Still creating... [04m20s elapsed][0m[0m
[0m[1mmodule.rds.aws_db_instance.this: Still creating... [04m30s elapsed][0m[0m
[0m[1mmodule.redis.aws_elasticache_replication_group.this: Still creating... [04m30s elapsed][0m[0m
[0m[1mmodule.rds.aws_db_instance.this: Still creating... [04m40s elapsed][0m[0m
[0m[1mmodule.redis.aws_elasticache_replication_group.this: Still creating... [04m40s elapsed][0m[0m
[0m[1mmodule.rds.aws_db_instance.this: Still creating... [04m50s elapsed][0m[0m
[0m[1mmodule.redis.aws_elasticache_replication_group.this: Still creating... [04m50s elapsed][0m[0m
[0m[1mmodule.rds.aws_db_instance.this: Still creating... [05m00s elapsed][0m[0m
[0m[1mmodule.redis.aws_elasticache_replication_group.this: Still creating... [05m00s elapsed][0m[0m
[0m[1mmodule.rds.aws_db_instance.this: Still creating... [05m10s elapsed][0m[0m
[0m[1mmodule.redis.aws_elasticache_replication_group.this: Still creating... [05m10s elapsed][0m[0m
[0m[1mmodule.rds.aws_db_instance.this: Still creating... [05m20s elapsed][0m[0m
[0m[1mmodule.redis.aws_elasticache_replication_group.this: Still creating... [05m20s elapsed][0m[0m
[0m[1mmodule.rds.aws_db_instance.this: Still creating... [05m30s elapsed][0m[0m
[0m[1mmodule.redis.aws_elasticache_replication_group.this: Still creating... [05m30s elapsed][0m[0m
[0m[1mmodule.rds.aws_db_instance.this: Still creating... [05m40s elapsed][0m[0m
[0m[1mmodule.redis.aws_elasticache_replication_group.this: Still creating... [05m40s elapsed][0m[0m
[0m[1mmodule.rds.aws_db_instance.this: Still creating... [05m50s elapsed][0m[0m
[0m[1mmodule.redis.aws_elasticache_replication_group.this: Still creating... [05m50s elapsed][0m[0m
[0m[1mmodule.rds.aws_db_instance.this: Still creating... [06m00s elapsed][0m[0m
[0m[1mmodule.redis.aws_elasticache_replication_group.this: Still creating... [06m00s elapsed][0m[0m
[0m[1mmodule.rds.aws_db_instance.this: Still creating... [06m10s elapsed][0m[0m
[0m[1mmodule.redis.aws_elasticache_replication_group.this: Still creating... [06m10s elapsed][0m[0m
[0m[1mmodule.rds.aws_db_instance.this: Still creating... [06m20s elapsed][0m[0m
[0m[1mmodule.redis.aws_elasticache_replication_group.this: Still creating... [06m20s elapsed][0m[0m
[0m[1mmodule.rds.aws_db_instance.this: Still creating... [06m30s elapsed][0m[0m
[0m[1mmodule.redis.aws_elasticache_replication_group.this: Still creating... [06m30s elapsed][0m[0m
[0m[1mmodule.rds.aws_db_instance.this: Still creating... [06m40s elapsed][0m[0m
[0m[1mmodule.redis.aws_elasticache_replication_group.this: Still creating... [06m40s elapsed][0m[0m
[0m[1mmodule.rds.aws_db_instance.this: Still creating... [06m50s elapsed][0m[0m
[0m[1mmodule.redis.aws_elasticache_replication_group.this: Still creating... [06m50s elapsed][0m[0m
[0m[1mmodule.rds.aws_db_instance.this: Still creating... [07m00s elapsed][0m[0m
[0m[1mmodule.redis.aws_elasticache_replication_group.this: Still creating... [07m00s elapsed][0m[0m
[0m[1mmodule.rds.aws_db_instance.this: Still creating... [07m10s elapsed][0m[0m
[0m[1mmodule.redis.aws_elasticache_replication_group.this: Still creating... [07m10s elapsed][0m[0m
[0m[1mmodule.rds.aws_db_instance.this: Still creating... [07m20s elapsed][0m[0m
[0m[1mmodule.redis.aws_elasticache_replication_group.this: Still creating... [07m20s elapsed][0m[0m
[0m[1mmodule.rds.aws_db_instance.this: Still creating... [07m30s elapsed][0m[0m
[0m[1mmodule.redis.aws_elasticache_replication_group.this: Still creating... [07m30s elapsed][0m[0m
[0m[1mmodule.rds.aws_db_instance.this: Still creating... [07m40s elapsed][0m[0m
[0m[1mmodule.redis.aws_elasticache_replication_group.this: Still creating... [07m40s elapsed][0m[0m
[0m[1mmodule.rds.aws_db_instance.this: Still creating... [07m50s elapsed][0m[0m
[0m[1mmodule.redis.aws_elasticache_replication_group.this: Creation complete after 7m49s [id=devops-g3-cache][0m
[0m[1mmodule.rds.aws_db_instance.this: Still creating... [08m00s elapsed][0m[0m
[0m[1mmodule.rds.aws_db_instance.this: Still creating... [08m10s elapsed][0m[0m
[0m[1mmodule.rds.aws_db_instance.this: Still creating... [08m20s elapsed][0m[0m
[0m[1mmodule.rds.aws_db_instance.this: Creation complete after 8m25s [id=db-RHJE2ERXHU6OIGFEVO3FZF7IDI][0m
[0m[1mmodule.rds.data.aws_iam_policy_document.proxy: Reading...[0m[0m
[0m[1mmodule.db_bootstrap.data.aws_iam_policy_document.this: Reading...[0m[0m
[0m[1mmodule.observability_alarms.aws_cloudwatch_metric_alarm.rds_cpu_high: Creating...[0m[0m
[0m[1mmodule.db_bootstrap.data.aws_iam_policy_document.this: Read complete after 0s [id=1429249308][0m
[0m[1mmodule.observability_alarms.aws_cloudwatch_metric_alarm.rds_connections_high: Creating...[0m[0m
[0m[1mmodule.rds.data.aws_iam_policy_document.proxy: Read complete after 0s [id=1665935605][0m
[0m[1mmodule.rds.aws_db_proxy.this: Creating...[0m[0m
[0m[1mmodule.rds.aws_iam_role_policy.proxy: Creating...[0m[0m
[0m[1mmodule.db_bootstrap.aws_iam_role_policy.this: Creating...[0m[0m
[0m[1mmodule.rds.aws_iam_role_policy.proxy: Creation complete after 1s [id=devops-g3-db-proxy:read-db-secret][0m
[0m[1mmodule.db_bootstrap.aws_iam_role_policy.this: Creation complete after 1s [id=devops-g3-db-bootstrap:db-bootstrap][0m
[0m[1mmodule.observability_alarms.aws_cloudwatch_metric_alarm.rds_connections_high: Creation complete after 2s [id=devops-g3-rds-connections-high][0m
[0m[1mmodule.observability_alarms.aws_cloudwatch_metric_alarm.rds_cpu_high: Creation complete after 2s [id=devops-g3-rds-cpu-high][0m
[0m[1mmodule.rds.aws_db_proxy.this: Still creating... [00m10s elapsed][0m[0m
[0m[1mmodule.rds.aws_db_proxy.this: Still creating... [00m20s elapsed][0m[0m
[0m[1mmodule.rds.aws_db_proxy.this: Still creating... [00m30s elapsed][0m[0m
[0m[1mmodule.rds.aws_db_proxy.this: Still creating... [00m40s elapsed][0m[0m
[0m[1mmodule.rds.aws_db_proxy.this: Still creating... [00m50s elapsed][0m[0m
[0m[1mmodule.rds.aws_db_proxy.this: Still creating... [01m00s elapsed][0m[0m
[0m[1mmodule.rds.aws_db_proxy.this: Still creating... [01m10s elapsed][0m[0m
[0m[1mmodule.rds.aws_db_proxy.this: Still creating... [01m20s elapsed][0m[0m
[0m[1mmodule.rds.aws_db_proxy.this: Still creating... [01m30s elapsed][0m[0m
[0m[1mmodule.rds.aws_db_proxy.this: Still creating... [01m40s elapsed][0m[0m
[0m[1mmodule.rds.aws_db_proxy.this: Still creating... [01m50s elapsed][0m[0m
[0m[1mmodule.rds.aws_db_proxy.this: Still creating... [02m00s elapsed][0m[0m
[0m[1mmodule.rds.aws_db_proxy.this: Still creating... [02m10s elapsed][0m[0m
[0m[1mmodule.rds.aws_db_proxy.this: Still creating... [02m20s elapsed][0m[0m
[0m[1mmodule.rds.aws_db_proxy.this: Still creating... [02m30s elapsed][0m[0m
[0m[1mmodule.rds.aws_db_proxy.this: Still creating... [02m40s elapsed][0m[0m
[0m[1mmodule.rds.aws_db_proxy.this: Still creating... [02m50s elapsed][0m[0m
[0m[1mmodule.rds.aws_db_proxy.this: Still creating... [03m00s elapsed][0m[0m
[0m[1mmodule.rds.aws_db_proxy.this: Still creating... [03m10s elapsed][0m[0m
[0m[1mmodule.rds.aws_db_proxy.this: Still creating... [03m20s elapsed][0m[0m
[0m[1mmodule.rds.aws_db_proxy.this: Still creating... [03m30s elapsed][0m[0m
[0m[1mmodule.rds.aws_db_proxy.this: Still creating... [03m40s elapsed][0m[0m
[0m[1mmodule.rds.aws_db_proxy.this: Still creating... [03m50s elapsed][0m[0m
[0m[1mmodule.rds.aws_db_proxy.this: Still creating... [04m00s elapsed][0m[0m
[0m[1mmodule.rds.aws_db_proxy.this: Still creating... [04m10s elapsed][0m[0m
[0m[1mmodule.rds.aws_db_proxy.this: Still creating... [04m20s elapsed][0m[0m
[0m[1mmodule.rds.aws_db_proxy.this: Still creating... [04m30s elapsed][0m[0m
[0m[1mmodule.rds.aws_db_proxy.this: Still creating... [04m40s elapsed][0m[0m
[0m[1mmodule.rds.aws_db_proxy.this: Still creating... [04m50s elapsed][0m[0m
[0m[1mmodule.rds.aws_db_proxy.this: Still creating... [05m00s elapsed][0m[0m
[0m[1mmodule.rds.aws_db_proxy.this: Still creating... [05m10s elapsed][0m[0m
[0m[1mmodule.rds.aws_db_proxy.this: Creation complete after 5m17s [id=devops-g3-db-proxy][0m
[0m[1mmodule.rds.aws_db_proxy_default_target_group.this: Creating...[0m[0m
[0m[1mmodule.service["pos"].aws_ecs_task_definition.this: Creating...[0m[0m
[0m[1mmodule.service["web"].aws_ecs_task_definition.this: Creating...[0m[0m
[0m[1mmodule.service["payments"].aws_ecs_task_definition.this: Creating...[0m[0m
[0m[1mmodule.service["commission"].aws_ecs_task_definition.this: Creating...[0m[0m
[0m[1mmodule.db_bootstrap.aws_codebuild_project.this: Creating...[0m[0m
[0m[1mmodule.rds.aws_db_proxy_default_target_group.this: Creation complete after 2s [id=devops-g3-db-proxy][0m
[0m[1mmodule.rds.aws_db_proxy_target.this: Creating...[0m[0m
[0m[1mmodule.service["commission"].aws_ecs_task_definition.this: Creation complete after 2s [id=devops-g3-commission][0m
[0m[1mmodule.service["web"].aws_ecs_task_definition.this: Creation complete after 2s [id=devops-g3-web][0m
[0m[1mmodule.service["payments"].aws_ecs_task_definition.this: Creation complete after 2s [id=devops-g3-payments][0m
[0m[1mmodule.service["pos"].aws_ecs_task_definition.this: Creation complete after 2s [id=devops-g3-pos][0m
[0m[1mmodule.service["pos"].aws_ecs_service.this: Creating...[0m[0m
[0m[1mmodule.service["payments"].aws_ecs_service.this: Creating...[0m[0m
[0m[1mmodule.service["commission"].aws_ecs_service.this: Creating...[0m[0m
[0m[1mmodule.service["web"].aws_ecs_service.this: Creating...[0m[0m
[0m[1mmodule.rds.aws_db_proxy_target.this: Creation complete after 1s [id=devops-g3-db-proxy/default/RDS_INSTANCE/devops-g3-db][0m
[0m[1mmodule.db_bootstrap.aws_codebuild_project.this: Creation complete after 3s [id=arn:aws:codebuild:us-west-1:240462142849:project/devops-g3-db-bootstrap][0m
[0m[1mmodule.service["commission"].aws_ecs_service.this: Creation complete after 2s [id=arn:aws:ecs:us-west-1:240462142849:service/devops-g3/devops-g3-commission][0m
[0m[1mmodule.service["web"].aws_ecs_service.this: Creation complete after 2s [id=arn:aws:ecs:us-west-1:240462142849:service/devops-g3/devops-g3-web][0m
[0m[1mmodule.service["payments"].aws_ecs_service.this: Creation complete after 2s [id=arn:aws:ecs:us-west-1:240462142849:service/devops-g3/devops-g3-payments][0m
[0m[1mmodule.service["pos"].aws_ecs_service.this: Creation complete after 2s [id=arn:aws:ecs:us-west-1:240462142849:service/devops-g3/devops-g3-pos][0m
[0m[1mdata.aws_iam_policy_document.db_readers: Reading...[0m[0m
[0m[1mdata.aws_iam_policy_document.db_readers: Read complete after 0s [id=2258240026][0m
[0m[1mmodule.observability_alarms.aws_cloudwatch_metric_alarm.ecs_cpu_high["pos"]: Creating...[0m[0m
[0m[1mmodule.observability_alarms.aws_cloudwatch_metric_alarm.ecs_cpu_high["commission"]: Creating...[0m[0m
[0m[1mmodule.observability_alarms.aws_cloudwatch_metric_alarm.ecs_cpu_high["payments"]: Creating...[0m[0m
[0m[1mmodule.redis.aws_vpc_security_group_ingress_rule.from_services["commission"]: Creating...[0m[0m
[0m[1mmodule.rds.aws_vpc_security_group_ingress_rule.proxy_from_services["db-bootstrap"]: Creating...[0m[0m
[0m[1mmodule.rds.aws_vpc_security_group_ingress_rule.proxy_from_services["web"]: Creating...[0m[0m
[0m[1mmodule.redis.aws_vpc_security_group_ingress_rule.from_services["pos"]: Creating...[0m[0m
[0m[1mmodule.rds.aws_vpc_security_group_ingress_rule.proxy_from_services["payments"]: Creating...[0m[0m
[0m[1mmodule.redis.aws_vpc_security_group_ingress_rule.from_services["web"]: Creating...[0m[0m
[0m[1mmodule.redis.aws_vpc_security_group_ingress_rule.from_services["payments"]: Creating...[0m[0m
[0m[1mmodule.rds.aws_vpc_security_group_ingress_rule.proxy_from_services["payments"]: Creation complete after 2s [id=sgr-0bf30abafef95276e][0m
[0m[1mmodule.redis.aws_vpc_security_group_ingress_rule.from_services["pos"]: Creation complete after 2s [id=sgr-02e0f334b96fea964][0m
[0m[1mmodule.observability_alarms.aws_cloudwatch_metric_alarm.ecs_cpu_high["web"]: Creating...[0m[0m
[0m[1mmodule.rds.aws_vpc_security_group_ingress_rule.proxy_from_services["commission"]: Creating...[0m[0m
[0m[1mmodule.redis.aws_vpc_security_group_ingress_rule.from_services["payments"]: Creation complete after 2s [id=sgr-0bb028d4b47a5eb93][0m
[0m[1mmodule.rds.aws_vpc_security_group_ingress_rule.proxy_from_services["pos"]: Creating...[0m[0m
[0m[1mmodule.rds.aws_vpc_security_group_ingress_rule.proxy_from_services["db-bootstrap"]: Creation complete after 2s [id=sgr-0b6b79700f8a5211a][0m
[0m[1maws_secretsmanager_secret_policy.db: Creating...[0m[0m
[0m[1mmodule.redis.aws_vpc_security_group_ingress_rule.from_services["commission"]: Creation complete after 2s [id=sgr-0ac92fc0a7b2292c7][0m
[0m[1mmodule.rds.aws_vpc_security_group_ingress_rule.proxy_from_services["web"]: Creation complete after 2s [id=sgr-02de803f4d91c2534][0m
[0m[1mmodule.redis.aws_vpc_security_group_ingress_rule.from_services["web"]: Creation complete after 2s [id=sgr-0426507dd0d80b4c2][0m
[0m[1mmodule.observability_alarms.aws_cloudwatch_metric_alarm.ecs_cpu_high["pos"]: Creation complete after 3s [id=devops-g3-pos-ecs-cpu-high][0m
[0m[1mmodule.observability_alarms.aws_cloudwatch_metric_alarm.ecs_cpu_high["payments"]: Creation complete after 3s [id=devops-g3-payments-ecs-cpu-high][0m
[0m[1mmodule.rds.aws_vpc_security_group_ingress_rule.proxy_from_services["commission"]: Creation complete after 1s [id=sgr-0b029ff99d97651d2][0m
[0m[1mmodule.rds.aws_vpc_security_group_ingress_rule.proxy_from_services["pos"]: Creation complete after 1s [id=sgr-041c2e514f04d6503][0m
[0m[1mmodule.observability_alarms.aws_cloudwatch_metric_alarm.ecs_cpu_high["commission"]: Creation complete after 3s [id=devops-g3-commission-ecs-cpu-high][0m
[0m[1mmodule.observability_alarms.aws_cloudwatch_metric_alarm.ecs_cpu_high["web"]: Creation complete after 1s [id=devops-g3-web-ecs-cpu-high][0m
[0m[1maws_secretsmanager_secret_policy.db: Creation complete after 2s [id=arn:aws:secretsmanager:us-west-1:240462142849:secret:devops-g3/db-I364XC][0m
[0m[1mmodule.delivery.data.aws_iam_policy_document.codebuild_assume: Reading...[0m[0m
[0m[1mmodule.delivery.data.aws_iam_policy_document.codebuild_assume: Read complete after 0s [id=1229436035][0m
[0m[1mmodule.delivery.data.aws_iam_policy_document.codepipeline_assume: Reading...[0m[0m
[0m[1mmodule.delivery.data.aws_iam_policy_document.codepipeline_assume: Read complete after 0s [id=2245101310][0m
[0m[1mmodule.delivery.aws_codestarconnections_connection.github: Creating...[0m[0m
[0m[1mmodule.delivery.data.aws_iam_policy_document.codebuild: Reading...[0m[0m
[0m[1mmodule.delivery.aws_iam_role.codebuild: Creating...[0m[0m
[0m[1mmodule.delivery.aws_ssm_parameter.image_tag["payments"]: Creating...[0m[0m
[0m[1mmodule.delivery.aws_ssm_parameter.image_tag["pos"]: Creating...[0m[0m
[0m[1mmodule.delivery.aws_ssm_parameter.image_tag["web"]: Creating...[0m[0m
[0m[1mmodule.delivery.aws_ssm_parameter.image_digest["pos"]: Creating...[0m[0m
[0m[1mmodule.delivery.data.aws_iam_policy_document.codebuild: Read complete after 0s [id=2563141985][0m
[0m[1mmodule.delivery.aws_ssm_parameter.image_tag["commission"]: Creating...[0m[0m
[0m[1mmodule.delivery.aws_ssm_parameter.image_digest["payments"]: Creating...[0m[0m
[0m[1mmodule.delivery.aws_ssm_parameter.image_digest["web"]: Creating...[0m[0m
[0m[1mmodule.delivery.aws_ssm_parameter.image_digest["commission"]: Creating...[0m[0m
[0m[1mmodule.delivery.aws_codestarconnections_connection.github: Creation complete after 2s [id=arn:aws:codestar-connections:us-west-1:240462142849:connection/578148d4-3b23-46a2-97e8-619d6c1f9012][0m
[0m[1mmodule.delivery.aws_iam_role.codepipeline: Creating...[0m[0m
[0m[1mmodule.delivery.aws_iam_role.codebuild: Creation complete after 2s [id=devops-g3-codebuild][0m
[0m[1mmodule.delivery.aws_codebuild_project.pos_migrations: Creating...[0m[0m
[0m[1mmodule.delivery.aws_ssm_parameter.image_digest["web"]: Creation complete after 2s [id=/devops-g3/web/image-digest][0m
[0m[1mmodule.delivery.aws_ssm_parameter.image_digest["payments"]: Creation complete after 2s [id=/devops-g3/payments/image-digest][0m
[0m[1mmodule.delivery.aws_iam_role_policy.codebuild: Creating...[0m[0m
[0m[1mmodule.delivery.aws_codebuild_project.smoke: Creating...[0m[0m
[0m[1mmodule.delivery.aws_ssm_parameter.image_tag["commission"]: Creation complete after 2s [id=/devops-g3/commission/image-tag][0m
[0m[1mmodule.delivery.aws_ssm_parameter.image_digest["commission"]: Creation complete after 2s [id=/devops-g3/commission/image-digest][0m
[0m[1mmodule.delivery.aws_ssm_parameter.image_tag["pos"]: Creation complete after 2s [id=/devops-g3/pos/image-tag][0m
[0m[1mmodule.delivery.aws_codebuild_project.adot_mirror: Creating...[0m[0m
[0m[1mmodule.delivery.aws_codebuild_project.grafana_image: Creating...[0m[0m
[0m[1mmodule.delivery.aws_codebuild_project.image["commission"]: Creating...[0m[0m
[0m[1mmodule.delivery.aws_ssm_parameter.image_tag["web"]: Creation complete after 2s [id=/devops-g3/web/image-tag][0m
[0m[1mmodule.delivery.aws_codebuild_project.image["payments"]: Creating...[0m[0m
[0m[1mmodule.delivery.aws_ssm_parameter.image_tag["payments"]: Creation complete after 2s [id=/devops-g3/payments/image-tag][0m
[0m[1mmodule.delivery.aws_ssm_parameter.image_digest["pos"]: Creation complete after 2s [id=/devops-g3/pos/image-digest][0m
[0m[1mmodule.delivery.aws_codebuild_project.image["pos"]: Creating...[0m[0m
[0m[1mmodule.delivery.aws_codebuild_project.image["web"]: Creating...[0m[0m
[0m[1mmodule.delivery.aws_iam_role_policy.codebuild: Creation complete after 1s [id=devops-g3-codebuild:delivery-build][0m
[0m[1mmodule.delivery.aws_iam_role.codepipeline: Creation complete after 1s [id=devops-g3-pipeline][0m
[0m[1mmodule.delivery.aws_codebuild_project.pos_migrations: Still creating... [00m10s elapsed][0m[0m
[0m[1mmodule.delivery.aws_codebuild_project.image["payments"]: Creation complete after 10s [id=arn:aws:codebuild:us-west-1:240462142849:project/devops-g3-payments-build][0m
[0m[1mmodule.delivery.aws_codebuild_project.smoke: Still creating... [00m10s elapsed][0m[0m
[0m[1mmodule.delivery.aws_codebuild_project.adot_mirror: Still creating... [00m10s elapsed][0m[0m
[0m[1mmodule.delivery.aws_codebuild_project.grafana_image: Still creating... [00m10s elapsed][0m[0m
[0m[1mmodule.delivery.aws_codebuild_project.image["commission"]: Still creating... [00m10s elapsed][0m[0m
[0m[1mmodule.delivery.aws_codebuild_project.image["commission"]: Creation complete after 10s [id=arn:aws:codebuild:us-west-1:240462142849:project/devops-g3-commission-build][0m
[0m[1mmodule.delivery.aws_codebuild_project.grafana_image: Creation complete after 10s [id=arn:aws:codebuild:us-west-1:240462142849:project/devops-g3-grafana-build][0m
[0m[1mmodule.delivery.aws_codebuild_project.image["web"]: Creation complete after 10s [id=arn:aws:codebuild:us-west-1:240462142849:project/devops-g3-web-build][0m
[0m[1mmodule.delivery.aws_codebuild_project.image["pos"]: Creation complete after 10s [id=arn:aws:codebuild:us-west-1:240462142849:project/devops-g3-pos-build][0m
[0m[1mmodule.delivery.aws_codebuild_project.adot_mirror: Creation complete after 10s [id=arn:aws:codebuild:us-west-1:240462142849:project/devops-g3-adot-mirror][0m
[0m[1mmodule.delivery.aws_codebuild_project.smoke: Creation complete after 10s [id=arn:aws:codebuild:us-west-1:240462142849:project/devops-g3-smoke][0m
[0m[1mmodule.delivery.aws_codebuild_project.pos_migrations: Creation complete after 13s [id=arn:aws:codebuild:us-west-1:240462142849:project/devops-g3-pos-migrations][0m
[0m[1mmodule.delivery.data.aws_iam_policy_document.codepipeline: Reading...[0m[0m
[0m[1mmodule.delivery.data.aws_iam_policy_document.codepipeline: Read complete after 0s [id=2009296731][0m
[0m[1mmodule.delivery.aws_iam_role_policy.codepipeline: Creating...[0m[0m
[0m[1mmodule.delivery.aws_codepipeline.this: Creating...[0m[0m
[0m[1mmodule.delivery.aws_iam_role_policy.codepipeline: Creation complete after 1s [id=devops-g3-pipeline:delivery-pipeline][0m
[0m[1mmodule.delivery.aws_codepipeline.this: Creation complete after 3s [id=devops-g3-pipeline][0m
Releasing state lock. This may take a few moments...
[0m[1m[32m
Apply complete! Resources: 244 added, 8 changed, 0 destroyed.[0m
[0m[1m[32m
Outputs:

[0malb_dns_name = "internal-devops-g3-alb-300720639.us-west-1.elb.amazonaws.com"
alb_internal = true
amp_prometheus_endpoint = "https://aps-workspaces.us-west-1.amazonaws.com/workspaces/ws-8a73e36c-60d1-42c6-bc84-4cd5bf0f5e16"
amp_remote_write_url = "https://aps-workspaces.us-west-1.amazonaws.com/workspaces/ws-8a73e36c-60d1-42c6-bc84-4cd5bf0f5e16/api/v1/remote_write"
amp_workspace_id = "ws-8a73e36c-60d1-42c6-bc84-4cd5bf0f5e16"
api_endpoint = "https://k8ve9ik8zl.execute-api.us-west-1.amazonaws.com/v1"
availability_zones = tolist([
  "us-west-1a",
  "us-west-1c",
])
bucket_ids = {
  "alb-logs" = "devops-g3-alb-logs-240462142849"
  "artifacts" = "devops-g3-artifacts-240462142849"
  "backups" = "devops-g3-backups-240462142849"
  "evidence" = "devops-g3-evidence-240462142849"
  "logs" = "devops-g3-logs-240462142849"
}
cloudwatch_alarm_names = {
  "canary" = "devops-g3-edge-health-canary"
  "dlq" = {
    "payout" = "devops-g3-payout-dlq-depth"
    "reconciliation" = "devops-g3-reconciliation-dlq-depth"
  }
  "ecs" = {
    "commission" = "devops-g3-commission-ecs-cpu-high"
    "payments" = "devops-g3-payments-ecs-cpu-high"
    "pos" = "devops-g3-pos-ecs-cpu-high"
    "web" = "devops-g3-web-ecs-cpu-high"
  }
  "rds" = {
    "connections_high" = "devops-g3-rds-connections-high"
    "cpu_high" = "devops-g3-rds-cpu-high"
  }
}
db_bootstrap_project_name = "devops-g3-db-bootstrap"
db_name = "tillflow"
db_proxy_endpoint = "devops-g3-db-proxy.proxy-chgiwkc8muat.us-west-1.rds.amazonaws.com"
db_secret_arn = "arn:aws:secretsmanager:us-west-1:240462142849:secret:devops-g3/db-I364XC"
delivery_codebuild_project_names = {
  "adot-mirror" = "devops-g3-adot-mirror"
  "commission" = "devops-g3-commission-build"
  "grafana-build" = "devops-g3-grafana-build"
  "payments" = "devops-g3-payments-build"
  "pos" = "devops-g3-pos-build"
  "smoke" = "devops-g3-smoke"
  "web" = "devops-g3-web-build"
}
delivery_github_connection_arn = "arn:aws:codestar-connections:us-west-1:240462142849:connection/578148d4-3b23-46a2-97e8-619d6c1f9012"
delivery_pipeline_name = "devops-g3-pipeline"
dlq_names = {
  "payout" = "devops-g3-payout-dlq"
  "reconciliation" = "devops-g3-reconciliation-dlq"
}
ecr_repository_urls = {
  "commission" = "240462142849.dkr.ecr.us-west-1.amazonaws.com/devops-g3/commission"
  "payments" = "240462142849.dkr.ecr.us-west-1.amazonaws.com/devops-g3/payments"
  "pos" = "240462142849.dkr.ecr.us-west-1.amazonaws.com/devops-g3/pos"
  "web" = "240462142849.dkr.ecr.us-west-1.amazonaws.com/devops-g3/web"
}
ecs_cluster_name = "devops-g3"
grafana_admin_secret_arn = "arn:aws:secretsmanager:us-west-1:240462142849:secret:devops-g3/grafana-admin-T5XvCb"
grafana_url = "https://k8ve9ik8zl.execute-api.us-west-1.amazonaws.com/v1/grafana/"
queue_urls = {
  "payout" = "https://sqs.us-west-1.amazonaws.com/240462142849/devops-g3-payout"
  "reconciliation" = "https://sqs.us-west-1.amazonaws.com/240462142849/devops-g3-reconciliation"
}
redis_endpoint = "master.devops-g3-cache.0xvgqe.usw1.cache.amazonaws.com"
service_containers = {
  "commission" = [
    "commission",
    "adot",
  ]
  "payments" = [
    "payments",
    "adot",
  ]
  "pos" = [
    "pos",
    "adot",
  ]
  "web" = [
    "web",
    "adot",
  ]
}
service_task_role_arns = {
  "commission" = "arn:aws:iam::240462142849:role/devops-g3-commission-task"
  "payments" = "arn:aws:iam::240462142849:role/devops-g3-payments-task"
  "pos" = "arn:aws:iam::240462142849:role/devops-g3-pos-task"
  "web" = "arn:aws:iam::240462142849:role/devops-g3-web-task"
}
services_with_internet_egress = [
  "payments",
  "grafana",
]
synthetics_canary_name = "devops-g3-edge-health"
synthetics_probe_urls = {
  "health" = "https://k8ve9ik8zl.execute-api.us-west-1.amazonaws.com/v1/health"
  "ready" = "https://k8ve9ik8zl.execute-api.us-west-1.amazonaws.com/v1/ready"
}
