
         /\      Grafana   /‾‾/  
    /\  /  \     |\  __   /  /   
   /  \/    \    | |/ /  /   ‾‾\ 
  /          \   |   (  |  (‾)  |
 / __________ \  |_|\_\  \_____/ 


     execution: local
        script: /home/minage/capstone/group3-tillflow-capstone/reliability/k6/baseline.js
        output: -

     scenarios: (100.00%) 1 scenario, 20 max VUs, 14m30s max duration (incl. graceful stop):
              * default: Up to 20 looping VUs for 14m0s over 4 stages (gracefulRampDown: 30s, gracefulStop: 30s)


running (00m01.0s), 01/20 VUs, 0 complete and 0 interrupted iterations
default   [   0% ] 01/20 VUs  00m01.0s/14m00.0s

running (00m02.0s), 01/20 VUs, 1 complete and 0 interrupted iterations
default   [   0% ] 01/20 VUs  00m02.0s/14m00.0s

running (00m03.0s), 01/20 VUs, 2 complete and 0 interrupted iterations
default   [   0% ] 01/20 VUs  00m03.0s/14m00.0s

running (00m04.0s), 01/20 VUs, 3 complete and 0 interrupted iterations
default   [   0% ] 01/20 VUs  00m04.0s/14m00.0s

running (00m05.0s), 01/20 VUs, 4 complete and 0 interrupted iterations
default   [   1% ] 01/20 VUs  00m05.0s/14m00.0s

running (00m06.0s), 01/20 VUs, 5 complete and 0 interrupted iterations
default   [   1% ] 01/20 VUs  00m06.0s/14m00.0s

running (00m07.0s), 01/20 VUs, 6 complete and 0 interrupted iterations
default   [   1% ] 01/20 VUs  00m07.0s/14m00.0s

running (00m08.0s), 01/20 VUs, 7 complete and 0 interrupted iterations
default   [   1% ] 01/20 VUs  00m08.0s/14m00.0s

running (00m09.0s), 01/20 VUs, 7 complete and 0 interrupted iterations
default   [   1% ] 01/20 VUs  00m09.0s/14m00.0s

running (00m10.0s), 01/20 VUs, 8 complete and 0 interrupted iterations
default   [   1% ] 01/20 VUs  00m10.0s/14m00.0s

running (00m11.0s), 01/20 VUs, 9 complete and 0 interrupted iterations
default   [   1% ] 01/20 VUs  00m11.0s/14m00.0s

running (00m12.0s), 01/20 VUs, 10 complete and 0 interrupted iterations
default   [   1% ] 01/20 VUs  00m12.0s/14m00.0s

running (00m13.0s), 01/20 VUs, 11 complete and 0 interrupted iterations
default   [   2% ] 01/20 VUs  00m13.0s/14m00.0s

running (00m14.0s), 01/20 VUs, 12 complete and 0 interrupted iterations
default   [   2% ] 01/20 VUs  00m14.0s/14m00.0s

running (00m15.0s), 01/20 VUs, 13 complete and 0 interrupted iterations
default   [   2% ] 01/20 VUs  00m15.0s/14m00.0s

running (00m16.0s), 01/20 VUs, 14 complete and 0 interrupted iterations
default   [   2% ] 01/20 VUs  00m16.0s/14m00.0s

running (00m17.0s), 01/20 VUs, 15 complete and 0 interrupted iterations
default   [   2% ] 01/20 VUs  00m17.0s/14m00.0s

running (00m18.0s), 01/20 VUs, 16 complete and 0 interrupted iterations
default   [   2% ] 01/20 VUs  00m18.0s/14m00.0s

running (00m19.0s), 01/20 VUs, 17 complete and 0 interrupted iterations
default   [   2% ] 01/20 VUs  00m19.0s/14m00.0s

running (00m20.0s), 01/20 VUs, 18 complete and 0 interrupted iterations
default   [   2% ] 01/20 VUs  00m20.0s/14m00.0s

running (00m21.0s), 01/20 VUs, 19 complete and 0 interrupted iterations
default   [   2% ] 01/20 VUs  00m21.0s/14m00.0s

running (00m22.0s), 01/20 VUs, 20 complete and 0 interrupted iterations
default   [   3% ] 01/20 VUs  00m22.0s/14m00.0s

running (00m23.0s), 01/20 VUs, 21 complete and 0 interrupted iterations
default   [   3% ] 01/20 VUs  00m23.0s/14m00.0s

running (00m24.0s), 01/20 VUs, 22 complete and 0 interrupted iterations
default   [   3% ] 01/20 VUs  00m24.0s/14m00.0s

running (00m25.0s), 01/20 VUs, 23 complete and 0 interrupted iterations
default   [   3% ] 01/20 VUs  00m25.0s/14m00.0s

running (00m26.0s), 01/20 VUs, 24 complete and 0 interrupted iterations
default   [   3% ] 01/20 VUs  00m26.0s/14m00.0s

running (00m27.0s), 01/20 VUs, 25 complete and 0 interrupted iterations
default   [   3% ] 01/20 VUs  00m27.0s/14m00.0s

running (00m28.0s), 01/20 VUs, 26 complete and 0 interrupted iterations
default   [   3% ] 01/20 VUs  00m28.0s/14m00.0s

running (00m29.0s), 01/20 VUs, 27 complete and 0 interrupted iterations
default   [   3% ] 01/20 VUs  00m29.0s/14m00.0s

running (00m30.0s), 01/20 VUs, 28 complete and 0 interrupted iterations
default   [   4% ] 01/20 VUs  00m30.0s/14m00.0s

running (00m31.0s), 02/20 VUs, 29 complete and 0 interrupted iterations
default   [   4% ] 02/20 VUs  00m31.0s/14m00.0s

running (00m32.0s), 02/20 VUs, 31 complete and 0 interrupted iterations
default   [   4% ] 02/20 VUs  00m32.0s/14m00.0s

running (00m33.0s), 02/20 VUs, 33 complete and 0 interrupted iterations
default   [   4% ] 02/20 VUs  00m33.0s/14m00.0s

running (00m34.0s), 02/20 VUs, 34 complete and 0 interrupted iterations
default   [   4% ] 02/20 VUs  00m34.0s/14m00.0s

running (00m35.0s), 02/20 VUs, 36 complete and 0 interrupted iterations
default   [   4% ] 02/20 VUs  00m35.0s/14m00.0s

running (00m36.0s), 02/20 VUs, 38 complete and 0 interrupted iterations
default   [   4% ] 02/20 VUs  00m36.0s/14m00.0s

running (00m37.0s), 02/20 VUs, 40 complete and 0 interrupted iterations
default   [   4% ] 02/20 VUs  00m37.0s/14m00.0s

running (00m38.0s), 02/20 VUs, 42 complete and 0 interrupted iterations
default   [   5% ] 02/20 VUs  00m38.0s/14m00.0s

running (00m39.0s), 02/20 VUs, 44 complete and 0 interrupted iterations
default   [   5% ] 02/20 VUs  00m39.0s/14m00.0s

running (00m40.0s), 02/20 VUs, 46 complete and 0 interrupted iterations
default   [   5% ] 02/20 VUs  00m40.0s/14m00.0s

running (00m41.0s), 02/20 VUs, 48 complete and 0 interrupted iterations
default   [   5% ] 02/20 VUs  00m41.0s/14m00.0s

running (00m42.0s), 02/20 VUs, 49 complete and 0 interrupted iterations
default   [   5% ] 02/20 VUs  00m42.0s/14m00.0s

running (00m43.0s), 02/20 VUs, 51 complete and 0 interrupted iterations
default   [   5% ] 02/20 VUs  00m43.0s/14m00.0s

running (00m44.0s), 02/20 VUs, 53 complete and 0 interrupted iterations
default   [   5% ] 02/20 VUs  00m44.0s/14m00.0s

running (00m45.0s), 02/20 VUs, 55 complete and 0 interrupted iterations
default   [   5% ] 02/20 VUs  00m45.0s/14m00.0s

running (00m46.0s), 02/20 VUs, 57 complete and 0 interrupted iterations
default   [   5% ] 02/20 VUs  00m46.0s/14m00.0s

running (00m47.0s), 02/20 VUs, 59 complete and 0 interrupted iterations
default   [   6% ] 02/20 VUs  00m47.0s/14m00.0s

running (00m48.0s), 02/20 VUs, 61 complete and 0 interrupted iterations
default   [   6% ] 02/20 VUs  00m48.0s/14m00.0s

running (00m49.0s), 02/20 VUs, 63 complete and 0 interrupted iterations
default   [   6% ] 02/20 VUs  00m49.0s/14m00.0s

running (00m50.0s), 02/20 VUs, 65 complete and 0 interrupted iterations
default   [   6% ] 02/20 VUs  00m50.0s/14m00.0s

running (00m51.0s), 02/20 VUs, 67 complete and 0 interrupted iterations
default   [   6% ] 02/20 VUs  00m51.0s/14m00.0s

running (00m52.0s), 02/20 VUs, 69 complete and 0 interrupted iterations
default   [   6% ] 02/20 VUs  00m52.0s/14m00.0s

running (00m53.0s), 02/20 VUs, 71 complete and 0 interrupted iterations
default   [   6% ] 02/20 VUs  00m53.0s/14m00.0s

running (00m54.0s), 02/20 VUs, 73 complete and 0 interrupted iterations
default   [   6% ] 02/20 VUs  00m54.0s/14m00.0s

running (00m55.0s), 02/20 VUs, 75 complete and 0 interrupted iterations
default   [   7% ] 02/20 VUs  00m55.0s/14m00.0s

running (00m56.0s), 02/20 VUs, 77 complete and 0 interrupted iterations
default   [   7% ] 02/20 VUs  00m56.0s/14m00.0s

running (00m57.0s), 02/20 VUs, 79 complete and 0 interrupted iterations
default   [   7% ] 02/20 VUs  00m57.0s/14m00.0s

running (00m58.0s), 02/20 VUs, 81 complete and 0 interrupted iterations
default   [   7% ] 02/20 VUs  00m58.0s/14m00.0s

running (00m59.0s), 02/20 VUs, 83 complete and 0 interrupted iterations
default   [   7% ] 02/20 VUs  00m59.0s/14m00.0s

running (01m00.0s), 02/20 VUs, 84 complete and 0 interrupted iterations
default   [   7% ] 02/20 VUs  01m00.0s/14m00.0s

running (01m01.0s), 03/20 VUs, 86 complete and 0 interrupted iterations
default   [   7% ] 03/20 VUs  01m01.0s/14m00.0s

running (01m02.0s), 03/20 VUs, 89 complete and 0 interrupted iterations
default   [   7% ] 03/20 VUs  01m02.0s/14m00.0s

running (01m03.0s), 03/20 VUs, 92 complete and 0 interrupted iterations
default   [   7% ] 03/20 VUs  01m03.0s/14m00.0s

running (01m04.0s), 03/20 VUs, 95 complete and 0 interrupted iterations
default   [   8% ] 03/20 VUs  01m04.0s/14m00.0s

running (01m05.0s), 03/20 VUs, 98 complete and 0 interrupted iterations
default   [   8% ] 03/20 VUs  01m05.0s/14m00.0s

running (01m06.0s), 03/20 VUs, 100 complete and 0 interrupted iterations
default   [   8% ] 03/20 VUs  01m06.0s/14m00.0s

running (01m07.0s), 03/20 VUs, 103 complete and 0 interrupted iterations
default   [   8% ] 03/20 VUs  01m07.0s/14m00.0s

running (01m08.0s), 03/20 VUs, 106 complete and 0 interrupted iterations
default   [   8% ] 03/20 VUs  01m08.0s/14m00.0s

running (01m09.0s), 03/20 VUs, 109 complete and 0 interrupted iterations
default   [   8% ] 03/20 VUs  01m09.0s/14m00.0s

running (01m10.0s), 03/20 VUs, 112 complete and 0 interrupted iterations
default   [   8% ] 03/20 VUs  01m10.0s/14m00.0s

running (01m11.0s), 03/20 VUs, 114 complete and 0 interrupted iterations
default   [   8% ] 03/20 VUs  01m11.0s/14m00.0s

running (01m12.0s), 03/20 VUs, 117 complete and 0 interrupted iterations
default   [   9% ] 03/20 VUs  01m12.0s/14m00.0s

running (01m13.0s), 03/20 VUs, 120 complete and 0 interrupted iterations
default   [   9% ] 03/20 VUs  01m13.0s/14m00.0s

running (01m14.0s), 03/20 VUs, 123 complete and 0 interrupted iterations
default   [   9% ] 03/20 VUs  01m14.0s/14m00.0s

running (01m15.0s), 03/20 VUs, 126 complete and 0 interrupted iterations
default   [   9% ] 03/20 VUs  01m15.0s/14m00.0s

running (01m16.0s), 03/20 VUs, 129 complete and 0 interrupted iterations
default   [   9% ] 03/20 VUs  01m16.0s/14m00.0s

running (01m17.0s), 03/20 VUs, 132 complete and 0 interrupted iterations
default   [   9% ] 03/20 VUs  01m17.0s/14m00.0s

running (01m18.0s), 03/20 VUs, 135 complete and 0 interrupted iterations
default   [   9% ] 03/20 VUs  01m18.0s/14m00.0s

running (01m19.0s), 03/20 VUs, 138 complete and 0 interrupted iterations
default   [   9% ] 03/20 VUs  01m19.0s/14m00.0s

running (01m20.0s), 03/20 VUs, 141 complete and 0 interrupted iterations
default   [  10% ] 03/20 VUs  01m20.0s/14m00.0s

running (01m21.0s), 03/20 VUs, 144 complete and 0 interrupted iterations
default   [  10% ] 03/20 VUs  01m21.0s/14m00.0s

running (01m22.0s), 03/20 VUs, 147 complete and 0 interrupted iterations
default   [  10% ] 03/20 VUs  01m22.0s/14m00.0s

running (01m23.0s), 03/20 VUs, 150 complete and 0 interrupted iterations
default   [  10% ] 03/20 VUs  01m23.0s/14m00.0s

running (01m24.0s), 03/20 VUs, 153 complete and 0 interrupted iterations
default   [  10% ] 03/20 VUs  01m24.0s/14m00.0s

running (01m25.0s), 03/20 VUs, 156 complete and 0 interrupted iterations
default   [  10% ] 03/20 VUs  01m25.0s/14m00.0s

running (01m26.0s), 03/20 VUs, 159 complete and 0 interrupted iterations
default   [  10% ] 03/20 VUs  01m26.0s/14m00.0s

running (01m27.0s), 03/20 VUs, 162 complete and 0 interrupted iterations
default   [  10% ] 03/20 VUs  01m27.0s/14m00.0s

running (01m28.0s), 03/20 VUs, 164 complete and 0 interrupted iterations
default   [  10% ] 03/20 VUs  01m28.0s/14m00.0s

running (01m29.0s), 03/20 VUs, 166 complete and 0 interrupted iterations
default   [  11% ] 03/20 VUs  01m29.0s/14m00.0s

running (01m30.0s), 03/20 VUs, 169 complete and 0 interrupted iterations
default   [  11% ] 03/20 VUs  01m30.0s/14m00.0s

running (01m31.0s), 04/20 VUs, 172 complete and 0 interrupted iterations
default   [  11% ] 04/20 VUs  01m31.0s/14m00.0s

running (01m32.0s), 04/20 VUs, 176 complete and 0 interrupted iterations
default   [  11% ] 04/20 VUs  01m32.0s/14m00.0s

running (01m33.0s), 04/20 VUs, 179 complete and 0 interrupted iterations
default   [  11% ] 04/20 VUs  01m33.0s/14m00.0s

running (01m34.0s), 04/20 VUs, 183 complete and 0 interrupted iterations
default   [  11% ] 04/20 VUs  01m34.0s/14m00.0s

running (01m35.0s), 04/20 VUs, 187 complete and 0 interrupted iterations
default   [  11% ] 04/20 VUs  01m35.0s/14m00.0s

running (01m36.0s), 04/20 VUs, 191 complete and 0 interrupted iterations
default   [  11% ] 04/20 VUs  01m36.0s/14m00.0s

running (01m37.0s), 04/20 VUs, 195 complete and 0 interrupted iterations
default   [  12% ] 04/20 VUs  01m37.0s/14m00.0s

running (01m38.0s), 04/20 VUs, 199 complete and 0 interrupted iterations
default   [  12% ] 04/20 VUs  01m38.0s/14m00.0s

running (01m39.0s), 04/20 VUs, 203 complete and 0 interrupted iterations
default   [  12% ] 04/20 VUs  01m39.0s/14m00.0s

running (01m40.0s), 04/20 VUs, 207 complete and 0 interrupted iterations
default   [  12% ] 04/20 VUs  01m40.0s/14m00.0s

running (01m41.0s), 04/20 VUs, 211 complete and 0 interrupted iterations
default   [  12% ] 04/20 VUs  01m41.0s/14m00.0s

running (01m42.0s), 04/20 VUs, 214 complete and 0 interrupted iterations
default   [  12% ] 04/20 VUs  01m42.0s/14m00.0s

running (01m43.0s), 04/20 VUs, 218 complete and 0 interrupted iterations
default   [  12% ] 04/20 VUs  01m43.0s/14m00.0s

running (01m44.0s), 04/20 VUs, 222 complete and 0 interrupted iterations
default   [  12% ] 04/20 VUs  01m44.0s/14m00.0s

running (01m45.0s), 04/20 VUs, 226 complete and 0 interrupted iterations
default   [  12% ] 04/20 VUs  01m45.0s/14m00.0s

running (01m46.0s), 04/20 VUs, 230 complete and 0 interrupted iterations
default   [  13% ] 04/20 VUs  01m46.0s/14m00.0s

running (01m47.0s), 04/20 VUs, 234 complete and 0 interrupted iterations
default   [  13% ] 04/20 VUs  01m47.0s/14m00.0s

running (01m48.0s), 04/20 VUs, 238 complete and 0 interrupted iterations
default   [  13% ] 04/20 VUs  01m48.0s/14m00.0s

running (01m49.0s), 04/20 VUs, 242 complete and 0 interrupted iterations
default   [  13% ] 04/20 VUs  01m49.0s/14m00.0s

running (01m50.0s), 04/20 VUs, 246 complete and 0 interrupted iterations
default   [  13% ] 04/20 VUs  01m50.0s/14m00.0s

running (01m51.0s), 04/20 VUs, 250 complete and 0 interrupted iterations
default   [  13% ] 04/20 VUs  01m51.0s/14m00.0s

running (01m52.0s), 04/20 VUs, 254 complete and 0 interrupted iterations
default   [  13% ] 04/20 VUs  01m52.0s/14m00.0s

running (01m53.0s), 04/20 VUs, 258 complete and 0 interrupted iterations
default   [  13% ] 04/20 VUs  01m53.0s/14m00.0s

running (01m54.0s), 04/20 VUs, 262 complete and 0 interrupted iterations
default   [  14% ] 04/20 VUs  01m54.0s/14m00.0s

running (01m55.0s), 04/20 VUs, 264 complete and 0 interrupted iterations
default   [  14% ] 04/20 VUs  01m55.0s/14m00.0s

running (01m56.0s), 04/20 VUs, 267 complete and 0 interrupted iterations
default   [  14% ] 04/20 VUs  01m56.0s/14m00.0s

running (01m57.0s), 04/20 VUs, 271 complete and 0 interrupted iterations
default   [  14% ] 04/20 VUs  01m57.0s/14m00.0s

running (01m58.0s), 04/20 VUs, 275 complete and 0 interrupted iterations
default   [  14% ] 04/20 VUs  01m58.0s/14m00.0s

running (01m59.0s), 04/20 VUs, 279 complete and 0 interrupted iterations
default   [  14% ] 04/20 VUs  01m59.0s/14m00.0s

running (02m00.0s), 04/20 VUs, 283 complete and 0 interrupted iterations
default   [  14% ] 04/20 VUs  02m00.0s/14m00.0s

running (02m01.0s), 05/20 VUs, 287 complete and 0 interrupted iterations
default   [  14% ] 05/20 VUs  02m01.0s/14m00.0s

running (02m02.0s), 05/20 VUs, 292 complete and 0 interrupted iterations
default   [  15% ] 05/20 VUs  02m02.0s/14m00.0s

running (02m03.0s), 05/20 VUs, 297 complete and 0 interrupted iterations
default   [  15% ] 05/20 VUs  02m03.0s/14m00.0s

running (02m04.0s), 05/20 VUs, 302 complete and 0 interrupted iterations
default   [  15% ] 05/20 VUs  02m04.0s/14m00.0s

running (02m05.0s), 05/20 VUs, 307 complete and 0 interrupted iterations
default   [  15% ] 05/20 VUs  02m05.0s/14m00.0s

running (02m06.0s), 05/20 VUs, 312 complete and 0 interrupted iterations
default   [  15% ] 05/20 VUs  02m06.0s/14m00.0s

running (02m07.0s), 05/20 VUs, 316 complete and 0 interrupted iterations
default   [  15% ] 05/20 VUs  02m07.0s/14m00.0s

running (02m08.0s), 05/20 VUs, 321 complete and 0 interrupted iterations
default   [  15% ] 05/20 VUs  02m08.0s/14m00.0s

running (02m09.0s), 05/20 VUs, 326 complete and 0 interrupted iterations
default   [  15% ] 05/20 VUs  02m09.0s/14m00.0s

running (02m10.0s), 05/20 VUs, 331 complete and 0 interrupted iterations
default   [  15% ] 05/20 VUs  02m10.0s/14m00.0s

running (02m11.0s), 05/20 VUs, 336 complete and 0 interrupted iterations
default   [  16% ] 05/20 VUs  02m11.0s/14m00.0s

running (02m12.0s), 05/20 VUs, 341 complete and 0 interrupted iterations
default   [  16% ] 05/20 VUs  02m12.0s/14m00.0s

running (02m13.0s), 05/20 VUs, 346 complete and 0 interrupted iterations
default   [  16% ] 05/20 VUs  02m13.0s/14m00.0s

running (02m14.0s), 05/20 VUs, 351 complete and 0 interrupted iterations
default   [  16% ] 05/20 VUs  02m14.0s/14m00.0s

running (02m15.0s), 05/20 VUs, 356 complete and 0 interrupted iterations
default   [  16% ] 05/20 VUs  02m15.0s/14m00.0s

running (02m16.0s), 05/20 VUs, 360 complete and 0 interrupted iterations
default   [  16% ] 05/20 VUs  02m16.0s/14m00.0s

running (02m17.0s), 05/20 VUs, 364 complete and 0 interrupted iterations
default   [  16% ] 05/20 VUs  02m17.0s/14m00.0s

running (02m18.0s), 05/20 VUs, 369 complete and 0 interrupted iterations
default   [  16% ] 05/20 VUs  02m18.0s/14m00.0s

running (02m19.0s), 05/20 VUs, 374 complete and 0 interrupted iterations
default   [  17% ] 05/20 VUs  02m19.0s/14m00.0s

running (02m20.0s), 05/20 VUs, 379 complete and 0 interrupted iterations
default   [  17% ] 05/20 VUs  02m20.0s/14m00.0s

running (02m21.0s), 05/20 VUs, 383 complete and 0 interrupted iterations
default   [  17% ] 05/20 VUs  02m21.0s/14m00.0s

running (02m22.0s), 05/20 VUs, 388 complete and 0 interrupted iterations
default   [  17% ] 05/20 VUs  02m22.0s/14m00.0s

running (02m23.0s), 05/20 VUs, 392 complete and 0 interrupted iterations
default   [  17% ] 05/20 VUs  02m23.0s/14m00.0s

running (02m24.0s), 05/20 VUs, 397 complete and 0 interrupted iterations
default   [  17% ] 05/20 VUs  02m24.0s/14m00.0s

running (02m25.0s), 05/20 VUs, 402 complete and 0 interrupted iterations
default   [  17% ] 05/20 VUs  02m25.0s/14m00.0s

running (02m26.0s), 05/20 VUs, 407 complete and 0 interrupted iterations
default   [  17% ] 05/20 VUs  02m26.0s/14m00.0s

running (02m27.0s), 05/20 VUs, 412 complete and 0 interrupted iterations
default   [  17% ] 05/20 VUs  02m27.0s/14m00.0s

running (02m28.0s), 05/20 VUs, 417 complete and 0 interrupted iterations
default   [  18% ] 05/20 VUs  02m28.0s/14m00.0s

running (02m29.0s), 05/20 VUs, 422 complete and 0 interrupted iterations
default   [  18% ] 05/20 VUs  02m29.0s/14m00.0s

running (02m30.0s), 05/20 VUs, 427 complete and 0 interrupted iterations
default   [  18% ] 05/20 VUs  02m30.0s/14m00.0s

running (02m31.0s), 05/20 VUs, 432 complete and 0 interrupted iterations
default   [  18% ] 05/20 VUs  02m31.0s/14m00.0s

running (02m32.0s), 05/20 VUs, 436 complete and 0 interrupted iterations
default   [  18% ] 05/20 VUs  02m32.0s/14m00.0s

running (02m33.0s), 05/20 VUs, 441 complete and 0 interrupted iterations
default   [  18% ] 05/20 VUs  02m33.0s/14m00.0s

running (02m34.0s), 05/20 VUs, 446 complete and 0 interrupted iterations
default   [  18% ] 05/20 VUs  02m34.0s/14m00.0s

running (02m35.0s), 05/20 VUs, 451 complete and 0 interrupted iterations
default   [  18% ] 05/20 VUs  02m35.0s/14m00.0s

running (02m36.0s), 05/20 VUs, 456 complete and 0 interrupted iterations
default   [  19% ] 05/20 VUs  02m36.0s/14m00.0s

running (02m37.0s), 05/20 VUs, 461 complete and 0 interrupted iterations
default   [  19% ] 05/20 VUs  02m37.0s/14m00.0s

running (02m38.0s), 05/20 VUs, 466 complete and 0 interrupted iterations
default   [  19% ] 05/20 VUs  02m38.0s/14m00.0s

running (02m39.0s), 05/20 VUs, 471 complete and 0 interrupted iterations
default   [  19% ] 05/20 VUs  02m39.0s/14m00.0s

running (02m40.0s), 05/20 VUs, 475 complete and 0 interrupted iterations
default   [  19% ] 05/20 VUs  02m40.0s/14m00.0s

running (02m41.0s), 05/20 VUs, 480 complete and 0 interrupted iterations
default   [  19% ] 05/20 VUs  02m41.0s/14m00.0s

running (02m42.0s), 05/20 VUs, 485 complete and 0 interrupted iterations
default   [  19% ] 05/20 VUs  02m42.0s/14m00.0s

running (02m43.0s), 05/20 VUs, 490 complete and 0 interrupted iterations
default   [  19% ] 05/20 VUs  02m43.0s/14m00.0s

running (02m44.0s), 05/20 VUs, 495 complete and 0 interrupted iterations
default   [  20% ] 05/20 VUs  02m44.0s/14m00.0s

running (02m45.0s), 05/20 VUs, 500 complete and 0 interrupted iterations
default   [  20% ] 05/20 VUs  02m45.0s/14m00.0s

running (02m46.0s), 05/20 VUs, 505 complete and 0 interrupted iterations
default   [  20% ] 05/20 VUs  02m46.0s/14m00.0s

running (02m47.0s), 05/20 VUs, 509 complete and 0 interrupted iterations
default   [  20% ] 05/20 VUs  02m47.0s/14m00.0s

running (02m48.0s), 05/20 VUs, 514 complete and 0 interrupted iterations
default   [  20% ] 05/20 VUs  02m48.0s/14m00.0s

running (02m49.0s), 05/20 VUs, 517 complete and 0 interrupted iterations
default   [  20% ] 05/20 VUs  02m49.0s/14m00.0s

running (02m50.0s), 05/20 VUs, 522 complete and 0 interrupted iterations
default   [  20% ] 05/20 VUs  02m50.0s/14m00.0s

running (02m51.0s), 05/20 VUs, 527 complete and 0 interrupted iterations
default   [  20% ] 05/20 VUs  02m51.0s/14m00.0s

running (02m52.0s), 05/20 VUs, 532 complete and 0 interrupted iterations
default   [  20% ] 05/20 VUs  02m52.0s/14m00.0s

running (02m53.0s), 05/20 VUs, 537 complete and 0 interrupted iterations
default   [  21% ] 05/20 VUs  02m53.0s/14m00.0s

running (02m54.0s), 05/20 VUs, 542 complete and 0 interrupted iterations
default   [  21% ] 05/20 VUs  02m54.0s/14m00.0s

running (02m55.0s), 05/20 VUs, 546 complete and 0 interrupted iterations
default   [  21% ] 05/20 VUs  02m55.0s/14m00.0s

running (02m56.0s), 05/20 VUs, 551 complete and 0 interrupted iterations
default   [  21% ] 05/20 VUs  02m56.0s/14m00.0s

running (02m57.0s), 05/20 VUs, 556 complete and 0 interrupted iterations
default   [  21% ] 05/20 VUs  02m57.0s/14m00.0s

running (02m58.0s), 05/20 VUs, 561 complete and 0 interrupted iterations
default   [  21% ] 05/20 VUs  02m58.0s/14m00.0s

running (02m59.0s), 05/20 VUs, 566 complete and 0 interrupted iterations
default   [  21% ] 05/20 VUs  02m59.0s/14m00.0s

running (03m00.0s), 05/20 VUs, 571 complete and 0 interrupted iterations
default   [  21% ] 05/20 VUs  03m00.0s/14m00.0s

running (03m01.0s), 06/20 VUs, 576 complete and 0 interrupted iterations
default   [  22% ] 06/20 VUs  03m01.0s/14m00.0s

running (03m02.0s), 06/20 VUs, 581 complete and 0 interrupted iterations
default   [  22% ] 06/20 VUs  03m02.0s/14m00.0s

running (03m03.0s), 06/20 VUs, 587 complete and 0 interrupted iterations
default   [  22% ] 06/20 VUs  03m03.0s/14m00.0s

running (03m04.0s), 06/20 VUs, 593 complete and 0 interrupted iterations
default   [  22% ] 06/20 VUs  03m04.0s/14m00.0s

running (03m05.0s), 06/20 VUs, 599 complete and 0 interrupted iterations
default   [  22% ] 06/20 VUs  03m05.0s/14m00.0s

running (03m06.0s), 06/20 VUs, 605 complete and 0 interrupted iterations
default   [  22% ] 06/20 VUs  03m06.0s/14m00.0s

running (03m07.0s), 06/20 VUs, 611 complete and 0 interrupted iterations
default   [  22% ] 06/20 VUs  03m07.0s/14m00.0s

running (03m08.0s), 06/20 VUs, 617 complete and 0 interrupted iterations
default   [  22% ] 06/20 VUs  03m08.0s/14m00.0s

running (03m09.0s), 06/20 VUs, 623 complete and 0 interrupted iterations
default   [  22% ] 06/20 VUs  03m09.0s/14m00.0s

running (03m10.0s), 06/20 VUs, 628 complete and 0 interrupted iterations
default   [  23% ] 06/20 VUs  03m10.0s/14m00.0s

running (03m11.0s), 06/20 VUs, 634 complete and 0 interrupted iterations
default   [  23% ] 06/20 VUs  03m11.0s/14m00.0s

running (03m12.0s), 06/20 VUs, 639 complete and 0 interrupted iterations
default   [  23% ] 06/20 VUs  03m12.0s/14m00.0s

running (03m13.0s), 06/20 VUs, 645 complete and 0 interrupted iterations
default   [  23% ] 06/20 VUs  03m13.0s/14m00.0s

running (03m14.0s), 06/20 VUs, 651 complete and 0 interrupted iterations
default   [  23% ] 06/20 VUs  03m14.0s/14m00.0s

running (03m15.0s), 06/20 VUs, 657 complete and 0 interrupted iterations
default   [  23% ] 06/20 VUs  03m15.0s/14m00.0s

running (03m16.0s), 06/20 VUs, 662 complete and 0 interrupted iterations
default   [  23% ] 06/20 VUs  03m16.0s/14m00.0s

running (03m17.0s), 06/20 VUs, 668 complete and 0 interrupted iterations
default   [  23% ] 06/20 VUs  03m17.0s/14m00.0s

running (03m18.0s), 06/20 VUs, 673 complete and 0 interrupted iterations
default   [  24% ] 06/20 VUs  03m18.0s/14m00.0s

running (03m19.0s), 06/20 VUs, 679 complete and 0 interrupted iterations
default   [  24% ] 06/20 VUs  03m19.0s/14m00.0s

running (03m20.0s), 06/20 VUs, 685 complete and 0 interrupted iterations
default   [  24% ] 06/20 VUs  03m20.0s/14m00.0s

running (03m21.0s), 06/20 VUs, 690 complete and 0 interrupted iterations
default   [  24% ] 06/20 VUs  03m21.0s/14m00.0s

running (03m22.0s), 06/20 VUs, 696 complete and 0 interrupted iterations
default   [  24% ] 06/20 VUs  03m22.0s/14m00.0s

running (03m23.0s), 06/20 VUs, 702 complete and 0 interrupted iterations
default   [  24% ] 06/20 VUs  03m23.0s/14m00.0s

running (03m24.0s), 06/20 VUs, 708 complete and 0 interrupted iterations
default   [  24% ] 06/20 VUs  03m24.0s/14m00.0s

running (03m25.0s), 06/20 VUs, 713 complete and 0 interrupted iterations
default   [  24% ] 06/20 VUs  03m25.0s/14m00.0s

running (03m26.0s), 06/20 VUs, 719 complete and 0 interrupted iterations
default   [  25% ] 06/20 VUs  03m26.0s/14m00.0s

running (03m27.0s), 06/20 VUs, 725 complete and 0 interrupted iterations
default   [  25% ] 06/20 VUs  03m27.0s/14m00.0s

running (03m28.0s), 06/20 VUs, 731 complete and 0 interrupted iterations
default   [  25% ] 06/20 VUs  03m28.0s/14m00.0s

running (03m29.0s), 06/20 VUs, 737 complete and 0 interrupted iterations
default   [  25% ] 06/20 VUs  03m29.0s/14m00.0s

running (03m30.0s), 06/20 VUs, 743 complete and 0 interrupted iterations
default   [  25% ] 06/20 VUs  03m30.0s/14m00.0s

running (03m31.0s), 06/20 VUs, 748 complete and 0 interrupted iterations
default   [  25% ] 06/20 VUs  03m31.0s/14m00.0s

running (03m32.0s), 06/20 VUs, 754 complete and 0 interrupted iterations
default   [  25% ] 06/20 VUs  03m32.0s/14m00.0s

running (03m33.0s), 06/20 VUs, 760 complete and 0 interrupted iterations
default   [  25% ] 06/20 VUs  03m33.0s/14m00.0s

running (03m34.0s), 06/20 VUs, 766 complete and 0 interrupted iterations
default   [  25% ] 06/20 VUs  03m34.0s/14m00.0s

running (03m35.0s), 06/20 VUs, 772 complete and 0 interrupted iterations
default   [  26% ] 06/20 VUs  03m35.0s/14m00.0s

running (03m36.0s), 06/20 VUs, 777 complete and 0 interrupted iterations
default   [  26% ] 06/20 VUs  03m36.0s/14m00.0s

running (03m37.0s), 06/20 VUs, 783 complete and 0 interrupted iterations
default   [  26% ] 06/20 VUs  03m37.0s/14m00.0s

running (03m38.0s), 06/20 VUs, 789 complete and 0 interrupted iterations
default   [  26% ] 06/20 VUs  03m38.0s/14m00.0s

running (03m39.0s), 06/20 VUs, 795 complete and 0 interrupted iterations
default   [  26% ] 06/20 VUs  03m39.0s/14m00.0s

running (03m40.0s), 06/20 VUs, 801 complete and 0 interrupted iterations
default   [  26% ] 06/20 VUs  03m40.0s/14m00.0s

running (03m41.0s), 06/20 VUs, 807 complete and 0 interrupted iterations
default   [  26% ] 06/20 VUs  03m41.0s/14m00.0s

running (03m42.0s), 06/20 VUs, 813 complete and 0 interrupted iterations
default   [  26% ] 06/20 VUs  03m42.0s/14m00.0s

running (03m43.0s), 06/20 VUs, 818 complete and 0 interrupted iterations
default   [  27% ] 06/20 VUs  03m43.0s/14m00.0s

running (03m44.0s), 06/20 VUs, 823 complete and 0 interrupted iterations
default   [  27% ] 06/20 VUs  03m44.0s/14m00.0s

running (03m45.0s), 06/20 VUs, 829 complete and 0 interrupted iterations
default   [  27% ] 06/20 VUs  03m45.0s/14m00.0s

running (03m46.0s), 06/20 VUs, 835 complete and 0 interrupted iterations
default   [  27% ] 06/20 VUs  03m46.0s/14m00.0s

running (03m47.0s), 06/20 VUs, 841 complete and 0 interrupted iterations
default   [  27% ] 06/20 VUs  03m47.0s/14m00.0s

running (03m48.0s), 06/20 VUs, 846 complete and 0 interrupted iterations
default   [  27% ] 06/20 VUs  03m48.0s/14m00.0s

running (03m49.0s), 06/20 VUs, 852 complete and 0 interrupted iterations
default   [  27% ] 06/20 VUs  03m49.0s/14m00.0s

running (03m50.0s), 06/20 VUs, 858 complete and 0 interrupted iterations
default   [  27% ] 06/20 VUs  03m50.0s/14m00.0s

running (03m51.0s), 06/20 VUs, 864 complete and 0 interrupted iterations
default   [  27% ] 06/20 VUs  03m51.0s/14m00.0s

running (03m52.0s), 06/20 VUs, 869 complete and 0 interrupted iterations
default   [  28% ] 06/20 VUs  03m52.0s/14m00.0s

running (03m53.0s), 06/20 VUs, 874 complete and 0 interrupted iterations
default   [  28% ] 06/20 VUs  03m53.0s/14m00.0s

running (03m54.0s), 06/20 VUs, 880 complete and 0 interrupted iterations
default   [  28% ] 06/20 VUs  03m54.0s/14m00.0s

running (03m55.0s), 06/20 VUs, 886 complete and 0 interrupted iterations
default   [  28% ] 06/20 VUs  03m55.0s/14m00.0s

running (03m56.0s), 06/20 VUs, 892 complete and 0 interrupted iterations
default   [  28% ] 06/20 VUs  03m56.0s/14m00.0s

running (03m57.0s), 06/20 VUs, 898 complete and 0 interrupted iterations
default   [  28% ] 06/20 VUs  03m57.0s/14m00.0s

running (03m58.0s), 06/20 VUs, 904 complete and 0 interrupted iterations
default   [  28% ] 06/20 VUs  03m58.0s/14m00.0s

running (03m59.0s), 06/20 VUs, 910 complete and 0 interrupted iterations
default   [  28% ] 06/20 VUs  03m59.0s/14m00.0s

running (04m00.0s), 06/20 VUs, 916 complete and 0 interrupted iterations
default   [  29% ] 06/20 VUs  04m00.0s/14m00.0s

running (04m01.0s), 07/20 VUs, 922 complete and 0 interrupted iterations
default   [  29% ] 07/20 VUs  04m01.0s/14m00.0s

running (04m02.0s), 07/20 VUs, 928 complete and 0 interrupted iterations
default   [  29% ] 07/20 VUs  04m02.0s/14m00.0s

running (04m03.0s), 07/20 VUs, 935 complete and 0 interrupted iterations
default   [  29% ] 07/20 VUs  04m03.0s/14m00.0s

running (04m04.0s), 07/20 VUs, 942 complete and 0 interrupted iterations
default   [  29% ] 07/20 VUs  04m04.0s/14m00.0s

running (04m05.0s), 07/20 VUs, 949 complete and 0 interrupted iterations
default   [  29% ] 07/20 VUs  04m05.0s/14m00.0s

running (04m06.0s), 07/20 VUs, 956 complete and 0 interrupted iterations
default   [  29% ] 07/20 VUs  04m06.0s/14m00.0s

running (04m07.0s), 07/20 VUs, 963 complete and 0 interrupted iterations
default   [  29% ] 07/20 VUs  04m07.0s/14m00.0s

running (04m08.0s), 07/20 VUs, 969 complete and 0 interrupted iterations
default   [  30% ] 07/20 VUs  04m08.0s/14m00.0s

running (04m09.0s), 07/20 VUs, 976 complete and 0 interrupted iterations
default   [  30% ] 07/20 VUs  04m09.0s/14m00.0s

running (04m10.0s), 07/20 VUs, 981 complete and 0 interrupted iterations
default   [  30% ] 07/20 VUs  04m10.0s/14m00.0s

running (04m11.0s), 07/20 VUs, 988 complete and 0 interrupted iterations
default   [  30% ] 07/20 VUs  04m11.0s/14m00.0s

running (04m12.0s), 07/20 VUs, 994 complete and 0 interrupted iterations
default   [  30% ] 07/20 VUs  04m12.0s/14m00.0s

running (04m13.0s), 07/20 VUs, 1001 complete and 0 interrupted iterations
default   [  30% ] 07/20 VUs  04m13.0s/14m00.0s

running (04m14.0s), 07/20 VUs, 1008 complete and 0 interrupted iterations
default   [  30% ] 07/20 VUs  04m14.0s/14m00.0s

running (04m15.0s), 07/20 VUs, 1014 complete and 0 interrupted iterations
default   [  30% ] 07/20 VUs  04m15.0s/14m00.0s

running (04m16.0s), 07/20 VUs, 1021 complete and 0 interrupted iterations
default   [  30% ] 07/20 VUs  04m16.0s/14m00.0s

running (04m17.0s), 07/20 VUs, 1028 complete and 0 interrupted iterations
default   [  31% ] 07/20 VUs  04m17.0s/14m00.0s

running (04m18.0s), 07/20 VUs, 1035 complete and 0 interrupted iterations
default   [  31% ] 07/20 VUs  04m18.0s/14m00.0s

running (04m19.0s), 07/20 VUs, 1042 complete and 0 interrupted iterations
default   [  31% ] 07/20 VUs  04m19.0s/14m00.0s

running (04m20.0s), 07/20 VUs, 1049 complete and 0 interrupted iterations
default   [  31% ] 07/20 VUs  04m20.0s/14m00.0s

running (04m21.0s), 07/20 VUs, 1056 complete and 0 interrupted iterations
default   [  31% ] 07/20 VUs  04m21.0s/14m00.0s

running (04m22.0s), 07/20 VUs, 1063 complete and 0 interrupted iterations
default   [  31% ] 07/20 VUs  04m22.0s/14m00.0s

running (04m23.0s), 07/20 VUs, 1070 complete and 0 interrupted iterations
default   [  31% ] 07/20 VUs  04m23.0s/14m00.0s

running (04m24.0s), 07/20 VUs, 1077 complete and 0 interrupted iterations
default   [  31% ] 07/20 VUs  04m24.0s/14m00.0s

running (04m25.0s), 07/20 VUs, 1083 complete and 0 interrupted iterations
default   [  32% ] 07/20 VUs  04m25.0s/14m00.0s

running (04m26.0s), 07/20 VUs, 1090 complete and 0 interrupted iterations
default   [  32% ] 07/20 VUs  04m26.0s/14m00.0s

running (04m27.0s), 07/20 VUs, 1096 complete and 0 interrupted iterations
default   [  32% ] 07/20 VUs  04m27.0s/14m00.0s

running (04m28.0s), 07/20 VUs, 1103 complete and 0 interrupted iterations
default   [  32% ] 07/20 VUs  04m28.0s/14m00.0s

running (04m29.0s), 07/20 VUs, 1110 complete and 0 interrupted iterations
default   [  32% ] 07/20 VUs  04m29.0s/14m00.0s

running (04m30.0s), 07/20 VUs, 1117 complete and 0 interrupted iterations
default   [  32% ] 07/20 VUs  04m30.0s/14m00.0s

running (04m31.0s), 07/20 VUs, 1124 complete and 0 interrupted iterations
default   [  32% ] 07/20 VUs  04m31.0s/14m00.0s

running (04m32.0s), 07/20 VUs, 1130 complete and 0 interrupted iterations
default   [  32% ] 07/20 VUs  04m32.0s/14m00.0s

running (04m33.0s), 07/20 VUs, 1135 complete and 0 interrupted iterations
default   [  32% ] 07/20 VUs  04m33.0s/14m00.0s

running (04m34.0s), 07/20 VUs, 1142 complete and 0 interrupted iterations
default   [  33% ] 07/20 VUs  04m34.0s/14m00.0s

running (04m35.0s), 07/20 VUs, 1149 complete and 0 interrupted iterations
default   [  33% ] 07/20 VUs  04m35.0s/14m00.0s

running (04m36.0s), 07/20 VUs, 1156 complete and 0 interrupted iterations
default   [  33% ] 07/20 VUs  04m36.0s/14m00.0s

running (04m37.0s), 07/20 VUs, 1163 complete and 0 interrupted iterations
default   [  33% ] 07/20 VUs  04m37.0s/14m00.0s

running (04m38.0s), 07/20 VUs, 1170 complete and 0 interrupted iterations
default   [  33% ] 07/20 VUs  04m38.0s/14m00.0s

running (04m39.0s), 07/20 VUs, 1177 complete and 0 interrupted iterations
default   [  33% ] 07/20 VUs  04m39.0s/14m00.0s

running (04m40.0s), 07/20 VUs, 1183 complete and 0 interrupted iterations
default   [  33% ] 07/20 VUs  04m40.0s/14m00.0s

running (04m41.0s), 07/20 VUs, 1190 complete and 0 interrupted iterations
default   [  33% ] 07/20 VUs  04m41.0s/14m00.0s

running (04m42.0s), 07/20 VUs, 1197 complete and 0 interrupted iterations
default   [  34% ] 07/20 VUs  04m42.0s/14m00.0s

running (04m43.0s), 07/20 VUs, 1204 complete and 0 interrupted iterations
default   [  34% ] 07/20 VUs  04m43.0s/14m00.0s

running (04m44.0s), 07/20 VUs, 1211 complete and 0 interrupted iterations
default   [  34% ] 07/20 VUs  04m44.0s/14m00.0s

running (04m45.0s), 07/20 VUs, 1218 complete and 0 interrupted iterations
default   [  34% ] 07/20 VUs  04m45.0s/14m00.0s

running (04m46.0s), 07/20 VUs, 1225 complete and 0 interrupted iterations
default   [  34% ] 07/20 VUs  04m46.0s/14m00.0s

running (04m47.0s), 07/20 VUs, 1231 complete and 0 interrupted iterations
default   [  34% ] 07/20 VUs  04m47.0s/14m00.0s

running (04m48.0s), 07/20 VUs, 1238 complete and 0 interrupted iterations
default   [  34% ] 07/20 VUs  04m48.0s/14m00.0s

running (04m49.0s), 07/20 VUs, 1245 complete and 0 interrupted iterations
default   [  34% ] 07/20 VUs  04m49.0s/14m00.0s

running (04m50.0s), 07/20 VUs, 1252 complete and 0 interrupted iterations
default   [  35% ] 07/20 VUs  04m50.0s/14m00.0s

running (04m51.0s), 07/20 VUs, 1259 complete and 0 interrupted iterations
default   [  35% ] 07/20 VUs  04m51.0s/14m00.0s

running (04m52.0s), 07/20 VUs, 1266 complete and 0 interrupted iterations
default   [  35% ] 07/20 VUs  04m52.0s/14m00.0s

running (04m53.0s), 07/20 VUs, 1271 complete and 0 interrupted iterations
default   [  35% ] 07/20 VUs  04m53.0s/14m00.0s

running (04m54.0s), 07/20 VUs, 1278 complete and 0 interrupted iterations
default   [  35% ] 07/20 VUs  04m54.0s/14m00.0s

running (04m55.0s), 07/20 VUs, 1284 complete and 0 interrupted iterations
default   [  35% ] 07/20 VUs  04m55.0s/14m00.0s

running (04m56.0s), 07/20 VUs, 1291 complete and 0 interrupted iterations
default   [  35% ] 07/20 VUs  04m56.0s/14m00.0s

running (04m57.0s), 07/20 VUs, 1298 complete and 0 interrupted iterations
default   [  35% ] 07/20 VUs  04m57.0s/14m00.0s

running (04m58.0s), 07/20 VUs, 1303 complete and 0 interrupted iterations
default   [  35% ] 07/20 VUs  04m58.0s/14m00.0s

running (04m59.0s), 07/20 VUs, 1310 complete and 0 interrupted iterations
default   [  36% ] 07/20 VUs  04m59.0s/14m00.0s

running (05m00.0s), 07/20 VUs, 1317 complete and 0 interrupted iterations
default   [  36% ] 07/20 VUs  05m00.0s/14m00.0s

running (05m01.0s), 08/20 VUs, 1324 complete and 0 interrupted iterations
default   [  36% ] 08/20 VUs  05m01.0s/14m00.0s

running (05m02.0s), 08/20 VUs, 1332 complete and 0 interrupted iterations
default   [  36% ] 08/20 VUs  05m02.0s/14m00.0s

running (05m03.0s), 08/20 VUs, 1340 complete and 0 interrupted iterations
default   [  36% ] 08/20 VUs  05m03.0s/14m00.0s

running (05m04.0s), 08/20 VUs, 1348 complete and 0 interrupted iterations
default   [  36% ] 08/20 VUs  05m04.0s/14m00.0s

running (05m05.0s), 08/20 VUs, 1356 complete and 0 interrupted iterations
default   [  36% ] 08/20 VUs  05m05.0s/14m00.0s

running (05m06.0s), 08/20 VUs, 1363 complete and 0 interrupted iterations
default   [  36% ] 08/20 VUs  05m06.0s/14m00.0s

running (05m07.0s), 08/20 VUs, 1371 complete and 0 interrupted iterations
default   [  37% ] 08/20 VUs  05m07.0s/14m00.0s

running (05m08.0s), 08/20 VUs, 1379 complete and 0 interrupted iterations
default   [  37% ] 08/20 VUs  05m08.0s/14m00.0s

running (05m09.0s), 08/20 VUs, 1387 complete and 0 interrupted iterations
default   [  37% ] 08/20 VUs  05m09.0s/14m00.0s

running (05m10.0s), 08/20 VUs, 1395 complete and 0 interrupted iterations
default   [  37% ] 08/20 VUs  05m10.0s/14m00.0s

running (05m11.0s), 08/20 VUs, 1403 complete and 0 interrupted iterations
default   [  37% ] 08/20 VUs  05m11.0s/14m00.0s

running (05m12.0s), 08/20 VUs, 1411 complete and 0 interrupted iterations
default   [  37% ] 08/20 VUs  05m12.0s/14m00.0s

running (05m13.0s), 08/20 VUs, 1419 complete and 0 interrupted iterations
default   [  37% ] 08/20 VUs  05m13.0s/14m00.0s

running (05m14.0s), 08/20 VUs, 1426 complete and 0 interrupted iterations
default   [  37% ] 08/20 VUs  05m14.0s/14m00.0s

running (05m15.0s), 08/20 VUs, 1433 complete and 0 interrupted iterations
default   [  37% ] 08/20 VUs  05m15.0s/14m00.0s

running (05m16.0s), 08/20 VUs, 1441 complete and 0 interrupted iterations
default   [  38% ] 08/20 VUs  05m16.0s/14m00.0s

running (05m17.0s), 08/20 VUs, 1447 complete and 0 interrupted iterations
default   [  38% ] 08/20 VUs  05m17.0s/14m00.0s

running (05m18.0s), 08/20 VUs, 1455 complete and 0 interrupted iterations
default   [  38% ] 08/20 VUs  05m18.0s/14m00.0s

running (05m19.0s), 08/20 VUs, 1462 complete and 0 interrupted iterations
default   [  38% ] 08/20 VUs  05m19.0s/14m00.0s

running (05m20.0s), 08/20 VUs, 1470 complete and 0 interrupted iterations
default   [  38% ] 08/20 VUs  05m20.0s/14m00.0s

running (05m21.0s), 08/20 VUs, 1478 complete and 0 interrupted iterations
default   [  38% ] 08/20 VUs  05m21.0s/14m00.0s

running (05m22.0s), 08/20 VUs, 1486 complete and 0 interrupted iterations
default   [  38% ] 08/20 VUs  05m22.0s/14m00.0s

running (05m23.0s), 08/20 VUs, 1493 complete and 0 interrupted iterations
default   [  38% ] 08/20 VUs  05m23.0s/14m00.0s

running (05m24.0s), 08/20 VUs, 1501 complete and 0 interrupted iterations
default   [  39% ] 08/20 VUs  05m24.0s/14m00.0s

running (05m25.0s), 08/20 VUs, 1509 complete and 0 interrupted iterations
default   [  39% ] 08/20 VUs  05m25.0s/14m00.0s

running (05m26.0s), 08/20 VUs, 1517 complete and 0 interrupted iterations
default   [  39% ] 08/20 VUs  05m26.0s/14m00.0s

running (05m27.0s), 08/20 VUs, 1525 complete and 0 interrupted iterations
default   [  39% ] 08/20 VUs  05m27.0s/14m00.0s

running (05m28.0s), 08/20 VUs, 1533 complete and 0 interrupted iterations
default   [  39% ] 08/20 VUs  05m28.0s/14m00.0s

running (05m29.0s), 08/20 VUs, 1541 complete and 0 interrupted iterations
default   [  39% ] 08/20 VUs  05m29.0s/14m00.0s

running (05m30.0s), 08/20 VUs, 1549 complete and 0 interrupted iterations
default   [  39% ] 08/20 VUs  05m30.0s/14m00.0s

running (05m31.0s), 08/20 VUs, 1556 complete and 0 interrupted iterations
default   [  39% ] 08/20 VUs  05m31.0s/14m00.0s

running (05m32.0s), 08/20 VUs, 1564 complete and 0 interrupted iterations
default   [  40% ] 08/20 VUs  05m32.0s/14m00.0s

running (05m33.0s), 08/20 VUs, 1572 complete and 0 interrupted iterations
default   [  40% ] 08/20 VUs  05m33.0s/14m00.0s

running (05m34.0s), 08/20 VUs, 1580 complete and 0 interrupted iterations
default   [  40% ] 08/20 VUs  05m34.0s/14m00.0s

running (05m35.0s), 08/20 VUs, 1586 complete and 0 interrupted iterations
default   [  40% ] 08/20 VUs  05m35.0s/14m00.0s

running (05m36.0s), 08/20 VUs, 1594 complete and 0 interrupted iterations
default   [  40% ] 08/20 VUs  05m36.0s/14m00.0s

running (05m37.0s), 08/20 VUs, 1602 complete and 0 interrupted iterations
default   [  40% ] 08/20 VUs  05m37.0s/14m00.0s

running (05m38.0s), 08/20 VUs, 1610 complete and 0 interrupted iterations
default   [  40% ] 08/20 VUs  05m38.0s/14m00.0s

running (05m39.0s), 08/20 VUs, 1617 complete and 0 interrupted iterations
default   [  40% ] 08/20 VUs  05m39.0s/14m00.0s

running (05m40.0s), 08/20 VUs, 1625 complete and 0 interrupted iterations
default   [  40% ] 08/20 VUs  05m40.0s/14m00.0s

running (05m41.0s), 08/20 VUs, 1632 complete and 0 interrupted iterations
default   [  41% ] 08/20 VUs  05m41.0s/14m00.0s

running (05m42.0s), 08/20 VUs, 1640 complete and 0 interrupted iterations
default   [  41% ] 08/20 VUs  05m42.0s/14m00.0s

running (05m43.0s), 08/20 VUs, 1648 complete and 0 interrupted iterations
default   [  41% ] 08/20 VUs  05m43.0s/14m00.0s

running (05m44.0s), 08/20 VUs, 1656 complete and 0 interrupted iterations
default   [  41% ] 08/20 VUs  05m44.0s/14m00.0s

running (05m45.0s), 08/20 VUs, 1664 complete and 0 interrupted iterations
default   [  41% ] 08/20 VUs  05m45.0s/14m00.0s

running (05m46.0s), 08/20 VUs, 1670 complete and 0 interrupted iterations
default   [  41% ] 08/20 VUs  05m46.0s/14m00.0s

running (05m47.0s), 08/20 VUs, 1678 complete and 0 interrupted iterations
default   [  41% ] 08/20 VUs  05m47.0s/14m00.0s

running (05m48.0s), 08/20 VUs, 1685 complete and 0 interrupted iterations
default   [  41% ] 08/20 VUs  05m48.0s/14m00.0s

running (05m49.0s), 08/20 VUs, 1693 complete and 0 interrupted iterations
default   [  42% ] 08/20 VUs  05m49.0s/14m00.0s

running (05m50.0s), 08/20 VUs, 1701 complete and 0 interrupted iterations
default   [  42% ] 08/20 VUs  05m50.0s/14m00.0s

running (05m51.0s), 08/20 VUs, 1709 complete and 0 interrupted iterations
default   [  42% ] 08/20 VUs  05m51.0s/14m00.0s

running (05m52.0s), 08/20 VUs, 1717 complete and 0 interrupted iterations
default   [  42% ] 08/20 VUs  05m52.0s/14m00.0s

running (05m53.0s), 08/20 VUs, 1725 complete and 0 interrupted iterations
default   [  42% ] 08/20 VUs  05m53.0s/14m00.0s

running (05m54.0s), 08/20 VUs, 1733 complete and 0 interrupted iterations
default   [  42% ] 08/20 VUs  05m54.0s/14m00.0s

running (05m55.0s), 08/20 VUs, 1741 complete and 0 interrupted iterations
default   [  42% ] 08/20 VUs  05m55.0s/14m00.0s

running (05m56.0s), 08/20 VUs, 1749 complete and 0 interrupted iterations
default   [  42% ] 08/20 VUs  05m56.0s/14m00.0s

running (05m57.0s), 08/20 VUs, 1756 complete and 0 interrupted iterations
default   [  42% ] 08/20 VUs  05m57.0s/14m00.0s

running (05m58.0s), 08/20 VUs, 1764 complete and 0 interrupted iterations
default   [  43% ] 08/20 VUs  05m58.0s/14m00.0s

running (05m59.0s), 08/20 VUs, 1772 complete and 0 interrupted iterations
default   [  43% ] 08/20 VUs  05m59.0s/14m00.0s

running (06m00.0s), 08/20 VUs, 1780 complete and 0 interrupted iterations
default   [  43% ] 08/20 VUs  06m00.0s/14m00.0s

running (06m01.0s), 09/20 VUs, 1788 complete and 0 interrupted iterations
default   [  43% ] 09/20 VUs  06m01.0s/14m00.0s

running (06m02.0s), 09/20 VUs, 1795 complete and 0 interrupted iterations
default   [  43% ] 09/20 VUs  06m02.0s/14m00.0s

running (06m03.0s), 09/20 VUs, 1804 complete and 0 interrupted iterations
default   [  43% ] 09/20 VUs  06m03.0s/14m00.0s

running (06m04.0s), 09/20 VUs, 1813 complete and 0 interrupted iterations
default   [  43% ] 09/20 VUs  06m04.0s/14m00.0s

running (06m05.0s), 09/20 VUs, 1821 complete and 0 interrupted iterations
default   [  43% ] 09/20 VUs  06m05.0s/14m00.0s

running (06m06.0s), 09/20 VUs, 1829 complete and 0 interrupted iterations
default   [  44% ] 09/20 VUs  06m06.0s/14m00.0s

running (06m07.0s), 09/20 VUs, 1838 complete and 0 interrupted iterations
default   [  44% ] 09/20 VUs  06m07.0s/14m00.0s

running (06m08.0s), 09/20 VUs, 1847 complete and 0 interrupted iterations
default   [  44% ] 09/20 VUs  06m08.0s/14m00.0s

running (06m09.0s), 09/20 VUs, 1855 complete and 0 interrupted iterations
default   [  44% ] 09/20 VUs  06m09.0s/14m00.0s

running (06m10.0s), 09/20 VUs, 1863 complete and 0 interrupted iterations
default   [  44% ] 09/20 VUs  06m10.0s/14m00.0s

running (06m11.0s), 09/20 VUs, 1872 complete and 0 interrupted iterations
default   [  44% ] 09/20 VUs  06m11.0s/14m00.0s

running (06m12.0s), 09/20 VUs, 1880 complete and 0 interrupted iterations
default   [  44% ] 09/20 VUs  06m12.0s/14m00.0s

running (06m13.0s), 09/20 VUs, 1889 complete and 0 interrupted iterations
default   [  44% ] 09/20 VUs  06m13.0s/14m00.0s

running (06m14.0s), 09/20 VUs, 1898 complete and 0 interrupted iterations
default   [  45% ] 09/20 VUs  06m14.0s/14m00.0s

running (06m15.0s), 09/20 VUs, 1907 complete and 0 interrupted iterations
default   [  45% ] 09/20 VUs  06m15.0s/14m00.0s

running (06m16.0s), 09/20 VUs, 1916 complete and 0 interrupted iterations
default   [  45% ] 09/20 VUs  06m16.0s/14m00.0s

running (06m17.0s), 09/20 VUs, 1923 complete and 0 interrupted iterations
default   [  45% ] 09/20 VUs  06m17.0s/14m00.0s

running (06m18.0s), 09/20 VUs, 1932 complete and 0 interrupted iterations
default   [  45% ] 09/20 VUs  06m18.0s/14m00.0s

running (06m19.0s), 09/20 VUs, 1941 complete and 0 interrupted iterations
default   [  45% ] 09/20 VUs  06m19.0s/14m00.0s

running (06m20.0s), 09/20 VUs, 1950 complete and 0 interrupted iterations
default   [  45% ] 09/20 VUs  06m20.0s/14m00.0s

running (06m21.0s), 09/20 VUs, 1959 complete and 0 interrupted iterations
default   [  45% ] 09/20 VUs  06m21.0s/14m00.0s

running (06m22.0s), 09/20 VUs, 1968 complete and 0 interrupted iterations
default   [  45% ] 09/20 VUs  06m22.0s/14m00.0s

running (06m23.0s), 09/20 VUs, 1977 complete and 0 interrupted iterations
default   [  46% ] 09/20 VUs  06m23.0s/14m00.0s

running (06m24.0s), 09/20 VUs, 1985 complete and 0 interrupted iterations
default   [  46% ] 09/20 VUs  06m24.0s/14m00.0s

running (06m25.0s), 09/20 VUs, 1994 complete and 0 interrupted iterations
default   [  46% ] 09/20 VUs  06m25.0s/14m00.0s

running (06m26.0s), 09/20 VUs, 2003 complete and 0 interrupted iterations
default   [  46% ] 09/20 VUs  06m26.0s/14m00.0s

running (06m27.0s), 09/20 VUs, 2012 complete and 0 interrupted iterations
default   [  46% ] 09/20 VUs  06m27.0s/14m00.0s

running (06m28.0s), 09/20 VUs, 2021 complete and 0 interrupted iterations
default   [  46% ] 09/20 VUs  06m28.0s/14m00.0s

running (06m29.0s), 09/20 VUs, 2030 complete and 0 interrupted iterations
default   [  46% ] 09/20 VUs  06m29.0s/14m00.0s

running (06m30.0s), 09/20 VUs, 2038 complete and 0 interrupted iterations
default   [  46% ] 09/20 VUs  06m30.0s/14m00.0s

running (06m31.0s), 09/20 VUs, 2047 complete and 0 interrupted iterations
default   [  47% ] 09/20 VUs  06m31.0s/14m00.0s

running (06m32.0s), 09/20 VUs, 2056 complete and 0 interrupted iterations
default   [  47% ] 09/20 VUs  06m32.0s/14m00.0s

running (06m33.0s), 09/20 VUs, 2065 complete and 0 interrupted iterations
default   [  47% ] 09/20 VUs  06m33.0s/14m00.0s

running (06m34.0s), 09/20 VUs, 2073 complete and 0 interrupted iterations
default   [  47% ] 09/20 VUs  06m34.0s/14m00.0s

running (06m35.0s), 09/20 VUs, 2082 complete and 0 interrupted iterations
default   [  47% ] 09/20 VUs  06m35.0s/14m00.0s

running (06m36.0s), 09/20 VUs, 2090 complete and 0 interrupted iterations
default   [  47% ] 09/20 VUs  06m36.0s/14m00.0s

running (06m37.0s), 09/20 VUs, 2097 complete and 0 interrupted iterations
default   [  47% ] 09/20 VUs  06m37.0s/14m00.0s

running (06m38.0s), 09/20 VUs, 2105 complete and 0 interrupted iterations
default   [  47% ] 09/20 VUs  06m38.0s/14m00.0s

running (06m39.0s), 09/20 VUs, 2113 complete and 0 interrupted iterations
default   [  47% ] 09/20 VUs  06m39.0s/14m00.0s

running (06m40.0s), 09/20 VUs, 2122 complete and 0 interrupted iterations
default   [  48% ] 09/20 VUs  06m40.0s/14m00.0s

running (06m41.0s), 09/20 VUs, 2131 complete and 0 interrupted iterations
default   [  48% ] 09/20 VUs  06m41.0s/14m00.0s

running (06m42.0s), 09/20 VUs, 2140 complete and 0 interrupted iterations
default   [  48% ] 09/20 VUs  06m42.0s/14m00.0s

running (06m43.0s), 09/20 VUs, 2149 complete and 0 interrupted iterations
default   [  48% ] 09/20 VUs  06m43.0s/14m00.0s

running (06m44.0s), 09/20 VUs, 2158 complete and 0 interrupted iterations
default   [  48% ] 09/20 VUs  06m44.0s/14m00.0s

running (06m45.0s), 09/20 VUs, 2167 complete and 0 interrupted iterations
default   [  48% ] 09/20 VUs  06m45.0s/14m00.0s

running (06m46.0s), 09/20 VUs, 2175 complete and 0 interrupted iterations
default   [  48% ] 09/20 VUs  06m46.0s/14m00.0s

running (06m47.0s), 09/20 VUs, 2183 complete and 0 interrupted iterations
default   [  48% ] 09/20 VUs  06m47.0s/14m00.0s

running (06m48.0s), 09/20 VUs, 2192 complete and 0 interrupted iterations
default   [  49% ] 09/20 VUs  06m48.0s/14m00.0s

running (06m49.0s), 09/20 VUs, 2201 complete and 0 interrupted iterations
default   [  49% ] 09/20 VUs  06m49.0s/14m00.0s

running (06m50.0s), 09/20 VUs, 2210 complete and 0 interrupted iterations
default   [  49% ] 09/20 VUs  06m50.0s/14m00.0s

running (06m51.0s), 09/20 VUs, 2219 complete and 0 interrupted iterations
default   [  49% ] 09/20 VUs  06m51.0s/14m00.0s

running (06m52.0s), 09/20 VUs, 2228 complete and 0 interrupted iterations
default   [  49% ] 09/20 VUs  06m52.0s/14m00.0s

running (06m53.0s), 09/20 VUs, 2237 complete and 0 interrupted iterations
default   [  49% ] 09/20 VUs  06m53.0s/14m00.0s

running (06m54.0s), 09/20 VUs, 2246 complete and 0 interrupted iterations
default   [  49% ] 09/20 VUs  06m54.0s/14m00.0s

running (06m55.0s), 09/20 VUs, 2255 complete and 0 interrupted iterations
default   [  49% ] 09/20 VUs  06m55.0s/14m00.0s

running (06m56.0s), 09/20 VUs, 2264 complete and 0 interrupted iterations
default   [  50% ] 09/20 VUs  06m56.0s/14m00.0s

running (06m57.0s), 09/20 VUs, 2272 complete and 0 interrupted iterations
default   [  50% ] 09/20 VUs  06m57.0s/14m00.0s

running (06m58.0s), 09/20 VUs, 2280 complete and 0 interrupted iterations
default   [  50% ] 09/20 VUs  06m58.0s/14m00.0s

running (06m59.0s), 09/20 VUs, 2289 complete and 0 interrupted iterations
default   [  50% ] 09/20 VUs  06m59.0s/14m00.0s

running (07m00.0s), 09/20 VUs, 2296 complete and 0 interrupted iterations
default   [  50% ] 09/20 VUs  07m00.0s/14m00.0s

running (07m01.0s), 10/20 VUs, 2305 complete and 0 interrupted iterations
default   [  50% ] 10/20 VUs  07m01.0s/14m00.0s

running (07m02.0s), 10/20 VUs, 2314 complete and 0 interrupted iterations
default   [  50% ] 10/20 VUs  07m02.0s/14m00.0s

running (07m03.0s), 10/20 VUs, 2324 complete and 0 interrupted iterations
default   [  50% ] 10/20 VUs  07m03.0s/14m00.0s

running (07m04.0s), 10/20 VUs, 2334 complete and 0 interrupted iterations
default   [  50% ] 10/20 VUs  07m04.0s/14m00.0s

running (07m05.0s), 10/20 VUs, 2344 complete and 0 interrupted iterations
default   [  51% ] 10/20 VUs  07m05.0s/14m00.0s

running (07m06.0s), 10/20 VUs, 2354 complete and 0 interrupted iterations
default   [  51% ] 10/20 VUs  07m06.0s/14m00.0s

running (07m07.0s), 10/20 VUs, 2363 complete and 0 interrupted iterations
default   [  51% ] 10/20 VUs  07m07.0s/14m00.0s

running (07m08.0s), 10/20 VUs, 2372 complete and 0 interrupted iterations
default   [  51% ] 10/20 VUs  07m08.0s/14m00.0s

running (07m09.0s), 10/20 VUs, 2382 complete and 0 interrupted iterations
default   [  51% ] 10/20 VUs  07m09.0s/14m00.0s

running (07m10.0s), 10/20 VUs, 2392 complete and 0 interrupted iterations
default   [  51% ] 10/20 VUs  07m10.0s/14m00.0s

running (07m11.0s), 10/20 VUs, 2402 complete and 0 interrupted iterations
default   [  51% ] 10/20 VUs  07m11.0s/14m00.0s

running (07m12.0s), 10/20 VUs, 2412 complete and 0 interrupted iterations
default   [  51% ] 10/20 VUs  07m12.0s/14m00.0s

running (07m13.0s), 10/20 VUs, 2421 complete and 0 interrupted iterations
default   [  52% ] 10/20 VUs  07m13.0s/14m00.0s

running (07m14.0s), 10/20 VUs, 2431 complete and 0 interrupted iterations
default   [  52% ] 10/20 VUs  07m14.0s/14m00.0s

running (07m15.0s), 10/20 VUs, 2440 complete and 0 interrupted iterations
default   [  52% ] 10/20 VUs  07m15.0s/14m00.0s

running (07m16.0s), 10/20 VUs, 2450 complete and 0 interrupted iterations
default   [  52% ] 10/20 VUs  07m16.0s/14m00.0s

running (07m17.0s), 10/20 VUs, 2459 complete and 0 interrupted iterations
default   [  52% ] 10/20 VUs  07m17.0s/14m00.0s

running (07m18.0s), 10/20 VUs, 2469 complete and 0 interrupted iterations
default   [  52% ] 10/20 VUs  07m18.0s/14m00.0s

running (07m19.0s), 10/20 VUs, 2479 complete and 0 interrupted iterations
default   [  52% ] 10/20 VUs  07m19.0s/14m00.0s

running (07m20.0s), 10/20 VUs, 2489 complete and 0 interrupted iterations
default   [  52% ] 10/20 VUs  07m20.0s/14m00.0s

running (07m21.0s), 10/20 VUs, 2498 complete and 0 interrupted iterations
default   [  52% ] 10/20 VUs  07m21.0s/14m00.0s

running (07m22.0s), 10/20 VUs, 2508 complete and 0 interrupted iterations
default   [  53% ] 10/20 VUs  07m22.0s/14m00.0s

running (07m23.0s), 10/20 VUs, 2517 complete and 0 interrupted iterations
default   [  53% ] 10/20 VUs  07m23.0s/14m00.0s

running (07m24.0s), 10/20 VUs, 2525 complete and 0 interrupted iterations
default   [  53% ] 10/20 VUs  07m24.0s/14m00.0s

running (07m25.0s), 10/20 VUs, 2535 complete and 0 interrupted iterations
default   [  53% ] 10/20 VUs  07m25.0s/14m00.0s

running (07m26.0s), 10/20 VUs, 2545 complete and 0 interrupted iterations
default   [  53% ] 10/20 VUs  07m26.0s/14m00.0s

running (07m27.0s), 10/20 VUs, 2555 complete and 0 interrupted iterations
default   [  53% ] 10/20 VUs  07m27.0s/14m00.0s

running (07m28.0s), 10/20 VUs, 2564 complete and 0 interrupted iterations
default   [  53% ] 10/20 VUs  07m28.0s/14m00.0s

running (07m29.0s), 10/20 VUs, 2574 complete and 0 interrupted iterations
default   [  53% ] 10/20 VUs  07m29.0s/14m00.0s

running (07m30.0s), 10/20 VUs, 2584 complete and 0 interrupted iterations
default   [  54% ] 10/20 VUs  07m30.0s/14m00.0s

running (07m31.0s), 11/20 VUs, 2593 complete and 0 interrupted iterations
default   [  54% ] 11/20 VUs  07m31.0s/14m00.0s

running (07m32.0s), 11/20 VUs, 2604 complete and 0 interrupted iterations
default   [  54% ] 11/20 VUs  07m32.0s/14m00.0s

running (07m33.0s), 11/20 VUs, 2615 complete and 0 interrupted iterations
default   [  54% ] 11/20 VUs  07m33.0s/14m00.0s

running (07m34.0s), 11/20 VUs, 2626 complete and 0 interrupted iterations
default   [  54% ] 11/20 VUs  07m34.0s/14m00.0s

running (07m35.0s), 11/20 VUs, 2637 complete and 0 interrupted iterations
default   [  54% ] 11/20 VUs  07m35.0s/14m00.0s

running (07m36.0s), 11/20 VUs, 2647 complete and 0 interrupted iterations
default   [  54% ] 11/20 VUs  07m36.0s/14m00.0s

running (07m37.0s), 11/20 VUs, 2658 complete and 0 interrupted iterations
default   [  54% ] 11/20 VUs  07m37.0s/14m00.0s

running (07m38.0s), 11/20 VUs, 2669 complete and 0 interrupted iterations
default   [  55% ] 11/20 VUs  07m38.0s/14m00.0s

running (07m39.0s), 11/20 VUs, 2680 complete and 0 interrupted iterations
default   [  55% ] 11/20 VUs  07m39.0s/14m00.0s

running (07m40.0s), 11/20 VUs, 2691 complete and 0 interrupted iterations
default   [  55% ] 11/20 VUs  07m40.0s/14m00.0s

running (07m41.0s), 11/20 VUs, 2702 complete and 0 interrupted iterations
default   [  55% ] 11/20 VUs  07m41.0s/14m00.0s

running (07m42.0s), 11/20 VUs, 2712 complete and 0 interrupted iterations
default   [  55% ] 11/20 VUs  07m42.0s/14m00.0s

running (07m43.0s), 11/20 VUs, 2723 complete and 0 interrupted iterations
default   [  55% ] 11/20 VUs  07m43.0s/14m00.0s

running (07m44.0s), 11/20 VUs, 2734 complete and 0 interrupted iterations
default   [  55% ] 11/20 VUs  07m44.0s/14m00.0s

running (07m45.0s), 11/20 VUs, 2744 complete and 0 interrupted iterations
default   [  55% ] 11/20 VUs  07m45.0s/14m00.0s

running (07m46.0s), 11/20 VUs, 2755 complete and 0 interrupted iterations
default   [  55% ] 11/20 VUs  07m46.0s/14m00.0s

running (07m47.0s), 11/20 VUs, 2766 complete and 0 interrupted iterations
default   [  56% ] 11/20 VUs  07m47.0s/14m00.0s

running (07m48.0s), 11/20 VUs, 2776 complete and 0 interrupted iterations
default   [  56% ] 11/20 VUs  07m48.0s/14m00.0s

running (07m49.0s), 11/20 VUs, 2783 complete and 0 interrupted iterations
default   [  56% ] 11/20 VUs  07m49.0s/14m00.0s

running (07m50.0s), 11/20 VUs, 2794 complete and 0 interrupted iterations
default   [  56% ] 11/20 VUs  07m50.0s/14m00.0s

running (07m51.0s), 11/20 VUs, 2805 complete and 0 interrupted iterations
default   [  56% ] 11/20 VUs  07m51.0s/14m00.0s

running (07m52.0s), 11/20 VUs, 2815 complete and 0 interrupted iterations
default   [  56% ] 11/20 VUs  07m52.0s/14m00.0s

running (07m53.0s), 11/20 VUs, 2825 complete and 0 interrupted iterations
default   [  56% ] 11/20 VUs  07m53.0s/14m00.0s

running (07m54.0s), 11/20 VUs, 2836 complete and 0 interrupted iterations
default   [  56% ] 11/20 VUs  07m54.0s/14m00.0s

running (07m55.0s), 11/20 VUs, 2846 complete and 0 interrupted iterations
default   [  57% ] 11/20 VUs  07m55.0s/14m00.0s

running (07m56.0s), 11/20 VUs, 2857 complete and 0 interrupted iterations
default   [  57% ] 11/20 VUs  07m56.0s/14m00.0s

running (07m57.0s), 11/20 VUs, 2868 complete and 0 interrupted iterations
default   [  57% ] 11/20 VUs  07m57.0s/14m00.0s

running (07m58.0s), 11/20 VUs, 2879 complete and 0 interrupted iterations
default   [  57% ] 11/20 VUs  07m58.0s/14m00.0s

running (07m59.0s), 11/20 VUs, 2890 complete and 0 interrupted iterations
default   [  57% ] 11/20 VUs  07m59.0s/14m00.0s

running (08m00.0s), 11/20 VUs, 2901 complete and 0 interrupted iterations
default   [  57% ] 11/20 VUs  08m00.0s/14m00.0s

running (08m01.0s), 12/20 VUs, 2912 complete and 0 interrupted iterations
default   [  57% ] 12/20 VUs  08m01.0s/14m00.0s

running (08m02.0s), 12/20 VUs, 2924 complete and 0 interrupted iterations
default   [  57% ] 12/20 VUs  08m02.0s/14m00.0s

running (08m03.0s), 12/20 VUs, 2935 complete and 0 interrupted iterations
default   [  57% ] 12/20 VUs  08m03.0s/14m00.0s

running (08m04.0s), 12/20 VUs, 2947 complete and 0 interrupted iterations
default   [  58% ] 12/20 VUs  08m04.0s/14m00.0s

running (08m05.0s), 12/20 VUs, 2959 complete and 0 interrupted iterations
default   [  58% ] 12/20 VUs  08m05.0s/14m00.0s

running (08m06.0s), 12/20 VUs, 2971 complete and 0 interrupted iterations
default   [  58% ] 12/20 VUs  08m06.0s/14m00.0s

running (08m07.0s), 12/20 VUs, 2983 complete and 0 interrupted iterations
default   [  58% ] 12/20 VUs  08m07.0s/14m00.0s

running (08m08.0s), 12/20 VUs, 2995 complete and 0 interrupted iterations
default   [  58% ] 12/20 VUs  08m08.0s/14m00.0s

running (08m09.0s), 12/20 VUs, 3006 complete and 0 interrupted iterations
default   [  58% ] 12/20 VUs  08m09.0s/14m00.0s

running (08m10.0s), 12/20 VUs, 3018 complete and 0 interrupted iterations
default   [  58% ] 12/20 VUs  08m10.0s/14m00.0s

running (08m11.0s), 12/20 VUs, 3029 complete and 0 interrupted iterations
default   [  58% ] 12/20 VUs  08m11.0s/14m00.0s

running (08m12.0s), 12/20 VUs, 3041 complete and 0 interrupted iterations
default   [  59% ] 12/20 VUs  08m12.0s/14m00.0s

running (08m13.0s), 12/20 VUs, 3053 complete and 0 interrupted iterations
default   [  59% ] 12/20 VUs  08m13.0s/14m00.0s

running (08m14.0s), 12/20 VUs, 3065 complete and 0 interrupted iterations
default   [  59% ] 12/20 VUs  08m14.0s/14m00.0s

running (08m15.0s), 12/20 VUs, 3075 complete and 0 interrupted iterations
default   [  59% ] 12/20 VUs  08m15.0s/14m00.0s

running (08m16.0s), 12/20 VUs, 3085 complete and 0 interrupted iterations
default   [  59% ] 12/20 VUs  08m16.0s/14m00.0s

running (08m17.0s), 12/20 VUs, 3097 complete and 0 interrupted iterations
default   [  59% ] 12/20 VUs  08m17.0s/14m00.0s

running (08m18.0s), 12/20 VUs, 3109 complete and 0 interrupted iterations
default   [  59% ] 12/20 VUs  08m18.0s/14m00.0s

running (08m19.0s), 12/20 VUs, 3121 complete and 0 interrupted iterations
default   [  59% ] 12/20 VUs  08m19.0s/14m00.0s

running (08m20.0s), 12/20 VUs, 3132 complete and 0 interrupted iterations
default   [  60% ] 12/20 VUs  08m20.0s/14m00.0s

running (08m21.0s), 12/20 VUs, 3141 complete and 0 interrupted iterations
default   [  60% ] 12/20 VUs  08m21.0s/14m00.0s

running (08m22.0s), 12/20 VUs, 3152 complete and 0 interrupted iterations
default   [  60% ] 12/20 VUs  08m22.0s/14m00.0s

running (08m23.0s), 12/20 VUs, 3164 complete and 0 interrupted iterations
default   [  60% ] 12/20 VUs  08m23.0s/14m00.0s

running (08m24.0s), 12/20 VUs, 3175 complete and 0 interrupted iterations
default   [  60% ] 12/20 VUs  08m24.0s/14m00.0s

running (08m25.0s), 12/20 VUs, 3187 complete and 0 interrupted iterations
default   [  60% ] 12/20 VUs  08m25.0s/14m00.0s

running (08m26.0s), 12/20 VUs, 3199 complete and 0 interrupted iterations
default   [  60% ] 12/20 VUs  08m26.0s/14m00.0s

running (08m27.0s), 12/20 VUs, 3211 complete and 0 interrupted iterations
default   [  60% ] 12/20 VUs  08m27.0s/14m00.0s

running (08m28.0s), 12/20 VUs, 3223 complete and 0 interrupted iterations
default   [  60% ] 12/20 VUs  08m28.0s/14m00.0s

running (08m29.0s), 12/20 VUs, 3235 complete and 0 interrupted iterations
default   [  61% ] 12/20 VUs  08m29.0s/14m00.0s

running (08m30.0s), 12/20 VUs, 3247 complete and 0 interrupted iterations
default   [  61% ] 12/20 VUs  08m30.0s/14m00.0s

running (08m31.0s), 13/20 VUs, 3259 complete and 0 interrupted iterations
default   [  61% ] 13/20 VUs  08m31.0s/14m00.0s

running (08m32.0s), 13/20 VUs, 3272 complete and 0 interrupted iterations
default   [  61% ] 13/20 VUs  08m32.0s/14m00.0s

running (08m33.0s), 13/20 VUs, 3285 complete and 0 interrupted iterations
default   [  61% ] 13/20 VUs  08m33.0s/14m00.0s

running (08m34.0s), 13/20 VUs, 3297 complete and 0 interrupted iterations
default   [  61% ] 13/20 VUs  08m34.0s/14m00.0s

running (08m35.0s), 13/20 VUs, 3310 complete and 0 interrupted iterations
default   [  61% ] 13/20 VUs  08m35.0s/14m00.0s

running (08m36.0s), 13/20 VUs, 3323 complete and 0 interrupted iterations
default   [  61% ] 13/20 VUs  08m36.0s/14m00.0s

running (08m37.0s), 13/20 VUs, 3336 complete and 0 interrupted iterations
default   [  62% ] 13/20 VUs  08m37.0s/14m00.0s

running (08m38.0s), 13/20 VUs, 3348 complete and 0 interrupted iterations
default   [  62% ] 13/20 VUs  08m38.0s/14m00.0s

running (08m39.0s), 13/20 VUs, 3361 complete and 0 interrupted iterations
default   [  62% ] 13/20 VUs  08m39.0s/14m00.0s

running (08m40.0s), 13/20 VUs, 3372 complete and 0 interrupted iterations
default   [  62% ] 13/20 VUs  08m40.0s/14m00.0s

running (08m41.0s), 13/20 VUs, 3385 complete and 0 interrupted iterations
default   [  62% ] 13/20 VUs  08m41.0s/14m00.0s

running (08m42.0s), 13/20 VUs, 3397 complete and 0 interrupted iterations
default   [  62% ] 13/20 VUs  08m42.0s/14m00.0s

running (08m43.0s), 13/20 VUs, 3409 complete and 0 interrupted iterations
default   [  62% ] 13/20 VUs  08m43.0s/14m00.0s

running (08m44.0s), 13/20 VUs, 3422 complete and 0 interrupted iterations
default   [  62% ] 13/20 VUs  08m44.0s/14m00.0s

running (08m45.0s), 13/20 VUs, 3434 complete and 0 interrupted iterations
default   [  62% ] 13/20 VUs  08m45.0s/14m00.0s

running (08m46.0s), 13/20 VUs, 3447 complete and 0 interrupted iterations
default   [  63% ] 13/20 VUs  08m46.0s/14m00.0s

running (08m47.0s), 13/20 VUs, 3459 complete and 0 interrupted iterations
default   [  63% ] 13/20 VUs  08m47.0s/14m00.0s

running (08m48.0s), 13/20 VUs, 3471 complete and 0 interrupted iterations
default   [  63% ] 13/20 VUs  08m48.0s/14m00.0s

running (08m49.0s), 13/20 VUs, 3483 complete and 0 interrupted iterations
default   [  63% ] 13/20 VUs  08m49.0s/14m00.0s

running (08m50.0s), 13/20 VUs, 3496 complete and 0 interrupted iterations
default   [  63% ] 13/20 VUs  08m50.0s/14m00.0s

running (08m51.0s), 13/20 VUs, 3509 complete and 0 interrupted iterations
default   [  63% ] 13/20 VUs  08m51.0s/14m00.0s

running (08m52.0s), 13/20 VUs, 3521 complete and 0 interrupted iterations
default   [  63% ] 13/20 VUs  08m52.0s/14m00.0s

running (08m53.0s), 13/20 VUs, 3534 complete and 0 interrupted iterations
default   [  63% ] 13/20 VUs  08m53.0s/14m00.0s

running (08m54.0s), 13/20 VUs, 3547 complete and 0 interrupted iterations
default   [  64% ] 13/20 VUs  08m54.0s/14m00.0s

running (08m55.0s), 13/20 VUs, 3558 complete and 0 interrupted iterations
default   [  64% ] 13/20 VUs  08m55.0s/14m00.0s

running (08m56.0s), 13/20 VUs, 3570 complete and 0 interrupted iterations
default   [  64% ] 13/20 VUs  08m56.0s/14m00.0s

running (08m57.0s), 13/20 VUs, 3583 complete and 0 interrupted iterations
default   [  64% ] 13/20 VUs  08m57.0s/14m00.0s

running (08m58.0s), 13/20 VUs, 3596 complete and 0 interrupted iterations
default   [  64% ] 13/20 VUs  08m58.0s/14m00.0s

running (08m59.0s), 13/20 VUs, 3609 complete and 0 interrupted iterations
default   [  64% ] 13/20 VUs  08m59.0s/14m00.0s

running (09m00.0s), 13/20 VUs, 3622 complete and 0 interrupted iterations
default   [  64% ] 13/20 VUs  09m00.0s/14m00.0s

running (09m01.0s), 14/20 VUs, 3634 complete and 0 interrupted iterations
default   [  64% ] 14/20 VUs  09m01.0s/14m00.0s

running (09m02.0s), 14/20 VUs, 3648 complete and 0 interrupted iterations
default   [  65% ] 14/20 VUs  09m02.0s/14m00.0s

running (09m03.0s), 14/20 VUs, 3661 complete and 0 interrupted iterations
default   [  65% ] 14/20 VUs  09m03.0s/14m00.0s

running (09m04.0s), 14/20 VUs, 3675 complete and 0 interrupted iterations
default   [  65% ] 14/20 VUs  09m04.0s/14m00.0s

running (09m05.0s), 14/20 VUs, 3689 complete and 0 interrupted iterations
default   [  65% ] 14/20 VUs  09m05.0s/14m00.0s

running (09m06.0s), 14/20 VUs, 3703 complete and 0 interrupted iterations
default   [  65% ] 14/20 VUs  09m06.0s/14m00.0s

running (09m07.0s), 14/20 VUs, 3715 complete and 0 interrupted iterations
default   [  65% ] 14/20 VUs  09m07.0s/14m00.0s

running (09m08.0s), 14/20 VUs, 3729 complete and 0 interrupted iterations
default   [  65% ] 14/20 VUs  09m08.0s/14m00.0s

running (09m09.0s), 14/20 VUs, 3743 complete and 0 interrupted iterations
default   [  65% ] 14/20 VUs  09m09.0s/14m00.0s

running (09m10.0s), 14/20 VUs, 3756 complete and 0 interrupted iterations
default   [  65% ] 14/20 VUs  09m10.0s/14m00.0s

running (09m11.0s), 14/20 VUs, 3770 complete and 0 interrupted iterations
default   [  66% ] 14/20 VUs  09m11.0s/14m00.0s

running (09m12.0s), 14/20 VUs, 3783 complete and 0 interrupted iterations
default   [  66% ] 14/20 VUs  09m12.0s/14m00.0s

running (09m13.0s), 14/20 VUs, 3797 complete and 0 interrupted iterations
default   [  66% ] 14/20 VUs  09m13.0s/14m00.0s

running (09m14.0s), 14/20 VUs, 3810 complete and 0 interrupted iterations
default   [  66% ] 14/20 VUs  09m14.0s/14m00.0s

running (09m15.0s), 14/20 VUs, 3823 complete and 0 interrupted iterations
default   [  66% ] 14/20 VUs  09m15.0s/14m00.0s

running (09m16.0s), 14/20 VUs, 3837 complete and 0 interrupted iterations
default   [  66% ] 14/20 VUs  09m16.0s/14m00.0s

running (09m17.0s), 14/20 VUs, 3850 complete and 0 interrupted iterations
default   [  66% ] 14/20 VUs  09m17.0s/14m00.0s

running (09m18.0s), 14/20 VUs, 3864 complete and 0 interrupted iterations
default   [  66% ] 14/20 VUs  09m18.0s/14m00.0s

running (09m19.0s), 14/20 VUs, 3876 complete and 0 interrupted iterations
default   [  67% ] 14/20 VUs  09m19.0s/14m00.0s

running (09m20.0s), 14/20 VUs, 3890 complete and 0 interrupted iterations
default   [  67% ] 14/20 VUs  09m20.0s/14m00.0s

running (09m21.0s), 14/20 VUs, 3904 complete and 0 interrupted iterations
default   [  67% ] 14/20 VUs  09m21.0s/14m00.0s

running (09m22.0s), 14/20 VUs, 3918 complete and 0 interrupted iterations
default   [  67% ] 14/20 VUs  09m22.0s/14m00.0s

running (09m23.0s), 14/20 VUs, 3930 complete and 0 interrupted iterations
default   [  67% ] 14/20 VUs  09m23.0s/14m00.0s

running (09m24.0s), 14/20 VUs, 3944 complete and 0 interrupted iterations
default   [  67% ] 14/20 VUs  09m24.0s/14m00.0s

running (09m25.0s), 14/20 VUs, 3957 complete and 0 interrupted iterations
default   [  67% ] 14/20 VUs  09m25.0s/14m00.0s

running (09m26.0s), 14/20 VUs, 3971 complete and 0 interrupted iterations
default   [  67% ] 14/20 VUs  09m26.0s/14m00.0s

running (09m27.0s), 14/20 VUs, 3984 complete and 0 interrupted iterations
default   [  67% ] 14/20 VUs  09m27.0s/14m00.0s

running (09m28.0s), 14/20 VUs, 3997 complete and 0 interrupted iterations
default   [  68% ] 14/20 VUs  09m28.0s/14m00.0s

running (09m29.0s), 14/20 VUs, 4010 complete and 0 interrupted iterations
default   [  68% ] 14/20 VUs  09m29.0s/14m00.0s

running (09m30.0s), 14/20 VUs, 4024 complete and 0 interrupted iterations
default   [  68% ] 14/20 VUs  09m30.0s/14m00.0s

running (09m31.0s), 15/20 VUs, 4038 complete and 0 interrupted iterations
default   [  68% ] 15/20 VUs  09m31.0s/14m00.0s

running (09m32.0s), 15/20 VUs, 4052 complete and 0 interrupted iterations
default   [  68% ] 15/20 VUs  09m32.0s/14m00.0s

running (09m33.0s), 15/20 VUs, 4067 complete and 0 interrupted iterations
default   [  68% ] 15/20 VUs  09m33.0s/14m00.0s

running (09m34.0s), 15/20 VUs, 4082 complete and 0 interrupted iterations
default   [  68% ] 15/20 VUs  09m34.0s/14m00.0s

running (09m35.0s), 15/20 VUs, 4097 complete and 0 interrupted iterations
default   [  68% ] 15/20 VUs  09m35.0s/14m00.0s

running (09m36.0s), 15/20 VUs, 4112 complete and 0 interrupted iterations
default   [  69% ] 15/20 VUs  09m36.0s/14m00.0s

running (09m37.0s), 15/20 VUs, 4126 complete and 0 interrupted iterations
default   [  69% ] 15/20 VUs  09m37.0s/14m00.0s

running (09m38.0s), 15/20 VUs, 4141 complete and 0 interrupted iterations
default   [  69% ] 15/20 VUs  09m38.0s/14m00.0s

running (09m39.0s), 15/20 VUs, 4156 complete and 0 interrupted iterations
default   [  69% ] 15/20 VUs  09m39.0s/14m00.0s

running (09m40.0s), 15/20 VUs, 4170 complete and 0 interrupted iterations
default   [  69% ] 15/20 VUs  09m40.0s/14m00.0s

running (09m41.0s), 15/20 VUs, 4184 complete and 0 interrupted iterations
default   [  69% ] 15/20 VUs  09m41.0s/14m00.0s

running (09m42.0s), 15/20 VUs, 4199 complete and 0 interrupted iterations
default   [  69% ] 15/20 VUs  09m42.0s/14m00.0s

running (09m43.0s), 15/20 VUs, 4213 complete and 0 interrupted iterations
default   [  69% ] 15/20 VUs  09m43.0s/14m00.0s

running (09m44.0s), 15/20 VUs, 4228 complete and 0 interrupted iterations
default   [  70% ] 15/20 VUs  09m44.0s/14m00.0s

running (09m45.0s), 15/20 VUs, 4240 complete and 0 interrupted iterations
default   [  70% ] 15/20 VUs  09m45.0s/14m00.0s

running (09m46.0s), 15/20 VUs, 4254 complete and 0 interrupted iterations
default   [  70% ] 15/20 VUs  09m46.0s/14m00.0s

running (09m47.0s), 15/20 VUs, 4269 complete and 0 interrupted iterations
default   [  70% ] 15/20 VUs  09m47.0s/14m00.0s

running (09m48.0s), 15/20 VUs, 4283 complete and 0 interrupted iterations
default   [  70% ] 15/20 VUs  09m48.0s/14m00.0s

running (09m49.0s), 15/20 VUs, 4297 complete and 0 interrupted iterations
default   [  70% ] 15/20 VUs  09m49.0s/14m00.0s

running (09m50.0s), 15/20 VUs, 4312 complete and 0 interrupted iterations
default   [  70% ] 15/20 VUs  09m50.0s/14m00.0s

running (09m51.0s), 15/20 VUs, 4327 complete and 0 interrupted iterations
default   [  70% ] 15/20 VUs  09m51.0s/14m00.0s

running (09m52.0s), 15/20 VUs, 4342 complete and 0 interrupted iterations
default   [  70% ] 15/20 VUs  09m52.0s/14m00.0s

running (09m53.0s), 15/20 VUs, 4355 complete and 0 interrupted iterations
default   [  71% ] 15/20 VUs  09m53.0s/14m00.0s

running (09m54.0s), 15/20 VUs, 4370 complete and 0 interrupted iterations
default   [  71% ] 15/20 VUs  09m54.0s/14m00.0s

running (09m55.0s), 15/20 VUs, 4385 complete and 0 interrupted iterations
default   [  71% ] 15/20 VUs  09m55.0s/14m00.0s

running (09m56.0s), 15/20 VUs, 4400 complete and 0 interrupted iterations
default   [  71% ] 15/20 VUs  09m56.0s/14m00.0s

running (09m57.0s), 15/20 VUs, 4414 complete and 0 interrupted iterations
default   [  71% ] 15/20 VUs  09m57.0s/14m00.0s

running (09m58.0s), 15/20 VUs, 4429 complete and 0 interrupted iterations
default   [  71% ] 15/20 VUs  09m58.0s/14m00.0s

running (09m59.0s), 15/20 VUs, 4443 complete and 0 interrupted iterations
default   [  71% ] 15/20 VUs  09m59.0s/14m00.0s

running (10m00.0s), 15/20 VUs, 4458 complete and 0 interrupted iterations
default   [  71% ] 15/20 VUs  10m00.0s/14m00.0s

running (10m01.0s), 16/20 VUs, 4473 complete and 0 interrupted iterations
default   [  72% ] 16/20 VUs  10m01.0s/14m00.0s

running (10m02.0s), 16/20 VUs, 4488 complete and 0 interrupted iterations
default   [  72% ] 16/20 VUs  10m02.0s/14m00.0s

running (10m03.0s), 16/20 VUs, 4501 complete and 0 interrupted iterations
default   [  72% ] 16/20 VUs  10m03.0s/14m00.0s

running (10m04.0s), 16/20 VUs, 4517 complete and 0 interrupted iterations
default   [  72% ] 16/20 VUs  10m04.0s/14m00.0s

running (10m05.0s), 16/20 VUs, 4533 complete and 0 interrupted iterations
default   [  72% ] 16/20 VUs  10m05.0s/14m00.0s

running (10m06.0s), 16/20 VUs, 4549 complete and 0 interrupted iterations
default   [  72% ] 16/20 VUs  10m06.0s/14m00.0s

running (10m07.0s), 16/20 VUs, 4564 complete and 0 interrupted iterations
default   [  72% ] 16/20 VUs  10m07.0s/14m00.0s

running (10m08.0s), 16/20 VUs, 4580 complete and 0 interrupted iterations
default   [  72% ] 16/20 VUs  10m08.0s/14m00.0s

running (10m09.0s), 16/20 VUs, 4595 complete and 0 interrupted iterations
default   [  72% ] 16/20 VUs  10m09.0s/14m00.0s

running (10m10.0s), 16/20 VUs, 4611 complete and 0 interrupted iterations
default   [  73% ] 16/20 VUs  10m10.0s/14m00.0s

running (10m11.0s), 16/20 VUs, 4627 complete and 0 interrupted iterations
default   [  73% ] 16/20 VUs  10m11.0s/14m00.0s

running (10m12.0s), 16/20 VUs, 4643 complete and 0 interrupted iterations
default   [  73% ] 16/20 VUs  10m12.0s/14m00.0s

running (10m13.0s), 16/20 VUs, 4658 complete and 0 interrupted iterations
default   [  73% ] 16/20 VUs  10m13.0s/14m00.0s

running (10m14.0s), 16/20 VUs, 4672 complete and 0 interrupted iterations
default   [  73% ] 16/20 VUs  10m14.0s/14m00.0s

running (10m15.0s), 16/20 VUs, 4688 complete and 0 interrupted iterations
default   [  73% ] 16/20 VUs  10m15.0s/14m00.0s

running (10m16.0s), 16/20 VUs, 4703 complete and 0 interrupted iterations
default   [  73% ] 16/20 VUs  10m16.0s/14m00.0s

running (10m17.0s), 16/20 VUs, 4718 complete and 0 interrupted iterations
default   [  73% ] 16/20 VUs  10m17.0s/14m00.0s

running (10m18.0s), 16/20 VUs, 4734 complete and 0 interrupted iterations
default   [  74% ] 16/20 VUs  10m18.0s/14m00.0s

running (10m19.0s), 16/20 VUs, 4749 complete and 0 interrupted iterations
default   [  74% ] 16/20 VUs  10m19.0s/14m00.0s

running (10m20.0s), 16/20 VUs, 4764 complete and 0 interrupted iterations
default   [  74% ] 16/20 VUs  10m20.0s/14m00.0s

running (10m21.0s), 16/20 VUs, 4779 complete and 0 interrupted iterations
default   [  74% ] 16/20 VUs  10m21.0s/14m00.0s

running (10m22.0s), 16/20 VUs, 4795 complete and 0 interrupted iterations
default   [  74% ] 16/20 VUs  10m22.0s/14m00.0s

running (10m23.0s), 16/20 VUs, 4811 complete and 0 interrupted iterations
default   [  74% ] 16/20 VUs  10m23.0s/14m00.0s

running (10m24.0s), 16/20 VUs, 4826 complete and 0 interrupted iterations
default   [  74% ] 16/20 VUs  10m24.0s/14m00.0s

running (10m25.0s), 16/20 VUs, 4841 complete and 0 interrupted iterations
default   [  74% ] 16/20 VUs  10m25.0s/14m00.0s

running (10m26.0s), 16/20 VUs, 4857 complete and 0 interrupted iterations
default   [  75% ] 16/20 VUs  10m26.0s/14m00.0s

running (10m27.0s), 16/20 VUs, 4873 complete and 0 interrupted iterations
default   [  75% ] 16/20 VUs  10m27.0s/14m00.0s

running (10m28.0s), 16/20 VUs, 4888 complete and 0 interrupted iterations
default   [  75% ] 16/20 VUs  10m28.0s/14m00.0s

running (10m29.0s), 16/20 VUs, 4902 complete and 0 interrupted iterations
default   [  75% ] 16/20 VUs  10m29.0s/14m00.0s

running (10m30.0s), 16/20 VUs, 4917 complete and 0 interrupted iterations
default   [  75% ] 16/20 VUs  10m30.0s/14m00.0s

running (10m31.0s), 17/20 VUs, 4933 complete and 0 interrupted iterations
default   [  75% ] 17/20 VUs  10m31.0s/14m00.0s

running (10m32.0s), 17/20 VUs, 4949 complete and 0 interrupted iterations
default   [  75% ] 17/20 VUs  10m32.0s/14m00.0s

running (10m33.0s), 17/20 VUs, 4966 complete and 0 interrupted iterations
default   [  75% ] 17/20 VUs  10m33.0s/14m00.0s

running (10m34.0s), 17/20 VUs, 4982 complete and 0 interrupted iterations
default   [  75% ] 17/20 VUs  10m34.0s/14m00.0s

running (10m35.0s), 17/20 VUs, 4999 complete and 0 interrupted iterations
default   [  76% ] 17/20 VUs  10m35.0s/14m00.0s

running (10m36.0s), 17/20 VUs, 5016 complete and 0 interrupted iterations
default   [  76% ] 17/20 VUs  10m36.0s/14m00.0s

running (10m37.0s), 17/20 VUs, 5033 complete and 0 interrupted iterations
default   [  76% ] 17/20 VUs  10m37.0s/14m00.0s

running (10m38.0s), 17/20 VUs, 5050 complete and 0 interrupted iterations
default   [  76% ] 17/20 VUs  10m38.0s/14m00.0s

running (10m39.0s), 17/20 VUs, 5067 complete and 0 interrupted iterations
default   [  76% ] 17/20 VUs  10m39.0s/14m00.0s

running (10m40.0s), 17/20 VUs, 5083 complete and 0 interrupted iterations
default   [  76% ] 17/20 VUs  10m40.0s/14m00.0s

running (10m41.0s), 17/20 VUs, 5099 complete and 0 interrupted iterations
default   [  76% ] 17/20 VUs  10m41.0s/14m00.0s

running (10m42.0s), 17/20 VUs, 5116 complete and 0 interrupted iterations
default   [  76% ] 17/20 VUs  10m42.0s/14m00.0s

running (10m43.0s), 17/20 VUs, 5132 complete and 0 interrupted iterations
default   [  77% ] 17/20 VUs  10m43.0s/14m00.0s

running (10m44.0s), 17/20 VUs, 5149 complete and 0 interrupted iterations
default   [  77% ] 17/20 VUs  10m44.0s/14m00.0s

running (10m45.0s), 17/20 VUs, 5166 complete and 0 interrupted iterations
default   [  77% ] 17/20 VUs  10m45.0s/14m00.0s

running (10m46.0s), 17/20 VUs, 5179 complete and 0 interrupted iterations
default   [  77% ] 17/20 VUs  10m46.0s/14m00.0s

running (10m47.0s), 17/20 VUs, 5196 complete and 0 interrupted iterations
default   [  77% ] 17/20 VUs  10m47.0s/14m00.0s

running (10m48.0s), 17/20 VUs, 5212 complete and 0 interrupted iterations
default   [  77% ] 17/20 VUs  10m48.0s/14m00.0s

running (10m49.0s), 17/20 VUs, 5229 complete and 0 interrupted iterations
default   [  77% ] 17/20 VUs  10m49.0s/14m00.0s

running (10m50.0s), 17/20 VUs, 5246 complete and 0 interrupted iterations
default   [  77% ] 17/20 VUs  10m50.0s/14m00.0s

running (10m51.0s), 17/20 VUs, 5260 complete and 0 interrupted iterations
default   [  77% ] 17/20 VUs  10m51.0s/14m00.0s

running (10m52.0s), 17/20 VUs, 5276 complete and 0 interrupted iterations
default   [  78% ] 17/20 VUs  10m52.0s/14m00.0s

running (10m53.0s), 17/20 VUs, 5293 complete and 0 interrupted iterations
default   [  78% ] 17/20 VUs  10m53.0s/14m00.0s

running (10m54.0s), 17/20 VUs, 5310 complete and 0 interrupted iterations
default   [  78% ] 17/20 VUs  10m54.0s/14m00.0s

running (10m55.0s), 17/20 VUs, 5324 complete and 0 interrupted iterations
default   [  78% ] 17/20 VUs  10m55.0s/14m00.0s

running (10m56.0s), 17/20 VUs, 5341 complete and 0 interrupted iterations
default   [  78% ] 17/20 VUs  10m56.0s/14m00.0s

running (10m57.0s), 17/20 VUs, 5358 complete and 0 interrupted iterations
default   [  78% ] 17/20 VUs  10m57.0s/14m00.0s

running (10m58.0s), 17/20 VUs, 5375 complete and 0 interrupted iterations
default   [  78% ] 17/20 VUs  10m58.0s/14m00.0s

running (10m59.0s), 17/20 VUs, 5392 complete and 0 interrupted iterations
default   [  78% ] 17/20 VUs  10m59.0s/14m00.0s

running (11m00.0s), 17/20 VUs, 5409 complete and 0 interrupted iterations
default   [  79% ] 17/20 VUs  11m00.0s/14m00.0s

running (11m01.0s), 18/20 VUs, 5426 complete and 0 interrupted iterations
default   [  79% ] 18/20 VUs  11m01.0s/14m00.0s

running (11m02.0s), 18/20 VUs, 5444 complete and 0 interrupted iterations
default   [  79% ] 18/20 VUs  11m02.0s/14m00.0s

running (11m03.0s), 18/20 VUs, 5462 complete and 0 interrupted iterations
default   [  79% ] 18/20 VUs  11m03.0s/14m00.0s

running (11m04.0s), 18/20 VUs, 5479 complete and 0 interrupted iterations
default   [  79% ] 18/20 VUs  11m04.0s/14m00.0s

running (11m05.0s), 18/20 VUs, 5497 complete and 0 interrupted iterations
default   [  79% ] 18/20 VUs  11m05.0s/14m00.0s

running (11m06.0s), 18/20 VUs, 5515 complete and 0 interrupted iterations
default   [  79% ] 18/20 VUs  11m06.0s/14m00.0s

running (11m07.0s), 18/20 VUs, 5531 complete and 0 interrupted iterations
default   [  79% ] 18/20 VUs  11m07.0s/14m00.0s

running (11m08.0s), 18/20 VUs, 5549 complete and 0 interrupted iterations
default   [  80% ] 18/20 VUs  11m08.0s/14m00.0s

running (11m09.0s), 18/20 VUs, 5565 complete and 0 interrupted iterations
default   [  80% ] 18/20 VUs  11m09.0s/14m00.0s

running (11m10.0s), 18/20 VUs, 5582 complete and 0 interrupted iterations
default   [  80% ] 18/20 VUs  11m10.0s/14m00.0s

running (11m11.0s), 18/20 VUs, 5599 complete and 0 interrupted iterations
default   [  80% ] 18/20 VUs  11m11.0s/14m00.0s

running (11m12.0s), 18/20 VUs, 5616 complete and 0 interrupted iterations
default   [  80% ] 18/20 VUs  11m12.0s/14m00.0s

running (11m13.0s), 18/20 VUs, 5633 complete and 0 interrupted iterations
default   [  80% ] 18/20 VUs  11m13.0s/14m00.0s

running (11m14.0s), 18/20 VUs, 5651 complete and 0 interrupted iterations
default   [  80% ] 18/20 VUs  11m14.0s/14m00.0s

running (11m15.0s), 18/20 VUs, 5668 complete and 0 interrupted iterations
default   [  80% ] 18/20 VUs  11m15.0s/14m00.0s

running (11m16.0s), 18/20 VUs, 5685 complete and 0 interrupted iterations
default   [  80% ] 18/20 VUs  11m16.0s/14m00.0s

running (11m17.0s), 18/20 VUs, 5702 complete and 0 interrupted iterations
default   [  81% ] 18/20 VUs  11m17.0s/14m00.0s

running (11m18.0s), 18/20 VUs, 5720 complete and 0 interrupted iterations
default   [  81% ] 18/20 VUs  11m18.0s/14m00.0s

running (11m19.0s), 18/20 VUs, 5738 complete and 0 interrupted iterations
default   [  81% ] 18/20 VUs  11m19.0s/14m00.0s

running (11m20.0s), 18/20 VUs, 5755 complete and 0 interrupted iterations
default   [  81% ] 18/20 VUs  11m20.0s/14m00.0s

running (11m21.0s), 18/20 VUs, 5772 complete and 0 interrupted iterations
default   [  81% ] 18/20 VUs  11m21.0s/14m00.0s

running (11m22.0s), 18/20 VUs, 5789 complete and 0 interrupted iterations
default   [  81% ] 18/20 VUs  11m22.0s/14m00.0s

running (11m23.0s), 18/20 VUs, 5805 complete and 0 interrupted iterations
default   [  81% ] 18/20 VUs  11m23.0s/14m00.0s

running (11m24.0s), 18/20 VUs, 5823 complete and 0 interrupted iterations
default   [  81% ] 18/20 VUs  11m24.0s/14m00.0s

running (11m25.0s), 18/20 VUs, 5841 complete and 0 interrupted iterations
default   [  82% ] 18/20 VUs  11m25.0s/14m00.0s

running (11m26.0s), 18/20 VUs, 5858 complete and 0 interrupted iterations
default   [  82% ] 18/20 VUs  11m26.0s/14m00.0s

running (11m27.0s), 18/20 VUs, 5876 complete and 0 interrupted iterations
default   [  82% ] 18/20 VUs  11m27.0s/14m00.0s

running (11m28.0s), 18/20 VUs, 5894 complete and 0 interrupted iterations
default   [  82% ] 18/20 VUs  11m28.0s/14m00.0s

running (11m29.0s), 18/20 VUs, 5912 complete and 0 interrupted iterations
default   [  82% ] 18/20 VUs  11m29.0s/14m00.0s

running (11m30.0s), 18/20 VUs, 5930 complete and 0 interrupted iterations
default   [  82% ] 18/20 VUs  11m30.0s/14m00.0s

running (11m31.0s), 19/20 VUs, 5948 complete and 0 interrupted iterations
default   [  82% ] 19/20 VUs  11m31.0s/14m00.0s

running (11m32.0s), 19/20 VUs, 5965 complete and 0 interrupted iterations
default   [  82% ] 19/20 VUs  11m32.0s/14m00.0s

running (11m33.0s), 19/20 VUs, 5983 complete and 0 interrupted iterations
default   [  82% ] 19/20 VUs  11m33.0s/14m00.0s

running (11m34.0s), 19/20 VUs, 6001 complete and 0 interrupted iterations
default   [  83% ] 19/20 VUs  11m34.0s/14m00.0s

running (11m35.0s), 19/20 VUs, 6020 complete and 0 interrupted iterations
default   [  83% ] 19/20 VUs  11m35.0s/14m00.0s

running (11m36.0s), 19/20 VUs, 6038 complete and 0 interrupted iterations
default   [  83% ] 19/20 VUs  11m36.0s/14m00.0s

running (11m37.0s), 19/20 VUs, 6055 complete and 0 interrupted iterations
default   [  83% ] 19/20 VUs  11m37.0s/14m00.0s

running (11m38.0s), 19/20 VUs, 6073 complete and 0 interrupted iterations
default   [  83% ] 19/20 VUs  11m38.0s/14m00.0s

running (11m39.0s), 19/20 VUs, 6092 complete and 0 interrupted iterations
default   [  83% ] 19/20 VUs  11m39.0s/14m00.0s

running (11m40.0s), 19/20 VUs, 6109 complete and 0 interrupted iterations
default   [  83% ] 19/20 VUs  11m40.0s/14m00.0s

running (11m41.0s), 19/20 VUs, 6128 complete and 0 interrupted iterations
default   [  83% ] 19/20 VUs  11m41.0s/14m00.0s

running (11m42.0s), 19/20 VUs, 6147 complete and 0 interrupted iterations
default   [  84% ] 19/20 VUs  11m42.0s/14m00.0s

running (11m43.0s), 19/20 VUs, 6165 complete and 0 interrupted iterations
default   [  84% ] 19/20 VUs  11m43.0s/14m00.0s

running (11m44.0s), 19/20 VUs, 6184 complete and 0 interrupted iterations
default   [  84% ] 19/20 VUs  11m44.0s/14m00.0s

running (11m45.0s), 19/20 VUs, 6203 complete and 0 interrupted iterations
default   [  84% ] 19/20 VUs  11m45.0s/14m00.0s

running (11m46.0s), 19/20 VUs, 6221 complete and 0 interrupted iterations
default   [  84% ] 19/20 VUs  11m46.0s/14m00.0s

running (11m47.0s), 19/20 VUs, 6239 complete and 0 interrupted iterations
default   [  84% ] 19/20 VUs  11m47.0s/14m00.0s

running (11m48.0s), 19/20 VUs, 6257 complete and 0 interrupted iterations
default   [  84% ] 19/20 VUs  11m48.0s/14m00.0s

running (11m49.0s), 19/20 VUs, 6275 complete and 0 interrupted iterations
default   [  84% ] 19/20 VUs  11m49.0s/14m00.0s

running (11m50.0s), 19/20 VUs, 6294 complete and 0 interrupted iterations
default   [  85% ] 19/20 VUs  11m50.0s/14m00.0s

running (11m51.0s), 19/20 VUs, 6313 complete and 0 interrupted iterations
default   [  85% ] 19/20 VUs  11m51.0s/14m00.0s

running (11m52.0s), 19/20 VUs, 6332 complete and 0 interrupted iterations
default   [  85% ] 19/20 VUs  11m52.0s/14m00.0s

running (11m53.0s), 19/20 VUs, 6351 complete and 0 interrupted iterations
default   [  85% ] 19/20 VUs  11m53.0s/14m00.0s

running (11m54.0s), 19/20 VUs, 6368 complete and 0 interrupted iterations
default   [  85% ] 19/20 VUs  11m54.0s/14m00.0s

running (11m55.0s), 19/20 VUs, 6384 complete and 0 interrupted iterations
default   [  85% ] 19/20 VUs  11m55.0s/14m00.0s

running (11m56.0s), 19/20 VUs, 6402 complete and 0 interrupted iterations
default   [  85% ] 19/20 VUs  11m56.0s/14m00.0s

running (11m57.0s), 19/20 VUs, 6419 complete and 0 interrupted iterations
default   [  85% ] 19/20 VUs  11m57.0s/14m00.0s

running (11m58.0s), 19/20 VUs, 6438 complete and 0 interrupted iterations
default   [  85% ] 19/20 VUs  11m58.0s/14m00.0s

running (11m59.0s), 19/20 VUs, 6456 complete and 0 interrupted iterations
default   [  86% ] 19/20 VUs  11m59.0s/14m00.0s

running (12m00.0s), 19/20 VUs, 6474 complete and 0 interrupted iterations
default   [  86% ] 19/20 VUs  12m00.0s/14m00.0s

running (12m01.0s), 20/20 VUs, 6493 complete and 0 interrupted iterations
default   [  86% ] 20/20 VUs  12m01.0s/14m00.0s

running (12m02.0s), 20/20 VUs, 6513 complete and 0 interrupted iterations
default   [  86% ] 20/20 VUs  12m02.0s/14m00.0s

running (12m03.0s), 20/20 VUs, 6533 complete and 0 interrupted iterations
default   [  86% ] 20/20 VUs  12m03.0s/14m00.0s

running (12m04.0s), 20/20 VUs, 6553 complete and 0 interrupted iterations
default   [  86% ] 20/20 VUs  12m04.0s/14m00.0s

running (12m05.0s), 20/20 VUs, 6572 complete and 0 interrupted iterations
default   [  86% ] 20/20 VUs  12m05.0s/14m00.0s

running (12m06.0s), 20/20 VUs, 6592 complete and 0 interrupted iterations
default   [  86% ] 20/20 VUs  12m06.0s/14m00.0s

running (12m07.0s), 19/20 VUs, 6611 complete and 0 interrupted iterations
default   [  87% ] 19/20 VUs  12m07.0s/14m00.0s

running (12m08.0s), 19/20 VUs, 6630 complete and 0 interrupted iterations
default   [  87% ] 19/20 VUs  12m08.0s/14m00.0s

running (12m09.0s), 19/20 VUs, 6649 complete and 0 interrupted iterations
default   [  87% ] 19/20 VUs  12m09.0s/14m00.0s

running (12m10.0s), 19/20 VUs, 6668 complete and 0 interrupted iterations
default   [  87% ] 19/20 VUs  12m10.0s/14m00.0s

running (12m11.0s), 19/20 VUs, 6686 complete and 0 interrupted iterations
default   [  87% ] 19/20 VUs  12m11.0s/14m00.0s

running (12m12.0s), 19/20 VUs, 6704 complete and 0 interrupted iterations
default   [  87% ] 19/20 VUs  12m12.0s/14m00.0s

running (12m13.0s), 18/20 VUs, 6723 complete and 0 interrupted iterations
default   [  87% ] 18/20 VUs  12m13.0s/14m00.0s

running (12m14.0s), 18/20 VUs, 6740 complete and 0 interrupted iterations
default   [  87% ] 18/20 VUs  12m14.0s/14m00.0s

running (12m15.0s), 18/20 VUs, 6758 complete and 0 interrupted iterations
default   [  87% ] 18/20 VUs  12m15.0s/14m00.0s

running (12m16.0s), 18/20 VUs, 6775 complete and 0 interrupted iterations
default   [  88% ] 18/20 VUs  12m16.0s/14m00.0s

running (12m17.0s), 18/20 VUs, 6791 complete and 0 interrupted iterations
default   [  88% ] 18/20 VUs  12m17.0s/14m00.0s

running (12m18.0s), 18/20 VUs, 6807 complete and 0 interrupted iterations
default   [  88% ] 18/20 VUs  12m18.0s/14m00.0s

running (12m19.0s), 17/20 VUs, 6825 complete and 0 interrupted iterations
default   [  88% ] 17/20 VUs  12m19.0s/14m00.0s

running (12m20.0s), 17/20 VUs, 6842 complete and 0 interrupted iterations
default   [  88% ] 17/20 VUs  12m20.0s/14m00.0s

running (12m21.0s), 17/20 VUs, 6858 complete and 0 interrupted iterations
default   [  88% ] 17/20 VUs  12m21.0s/14m00.0s

running (12m22.0s), 17/20 VUs, 6874 complete and 0 interrupted iterations
default   [  88% ] 17/20 VUs  12m22.0s/14m00.0s

running (12m23.0s), 17/20 VUs, 6890 complete and 0 interrupted iterations
default   [  88% ] 17/20 VUs  12m23.0s/14m00.0s

running (12m24.0s), 17/20 VUs, 6907 complete and 0 interrupted iterations
default   [  89% ] 17/20 VUs  12m24.0s/14m00.0s

running (12m25.0s), 16/20 VUs, 6922 complete and 0 interrupted iterations
default   [  89% ] 16/20 VUs  12m25.0s/14m00.0s

running (12m26.0s), 16/20 VUs, 6937 complete and 0 interrupted iterations
default   [  89% ] 16/20 VUs  12m26.0s/14m00.0s

running (12m27.0s), 16/20 VUs, 6953 complete and 0 interrupted iterations
default   [  89% ] 16/20 VUs  12m27.0s/14m00.0s

running (12m28.0s), 16/20 VUs, 6968 complete and 0 interrupted iterations
default   [  89% ] 16/20 VUs  12m28.0s/14m00.0s

running (12m29.0s), 16/20 VUs, 6984 complete and 0 interrupted iterations
default   [  89% ] 16/20 VUs  12m29.0s/14m00.0s

running (12m30.0s), 16/20 VUs, 7000 complete and 0 interrupted iterations
default   [  89% ] 16/20 VUs  12m30.0s/14m00.0s

running (12m31.0s), 15/20 VUs, 7016 complete and 0 interrupted iterations
default   [  89% ] 15/20 VUs  12m31.0s/14m00.0s

running (12m32.0s), 15/20 VUs, 7030 complete and 0 interrupted iterations
default   [  90% ] 15/20 VUs  12m32.0s/14m00.0s

running (12m33.0s), 15/20 VUs, 7045 complete and 0 interrupted iterations
default   [  90% ] 15/20 VUs  12m33.0s/14m00.0s

running (12m34.0s), 15/20 VUs, 7060 complete and 0 interrupted iterations
default   [  90% ] 15/20 VUs  12m34.0s/14m00.0s

running (12m35.0s), 15/20 VUs, 7075 complete and 0 interrupted iterations
default   [  90% ] 15/20 VUs  12m35.0s/14m00.0s

running (12m36.0s), 15/20 VUs, 7090 complete and 0 interrupted iterations
default   [  90% ] 15/20 VUs  12m36.0s/14m00.0s

running (12m37.0s), 14/20 VUs, 7105 complete and 0 interrupted iterations
default   [  90% ] 14/20 VUs  12m37.0s/14m00.0s

running (12m38.0s), 14/20 VUs, 7118 complete and 0 interrupted iterations
default   [  90% ] 14/20 VUs  12m38.0s/14m00.0s

running (12m39.0s), 14/20 VUs, 7131 complete and 0 interrupted iterations
default   [  90% ] 14/20 VUs  12m39.0s/14m00.0s

running (12m40.0s), 14/20 VUs, 7144 complete and 0 interrupted iterations
default   [  90% ] 14/20 VUs  12m40.0s/14m00.0s

running (12m41.0s), 14/20 VUs, 7158 complete and 0 interrupted iterations
default   [  91% ] 14/20 VUs  12m41.0s/14m00.0s

running (12m42.0s), 14/20 VUs, 7172 complete and 0 interrupted iterations
default   [  91% ] 14/20 VUs  12m42.0s/14m00.0s

running (12m43.0s), 13/20 VUs, 7185 complete and 0 interrupted iterations
default   [  91% ] 13/20 VUs  12m43.0s/14m00.0s

running (12m44.0s), 13/20 VUs, 7197 complete and 0 interrupted iterations
default   [  91% ] 13/20 VUs  12m44.0s/14m00.0s

running (12m45.0s), 13/20 VUs, 7210 complete and 0 interrupted iterations
default   [  91% ] 13/20 VUs  12m45.0s/14m00.0s

running (12m46.0s), 13/20 VUs, 7222 complete and 0 interrupted iterations
default   [  91% ] 13/20 VUs  12m46.0s/14m00.0s

running (12m47.0s), 13/20 VUs, 7235 complete and 0 interrupted iterations
default   [  91% ] 13/20 VUs  12m47.0s/14m00.0s

running (12m48.0s), 13/20 VUs, 7247 complete and 0 interrupted iterations
default   [  91% ] 13/20 VUs  12m48.0s/14m00.0s

running (12m49.0s), 12/20 VUs, 7260 complete and 0 interrupted iterations
default   [  92% ] 12/20 VUs  12m49.0s/14m00.0s

running (12m50.0s), 12/20 VUs, 7270 complete and 0 interrupted iterations
default   [  92% ] 12/20 VUs  12m50.0s/14m00.0s

running (12m51.0s), 12/20 VUs, 7282 complete and 0 interrupted iterations
default   [  92% ] 12/20 VUs  12m51.0s/14m00.0s

running (12m52.0s), 12/20 VUs, 7294 complete and 0 interrupted iterations
default   [  92% ] 12/20 VUs  12m52.0s/14m00.0s

running (12m53.0s), 12/20 VUs, 7306 complete and 0 interrupted iterations
default   [  92% ] 12/20 VUs  12m53.0s/14m00.0s

running (12m54.0s), 12/20 VUs, 7318 complete and 0 interrupted iterations
default   [  92% ] 12/20 VUs  12m54.0s/14m00.0s

running (12m55.0s), 11/20 VUs, 7329 complete and 0 interrupted iterations
default   [  92% ] 11/20 VUs  12m55.0s/14m00.0s

running (12m56.0s), 11/20 VUs, 7339 complete and 0 interrupted iterations
default   [  92% ] 11/20 VUs  12m56.0s/14m00.0s

running (12m57.0s), 11/20 VUs, 7350 complete and 0 interrupted iterations
default   [  92% ] 11/20 VUs  12m57.0s/14m00.0s

running (12m58.0s), 11/20 VUs, 7361 complete and 0 interrupted iterations
default   [  93% ] 11/20 VUs  12m58.0s/14m00.0s

running (12m59.0s), 11/20 VUs, 7372 complete and 0 interrupted iterations
default   [  93% ] 11/20 VUs  12m59.0s/14m00.0s

running (13m00.0s), 11/20 VUs, 7382 complete and 0 interrupted iterations
default   [  93% ] 11/20 VUs  13m00.0s/14m00.0s

running (13m01.0s), 10/20 VUs, 7392 complete and 0 interrupted iterations
default   [  93% ] 10/20 VUs  13m01.0s/14m00.0s

running (13m02.0s), 10/20 VUs, 7402 complete and 0 interrupted iterations
default   [  93% ] 10/20 VUs  13m02.0s/14m00.0s

running (13m03.0s), 10/20 VUs, 7412 complete and 0 interrupted iterations
default   [  93% ] 10/20 VUs  13m03.0s/14m00.0s

running (13m04.0s), 10/20 VUs, 7421 complete and 0 interrupted iterations
default   [  93% ] 10/20 VUs  13m04.0s/14m00.0s

running (13m05.0s), 10/20 VUs, 7431 complete and 0 interrupted iterations
default   [  93% ] 10/20 VUs  13m05.0s/14m00.0s

running (13m06.0s), 10/20 VUs, 7440 complete and 0 interrupted iterations
default   [  94% ] 10/20 VUs  13m06.0s/14m00.0s

running (13m07.0s), 09/20 VUs, 7450 complete and 0 interrupted iterations
default   [  94% ] 09/20 VUs  13m07.0s/14m00.0s

running (13m08.0s), 09/20 VUs, 7459 complete and 0 interrupted iterations
default   [  94% ] 09/20 VUs  13m08.0s/14m00.0s

running (13m09.0s), 09/20 VUs, 7467 complete and 0 interrupted iterations
default   [  94% ] 09/20 VUs  13m09.0s/14m00.0s

running (13m10.0s), 09/20 VUs, 7476 complete and 0 interrupted iterations
default   [  94% ] 09/20 VUs  13m10.0s/14m00.0s

running (13m11.0s), 09/20 VUs, 7484 complete and 0 interrupted iterations
default   [  94% ] 09/20 VUs  13m11.0s/14m00.0s

running (13m12.0s), 09/20 VUs, 7493 complete and 0 interrupted iterations
default   [  94% ] 09/20 VUs  13m12.0s/14m00.0s

running (13m13.0s), 08/20 VUs, 7502 complete and 0 interrupted iterations
default   [  94% ] 08/20 VUs  13m13.0s/14m00.0s

running (13m14.0s), 08/20 VUs, 7510 complete and 0 interrupted iterations
default   [  95% ] 08/20 VUs  13m14.0s/14m00.0s

running (13m15.0s), 08/20 VUs, 7518 complete and 0 interrupted iterations
default   [  95% ] 08/20 VUs  13m15.0s/14m00.0s

running (13m16.0s), 08/20 VUs, 7526 complete and 0 interrupted iterations
default   [  95% ] 08/20 VUs  13m16.0s/14m00.0s

running (13m17.0s), 08/20 VUs, 7534 complete and 0 interrupted iterations
default   [  95% ] 08/20 VUs  13m17.0s/14m00.0s

running (13m18.0s), 08/20 VUs, 7541 complete and 0 interrupted iterations
default   [  95% ] 08/20 VUs  13m18.0s/14m00.0s

running (13m19.0s), 07/20 VUs, 7549 complete and 0 interrupted iterations
default   [  95% ] 07/20 VUs  13m19.0s/14m00.0s

running (13m20.0s), 07/20 VUs, 7556 complete and 0 interrupted iterations
default   [  95% ] 07/20 VUs  13m20.0s/14m00.0s

running (13m21.0s), 07/20 VUs, 7561 complete and 0 interrupted iterations
default   [  95% ] 07/20 VUs  13m21.0s/14m00.0s

running (13m22.0s), 07/20 VUs, 7568 complete and 0 interrupted iterations
default   [  95% ] 07/20 VUs  13m22.0s/14m00.0s

running (13m23.0s), 07/20 VUs, 7575 complete and 0 interrupted iterations
default   [  96% ] 07/20 VUs  13m23.0s/14m00.0s

running (13m24.0s), 07/20 VUs, 7582 complete and 0 interrupted iterations
default   [  96% ] 07/20 VUs  13m24.0s/14m00.0s

running (13m25.0s), 06/20 VUs, 7589 complete and 0 interrupted iterations
default   [  96% ] 06/20 VUs  13m25.0s/14m00.0s

running (13m26.0s), 06/20 VUs, 7595 complete and 0 interrupted iterations
default   [  96% ] 06/20 VUs  13m26.0s/14m00.0s

running (13m27.0s), 06/20 VUs, 7601 complete and 0 interrupted iterations
default   [  96% ] 06/20 VUs  13m27.0s/14m00.0s

running (13m28.0s), 06/20 VUs, 7606 complete and 0 interrupted iterations
default   [  96% ] 06/20 VUs  13m28.0s/14m00.0s

running (13m29.0s), 06/20 VUs, 7610 complete and 0 interrupted iterations
default   [  96% ] 06/20 VUs  13m29.0s/14m00.0s

running (13m30.0s), 06/20 VUs, 7616 complete and 0 interrupted iterations
default   [  96% ] 06/20 VUs  13m30.0s/14m00.0s

running (13m31.0s), 05/20 VUs, 7622 complete and 0 interrupted iterations
default   [  97% ] 05/20 VUs  13m31.0s/14m00.0s

running (13m32.0s), 05/20 VUs, 7627 complete and 0 interrupted iterations
default   [  97% ] 05/20 VUs  13m32.0s/14m00.0s

running (13m33.0s), 05/20 VUs, 7632 complete and 0 interrupted iterations
default   [  97% ] 05/20 VUs  13m33.0s/14m00.0s

running (13m34.0s), 05/20 VUs, 7637 complete and 0 interrupted iterations
default   [  97% ] 05/20 VUs  13m34.0s/14m00.0s

running (13m35.0s), 05/20 VUs, 7642 complete and 0 interrupted iterations
default   [  97% ] 05/20 VUs  13m35.0s/14m00.0s

running (13m36.0s), 05/20 VUs, 7646 complete and 0 interrupted iterations
default   [  97% ] 05/20 VUs  13m36.0s/14m00.0s

running (13m37.0s), 04/20 VUs, 7651 complete and 0 interrupted iterations
default   [  97% ] 04/20 VUs  13m37.0s/14m00.0s

running (13m38.0s), 04/20 VUs, 7655 complete and 0 interrupted iterations
default   [  97% ] 04/20 VUs  13m38.0s/14m00.0s

running (13m39.0s), 04/20 VUs, 7659 complete and 0 interrupted iterations
default   [  97% ] 04/20 VUs  13m39.0s/14m00.0s

running (13m40.0s), 04/20 VUs, 7663 complete and 0 interrupted iterations
default   [  98% ] 04/20 VUs  13m40.0s/14m00.0s

running (13m41.0s), 04/20 VUs, 7667 complete and 0 interrupted iterations
default   [  98% ] 04/20 VUs  13m41.0s/14m00.0s

running (13m42.0s), 04/20 VUs, 7671 complete and 0 interrupted iterations
default   [  98% ] 04/20 VUs  13m42.0s/14m00.0s

running (13m43.0s), 03/20 VUs, 7675 complete and 0 interrupted iterations
default   [  98% ] 03/20 VUs  13m43.0s/14m00.0s

running (13m44.0s), 03/20 VUs, 7678 complete and 0 interrupted iterations
default   [  98% ] 03/20 VUs  13m44.0s/14m00.0s

running (13m45.0s), 03/20 VUs, 7681 complete and 0 interrupted iterations
default   [  98% ] 03/20 VUs  13m45.0s/14m00.0s

running (13m46.0s), 03/20 VUs, 7684 complete and 0 interrupted iterations
default   [  98% ] 03/20 VUs  13m46.0s/14m00.0s

running (13m47.0s), 03/20 VUs, 7687 complete and 0 interrupted iterations
default   [  98% ] 03/20 VUs  13m47.0s/14m00.0s

running (13m48.0s), 03/20 VUs, 7690 complete and 0 interrupted iterations
default   [  99% ] 03/20 VUs  13m48.0s/14m00.0s

running (13m49.0s), 02/20 VUs, 7693 complete and 0 interrupted iterations
default   [  99% ] 02/20 VUs  13m49.0s/14m00.0s

running (13m50.0s), 02/20 VUs, 7695 complete and 0 interrupted iterations
default   [  99% ] 02/20 VUs  13m50.0s/14m00.0s

running (13m51.0s), 02/20 VUs, 7697 complete and 0 interrupted iterations
default   [  99% ] 02/20 VUs  13m51.0s/14m00.0s

running (13m52.0s), 02/20 VUs, 7699 complete and 0 interrupted iterations
default   [  99% ] 02/20 VUs  13m52.0s/14m00.0s

running (13m53.0s), 02/20 VUs, 7701 complete and 0 interrupted iterations
default   [  99% ] 02/20 VUs  13m53.0s/14m00.0s

running (13m54.0s), 02/20 VUs, 7703 complete and 0 interrupted iterations
default   [  99% ] 02/20 VUs  13m54.0s/14m00.0s

running (13m55.0s), 02/20 VUs, 7704 complete and 0 interrupted iterations
default   [  99% ] 02/20 VUs  13m55.0s/14m00.0s

running (13m56.0s), 01/20 VUs, 7705 complete and 0 interrupted iterations
default   [ 100% ] 01/20 VUs  13m56.0s/14m00.0s

running (13m57.0s), 01/20 VUs, 7706 complete and 0 interrupted iterations
default   [ 100% ] 01/20 VUs  13m57.0s/14m00.0s

running (13m58.0s), 01/20 VUs, 7707 complete and 0 interrupted iterations
default   [ 100% ] 01/20 VUs  13m58.0s/14m00.0s

running (13m59.0s), 01/20 VUs, 7708 complete and 0 interrupted iterations
default   [ 100% ] 01/20 VUs  13m59.0s/14m00.0s

running (14m00.0s), 01/20 VUs, 7709 complete and 0 interrupted iterations
default   [ 100% ] 01/20 VUs  14m00.0s/14m00.0s


  █ THRESHOLDS 

    checks
    ✓ 'rate>0.99' rate=100.00%

    http_req_duration
    ✓ 'p(95)<500' p(95)=275.02ms

    http_req_failed
    ✓ 'rate<0.01' rate=0.00%


  █ TOTAL RESULTS 

    checks_total.......: 15420   18.353696/s
    checks_succeeded...: 100.00% 15420 out of 15420
    checks_failed......: 0.00%   0 out of 15420

    ✓ health 2xx
    ✓ ready 2xx

    HTTP
    http_req_duration..............: avg=268.92ms min=260.83ms med=268.41ms max=727.18ms p(90)=273.52ms p(95)=275.02ms
      { expected_response:true }...: avg=268.92ms min=260.83ms med=268.41ms max=727.18ms p(90)=273.52ms p(95)=275.02ms
    http_req_failed................: 0.00%  0 out of 15420
    http_reqs......................: 15420  18.353696/s

    EXECUTION
    iteration_duration.............: avg=1.04s    min=1.02s    med=1.03s    max=1.7s     p(90)=1.04s    p(95)=1.05s   
    iterations.....................: 7710   9.176848/s
    vus............................: 1      min=1          max=20
    vus_max........................: 20     min=20         max=20

    NETWORK
    data_received..................: 3.7 MB 4.5 kB/s
    data_sent......................: 599 kB 713 B/s




running (14m00.2s), 00/20 VUs, 7710 complete and 0 interrupted iterations
default ✓ [ 100% ] 00/20 VUs  14m0s
