
         /\      Grafana   /‾‾/
    /\  /  \     |\  __   /  /
   /  \/    \    | |/ /  /   ‾‾\
  /          \   |   (  |  (‾)  |
 / __________ \  |_|\_\  \_____/


     execution: local
        script: /Users/lwambisrat/group3-tillflow-capstone/reliability/k6/soak.js
        output: json (/Users/lwambisrat/group3-tillflow-capstone/evidence/reliability/k6-soak.json)

     scenarios: (100.00%) 1 scenario, 10 max VUs, 18m30s max duration (incl. graceful stop):
              * default: Up to 10 looping VUs for 18m0s over 3 stages (gracefulRampDown: 30s, gracefulStop: 30s)


running (00m01.0s), 01/10 VUs, 0 complete and 0 interrupted iterations
default   [   0% ] 01/10 VUs  00m01.0s/18m00.0s

running (00m02.0s), 01/10 VUs, 0 complete and 0 interrupted iterations
default   [   0% ] 01/10 VUs  00m02.0s/18m00.0s

running (00m03.0s), 01/10 VUs, 1 complete and 0 interrupted iterations
default   [   0% ] 01/10 VUs  00m03.0s/18m00.0s

running (00m04.0s), 01/10 VUs, 2 complete and 0 interrupted iterations
default   [   0% ] 01/10 VUs  00m04.0s/18m00.0s

running (00m05.0s), 01/10 VUs, 2 complete and 0 interrupted iterations
default   [   0% ] 01/10 VUs  00m05.0s/18m00.0s

running (00m06.0s), 01/10 VUs, 3 complete and 0 interrupted iterations
default   [   1% ] 01/10 VUs  00m06.0s/18m00.0s

running (00m07.0s), 01/10 VUs, 3 complete and 0 interrupted iterations
default   [   1% ] 01/10 VUs  00m07.0s/18m00.0s

running (00m08.0s), 01/10 VUs, 4 complete and 0 interrupted iterations
default   [   1% ] 01/10 VUs  00m08.0s/18m00.0s

running (00m09.0s), 01/10 VUs, 5 complete and 0 interrupted iterations
default   [   1% ] 01/10 VUs  00m09.0s/18m00.0s

running (00m10.0s), 01/10 VUs, 5 complete and 0 interrupted iterations
default   [   1% ] 01/10 VUs  00m10.0s/18m00.0s

running (00m11.0s), 01/10 VUs, 6 complete and 0 interrupted iterations
default   [   1% ] 01/10 VUs  00m11.0s/18m00.0s

running (00m12.0s), 01/10 VUs, 7 complete and 0 interrupted iterations
default   [   1% ] 01/10 VUs  00m12.0s/18m00.0s

running (00m13.0s), 01/10 VUs, 7 complete and 0 interrupted iterations
default   [   1% ] 01/10 VUs  00m13.0s/18m00.0s

running (00m14.0s), 01/10 VUs, 8 complete and 0 interrupted iterations
default   [   1% ] 01/10 VUs  00m14.0s/18m00.0s

running (00m15.0s), 01/10 VUs, 9 complete and 0 interrupted iterations
default   [   1% ] 01/10 VUs  00m15.0s/18m00.0s

running (00m16.0s), 01/10 VUs, 9 complete and 0 interrupted iterations
default   [   1% ] 01/10 VUs  00m16.0s/18m00.0s

running (00m17.0s), 01/10 VUs, 10 complete and 0 interrupted iterations
default   [   2% ] 01/10 VUs  00m17.0s/18m00.0s

running (00m18.0s), 01/10 VUs, 10 complete and 0 interrupted iterations
default   [   2% ] 01/10 VUs  00m18.0s/18m00.0s

running (00m19.0s), 01/10 VUs, 11 complete and 0 interrupted iterations
default   [   2% ] 01/10 VUs  00m19.0s/18m00.0s

running (00m20.0s), 01/10 VUs, 12 complete and 0 interrupted iterations
default   [   2% ] 01/10 VUs  00m20.0s/18m00.0s

running (00m21.0s), 01/10 VUs, 12 complete and 0 interrupted iterations
default   [   2% ] 01/10 VUs  00m21.0s/18m00.0s

running (00m22.0s), 01/10 VUs, 13 complete and 0 interrupted iterations
default   [   2% ] 01/10 VUs  00m22.0s/18m00.0s

running (00m23.0s), 01/10 VUs, 14 complete and 0 interrupted iterations
default   [   2% ] 01/10 VUs  00m23.0s/18m00.0s

running (00m24.0s), 01/10 VUs, 14 complete and 0 interrupted iterations
default   [   2% ] 01/10 VUs  00m24.0s/18m00.0s

running (00m25.0s), 01/10 VUs, 15 complete and 0 interrupted iterations
default   [   2% ] 01/10 VUs  00m25.0s/18m00.0s

running (00m26.0s), 01/10 VUs, 16 complete and 0 interrupted iterations
default   [   2% ] 01/10 VUs  00m26.0s/18m00.0s

running (00m27.0s), 01/10 VUs, 16 complete and 0 interrupted iterations
default   [   2% ] 01/10 VUs  00m27.0s/18m00.0s

running (00m28.0s), 01/10 VUs, 17 complete and 0 interrupted iterations
default   [   3% ] 01/10 VUs  00m28.0s/18m00.0s

running (00m29.0s), 01/10 VUs, 18 complete and 0 interrupted iterations
default   [   3% ] 01/10 VUs  00m29.0s/18m00.0s

running (00m30.0s), 01/10 VUs, 18 complete and 0 interrupted iterations
default   [   3% ] 01/10 VUs  00m30.0s/18m00.0s

running (00m31.0s), 02/10 VUs, 19 complete and 0 interrupted iterations
default   [   3% ] 02/10 VUs  00m31.0s/18m00.0s

running (00m32.0s), 02/10 VUs, 19 complete and 0 interrupted iterations
default   [   3% ] 02/10 VUs  00m32.0s/18m00.0s

running (00m33.0s), 02/10 VUs, 21 complete and 0 interrupted iterations
default   [   3% ] 02/10 VUs  00m33.0s/18m00.0s

running (00m34.0s), 02/10 VUs, 23 complete and 0 interrupted iterations
default   [   3% ] 02/10 VUs  00m34.0s/18m00.0s

running (00m35.0s), 02/10 VUs, 23 complete and 0 interrupted iterations
default   [   3% ] 02/10 VUs  00m35.0s/18m00.0s

running (00m36.0s), 02/10 VUs, 25 complete and 0 interrupted iterations
default   [   3% ] 02/10 VUs  00m36.0s/18m00.0s

running (00m37.0s), 02/10 VUs, 27 complete and 0 interrupted iterations
default   [   3% ] 02/10 VUs  00m37.0s/18m00.0s

running (00m38.0s), 02/10 VUs, 27 complete and 0 interrupted iterations
default   [   4% ] 02/10 VUs  00m38.0s/18m00.0s

running (00m39.0s), 02/10 VUs, 29 complete and 0 interrupted iterations
default   [   4% ] 02/10 VUs  00m39.0s/18m00.0s

running (00m40.0s), 02/10 VUs, 31 complete and 0 interrupted iterations
default   [   4% ] 02/10 VUs  00m40.0s/18m00.0s

running (00m41.0s), 02/10 VUs, 31 complete and 0 interrupted iterations
default   [   4% ] 02/10 VUs  00m41.0s/18m00.0s

running (00m42.0s), 02/10 VUs, 33 complete and 0 interrupted iterations
default   [   4% ] 02/10 VUs  00m42.0s/18m00.0s

running (00m43.0s), 02/10 VUs, 33 complete and 0 interrupted iterations
default   [   4% ] 02/10 VUs  00m43.0s/18m00.0s

running (00m44.0s), 02/10 VUs, 35 complete and 0 interrupted iterations
default   [   4% ] 02/10 VUs  00m44.0s/18m00.0s

running (00m45.0s), 02/10 VUs, 37 complete and 0 interrupted iterations
default   [   4% ] 02/10 VUs  00m45.0s/18m00.0s

running (00m46.0s), 02/10 VUs, 37 complete and 0 interrupted iterations
default   [   4% ] 02/10 VUs  00m46.0s/18m00.0s

running (00m47.0s), 02/10 VUs, 39 complete and 0 interrupted iterations
default   [   4% ] 02/10 VUs  00m47.0s/18m00.0s

running (00m48.0s), 02/10 VUs, 41 complete and 0 interrupted iterations
default   [   4% ] 02/10 VUs  00m48.0s/18m00.0s

running (00m49.0s), 02/10 VUs, 41 complete and 0 interrupted iterations
default   [   5% ] 02/10 VUs  00m49.0s/18m00.0s

running (00m50.0s), 02/10 VUs, 43 complete and 0 interrupted iterations
default   [   5% ] 02/10 VUs  00m50.0s/18m00.0s

running (00m51.0s), 02/10 VUs, 45 complete and 0 interrupted iterations
default   [   5% ] 02/10 VUs  00m51.0s/18m00.0s

running (00m52.0s), 02/10 VUs, 45 complete and 0 interrupted iterations
default   [   5% ] 02/10 VUs  00m52.0s/18m00.0s

running (00m53.0s), 02/10 VUs, 47 complete and 0 interrupted iterations
default   [   5% ] 02/10 VUs  00m53.0s/18m00.0s

running (00m54.0s), 02/10 VUs, 47 complete and 0 interrupted iterations
default   [   5% ] 02/10 VUs  00m54.0s/18m00.0s

running (00m55.0s), 02/10 VUs, 49 complete and 0 interrupted iterations
default   [   5% ] 02/10 VUs  00m55.0s/18m00.0s

running (00m56.0s), 02/10 VUs, 51 complete and 0 interrupted iterations
default   [   5% ] 02/10 VUs  00m56.0s/18m00.0s

running (00m57.0s), 02/10 VUs, 51 complete and 0 interrupted iterations
default   [   5% ] 02/10 VUs  00m57.0s/18m00.0s

running (00m58.0s), 02/10 VUs, 53 complete and 0 interrupted iterations
default   [   5% ] 02/10 VUs  00m58.0s/18m00.0s

running (00m59.0s), 02/10 VUs, 55 complete and 0 interrupted iterations
default   [   5% ] 02/10 VUs  00m59.0s/18m00.0s

running (01m00.0s), 02/10 VUs, 55 complete and 0 interrupted iterations
default   [   6% ] 02/10 VUs  01m00.0s/18m00.0s

running (01m01.0s), 03/10 VUs, 57 complete and 0 interrupted iterations
default   [   6% ] 03/10 VUs  01m01.0s/18m00.0s

running (01m02.0s), 03/10 VUs, 59 complete and 0 interrupted iterations
default   [   6% ] 03/10 VUs  01m02.0s/18m00.0s

running (01m03.0s), 03/10 VUs, 60 complete and 0 interrupted iterations
default   [   6% ] 03/10 VUs  01m03.0s/18m00.0s

running (01m04.0s), 03/10 VUs, 63 complete and 0 interrupted iterations
default   [   6% ] 03/10 VUs  01m04.0s/18m00.0s

running (01m05.0s), 03/10 VUs, 63 complete and 0 interrupted iterations
default   [   6% ] 03/10 VUs  01m05.0s/18m00.0s

running (01m06.0s), 03/10 VUs, 66 complete and 0 interrupted iterations
default   [   6% ] 03/10 VUs  01m06.0s/18m00.0s

running (01m07.0s), 03/10 VUs, 69 complete and 0 interrupted iterations
default   [   6% ] 03/10 VUs  01m07.0s/18m00.0s

running (01m08.0s), 03/10 VUs, 69 complete and 0 interrupted iterations
default   [   6% ] 03/10 VUs  01m08.0s/18m00.0s

running (01m09.0s), 03/10 VUs, 72 complete and 0 interrupted iterations
default   [   6% ] 03/10 VUs  01m09.0s/18m00.0s

running (01m10.0s), 03/10 VUs, 75 complete and 0 interrupted iterations
default   [   6% ] 03/10 VUs  01m10.0s/18m00.0s

running (01m11.0s), 03/10 VUs, 75 complete and 0 interrupted iterations
default   [   7% ] 03/10 VUs  01m11.0s/18m00.0s

running (01m12.0s), 03/10 VUs, 78 complete and 0 interrupted iterations
default   [   7% ] 03/10 VUs  01m12.0s/18m00.0s

running (01m13.0s), 03/10 VUs, 80 complete and 0 interrupted iterations
default   [   7% ] 03/10 VUs  01m13.0s/18m00.0s

running (01m14.0s), 03/10 VUs, 81 complete and 0 interrupted iterations
default   [   7% ] 03/10 VUs  01m14.0s/18m00.0s

running (01m15.0s), 03/10 VUs, 84 complete and 0 interrupted iterations
default   [   7% ] 03/10 VUs  01m15.0s/18m00.0s

running (01m16.0s), 03/10 VUs, 84 complete and 0 interrupted iterations
default   [   7% ] 03/10 VUs  01m16.0s/18m00.0s

running (01m17.0s), 03/10 VUs, 87 complete and 0 interrupted iterations
default   [   7% ] 03/10 VUs  01m17.0s/18m00.0s

running (01m18.0s), 03/10 VUs, 90 complete and 0 interrupted iterations
default   [   7% ] 03/10 VUs  01m18.0s/18m00.0s

running (01m19.0s), 03/10 VUs, 90 complete and 0 interrupted iterations
default   [   7% ] 03/10 VUs  01m19.0s/18m00.0s

running (01m20.0s), 03/10 VUs, 93 complete and 0 interrupted iterations
default   [   7% ] 03/10 VUs  01m20.0s/18m00.0s

running (01m21.0s), 03/10 VUs, 96 complete and 0 interrupted iterations
default   [   7% ] 03/10 VUs  01m21.0s/18m00.0s

running (01m22.0s), 03/10 VUs, 96 complete and 0 interrupted iterations
default   [   8% ] 03/10 VUs  01m22.0s/18m00.0s

running (01m23.0s), 03/10 VUs, 99 complete and 0 interrupted iterations
default   [   8% ] 03/10 VUs  01m23.0s/18m00.0s

running (01m24.0s), 03/10 VUs, 102 complete and 0 interrupted iterations
default   [   8% ] 03/10 VUs  01m24.0s/18m00.0s

running (01m25.0s), 03/10 VUs, 102 complete and 0 interrupted iterations
default   [   8% ] 03/10 VUs  01m25.0s/18m00.0s

running (01m26.0s), 03/10 VUs, 105 complete and 0 interrupted iterations
default   [   8% ] 03/10 VUs  01m26.0s/18m00.0s

running (01m27.0s), 03/10 VUs, 107 complete and 0 interrupted iterations
default   [   8% ] 03/10 VUs  01m27.0s/18m00.0s

running (01m28.0s), 03/10 VUs, 108 complete and 0 interrupted iterations
default   [   8% ] 03/10 VUs  01m28.0s/18m00.0s

running (01m29.0s), 03/10 VUs, 111 complete and 0 interrupted iterations
default   [   8% ] 03/10 VUs  01m29.0s/18m00.0s

running (01m30.0s), 03/10 VUs, 111 complete and 0 interrupted iterations
default   [   8% ] 03/10 VUs  01m30.0s/18m00.0s

running (01m31.0s), 04/10 VUs, 114 complete and 0 interrupted iterations
default   [   8% ] 04/10 VUs  01m31.0s/18m00.0s

running (01m32.0s), 04/10 VUs, 114 complete and 0 interrupted iterations
default   [   9% ] 04/10 VUs  01m32.0s/18m00.0s

running (01m33.0s), 04/10 VUs, 118 complete and 0 interrupted iterations
default   [   9% ] 04/10 VUs  01m33.0s/18m00.0s

running (01m34.0s), 04/10 VUs, 122 complete and 0 interrupted iterations
default   [   9% ] 04/10 VUs  01m34.0s/18m00.0s

running (01m35.0s), 04/10 VUs, 122 complete and 0 interrupted iterations
default   [   9% ] 04/10 VUs  01m35.0s/18m00.0s

running (01m36.0s), 04/10 VUs, 126 complete and 0 interrupted iterations
default   [   9% ] 04/10 VUs  01m36.0s/18m00.0s

running (01m37.0s), 04/10 VUs, 129 complete and 0 interrupted iterations
default   [   9% ] 04/10 VUs  01m37.0s/18m00.0s

running (01m38.0s), 04/10 VUs, 130 complete and 0 interrupted iterations
default   [   9% ] 04/10 VUs  01m38.0s/18m00.0s

running (01m39.0s), 04/10 VUs, 134 complete and 0 interrupted iterations
default   [   9% ] 04/10 VUs  01m39.0s/18m00.0s

running (01m40.0s), 04/10 VUs, 137 complete and 0 interrupted iterations
default   [   9% ] 04/10 VUs  01m40.0s/18m00.0s

running (01m41.0s), 04/10 VUs, 138 complete and 0 interrupted iterations
default   [   9% ] 04/10 VUs  01m41.0s/18m00.0s

running (01m42.0s), 04/10 VUs, 142 complete and 0 interrupted iterations
default   [   9% ] 04/10 VUs  01m42.0s/18m00.0s

running (01m43.0s), 04/10 VUs, 145 complete and 0 interrupted iterations
default   [  10% ] 04/10 VUs  01m43.0s/18m00.0s

running (01m44.0s), 04/10 VUs, 146 complete and 0 interrupted iterations
default   [  10% ] 04/10 VUs  01m44.0s/18m00.0s

running (01m45.0s), 04/10 VUs, 150 complete and 0 interrupted iterations
default   [  10% ] 04/10 VUs  01m45.0s/18m00.0s

running (01m46.0s), 04/10 VUs, 153 complete and 0 interrupted iterations
default   [  10% ] 04/10 VUs  01m46.0s/18m00.0s

running (01m47.0s), 04/10 VUs, 154 complete and 0 interrupted iterations
default   [  10% ] 04/10 VUs  01m47.0s/18m00.0s

running (01m48.0s), 04/10 VUs, 157 complete and 0 interrupted iterations
default   [  10% ] 04/10 VUs  01m48.0s/18m00.0s

running (01m49.0s), 04/10 VUs, 158 complete and 0 interrupted iterations
default   [  10% ] 04/10 VUs  01m49.0s/18m00.0s

running (01m50.0s), 04/10 VUs, 162 complete and 0 interrupted iterations
default   [  10% ] 04/10 VUs  01m50.0s/18m00.0s

running (01m51.0s), 04/10 VUs, 165 complete and 0 interrupted iterations
default   [  10% ] 04/10 VUs  01m51.0s/18m00.0s

running (01m52.0s), 04/10 VUs, 166 complete and 0 interrupted iterations
default   [  10% ] 04/10 VUs  01m52.0s/18m00.0s

running (01m53.0s), 04/10 VUs, 170 complete and 0 interrupted iterations
default   [  10% ] 04/10 VUs  01m53.0s/18m00.0s

running (01m54.0s), 04/10 VUs, 173 complete and 0 interrupted iterations
default   [  11% ] 04/10 VUs  01m54.0s/18m00.0s

running (01m55.0s), 04/10 VUs, 174 complete and 0 interrupted iterations
default   [  11% ] 04/10 VUs  01m55.0s/18m00.0s

running (01m56.0s), 04/10 VUs, 178 complete and 0 interrupted iterations
default   [  11% ] 04/10 VUs  01m56.0s/18m00.0s

running (01m57.0s), 04/10 VUs, 181 complete and 0 interrupted iterations
default   [  11% ] 04/10 VUs  01m57.0s/18m00.0s

running (01m58.0s), 04/10 VUs, 182 complete and 0 interrupted iterations
default   [  11% ] 04/10 VUs  01m58.0s/18m00.0s

running (01m59.0s), 04/10 VUs, 185 complete and 0 interrupted iterations
default   [  11% ] 04/10 VUs  01m59.0s/18m00.0s

running (02m00.0s), 04/10 VUs, 189 complete and 0 interrupted iterations
default   [  11% ] 04/10 VUs  02m00.0s/18m00.0s

running (02m01.0s), 05/10 VUs, 190 complete and 0 interrupted iterations
default   [  11% ] 05/10 VUs  02m01.0s/18m00.0s

running (02m02.0s), 05/10 VUs, 193 complete and 0 interrupted iterations
default   [  11% ] 05/10 VUs  02m02.0s/18m00.0s

running (02m03.0s), 05/10 VUs, 196 complete and 0 interrupted iterations
default   [  11% ] 05/10 VUs  02m03.0s/18m00.0s

running (02m04.0s), 05/10 VUs, 200 complete and 0 interrupted iterations
default   [  11% ] 05/10 VUs  02m04.0s/18m00.0s

running (02m05.0s), 05/10 VUs, 203 complete and 0 interrupted iterations
default   [  12% ] 05/10 VUs  02m05.0s/18m00.0s

running (02m06.0s), 05/10 VUs, 205 complete and 0 interrupted iterations
default   [  12% ] 05/10 VUs  02m06.0s/18m00.0s

running (02m07.0s), 05/10 VUs, 210 complete and 0 interrupted iterations
default   [  12% ] 05/10 VUs  02m07.0s/18m00.0s

running (02m08.0s), 05/10 VUs, 213 complete and 0 interrupted iterations
default   [  12% ] 05/10 VUs  02m08.0s/18m00.0s

running (02m09.0s), 05/10 VUs, 215 complete and 0 interrupted iterations
default   [  12% ] 05/10 VUs  02m09.0s/18m00.0s

running (02m10.0s), 05/10 VUs, 219 complete and 0 interrupted iterations
default   [  12% ] 05/10 VUs  02m10.0s/18m00.0s

running (02m11.0s), 05/10 VUs, 223 complete and 0 interrupted iterations
default   [  12% ] 05/10 VUs  02m11.0s/18m00.0s

running (02m12.0s), 05/10 VUs, 225 complete and 0 interrupted iterations
default   [  12% ] 05/10 VUs  02m12.0s/18m00.0s

running (02m13.0s), 05/10 VUs, 228 complete and 0 interrupted iterations
default   [  12% ] 05/10 VUs  02m13.0s/18m00.0s

running (02m14.0s), 05/10 VUs, 233 complete and 0 interrupted iterations
default   [  12% ] 05/10 VUs  02m14.0s/18m00.0s

running (02m15.0s), 05/10 VUs, 235 complete and 0 interrupted iterations
default   [  12% ] 05/10 VUs  02m15.0s/18m00.0s

running (02m16.0s), 05/10 VUs, 238 complete and 0 interrupted iterations
default   [  13% ] 05/10 VUs  02m16.0s/18m00.0s

running (02m17.0s), 05/10 VUs, 242 complete and 0 interrupted iterations
default   [  13% ] 05/10 VUs  02m17.0s/18m00.0s

running (02m18.0s), 05/10 VUs, 245 complete and 0 interrupted iterations
default   [  13% ] 05/10 VUs  02m18.0s/18m00.0s

running (02m19.0s), 05/10 VUs, 248 complete and 0 interrupted iterations
default   [  13% ] 05/10 VUs  02m19.0s/18m00.0s

running (02m20.0s), 05/10 VUs, 250 complete and 0 interrupted iterations
default   [  13% ] 05/10 VUs  02m20.0s/18m00.0s

running (02m21.0s), 05/10 VUs, 255 complete and 0 interrupted iterations
default   [  13% ] 05/10 VUs  02m21.0s/18m00.0s

running (02m22.0s), 05/10 VUs, 258 complete and 0 interrupted iterations
default   [  13% ] 05/10 VUs  02m22.0s/18m00.0s

running (02m23.0s), 05/10 VUs, 260 complete and 0 interrupted iterations
default   [  13% ] 05/10 VUs  02m23.0s/18m00.0s

running (02m24.0s), 05/10 VUs, 263 complete and 0 interrupted iterations
default   [  13% ] 05/10 VUs  02m24.0s/18m00.0s

running (02m25.0s), 05/10 VUs, 268 complete and 0 interrupted iterations
default   [  13% ] 05/10 VUs  02m25.0s/18m00.0s

running (02m26.0s), 05/10 VUs, 270 complete and 0 interrupted iterations
default   [  14% ] 05/10 VUs  02m26.0s/18m00.0s

running (02m27.0s), 05/10 VUs, 273 complete and 0 interrupted iterations
default   [  14% ] 05/10 VUs  02m27.0s/18m00.0s

running (02m28.0s), 05/10 VUs, 278 complete and 0 interrupted iterations
default   [  14% ] 05/10 VUs  02m28.0s/18m00.0s

running (02m29.0s), 05/10 VUs, 280 complete and 0 interrupted iterations
default   [  14% ] 05/10 VUs  02m29.0s/18m00.0s

running (02m30.0s), 05/10 VUs, 283 complete and 0 interrupted iterations
default   [  14% ] 05/10 VUs  02m30.0s/18m00.0s

running (02m31.0s), 05/10 VUs, 288 complete and 0 interrupted iterations
default   [  14% ] 05/10 VUs  02m31.0s/18m00.0s

running (02m32.0s), 05/10 VUs, 290 complete and 0 interrupted iterations
default   [  14% ] 05/10 VUs  02m32.0s/18m00.0s

running (02m33.0s), 05/10 VUs, 293 complete and 0 interrupted iterations
default   [  14% ] 05/10 VUs  02m33.0s/18m00.0s

running (02m34.0s), 05/10 VUs, 296 complete and 0 interrupted iterations
default   [  14% ] 05/10 VUs  02m34.0s/18m00.0s

running (02m35.0s), 05/10 VUs, 298 complete and 0 interrupted iterations
default   [  14% ] 05/10 VUs  02m35.0s/18m00.0s

running (02m36.0s), 05/10 VUs, 303 complete and 0 interrupted iterations
default   [  14% ] 05/10 VUs  02m36.0s/18m00.0s

running (02m37.0s), 05/10 VUs, 305 complete and 0 interrupted iterations
default   [  15% ] 05/10 VUs  02m37.0s/18m00.0s

running (02m38.0s), 05/10 VUs, 308 complete and 0 interrupted iterations
default   [  15% ] 05/10 VUs  02m38.0s/18m00.0s

running (02m39.0s), 05/10 VUs, 313 complete and 0 interrupted iterations
default   [  15% ] 05/10 VUs  02m39.0s/18m00.0s

running (02m40.0s), 05/10 VUs, 315 complete and 0 interrupted iterations
default   [  15% ] 05/10 VUs  02m40.0s/18m00.0s

running (02m41.0s), 05/10 VUs, 318 complete and 0 interrupted iterations
default   [  15% ] 05/10 VUs  02m41.0s/18m00.0s

running (02m42.0s), 05/10 VUs, 323 complete and 0 interrupted iterations
default   [  15% ] 05/10 VUs  02m42.0s/18m00.0s

running (02m43.0s), 05/10 VUs, 325 complete and 0 interrupted iterations
default   [  15% ] 05/10 VUs  02m43.0s/18m00.0s

running (02m44.0s), 05/10 VUs, 328 complete and 0 interrupted iterations
default   [  15% ] 05/10 VUs  02m44.0s/18m00.0s

running (02m45.0s), 05/10 VUs, 333 complete and 0 interrupted iterations
default   [  15% ] 05/10 VUs  02m45.0s/18m00.0s

running (02m46.0s), 05/10 VUs, 334 complete and 0 interrupted iterations
default   [  15% ] 05/10 VUs  02m46.0s/18m00.0s

running (02m47.0s), 05/10 VUs, 338 complete and 0 interrupted iterations
default   [  15% ] 05/10 VUs  02m47.0s/18m00.0s

running (02m48.0s), 05/10 VUs, 342 complete and 0 interrupted iterations
default   [  16% ] 05/10 VUs  02m48.0s/18m00.0s

running (02m49.0s), 05/10 VUs, 343 complete and 0 interrupted iterations
default   [  16% ] 05/10 VUs  02m49.0s/18m00.0s

running (02m50.0s), 05/10 VUs, 348 complete and 0 interrupted iterations
default   [  16% ] 05/10 VUs  02m50.0s/18m00.0s

running (02m51.0s), 05/10 VUs, 351 complete and 0 interrupted iterations
default   [  16% ] 05/10 VUs  02m51.0s/18m00.0s

running (02m52.0s), 05/10 VUs, 353 complete and 0 interrupted iterations
default   [  16% ] 05/10 VUs  02m52.0s/18m00.0s

running (02m53.0s), 05/10 VUs, 358 complete and 0 interrupted iterations
default   [  16% ] 05/10 VUs  02m53.0s/18m00.0s

running (02m54.0s), 05/10 VUs, 360 complete and 0 interrupted iterations
default   [  16% ] 05/10 VUs  02m54.0s/18m00.0s

running (02m55.0s), 05/10 VUs, 363 complete and 0 interrupted iterations
default   [  16% ] 05/10 VUs  02m55.0s/18m00.0s

running (02m56.0s), 05/10 VUs, 368 complete and 0 interrupted iterations
default   [  16% ] 05/10 VUs  02m56.0s/18m00.0s

running (02m57.0s), 05/10 VUs, 369 complete and 0 interrupted iterations
default   [  16% ] 05/10 VUs  02m57.0s/18m00.0s

running (02m58.0s), 05/10 VUs, 373 complete and 0 interrupted iterations
default   [  16% ] 05/10 VUs  02m58.0s/18m00.0s

running (02m59.0s), 05/10 VUs, 378 complete and 0 interrupted iterations
default   [  17% ] 05/10 VUs  02m59.0s/18m00.0s

running (03m00.0s), 05/10 VUs, 378 complete and 0 interrupted iterations
default   [  17% ] 05/10 VUs  03m00.0s/18m00.0s

running (03m01.0s), 05/10 VUs, 383 complete and 0 interrupted iterations
default   [  17% ] 05/10 VUs  03m01.0s/18m00.0s

running (03m02.0s), 05/10 VUs, 388 complete and 0 interrupted iterations
default   [  17% ] 05/10 VUs  03m02.0s/18m00.0s

running (03m03.0s), 05/10 VUs, 388 complete and 0 interrupted iterations
default   [  17% ] 05/10 VUs  03m03.0s/18m00.0s

running (03m04.0s), 05/10 VUs, 393 complete and 0 interrupted iterations
default   [  17% ] 05/10 VUs  03m04.0s/18m00.0s

running (03m05.0s), 05/10 VUs, 396 complete and 0 interrupted iterations
default   [  17% ] 05/10 VUs  03m05.0s/18m00.0s

running (03m06.0s), 05/10 VUs, 398 complete and 0 interrupted iterations
default   [  17% ] 05/10 VUs  03m06.0s/18m00.0s

running (03m07.0s), 05/10 VUs, 403 complete and 0 interrupted iterations
default   [  17% ] 05/10 VUs  03m07.0s/18m00.0s

running (03m08.0s), 05/10 VUs, 406 complete and 0 interrupted iterations
default   [  17% ] 05/10 VUs  03m08.0s/18m00.0s

running (03m09.0s), 05/10 VUs, 408 complete and 0 interrupted iterations
default   [  17% ] 05/10 VUs  03m09.0s/18m00.0s

running (03m10.0s), 05/10 VUs, 413 complete and 0 interrupted iterations
default   [  18% ] 05/10 VUs  03m10.0s/18m00.0s

running (03m11.0s), 05/10 VUs, 414 complete and 0 interrupted iterations
default   [  18% ] 05/10 VUs  03m11.0s/18m00.0s

running (03m12.0s), 05/10 VUs, 418 complete and 0 interrupted iterations
default   [  18% ] 05/10 VUs  03m12.0s/18m00.0s

running (03m13.0s), 05/10 VUs, 423 complete and 0 interrupted iterations
default   [  18% ] 05/10 VUs  03m13.0s/18m00.0s

running (03m14.0s), 05/10 VUs, 423 complete and 0 interrupted iterations
default   [  18% ] 05/10 VUs  03m14.0s/18m00.0s

running (03m15.0s), 05/10 VUs, 428 complete and 0 interrupted iterations
default   [  18% ] 05/10 VUs  03m15.0s/18m00.0s

running (03m16.0s), 05/10 VUs, 433 complete and 0 interrupted iterations
default   [  18% ] 05/10 VUs  03m16.0s/18m00.0s

running (03m17.0s), 05/10 VUs, 433 complete and 0 interrupted iterations
default   [  18% ] 05/10 VUs  03m17.0s/18m00.0s

running (03m18.0s), 05/10 VUs, 438 complete and 0 interrupted iterations
default   [  18% ] 05/10 VUs  03m18.0s/18m00.0s

running (03m19.0s), 05/10 VUs, 443 complete and 0 interrupted iterations
default   [  18% ] 05/10 VUs  03m19.0s/18m00.0s

running (03m20.0s), 05/10 VUs, 443 complete and 0 interrupted iterations
default   [  19% ] 05/10 VUs  03m20.0s/18m00.0s

running (03m21.0s), 05/10 VUs, 448 complete and 0 interrupted iterations
default   [  19% ] 05/10 VUs  03m21.0s/18m00.0s

running (03m22.0s), 05/10 VUs, 450 complete and 0 interrupted iterations
default   [  19% ] 05/10 VUs  03m22.0s/18m00.0s

running (03m23.0s), 05/10 VUs, 453 complete and 0 interrupted iterations
default   [  19% ] 05/10 VUs  03m23.0s/18m00.0s

running (03m24.0s), 05/10 VUs, 458 complete and 0 interrupted iterations
default   [  19% ] 05/10 VUs  03m24.0s/18m00.0s

running (03m25.0s), 05/10 VUs, 459 complete and 0 interrupted iterations
default   [  19% ] 05/10 VUs  03m25.0s/18m00.0s

running (03m26.0s), 05/10 VUs, 463 complete and 0 interrupted iterations
default   [  19% ] 05/10 VUs  03m26.0s/18m00.0s

running (03m27.0s), 05/10 VUs, 468 complete and 0 interrupted iterations
default   [  19% ] 05/10 VUs  03m27.0s/18m00.0s

running (03m28.0s), 05/10 VUs, 468 complete and 0 interrupted iterations
default   [  19% ] 05/10 VUs  03m28.0s/18m00.0s

running (03m29.0s), 05/10 VUs, 473 complete and 0 interrupted iterations
default   [  19% ] 05/10 VUs  03m29.0s/18m00.0s

running (03m30.0s), 05/10 VUs, 478 complete and 0 interrupted iterations
default   [  19% ] 05/10 VUs  03m30.0s/18m00.0s

running (03m31.0s), 05/10 VUs, 478 complete and 0 interrupted iterations
default   [  20% ] 05/10 VUs  03m31.0s/18m00.0s

running (03m32.0s), 05/10 VUs, 483 complete and 0 interrupted iterations
default   [  20% ] 05/10 VUs  03m32.0s/18m00.0s

running (03m33.0s), 05/10 VUs, 488 complete and 0 interrupted iterations
default   [  20% ] 05/10 VUs  03m33.0s/18m00.0s

running (03m34.0s), 05/10 VUs, 488 complete and 0 interrupted iterations
default   [  20% ] 05/10 VUs  03m34.0s/18m00.0s

running (03m35.0s), 05/10 VUs, 493 complete and 0 interrupted iterations
default   [  20% ] 05/10 VUs  03m35.0s/18m00.0s

running (03m36.0s), 05/10 VUs, 496 complete and 0 interrupted iterations
default   [  20% ] 05/10 VUs  03m36.0s/18m00.0s

running (03m37.0s), 05/10 VUs, 498 complete and 0 interrupted iterations
default   [  20% ] 05/10 VUs  03m37.0s/18m00.0s

running (03m38.0s), 05/10 VUs, 503 complete and 0 interrupted iterations
default   [  20% ] 05/10 VUs  03m38.0s/18m00.0s

running (03m39.0s), 05/10 VUs, 504 complete and 0 interrupted iterations
default   [  20% ] 05/10 VUs  03m39.0s/18m00.0s

running (03m40.0s), 05/10 VUs, 508 complete and 0 interrupted iterations
default   [  20% ] 05/10 VUs  03m40.0s/18m00.0s

running (03m41.0s), 05/10 VUs, 513 complete and 0 interrupted iterations
default   [  20% ] 05/10 VUs  03m41.0s/18m00.0s

running (03m42.0s), 05/10 VUs, 514 complete and 0 interrupted iterations
default   [  21% ] 05/10 VUs  03m42.0s/18m00.0s

running (03m43.0s), 05/10 VUs, 518 complete and 0 interrupted iterations
default   [  21% ] 05/10 VUs  03m43.0s/18m00.0s

running (03m44.0s), 05/10 VUs, 523 complete and 0 interrupted iterations
default   [  21% ] 05/10 VUs  03m44.0s/18m00.0s

running (03m45.0s), 05/10 VUs, 523 complete and 0 interrupted iterations
default   [  21% ] 05/10 VUs  03m45.0s/18m00.0s

running (03m46.0s), 05/10 VUs, 528 complete and 0 interrupted iterations
default   [  21% ] 05/10 VUs  03m46.0s/18m00.0s

running (03m47.0s), 05/10 VUs, 531 complete and 0 interrupted iterations
default   [  21% ] 05/10 VUs  03m47.0s/18m00.0s

running (03m48.0s), 05/10 VUs, 533 complete and 0 interrupted iterations
default   [  21% ] 05/10 VUs  03m48.0s/18m00.0s

running (03m49.0s), 05/10 VUs, 538 complete and 0 interrupted iterations
default   [  21% ] 05/10 VUs  03m49.0s/18m00.0s

running (03m50.0s), 05/10 VUs, 541 complete and 0 interrupted iterations
default   [  21% ] 05/10 VUs  03m50.0s/18m00.0s

running (03m51.0s), 05/10 VUs, 543 complete and 0 interrupted iterations
default   [  21% ] 05/10 VUs  03m51.0s/18m00.0s

running (03m52.0s), 05/10 VUs, 548 complete and 0 interrupted iterations
default   [  21% ] 05/10 VUs  03m52.0s/18m00.0s

running (03m53.0s), 05/10 VUs, 549 complete and 0 interrupted iterations
default   [  22% ] 05/10 VUs  03m53.0s/18m00.0s

running (03m54.0s), 05/10 VUs, 553 complete and 0 interrupted iterations
default   [  22% ] 05/10 VUs  03m54.0s/18m00.0s

running (03m55.0s), 05/10 VUs, 558 complete and 0 interrupted iterations
default   [  22% ] 05/10 VUs  03m55.0s/18m00.0s

running (03m56.0s), 05/10 VUs, 559 complete and 0 interrupted iterations
default   [  22% ] 05/10 VUs  03m56.0s/18m00.0s

running (03m57.0s), 05/10 VUs, 563 complete and 0 interrupted iterations
default   [  22% ] 05/10 VUs  03m57.0s/18m00.0s

running (03m58.0s), 05/10 VUs, 568 complete and 0 interrupted iterations
default   [  22% ] 05/10 VUs  03m58.0s/18m00.0s

running (03m59.0s), 05/10 VUs, 569 complete and 0 interrupted iterations
default   [  22% ] 05/10 VUs  03m59.0s/18m00.0s

running (04m00.0s), 05/10 VUs, 573 complete and 0 interrupted iterations
default   [  22% ] 05/10 VUs  04m00.0s/18m00.0s

running (04m01.0s), 05/10 VUs, 576 complete and 0 interrupted iterations
default   [  22% ] 05/10 VUs  04m01.0s/18m00.0s

running (04m02.0s), 05/10 VUs, 578 complete and 0 interrupted iterations
default   [  22% ] 05/10 VUs  04m02.0s/18m00.0s

running (04m03.0s), 05/10 VUs, 583 complete and 0 interrupted iterations
default   [  22% ] 05/10 VUs  04m03.0s/18m00.0s

running (04m04.0s), 05/10 VUs, 586 complete and 0 interrupted iterations
default   [  23% ] 05/10 VUs  04m04.0s/18m00.0s

running (04m05.0s), 05/10 VUs, 588 complete and 0 interrupted iterations
default   [  23% ] 05/10 VUs  04m05.0s/18m00.0s

running (04m06.0s), 05/10 VUs, 593 complete and 0 interrupted iterations
default   [  23% ] 05/10 VUs  04m06.0s/18m00.0s

running (04m07.0s), 05/10 VUs, 596 complete and 0 interrupted iterations
default   [  23% ] 05/10 VUs  04m07.0s/18m00.0s

running (04m08.0s), 05/10 VUs, 598 complete and 0 interrupted iterations
default   [  23% ] 05/10 VUs  04m08.0s/18m00.0s

running (04m09.0s), 05/10 VUs, 603 complete and 0 interrupted iterations
default   [  23% ] 05/10 VUs  04m09.0s/18m00.0s

running (04m10.0s), 05/10 VUs, 604 complete and 0 interrupted iterations
default   [  23% ] 05/10 VUs  04m10.0s/18m00.0s

running (04m11.0s), 05/10 VUs, 608 complete and 0 interrupted iterations
default   [  23% ] 05/10 VUs  04m11.0s/18m00.0s

running (04m12.0s), 05/10 VUs, 611 complete and 0 interrupted iterations
default   [  23% ] 05/10 VUs  04m12.0s/18m00.0s

running (04m13.0s), 05/10 VUs, 614 complete and 0 interrupted iterations
default   [  23% ] 05/10 VUs  04m13.0s/18m00.0s

running (04m14.0s), 05/10 VUs, 618 complete and 0 interrupted iterations
default   [  24% ] 05/10 VUs  04m14.0s/18m00.0s

running (04m15.0s), 05/10 VUs, 621 complete and 0 interrupted iterations
default   [  24% ] 05/10 VUs  04m15.0s/18m00.0s

running (04m16.0s), 05/10 VUs, 624 complete and 0 interrupted iterations
default   [  24% ] 05/10 VUs  04m16.0s/18m00.0s

running (04m17.0s), 05/10 VUs, 628 complete and 0 interrupted iterations
default   [  24% ] 05/10 VUs  04m17.0s/18m00.0s

running (04m18.0s), 05/10 VUs, 631 complete and 0 interrupted iterations
default   [  24% ] 05/10 VUs  04m18.0s/18m00.0s

running (04m19.0s), 05/10 VUs, 633 complete and 0 interrupted iterations
default   [  24% ] 05/10 VUs  04m19.0s/18m00.0s

running (04m20.0s), 05/10 VUs, 638 complete and 0 interrupted iterations
default   [  24% ] 05/10 VUs  04m20.0s/18m00.0s

running (04m21.0s), 05/10 VUs, 641 complete and 0 interrupted iterations
default   [  24% ] 05/10 VUs  04m21.0s/18m00.0s

running (04m22.0s), 05/10 VUs, 643 complete and 0 interrupted iterations
default   [  24% ] 05/10 VUs  04m22.0s/18m00.0s

running (04m23.0s), 05/10 VUs, 646 complete and 0 interrupted iterations
default   [  24% ] 05/10 VUs  04m23.0s/18m00.0s

running (04m24.0s), 05/10 VUs, 650 complete and 0 interrupted iterations
default   [  24% ] 05/10 VUs  04m24.0s/18m00.0s

running (04m25.0s), 05/10 VUs, 653 complete and 0 interrupted iterations
default   [  25% ] 05/10 VUs  04m25.0s/18m00.0s

running (04m26.0s), 05/10 VUs, 656 complete and 0 interrupted iterations
default   [  25% ] 05/10 VUs  04m26.0s/18m00.0s

running (04m27.0s), 05/10 VUs, 659 complete and 0 interrupted iterations
default   [  25% ] 05/10 VUs  04m27.0s/18m00.0s

running (04m28.0s), 05/10 VUs, 663 complete and 0 interrupted iterations
default   [  25% ] 05/10 VUs  04m28.0s/18m00.0s

running (04m29.0s), 05/10 VUs, 666 complete and 0 interrupted iterations
default   [  25% ] 05/10 VUs  04m29.0s/18m00.0s

running (04m30.0s), 05/10 VUs, 668 complete and 0 interrupted iterations
default   [  25% ] 05/10 VUs  04m30.0s/18m00.0s

running (04m31.0s), 05/10 VUs, 672 complete and 0 interrupted iterations
default   [  25% ] 05/10 VUs  04m31.0s/18m00.0s

running (04m32.0s), 05/10 VUs, 676 complete and 0 interrupted iterations
default   [  25% ] 05/10 VUs  04m32.0s/18m00.0s

running (04m33.0s), 05/10 VUs, 678 complete and 0 interrupted iterations
default   [  25% ] 05/10 VUs  04m33.0s/18m00.0s

running (04m34.0s), 05/10 VUs, 681 complete and 0 interrupted iterations
default   [  25% ] 05/10 VUs  04m34.0s/18m00.0s

running (04m35.0s), 05/10 VUs, 685 complete and 0 interrupted iterations
default   [  25% ] 05/10 VUs  04m35.0s/18m00.0s

running (04m36.0s), 05/10 VUs, 688 complete and 0 interrupted iterations
default   [  26% ] 05/10 VUs  04m36.0s/18m00.0s

running (04m37.0s), 05/10 VUs, 691 complete and 0 interrupted iterations
default   [  26% ] 05/10 VUs  04m37.0s/18m00.0s

running (04m38.0s), 05/10 VUs, 695 complete and 0 interrupted iterations
default   [  26% ] 05/10 VUs  04m38.0s/18m00.0s

running (04m39.0s), 05/10 VUs, 698 complete and 0 interrupted iterations
default   [  26% ] 05/10 VUs  04m39.0s/18m00.0s

running (04m40.0s), 05/10 VUs, 701 complete and 0 interrupted iterations
default   [  26% ] 05/10 VUs  04m40.0s/18m00.0s

running (04m41.0s), 05/10 VUs, 703 complete and 0 interrupted iterations
default   [  26% ] 05/10 VUs  04m41.0s/18m00.0s

running (04m42.0s), 05/10 VUs, 707 complete and 0 interrupted iterations
default   [  26% ] 05/10 VUs  04m42.0s/18m00.0s

running (04m43.0s), 05/10 VUs, 710 complete and 0 interrupted iterations
default   [  26% ] 05/10 VUs  04m43.0s/18m00.0s

running (04m44.0s), 05/10 VUs, 713 complete and 0 interrupted iterations
default   [  26% ] 05/10 VUs  04m44.0s/18m00.0s

running (04m45.0s), 05/10 VUs, 716 complete and 0 interrupted iterations
default   [  26% ] 05/10 VUs  04m45.0s/18m00.0s

running (04m46.0s), 05/10 VUs, 719 complete and 0 interrupted iterations
default   [  26% ] 05/10 VUs  04m46.0s/18m00.0s

running (04m47.0s), 05/10 VUs, 723 complete and 0 interrupted iterations
default   [  27% ] 05/10 VUs  04m47.0s/18m00.0s

running (04m48.0s), 05/10 VUs, 726 complete and 0 interrupted iterations
default   [  27% ] 05/10 VUs  04m48.0s/18m00.0s

running (04m49.0s), 05/10 VUs, 728 complete and 0 interrupted iterations
default   [  27% ] 05/10 VUs  04m49.0s/18m00.0s

running (04m50.0s), 05/10 VUs, 733 complete and 0 interrupted iterations
default   [  27% ] 05/10 VUs  04m50.0s/18m00.0s

running (04m51.0s), 05/10 VUs, 736 complete and 0 interrupted iterations
default   [  27% ] 05/10 VUs  04m51.0s/18m00.0s

running (04m52.0s), 05/10 VUs, 738 complete and 0 interrupted iterations
default   [  27% ] 05/10 VUs  04m52.0s/18m00.0s

running (04m53.0s), 05/10 VUs, 742 complete and 0 interrupted iterations
default   [  27% ] 05/10 VUs  04m53.0s/18m00.0s

running (04m54.0s), 05/10 VUs, 745 complete and 0 interrupted iterations
default   [  27% ] 05/10 VUs  04m54.0s/18m00.0s

running (04m55.0s), 05/10 VUs, 748 complete and 0 interrupted iterations
default   [  27% ] 05/10 VUs  04m55.0s/18m00.0s

running (04m56.0s), 05/10 VUs, 751 complete and 0 interrupted iterations
default   [  27% ] 05/10 VUs  04m56.0s/18m00.0s

running (04m57.0s), 05/10 VUs, 755 complete and 0 interrupted iterations
default   [  27% ] 05/10 VUs  04m57.0s/18m00.0s

running (04m58.0s), 05/10 VUs, 758 complete and 0 interrupted iterations
default   [  28% ] 05/10 VUs  04m58.0s/18m00.0s

running (04m59.0s), 05/10 VUs, 761 complete and 0 interrupted iterations
default   [  28% ] 05/10 VUs  04m59.0s/18m00.0s

running (05m00.0s), 05/10 VUs, 763 complete and 0 interrupted iterations
default   [  28% ] 05/10 VUs  05m00.0s/18m00.0s

running (05m01.0s), 06/10 VUs, 767 complete and 0 interrupted iterations
default   [  28% ] 06/10 VUs  05m01.0s/18m00.0s

running (05m02.0s), 06/10 VUs, 771 complete and 0 interrupted iterations
default   [  28% ] 06/10 VUs  05m02.0s/18m00.0s

running (05m03.0s), 06/10 VUs, 774 complete and 0 interrupted iterations
default   [  28% ] 06/10 VUs  05m03.0s/18m00.0s

running (05m04.0s), 06/10 VUs, 778 complete and 0 interrupted iterations
default   [  28% ] 06/10 VUs  05m04.0s/18m00.0s

running (05m05.0s), 06/10 VUs, 782 complete and 0 interrupted iterations
default   [  28% ] 06/10 VUs  05m05.0s/18m00.0s

running (05m06.0s), 06/10 VUs, 786 complete and 0 interrupted iterations
default   [  28% ] 06/10 VUs  05m06.0s/18m00.0s

running (05m07.0s), 06/10 VUs, 790 complete and 0 interrupted iterations
default   [  28% ] 06/10 VUs  05m07.0s/18m00.0s

running (05m08.0s), 06/10 VUs, 794 complete and 0 interrupted iterations
default   [  29% ] 06/10 VUs  05m08.0s/18m00.0s

running (05m09.0s), 06/10 VUs, 797 complete and 0 interrupted iterations
default   [  29% ] 06/10 VUs  05m09.0s/18m00.0s

running (05m10.0s), 06/10 VUs, 802 complete and 0 interrupted iterations
default   [  29% ] 06/10 VUs  05m10.0s/18m00.0s

running (05m11.0s), 06/10 VUs, 806 complete and 0 interrupted iterations
default   [  29% ] 06/10 VUs  05m11.0s/18m00.0s

running (05m12.0s), 06/10 VUs, 809 complete and 0 interrupted iterations
default   [  29% ] 06/10 VUs  05m12.0s/18m00.0s

running (05m13.0s), 06/10 VUs, 813 complete and 0 interrupted iterations
default   [  29% ] 06/10 VUs  05m13.0s/18m00.0s

running (05m14.0s), 06/10 VUs, 816 complete and 0 interrupted iterations
default   [  29% ] 06/10 VUs  05m14.0s/18m00.0s

running (05m15.0s), 06/10 VUs, 820 complete and 0 interrupted iterations
default   [  29% ] 06/10 VUs  05m15.0s/18m00.0s

running (05m16.0s), 06/10 VUs, 825 complete and 0 interrupted iterations
default   [  29% ] 06/10 VUs  05m16.0s/18m00.0s

running (05m17.0s), 06/10 VUs, 828 complete and 0 interrupted iterations
default   [  29% ] 06/10 VUs  05m17.0s/18m00.0s

running (05m18.0s), 06/10 VUs, 832 complete and 0 interrupted iterations
default   [  29% ] 06/10 VUs  05m18.0s/18m00.0s

running (05m19.0s), 06/10 VUs, 836 complete and 0 interrupted iterations
default   [  30% ] 06/10 VUs  05m19.0s/18m00.0s

running (05m20.0s), 06/10 VUs, 839 complete and 0 interrupted iterations
default   [  30% ] 06/10 VUs  05m20.0s/18m00.0s

running (05m21.0s), 06/10 VUs, 844 complete and 0 interrupted iterations
default   [  30% ] 06/10 VUs  05m21.0s/18m00.0s

running (05m22.0s), 06/10 VUs, 848 complete and 0 interrupted iterations
default   [  30% ] 06/10 VUs  05m22.0s/18m00.0s

running (05m23.0s), 06/10 VUs, 850 complete and 0 interrupted iterations
default   [  30% ] 06/10 VUs  05m23.0s/18m00.0s

running (05m24.0s), 06/10 VUs, 855 complete and 0 interrupted iterations
default   [  30% ] 06/10 VUs  05m24.0s/18m00.0s

running (05m25.0s), 06/10 VUs, 860 complete and 0 interrupted iterations
default   [  30% ] 06/10 VUs  05m25.0s/18m00.0s

running (05m26.0s), 06/10 VUs, 862 complete and 0 interrupted iterations
default   [  30% ] 06/10 VUs  05m26.0s/18m00.0s

running (05m27.0s), 06/10 VUs, 867 complete and 0 interrupted iterations
default   [  30% ] 06/10 VUs  05m27.0s/18m00.0s

running (05m28.0s), 06/10 VUs, 870 complete and 0 interrupted iterations
default   [  30% ] 06/10 VUs  05m28.0s/18m00.0s

running (05m29.0s), 06/10 VUs, 874 complete and 0 interrupted iterations
default   [  30% ] 06/10 VUs  05m29.0s/18m00.0s

running (05m30.0s), 06/10 VUs, 878 complete and 0 interrupted iterations
default   [  31% ] 06/10 VUs  05m30.0s/18m00.0s

running (05m31.0s), 06/10 VUs, 881 complete and 0 interrupted iterations
default   [  31% ] 06/10 VUs  05m31.0s/18m00.0s

running (05m32.0s), 06/10 VUs, 886 complete and 0 interrupted iterations
default   [  31% ] 06/10 VUs  05m32.0s/18m00.0s

running (05m33.0s), 06/10 VUs, 890 complete and 0 interrupted iterations
default   [  31% ] 06/10 VUs  05m33.0s/18m00.0s

running (05m34.0s), 06/10 VUs, 892 complete and 0 interrupted iterations
default   [  31% ] 06/10 VUs  05m34.0s/18m00.0s

running (05m35.0s), 06/10 VUs, 897 complete and 0 interrupted iterations
default   [  31% ] 06/10 VUs  05m35.0s/18m00.0s

running (05m36.0s), 06/10 VUs, 902 complete and 0 interrupted iterations
default   [  31% ] 06/10 VUs  05m36.0s/18m00.0s

running (05m37.0s), 06/10 VUs, 904 complete and 0 interrupted iterations
default   [  31% ] 06/10 VUs  05m37.0s/18m00.0s

running (05m38.0s), 06/10 VUs, 909 complete and 0 interrupted iterations
default   [  31% ] 06/10 VUs  05m38.0s/18m00.0s

running (05m39.0s), 06/10 VUs, 913 complete and 0 interrupted iterations
default   [  31% ] 06/10 VUs  05m39.0s/18m00.0s

running (05m40.0s), 06/10 VUs, 916 complete and 0 interrupted iterations
default   [  31% ] 06/10 VUs  05m40.0s/18m00.0s

running (05m41.0s), 06/10 VUs, 920 complete and 0 interrupted iterations
default   [  32% ] 06/10 VUs  05m41.0s/18m00.0s

running (05m42.0s), 06/10 VUs, 923 complete and 0 interrupted iterations
default   [  32% ] 06/10 VUs  05m42.0s/18m00.0s

running (05m43.0s), 06/10 VUs, 928 complete and 0 interrupted iterations
default   [  32% ] 06/10 VUs  05m43.0s/18m00.0s

running (05m44.0s), 06/10 VUs, 932 complete and 0 interrupted iterations
default   [  32% ] 06/10 VUs  05m44.0s/18m00.0s

running (05m45.0s), 06/10 VUs, 934 complete and 0 interrupted iterations
default   [  32% ] 06/10 VUs  05m45.0s/18m00.0s

running (05m46.0s), 06/10 VUs, 939 complete and 0 interrupted iterations
default   [  32% ] 06/10 VUs  05m46.0s/18m00.0s

running (05m47.0s), 06/10 VUs, 944 complete and 0 interrupted iterations
default   [  32% ] 06/10 VUs  05m47.0s/18m00.0s

running (05m48.0s), 06/10 VUs, 946 complete and 0 interrupted iterations
default   [  32% ] 06/10 VUs  05m48.0s/18m00.0s

running (05m49.0s), 06/10 VUs, 951 complete and 0 interrupted iterations
default   [  32% ] 06/10 VUs  05m49.0s/18m00.0s

running (05m50.0s), 06/10 VUs, 955 complete and 0 interrupted iterations
default   [  32% ] 06/10 VUs  05m50.0s/18m00.0s

running (05m51.0s), 06/10 VUs, 958 complete and 0 interrupted iterations
default   [  32% ] 06/10 VUs  05m51.0s/18m00.0s

running (05m52.0s), 06/10 VUs, 962 complete and 0 interrupted iterations
default   [  33% ] 06/10 VUs  05m52.0s/18m00.0s

running (05m53.0s), 06/10 VUs, 964 complete and 0 interrupted iterations
default   [  33% ] 06/10 VUs  05m53.0s/18m00.0s

running (05m54.0s), 06/10 VUs, 970 complete and 0 interrupted iterations
default   [  33% ] 06/10 VUs  05m54.0s/18m00.0s

running (05m55.0s), 06/10 VUs, 974 complete and 0 interrupted iterations
default   [  33% ] 06/10 VUs  05m55.0s/18m00.0s

running (05m56.0s), 06/10 VUs, 976 complete and 0 interrupted iterations
default   [  33% ] 06/10 VUs  05m56.0s/18m00.0s

running (05m57.0s), 06/10 VUs, 982 complete and 0 interrupted iterations
default   [  33% ] 06/10 VUs  05m57.0s/18m00.0s

running (05m58.0s), 06/10 VUs, 986 complete and 0 interrupted iterations
default   [  33% ] 06/10 VUs  05m58.0s/18m00.0s

running (05m59.0s), 06/10 VUs, 988 complete and 0 interrupted iterations
default   [  33% ] 06/10 VUs  05m59.0s/18m00.0s

running (06m00.0s), 06/10 VUs, 993 complete and 0 interrupted iterations
default   [  33% ] 06/10 VUs  06m00.0s/18m00.0s

running (06m01.0s), 06/10 VUs, 997 complete and 0 interrupted iterations
default   [  33% ] 06/10 VUs  06m01.0s/18m00.0s

running (06m02.0s), 06/10 VUs, 1000 complete and 0 interrupted iterations
default   [  34% ] 06/10 VUs  06m02.0s/18m00.0s

running (06m03.0s), 06/10 VUs, 1005 complete and 0 interrupted iterations
default   [  34% ] 06/10 VUs  06m03.0s/18m00.0s

running (06m04.0s), 06/10 VUs, 1008 complete and 0 interrupted iterations
default   [  34% ] 06/10 VUs  06m04.0s/18m00.0s

running (06m05.0s), 06/10 VUs, 1012 complete and 0 interrupted iterations
default   [  34% ] 06/10 VUs  06m05.0s/18m00.0s

running (06m06.0s), 06/10 VUs, 1016 complete and 0 interrupted iterations
default   [  34% ] 06/10 VUs  06m06.0s/18m00.0s

running (06m07.0s), 06/10 VUs, 1018 complete and 0 interrupted iterations
default   [  34% ] 06/10 VUs  06m07.0s/18m00.0s

running (06m08.0s), 06/10 VUs, 1024 complete and 0 interrupted iterations
default   [  34% ] 06/10 VUs  06m08.0s/18m00.0s

running (06m09.0s), 06/10 VUs, 1028 complete and 0 interrupted iterations
default   [  34% ] 06/10 VUs  06m09.0s/18m00.0s

running (06m10.0s), 06/10 VUs, 1030 complete and 0 interrupted iterations
default   [  34% ] 06/10 VUs  06m10.0s/18m00.0s

running (06m11.0s), 06/10 VUs, 1035 complete and 0 interrupted iterations
default   [  34% ] 06/10 VUs  06m11.0s/18m00.0s

running (06m12.0s), 06/10 VUs, 1039 complete and 0 interrupted iterations
default   [  34% ] 06/10 VUs  06m12.0s/18m00.0s

running (06m13.0s), 06/10 VUs, 1042 complete and 0 interrupted iterations
default   [  35% ] 06/10 VUs  06m13.0s/18m00.0s

running (06m14.0s), 06/10 VUs, 1047 complete and 0 interrupted iterations
default   [  35% ] 06/10 VUs  06m14.0s/18m00.0s

running (06m15.0s), 06/10 VUs, 1050 complete and 0 interrupted iterations
default   [  35% ] 06/10 VUs  06m15.0s/18m00.0s

running (06m16.0s), 06/10 VUs, 1054 complete and 0 interrupted iterations
default   [  35% ] 06/10 VUs  06m16.0s/18m00.0s

running (06m17.0s), 06/10 VUs, 1058 complete and 0 interrupted iterations
default   [  35% ] 06/10 VUs  06m17.0s/18m00.0s

running (06m18.0s), 06/10 VUs, 1061 complete and 0 interrupted iterations
default   [  35% ] 06/10 VUs  06m18.0s/18m00.0s

running (06m19.0s), 06/10 VUs, 1066 complete and 0 interrupted iterations
default   [  35% ] 06/10 VUs  06m19.0s/18m00.0s

running (06m20.0s), 06/10 VUs, 1069 complete and 0 interrupted iterations
default   [  35% ] 06/10 VUs  06m20.0s/18m00.0s

running (06m21.0s), 06/10 VUs, 1072 complete and 0 interrupted iterations
default   [  35% ] 06/10 VUs  06m21.0s/18m00.0s

running (06m22.0s), 06/10 VUs, 1077 complete and 0 interrupted iterations
default   [  35% ] 06/10 VUs  06m22.0s/18m00.0s

running (06m23.0s), 06/10 VUs, 1080 complete and 0 interrupted iterations
default   [  35% ] 06/10 VUs  06m23.0s/18m00.0s

running (06m24.0s), 06/10 VUs, 1084 complete and 0 interrupted iterations
default   [  36% ] 06/10 VUs  06m24.0s/18m00.0s

running (06m25.0s), 06/10 VUs, 1089 complete and 0 interrupted iterations
default   [  36% ] 06/10 VUs  06m25.0s/18m00.0s

running (06m26.0s), 06/10 VUs, 1092 complete and 0 interrupted iterations
default   [  36% ] 06/10 VUs  06m26.0s/18m00.0s

running (06m27.0s), 06/10 VUs, 1096 complete and 0 interrupted iterations
default   [  36% ] 06/10 VUs  06m27.0s/18m00.0s

running (06m28.0s), 06/10 VUs, 1099 complete and 0 interrupted iterations
default   [  36% ] 06/10 VUs  06m28.0s/18m00.0s

running (06m29.0s), 06/10 VUs, 1103 complete and 0 interrupted iterations
default   [  36% ] 06/10 VUs  06m29.0s/18m00.0s

running (06m30.0s), 06/10 VUs, 1107 complete and 0 interrupted iterations
default   [  36% ] 06/10 VUs  06m30.0s/18m00.0s

running (06m31.0s), 06/10 VUs, 1111 complete and 0 interrupted iterations
default   [  36% ] 06/10 VUs  06m31.0s/18m00.0s

running (06m32.0s), 06/10 VUs, 1114 complete and 0 interrupted iterations
default   [  36% ] 06/10 VUs  06m32.0s/18m00.0s

running (06m33.0s), 06/10 VUs, 1119 complete and 0 interrupted iterations
default   [  36% ] 06/10 VUs  06m33.0s/18m00.0s

running (06m34.0s), 06/10 VUs, 1122 complete and 0 interrupted iterations
default   [  36% ] 06/10 VUs  06m34.0s/18m00.0s

running (06m35.0s), 06/10 VUs, 1126 complete and 0 interrupted iterations
default   [  37% ] 06/10 VUs  06m35.0s/18m00.0s

running (06m36.0s), 06/10 VUs, 1130 complete and 0 interrupted iterations
default   [  37% ] 06/10 VUs  06m36.0s/18m00.0s

running (06m37.0s), 06/10 VUs, 1134 complete and 0 interrupted iterations
default   [  37% ] 06/10 VUs  06m37.0s/18m00.0s

running (06m38.0s), 06/10 VUs, 1138 complete and 0 interrupted iterations
default   [  37% ] 06/10 VUs  06m38.0s/18m00.0s

running (06m39.0s), 06/10 VUs, 1141 complete and 0 interrupted iterations
default   [  37% ] 06/10 VUs  06m39.0s/18m00.0s

running (06m40.0s), 06/10 VUs, 1145 complete and 0 interrupted iterations
default   [  37% ] 06/10 VUs  06m40.0s/18m00.0s

running (06m41.0s), 06/10 VUs, 1150 complete and 0 interrupted iterations
default   [  37% ] 06/10 VUs  06m41.0s/18m00.0s

running (06m42.0s), 06/10 VUs, 1153 complete and 0 interrupted iterations
default   [  37% ] 06/10 VUs  06m42.0s/18m00.0s

running (06m43.0s), 06/10 VUs, 1156 complete and 0 interrupted iterations
default   [  37% ] 06/10 VUs  06m43.0s/18m00.0s

running (06m44.0s), 06/10 VUs, 1161 complete and 0 interrupted iterations
default   [  37% ] 06/10 VUs  06m44.0s/18m00.0s

running (06m45.0s), 06/10 VUs, 1164 complete and 0 interrupted iterations
default   [  37% ] 06/10 VUs  06m45.0s/18m00.0s

running (06m46.0s), 06/10 VUs, 1168 complete and 0 interrupted iterations
default   [  38% ] 06/10 VUs  06m46.0s/18m00.0s

running (06m47.0s), 06/10 VUs, 1172 complete and 0 interrupted iterations
default   [  38% ] 06/10 VUs  06m47.0s/18m00.0s

running (06m48.0s), 06/10 VUs, 1176 complete and 0 interrupted iterations
default   [  38% ] 06/10 VUs  06m48.0s/18m00.0s

running (06m49.0s), 06/10 VUs, 1180 complete and 0 interrupted iterations
default   [  38% ] 06/10 VUs  06m49.0s/18m00.0s

running (06m50.0s), 06/10 VUs, 1184 complete and 0 interrupted iterations
default   [  38% ] 06/10 VUs  06m50.0s/18m00.0s

running (06m51.0s), 06/10 VUs, 1187 complete and 0 interrupted iterations
default   [  38% ] 06/10 VUs  06m51.0s/18m00.0s

running (06m52.0s), 06/10 VUs, 1192 complete and 0 interrupted iterations
default   [  38% ] 06/10 VUs  06m52.0s/18m00.0s

running (06m53.0s), 06/10 VUs, 1194 complete and 0 interrupted iterations
default   [  38% ] 06/10 VUs  06m53.0s/18m00.0s

running (06m54.0s), 06/10 VUs, 1199 complete and 0 interrupted iterations
default   [  38% ] 06/10 VUs  06m54.0s/18m00.0s

running (06m55.0s), 06/10 VUs, 1203 complete and 0 interrupted iterations
default   [  38% ] 06/10 VUs  06m55.0s/18m00.0s

running (06m56.0s), 06/10 VUs, 1206 complete and 0 interrupted iterations
default   [  39% ] 06/10 VUs  06m56.0s/18m00.0s

running (06m57.0s), 06/10 VUs, 1210 complete and 0 interrupted iterations
default   [  39% ] 06/10 VUs  06m57.0s/18m00.0s

running (06m58.0s), 06/10 VUs, 1214 complete and 0 interrupted iterations
default   [  39% ] 06/10 VUs  06m58.0s/18m00.0s

running (06m59.0s), 06/10 VUs, 1218 complete and 0 interrupted iterations
default   [  39% ] 06/10 VUs  06m59.0s/18m00.0s

running (07m00.0s), 06/10 VUs, 1222 complete and 0 interrupted iterations
default   [  39% ] 06/10 VUs  07m00.0s/18m00.0s

running (07m01.0s), 06/10 VUs, 1225 complete and 0 interrupted iterations
default   [  39% ] 06/10 VUs  07m01.0s/18m00.0s

running (07m02.0s), 06/10 VUs, 1229 complete and 0 interrupted iterations
default   [  39% ] 06/10 VUs  07m02.0s/18m00.0s

running (07m03.0s), 06/10 VUs, 1234 complete and 0 interrupted iterations
default   [  39% ] 06/10 VUs  07m03.0s/18m00.0s

running (07m04.0s), 06/10 VUs, 1236 complete and 0 interrupted iterations
default   [  39% ] 06/10 VUs  07m04.0s/18m00.0s

running (07m05.0s), 06/10 VUs, 1241 complete and 0 interrupted iterations
default   [  39% ] 06/10 VUs  07m05.0s/18m00.0s

running (07m06.0s), 06/10 VUs, 1245 complete and 0 interrupted iterations
default   [  39% ] 06/10 VUs  07m06.0s/18m00.0s

running (07m07.0s), 06/10 VUs, 1248 complete and 0 interrupted iterations
default   [  40% ] 06/10 VUs  07m07.0s/18m00.0s

running (07m08.0s), 06/10 VUs, 1252 complete and 0 interrupted iterations
default   [  40% ] 06/10 VUs  07m08.0s/18m00.0s

running (07m09.0s), 06/10 VUs, 1256 complete and 0 interrupted iterations
default   [  40% ] 06/10 VUs  07m09.0s/18m00.0s

running (07m10.0s), 06/10 VUs, 1260 complete and 0 interrupted iterations
default   [  40% ] 06/10 VUs  07m10.0s/18m00.0s

running (07m11.0s), 06/10 VUs, 1264 complete and 0 interrupted iterations
default   [  40% ] 06/10 VUs  07m11.0s/18m00.0s

running (07m12.0s), 06/10 VUs, 1268 complete and 0 interrupted iterations
default   [  40% ] 06/10 VUs  07m12.0s/18m00.0s

running (07m13.0s), 06/10 VUs, 1271 complete and 0 interrupted iterations
default   [  40% ] 06/10 VUs  07m13.0s/18m00.0s

running (07m14.0s), 06/10 VUs, 1276 complete and 0 interrupted iterations
default   [  40% ] 06/10 VUs  07m14.0s/18m00.0s

running (07m15.0s), 06/10 VUs, 1278 complete and 0 interrupted iterations
default   [  40% ] 06/10 VUs  07m15.0s/18m00.0s

running (07m16.0s), 06/10 VUs, 1282 complete and 0 interrupted iterations
default   [  40% ] 06/10 VUs  07m16.0s/18m00.0s

running (07m17.0s), 06/10 VUs, 1287 complete and 0 interrupted iterations
default   [  40% ] 06/10 VUs  07m17.0s/18m00.0s

running (07m18.0s), 06/10 VUs, 1290 complete and 0 interrupted iterations
default   [  41% ] 06/10 VUs  07m18.0s/18m00.0s

running (07m19.0s), 06/10 VUs, 1294 complete and 0 interrupted iterations
default   [  41% ] 06/10 VUs  07m19.0s/18m00.0s

running (07m20.0s), 06/10 VUs, 1298 complete and 0 interrupted iterations
default   [  41% ] 06/10 VUs  07m20.0s/18m00.0s

running (07m21.0s), 06/10 VUs, 1302 complete and 0 interrupted iterations
default   [  41% ] 06/10 VUs  07m21.0s/18m00.0s

running (07m22.0s), 06/10 VUs, 1306 complete and 0 interrupted iterations
default   [  41% ] 06/10 VUs  07m22.0s/18m00.0s

running (07m23.0s), 06/10 VUs, 1308 complete and 0 interrupted iterations
default   [  41% ] 06/10 VUs  07m23.0s/18m00.0s

running (07m24.0s), 06/10 VUs, 1313 complete and 0 interrupted iterations
default   [  41% ] 06/10 VUs  07m24.0s/18m00.0s

running (07m25.0s), 06/10 VUs, 1317 complete and 0 interrupted iterations
default   [  41% ] 06/10 VUs  07m25.0s/18m00.0s

running (07m26.0s), 06/10 VUs, 1320 complete and 0 interrupted iterations
default   [  41% ] 06/10 VUs  07m26.0s/18m00.0s

running (07m27.0s), 06/10 VUs, 1324 complete and 0 interrupted iterations
default   [  41% ] 06/10 VUs  07m27.0s/18m00.0s

running (07m28.0s), 06/10 VUs, 1329 complete and 0 interrupted iterations
default   [  41% ] 06/10 VUs  07m28.0s/18m00.0s

running (07m29.0s), 06/10 VUs, 1332 complete and 0 interrupted iterations
default   [  42% ] 06/10 VUs  07m29.0s/18m00.0s

running (07m30.0s), 06/10 VUs, 1336 complete and 0 interrupted iterations
default   [  42% ] 06/10 VUs  07m30.0s/18m00.0s

running (07m31.0s), 06/10 VUs, 1341 complete and 0 interrupted iterations
default   [  42% ] 06/10 VUs  07m31.0s/18m00.0s

running (07m32.0s), 06/10 VUs, 1344 complete and 0 interrupted iterations
default   [  42% ] 06/10 VUs  07m32.0s/18m00.0s

running (07m33.0s), 06/10 VUs, 1347 complete and 0 interrupted iterations
default   [  42% ] 06/10 VUs  07m33.0s/18m00.0s

running (07m34.0s), 06/10 VUs, 1350 complete and 0 interrupted iterations
default   [  42% ] 06/10 VUs  07m34.0s/18m00.0s

running (07m35.0s), 06/10 VUs, 1355 complete and 0 interrupted iterations
default   [  42% ] 06/10 VUs  07m35.0s/18m00.0s

running (07m36.0s), 06/10 VUs, 1359 complete and 0 interrupted iterations
default   [  42% ] 06/10 VUs  07m36.0s/18m00.0s

running (07m37.0s), 06/10 VUs, 1362 complete and 0 interrupted iterations
default   [  42% ] 06/10 VUs  07m37.0s/18m00.0s

running (07m38.0s), 06/10 VUs, 1366 complete and 0 interrupted iterations
default   [  42% ] 06/10 VUs  07m38.0s/18m00.0s

running (07m39.0s), 06/10 VUs, 1371 complete and 0 interrupted iterations
default   [  42% ] 06/10 VUs  07m39.0s/18m00.0s

running (07m40.0s), 06/10 VUs, 1374 complete and 0 interrupted iterations
default   [  43% ] 06/10 VUs  07m40.0s/18m00.0s

running (07m41.0s), 06/10 VUs, 1377 complete and 0 interrupted iterations
default   [  43% ] 06/10 VUs  07m41.0s/18m00.0s

running (07m42.0s), 06/10 VUs, 1383 complete and 0 interrupted iterations
default   [  43% ] 06/10 VUs  07m42.0s/18m00.0s

running (07m43.0s), 06/10 VUs, 1385 complete and 0 interrupted iterations
default   [  43% ] 06/10 VUs  07m43.0s/18m00.0s

running (07m44.0s), 06/10 VUs, 1389 complete and 0 interrupted iterations
default   [  43% ] 06/10 VUs  07m44.0s/18m00.0s

running (07m45.0s), 06/10 VUs, 1392 complete and 0 interrupted iterations
default   [  43% ] 06/10 VUs  07m45.0s/18m00.0s

running (07m46.0s), 06/10 VUs, 1397 complete and 0 interrupted iterations
default   [  43% ] 06/10 VUs  07m46.0s/18m00.0s

running (07m47.0s), 06/10 VUs, 1401 complete and 0 interrupted iterations
default   [  43% ] 06/10 VUs  07m47.0s/18m00.0s

running (07m48.0s), 06/10 VUs, 1404 complete and 0 interrupted iterations
default   [  43% ] 06/10 VUs  07m48.0s/18m00.0s

running (07m49.0s), 06/10 VUs, 1408 complete and 0 interrupted iterations
default   [  43% ] 06/10 VUs  07m49.0s/18m00.0s

running (07m50.0s), 06/10 VUs, 1413 complete and 0 interrupted iterations
default   [  44% ] 06/10 VUs  07m50.0s/18m00.0s

running (07m51.0s), 06/10 VUs, 1416 complete and 0 interrupted iterations
default   [  44% ] 06/10 VUs  07m51.0s/18m00.0s

running (07m52.0s), 06/10 VUs, 1419 complete and 0 interrupted iterations
default   [  44% ] 06/10 VUs  07m52.0s/18m00.0s

running (07m53.0s), 06/10 VUs, 1424 complete and 0 interrupted iterations
default   [  44% ] 06/10 VUs  07m53.0s/18m00.0s

running (07m54.0s), 06/10 VUs, 1428 complete and 0 interrupted iterations
default   [  44% ] 06/10 VUs  07m54.0s/18m00.0s

running (07m55.0s), 06/10 VUs, 1431 complete and 0 interrupted iterations
default   [  44% ] 06/10 VUs  07m55.0s/18m00.0s

running (07m56.0s), 06/10 VUs, 1436 complete and 0 interrupted iterations
default   [  44% ] 06/10 VUs  07m56.0s/18m00.0s

running (07m57.0s), 06/10 VUs, 1439 complete and 0 interrupted iterations
default   [  44% ] 06/10 VUs  07m57.0s/18m00.0s

running (07m58.0s), 06/10 VUs, 1443 complete and 0 interrupted iterations
default   [  44% ] 06/10 VUs  07m58.0s/18m00.0s

running (07m59.0s), 06/10 VUs, 1446 complete and 0 interrupted iterations
default   [  44% ] 06/10 VUs  07m59.0s/18m00.0s

running (08m00.0s), 06/10 VUs, 1449 complete and 0 interrupted iterations
default   [  44% ] 06/10 VUs  08m00.0s/18m00.0s

running (08m01.0s), 07/10 VUs, 1455 complete and 0 interrupted iterations
default   [  45% ] 07/10 VUs  08m01.0s/18m00.0s

running (08m02.0s), 07/10 VUs, 1458 complete and 0 interrupted iterations
default   [  45% ] 07/10 VUs  08m02.0s/18m00.0s

running (08m03.0s), 07/10 VUs, 1462 complete and 0 interrupted iterations
default   [  45% ] 07/10 VUs  08m03.0s/18m00.0s

running (08m04.0s), 07/10 VUs, 1468 complete and 0 interrupted iterations
default   [  45% ] 07/10 VUs  08m04.0s/18m00.0s

running (08m05.0s), 07/10 VUs, 1472 complete and 0 interrupted iterations
default   [  45% ] 07/10 VUs  08m05.0s/18m00.0s

running (08m06.0s), 07/10 VUs, 1476 complete and 0 interrupted iterations
default   [  45% ] 07/10 VUs  08m06.0s/18m00.0s

running (08m07.0s), 07/10 VUs, 1482 complete and 0 interrupted iterations
default   [  45% ] 07/10 VUs  08m07.0s/18m00.0s

running (08m08.0s), 07/10 VUs, 1485 complete and 0 interrupted iterations
default   [  45% ] 07/10 VUs  08m08.0s/18m00.0s

running (08m09.0s), 07/10 VUs, 1490 complete and 0 interrupted iterations
default   [  45% ] 07/10 VUs  08m09.0s/18m00.0s

running (08m10.0s), 07/10 VUs, 1493 complete and 0 interrupted iterations
default   [  45% ] 07/10 VUs  08m10.0s/18m00.0s

running (08m11.0s), 07/10 VUs, 1498 complete and 0 interrupted iterations
default   [  45% ] 07/10 VUs  08m11.0s/18m00.0s

running (08m12.0s), 07/10 VUs, 1504 complete and 0 interrupted iterations
default   [  46% ] 07/10 VUs  08m12.0s/18m00.0s

running (08m13.0s), 07/10 VUs, 1507 complete and 0 interrupted iterations
default   [  46% ] 07/10 VUs  08m13.0s/18m00.0s

running (08m14.0s), 07/10 VUs, 1511 complete and 0 interrupted iterations
default   [  46% ] 07/10 VUs  08m14.0s/18m00.0s

running (08m15.0s), 07/10 VUs, 1517 complete and 0 interrupted iterations
default   [  46% ] 07/10 VUs  08m15.0s/18m00.0s

running (08m16.0s), 07/10 VUs, 1521 complete and 0 interrupted iterations
default   [  46% ] 07/10 VUs  08m16.0s/18m00.0s

running (08m17.0s), 07/10 VUs, 1525 complete and 0 interrupted iterations
default   [  46% ] 07/10 VUs  08m17.0s/18m00.0s

running (08m18.0s), 07/10 VUs, 1530 complete and 0 interrupted iterations
default   [  46% ] 07/10 VUs  08m18.0s/18m00.0s

running (08m19.0s), 07/10 VUs, 1534 complete and 0 interrupted iterations
default   [  46% ] 07/10 VUs  08m19.0s/18m00.0s

running (08m20.0s), 07/10 VUs, 1539 complete and 0 interrupted iterations
default   [  46% ] 07/10 VUs  08m20.0s/18m00.0s

running (08m21.0s), 07/10 VUs, 1543 complete and 0 interrupted iterations
default   [  46% ] 07/10 VUs  08m21.0s/18m00.0s

running (08m22.0s), 07/10 VUs, 1547 complete and 0 interrupted iterations
default   [  46% ] 07/10 VUs  08m22.0s/18m00.0s

running (08m23.0s), 07/10 VUs, 1553 complete and 0 interrupted iterations
default   [  47% ] 07/10 VUs  08m23.0s/18m00.0s

running (08m24.0s), 07/10 VUs, 1556 complete and 0 interrupted iterations
default   [  47% ] 07/10 VUs  08m24.0s/18m00.0s

running (08m25.0s), 07/10 VUs, 1561 complete and 0 interrupted iterations
default   [  47% ] 07/10 VUs  08m25.0s/18m00.0s

running (08m26.0s), 07/10 VUs, 1565 complete and 0 interrupted iterations
default   [  47% ] 07/10 VUs  08m26.0s/18m00.0s

running (08m27.0s), 07/10 VUs, 1570 complete and 0 interrupted iterations
default   [  47% ] 07/10 VUs  08m27.0s/18m00.0s

running (08m28.0s), 07/10 VUs, 1574 complete and 0 interrupted iterations
default   [  47% ] 07/10 VUs  08m28.0s/18m00.0s

running (08m29.0s), 07/10 VUs, 1579 complete and 0 interrupted iterations
default   [  47% ] 07/10 VUs  08m29.0s/18m00.0s

running (08m30.0s), 07/10 VUs, 1583 complete and 0 interrupted iterations
default   [  47% ] 07/10 VUs  08m30.0s/18m00.0s

running (08m31.0s), 07/10 VUs, 1588 complete and 0 interrupted iterations
default   [  47% ] 07/10 VUs  08m31.0s/18m00.0s

running (08m32.0s), 07/10 VUs, 1592 complete and 0 interrupted iterations
default   [  47% ] 07/10 VUs  08m32.0s/18m00.0s

running (08m33.0s), 07/10 VUs, 1596 complete and 0 interrupted iterations
default   [  47% ] 07/10 VUs  08m33.0s/18m00.0s

running (08m34.0s), 07/10 VUs, 1602 complete and 0 interrupted iterations
default   [  48% ] 07/10 VUs  08m34.0s/18m00.0s

running (08m35.0s), 07/10 VUs, 1605 complete and 0 interrupted iterations
default   [  48% ] 07/10 VUs  08m35.0s/18m00.0s

running (08m36.0s), 07/10 VUs, 1609 complete and 0 interrupted iterations
default   [  48% ] 07/10 VUs  08m36.0s/18m00.0s

running (08m37.0s), 07/10 VUs, 1614 complete and 0 interrupted iterations
default   [  48% ] 07/10 VUs  08m37.0s/18m00.0s

running (08m38.0s), 07/10 VUs, 1618 complete and 0 interrupted iterations
default   [  48% ] 07/10 VUs  08m38.0s/18m00.0s

running (08m39.0s), 07/10 VUs, 1623 complete and 0 interrupted iterations
default   [  48% ] 07/10 VUs  08m39.0s/18m00.0s

running (08m40.0s), 07/10 VUs, 1628 complete and 0 interrupted iterations
default   [  48% ] 07/10 VUs  08m40.0s/18m00.0s

running (08m41.0s), 07/10 VUs, 1631 complete and 0 interrupted iterations
default   [  48% ] 07/10 VUs  08m41.0s/18m00.0s

running (08m42.0s), 07/10 VUs, 1637 complete and 0 interrupted iterations
default   [  48% ] 07/10 VUs  08m42.0s/18m00.0s

running (08m43.0s), 07/10 VUs, 1640 complete and 0 interrupted iterations
default   [  48% ] 07/10 VUs  08m43.0s/18m00.0s

running (08m44.0s), 07/10 VUs, 1645 complete and 0 interrupted iterations
default   [  49% ] 07/10 VUs  08m44.0s/18m00.0s

running (08m45.0s), 07/10 VUs, 1649 complete and 0 interrupted iterations
default   [  49% ] 07/10 VUs  08m45.0s/18m00.0s

running (08m46.0s), 07/10 VUs, 1653 complete and 0 interrupted iterations
default   [  49% ] 07/10 VUs  08m46.0s/18m00.0s

running (08m47.0s), 07/10 VUs, 1659 complete and 0 interrupted iterations
default   [  49% ] 07/10 VUs  08m47.0s/18m00.0s

running (08m48.0s), 07/10 VUs, 1663 complete and 0 interrupted iterations
default   [  49% ] 07/10 VUs  08m48.0s/18m00.0s

running (08m49.0s), 07/10 VUs, 1667 complete and 0 interrupted iterations
default   [  49% ] 07/10 VUs  08m49.0s/18m00.0s

running (08m50.0s), 07/10 VUs, 1672 complete and 0 interrupted iterations
default   [  49% ] 07/10 VUs  08m50.0s/18m00.0s

running (08m51.0s), 07/10 VUs, 1677 complete and 0 interrupted iterations
default   [  49% ] 07/10 VUs  08m51.0s/18m00.0s

running (08m52.0s), 07/10 VUs, 1680 complete and 0 interrupted iterations
default   [  49% ] 07/10 VUs  08m52.0s/18m00.0s

running (08m53.0s), 07/10 VUs, 1685 complete and 0 interrupted iterations
default   [  49% ] 07/10 VUs  08m53.0s/18m00.0s

running (08m54.0s), 07/10 VUs, 1690 complete and 0 interrupted iterations
default   [  49% ] 07/10 VUs  08m54.0s/18m00.0s

running (08m55.0s), 07/10 VUs, 1694 complete and 0 interrupted iterations
default   [  50% ] 07/10 VUs  08m55.0s/18m00.0s

running (08m56.0s), 07/10 VUs, 1698 complete and 0 interrupted iterations
default   [  50% ] 07/10 VUs  08m56.0s/18m00.0s

running (08m57.0s), 07/10 VUs, 1702 complete and 0 interrupted iterations
default   [  50% ] 07/10 VUs  08m57.0s/18m00.0s

running (08m58.0s), 07/10 VUs, 1708 complete and 0 interrupted iterations
default   [  50% ] 07/10 VUs  08m58.0s/18m00.0s

running (08m59.0s), 07/10 VUs, 1712 complete and 0 interrupted iterations
default   [  50% ] 07/10 VUs  08m59.0s/18m00.0s

running (09m00.0s), 07/10 VUs, 1716 complete and 0 interrupted iterations
default   [  50% ] 07/10 VUs  09m00.0s/18m00.0s

running (09m01.0s), 07/10 VUs, 1721 complete and 0 interrupted iterations
default   [  50% ] 07/10 VUs  09m01.0s/18m00.0s

running (09m02.0s), 07/10 VUs, 1726 complete and 0 interrupted iterations
default   [  50% ] 07/10 VUs  09m02.0s/18m00.0s

running (09m03.0s), 07/10 VUs, 1730 complete and 0 interrupted iterations
default   [  50% ] 07/10 VUs  09m03.0s/18m00.0s

running (09m04.0s), 07/10 VUs, 1733 complete and 0 interrupted iterations
default   [  50% ] 07/10 VUs  09m04.0s/18m00.0s

running (09m05.0s), 07/10 VUs, 1740 complete and 0 interrupted iterations
default   [  50% ] 07/10 VUs  09m05.0s/18m00.0s

running (09m06.0s), 07/10 VUs, 1743 complete and 0 interrupted iterations
default   [  51% ] 07/10 VUs  09m06.0s/18m00.0s

running (09m07.0s), 07/10 VUs, 1747 complete and 0 interrupted iterations
default   [  51% ] 07/10 VUs  09m07.0s/18m00.0s

running (09m08.0s), 07/10 VUs, 1752 complete and 0 interrupted iterations
default   [  51% ] 07/10 VUs  09m08.0s/18m00.0s

running (09m09.0s), 07/10 VUs, 1757 complete and 0 interrupted iterations
default   [  51% ] 07/10 VUs  09m09.0s/18m00.0s

running (09m10.0s), 07/10 VUs, 1761 complete and 0 interrupted iterations
default   [  51% ] 07/10 VUs  09m10.0s/18m00.0s

running (09m11.0s), 07/10 VUs, 1765 complete and 0 interrupted iterations
default   [  51% ] 07/10 VUs  09m11.0s/18m00.0s

running (09m12.0s), 07/10 VUs, 1771 complete and 0 interrupted iterations
default   [  51% ] 07/10 VUs  09m12.0s/18m00.0s

running (09m13.0s), 07/10 VUs, 1775 complete and 0 interrupted iterations
default   [  51% ] 07/10 VUs  09m13.0s/18m00.0s

running (09m14.0s), 07/10 VUs, 1779 complete and 0 interrupted iterations
default   [  51% ] 07/10 VUs  09m14.0s/18m00.0s

running (09m15.0s), 07/10 VUs, 1783 complete and 0 interrupted iterations
default   [  51% ] 07/10 VUs  09m15.0s/18m00.0s

running (09m16.0s), 07/10 VUs, 1789 complete and 0 interrupted iterations
default   [  51% ] 07/10 VUs  09m16.0s/18m00.0s

running (09m17.0s), 07/10 VUs, 1793 complete and 0 interrupted iterations
default   [  52% ] 07/10 VUs  09m17.0s/18m00.0s

running (09m18.0s), 07/10 VUs, 1796 complete and 0 interrupted iterations
default   [  52% ] 07/10 VUs  09m18.0s/18m00.0s

running (09m19.0s), 07/10 VUs, 1802 complete and 0 interrupted iterations
default   [  52% ] 07/10 VUs  09m19.0s/18m00.0s

running (09m20.0s), 07/10 VUs, 1806 complete and 0 interrupted iterations
default   [  52% ] 07/10 VUs  09m20.0s/18m00.0s

running (09m21.0s), 07/10 VUs, 1810 complete and 0 interrupted iterations
default   [  52% ] 07/10 VUs  09m21.0s/18m00.0s

running (09m22.0s), 07/10 VUs, 1814 complete and 0 interrupted iterations
default   [  52% ] 07/10 VUs  09m22.0s/18m00.0s

running (09m23.0s), 07/10 VUs, 1820 complete and 0 interrupted iterations
default   [  52% ] 07/10 VUs  09m23.0s/18m00.0s

running (09m24.0s), 07/10 VUs, 1824 complete and 0 interrupted iterations
default   [  52% ] 07/10 VUs  09m24.0s/18m00.0s

running (09m25.0s), 07/10 VUs, 1828 complete and 0 interrupted iterations
default   [  52% ] 07/10 VUs  09m25.0s/18m00.0s

running (09m26.0s), 07/10 VUs, 1833 complete and 0 interrupted iterations
default   [  52% ] 07/10 VUs  09m26.0s/18m00.0s

running (09m27.0s), 07/10 VUs, 1838 complete and 0 interrupted iterations
default   [  52% ] 07/10 VUs  09m27.0s/18m00.0s

running (09m28.0s), 07/10 VUs, 1842 complete and 0 interrupted iterations
default   [  53% ] 07/10 VUs  09m28.0s/18m00.0s

running (09m29.0s), 07/10 VUs, 1845 complete and 0 interrupted iterations
default   [  53% ] 07/10 VUs  09m29.0s/18m00.0s

running (09m30.0s), 07/10 VUs, 1851 complete and 0 interrupted iterations
default   [  53% ] 07/10 VUs  09m30.0s/18m00.0s

running (09m31.0s), 07/10 VUs, 1855 complete and 0 interrupted iterations
default   [  53% ] 07/10 VUs  09m31.0s/18m00.0s

running (09m32.0s), 07/10 VUs, 1859 complete and 0 interrupted iterations
default   [  53% ] 07/10 VUs  09m32.0s/18m00.0s

running (09m33.0s), 07/10 VUs, 1864 complete and 0 interrupted iterations
default   [  53% ] 07/10 VUs  09m33.0s/18m00.0s

running (09m34.0s), 07/10 VUs, 1869 complete and 0 interrupted iterations
default   [  53% ] 07/10 VUs  09m34.0s/18m00.0s

running (09m35.0s), 07/10 VUs, 1873 complete and 0 interrupted iterations
default   [  53% ] 07/10 VUs  09m35.0s/18m00.0s

running (09m36.0s), 07/10 VUs, 1877 complete and 0 interrupted iterations
default   [  53% ] 07/10 VUs  09m36.0s/18m00.0s

running (09m37.0s), 07/10 VUs, 1881 complete and 0 interrupted iterations
default   [  53% ] 07/10 VUs  09m37.0s/18m00.0s

running (09m38.0s), 07/10 VUs, 1886 complete and 0 interrupted iterations
default   [  54% ] 07/10 VUs  09m38.0s/18m00.0s

running (09m39.0s), 07/10 VUs, 1891 complete and 0 interrupted iterations
default   [  54% ] 07/10 VUs  09m39.0s/18m00.0s

running (09m40.0s), 07/10 VUs, 1895 complete and 0 interrupted iterations
default   [  54% ] 07/10 VUs  09m40.0s/18m00.0s

running (09m41.0s), 07/10 VUs, 1900 complete and 0 interrupted iterations
default   [  54% ] 07/10 VUs  09m41.0s/18m00.0s

running (09m42.0s), 07/10 VUs, 1905 complete and 0 interrupted iterations
default   [  54% ] 07/10 VUs  09m42.0s/18m00.0s

running (09m43.0s), 07/10 VUs, 1908 complete and 0 interrupted iterations
default   [  54% ] 07/10 VUs  09m43.0s/18m00.0s

running (09m44.0s), 07/10 VUs, 1914 complete and 0 interrupted iterations
default   [  54% ] 07/10 VUs  09m44.0s/18m00.0s

running (09m45.0s), 07/10 VUs, 1918 complete and 0 interrupted iterations
default   [  54% ] 07/10 VUs  09m45.0s/18m00.0s

running (09m46.0s), 07/10 VUs, 1922 complete and 0 interrupted iterations
default   [  54% ] 07/10 VUs  09m46.0s/18m00.0s

running (09m47.0s), 07/10 VUs, 1926 complete and 0 interrupted iterations
default   [  54% ] 07/10 VUs  09m47.0s/18m00.0s

running (09m48.0s), 07/10 VUs, 1931 complete and 0 interrupted iterations
default   [  54% ] 07/10 VUs  09m48.0s/18m00.0s

running (09m49.0s), 07/10 VUs, 1935 complete and 0 interrupted iterations
default   [  55% ] 07/10 VUs  09m49.0s/18m00.0s

running (09m50.0s), 07/10 VUs, 1940 complete and 0 interrupted iterations
default   [  55% ] 07/10 VUs  09m50.0s/18m00.0s

running (09m51.0s), 07/10 VUs, 1944 complete and 0 interrupted iterations
default   [  55% ] 07/10 VUs  09m51.0s/18m00.0s

running (09m52.0s), 07/10 VUs, 1949 complete and 0 interrupted iterations
default   [  55% ] 07/10 VUs  09m52.0s/18m00.0s

running (09m53.0s), 07/10 VUs, 1954 complete and 0 interrupted iterations
default   [  55% ] 07/10 VUs  09m53.0s/18m00.0s

running (09m54.0s), 07/10 VUs, 1958 complete and 0 interrupted iterations
default   [  55% ] 07/10 VUs  09m54.0s/18m00.0s

running (09m55.0s), 07/10 VUs, 1963 complete and 0 interrupted iterations
default   [  55% ] 07/10 VUs  09m55.0s/18m00.0s

running (09m56.0s), 07/10 VUs, 1968 complete and 0 interrupted iterations
default   [  55% ] 07/10 VUs  09m56.0s/18m00.0s

running (09m57.0s), 07/10 VUs, 1971 complete and 0 interrupted iterations
default   [  55% ] 07/10 VUs  09m57.0s/18m00.0s

running (09m58.0s), 07/10 VUs, 1977 complete and 0 interrupted iterations
default   [  55% ] 07/10 VUs  09m58.0s/18m00.0s

running (09m59.0s), 07/10 VUs, 1980 complete and 0 interrupted iterations
default   [  55% ] 07/10 VUs  09m59.0s/18m00.0s

running (10m00.0s), 07/10 VUs, 1984 complete and 0 interrupted iterations
default   [  56% ] 07/10 VUs  10m00.0s/18m00.0s

running (10m01.0s), 07/10 VUs, 1989 complete and 0 interrupted iterations
default   [  56% ] 07/10 VUs  10m01.0s/18m00.0s

running (10m02.0s), 07/10 VUs, 1993 complete and 0 interrupted iterations
default   [  56% ] 07/10 VUs  10m02.0s/18m00.0s

running (10m03.0s), 07/10 VUs, 1998 complete and 0 interrupted iterations
default   [  56% ] 07/10 VUs  10m03.0s/18m00.0s

running (10m04.0s), 07/10 VUs, 2003 complete and 0 interrupted iterations
default   [  56% ] 07/10 VUs  10m04.0s/18m00.0s

running (10m05.0s), 07/10 VUs, 2007 complete and 0 interrupted iterations
default   [  56% ] 07/10 VUs  10m05.0s/18m00.0s

running (10m06.0s), 07/10 VUs, 2012 complete and 0 interrupted iterations
default   [  56% ] 07/10 VUs  10m06.0s/18m00.0s

running (10m07.0s), 07/10 VUs, 2016 complete and 0 interrupted iterations
default   [  56% ] 07/10 VUs  10m07.0s/18m00.0s

running (10m08.0s), 07/10 VUs, 2020 complete and 0 interrupted iterations
default   [  56% ] 07/10 VUs  10m08.0s/18m00.0s

running (10m09.0s), 07/10 VUs, 2025 complete and 0 interrupted iterations
default   [  56% ] 07/10 VUs  10m09.0s/18m00.0s

running (10m10.0s), 07/10 VUs, 2028 complete and 0 interrupted iterations
default   [  56% ] 07/10 VUs  10m10.0s/18m00.0s

running (10m11.0s), 07/10 VUs, 2033 complete and 0 interrupted iterations
default   [  57% ] 07/10 VUs  10m11.0s/18m00.0s

running (10m12.0s), 07/10 VUs, 2039 complete and 0 interrupted iterations
default   [  57% ] 07/10 VUs  10m12.0s/18m00.0s

running (10m13.0s), 07/10 VUs, 2042 complete and 0 interrupted iterations
default   [  57% ] 07/10 VUs  10m13.0s/18m00.0s

running (10m14.0s), 07/10 VUs, 2047 complete and 0 interrupted iterations
default   [  57% ] 07/10 VUs  10m14.0s/18m00.0s

running (10m15.0s), 07/10 VUs, 2052 complete and 0 interrupted iterations
default   [  57% ] 07/10 VUs  10m15.0s/18m00.0s

running (10m16.0s), 07/10 VUs, 2056 complete and 0 interrupted iterations
default   [  57% ] 07/10 VUs  10m16.0s/18m00.0s

running (10m17.0s), 07/10 VUs, 2061 complete and 0 interrupted iterations
default   [  57% ] 07/10 VUs  10m17.0s/18m00.0s

running (10m18.0s), 07/10 VUs, 2064 complete and 0 interrupted iterations
default   [  57% ] 07/10 VUs  10m18.0s/18m00.0s

running (10m19.0s), 07/10 VUs, 2070 complete and 0 interrupted iterations
default   [  57% ] 07/10 VUs  10m19.0s/18m00.0s

running (10m20.0s), 07/10 VUs, 2075 complete and 0 interrupted iterations
default   [  57% ] 07/10 VUs  10m20.0s/18m00.0s

running (10m21.0s), 07/10 VUs, 2077 complete and 0 interrupted iterations
default   [  57% ] 07/10 VUs  10m21.0s/18m00.0s

running (10m22.0s), 07/10 VUs, 2082 complete and 0 interrupted iterations
default   [  58% ] 07/10 VUs  10m22.0s/18m00.0s

running (10m23.0s), 07/10 VUs, 2088 complete and 0 interrupted iterations
default   [  58% ] 07/10 VUs  10m23.0s/18m00.0s

running (10m24.0s), 07/10 VUs, 2091 complete and 0 interrupted iterations
default   [  58% ] 07/10 VUs  10m24.0s/18m00.0s

running (10m25.0s), 07/10 VUs, 2096 complete and 0 interrupted iterations
default   [  58% ] 07/10 VUs  10m25.0s/18m00.0s

running (10m26.0s), 07/10 VUs, 2101 complete and 0 interrupted iterations
default   [  58% ] 07/10 VUs  10m26.0s/18m00.0s

running (10m27.0s), 07/10 VUs, 2105 complete and 0 interrupted iterations
default   [  58% ] 07/10 VUs  10m27.0s/18m00.0s

running (10m28.0s), 07/10 VUs, 2110 complete and 0 interrupted iterations
default   [  58% ] 07/10 VUs  10m28.0s/18m00.0s

running (10m29.0s), 07/10 VUs, 2115 complete and 0 interrupted iterations
default   [  58% ] 07/10 VUs  10m29.0s/18m00.0s

running (10m30.0s), 07/10 VUs, 2118 complete and 0 interrupted iterations
default   [  58% ] 07/10 VUs  10m30.0s/18m00.0s

running (10m31.0s), 07/10 VUs, 2124 complete and 0 interrupted iterations
default   [  58% ] 07/10 VUs  10m31.0s/18m00.0s

running (10m32.0s), 07/10 VUs, 2127 complete and 0 interrupted iterations
default   [  59% ] 07/10 VUs  10m32.0s/18m00.0s

running (10m33.0s), 07/10 VUs, 2132 complete and 0 interrupted iterations
default   [  59% ] 07/10 VUs  10m33.0s/18m00.0s

running (10m34.0s), 07/10 VUs, 2137 complete and 0 interrupted iterations
default   [  59% ] 07/10 VUs  10m34.0s/18m00.0s

running (10m35.0s), 07/10 VUs, 2140 complete and 0 interrupted iterations
default   [  59% ] 07/10 VUs  10m35.0s/18m00.0s

running (10m36.0s), 07/10 VUs, 2145 complete and 0 interrupted iterations
default   [  59% ] 07/10 VUs  10m36.0s/18m00.0s

running (10m37.0s), 07/10 VUs, 2151 complete and 0 interrupted iterations
default   [  59% ] 07/10 VUs  10m37.0s/18m00.0s

running (10m38.0s), 07/10 VUs, 2153 complete and 0 interrupted iterations
default   [  59% ] 07/10 VUs  10m38.0s/18m00.0s

running (10m39.0s), 07/10 VUs, 2159 complete and 0 interrupted iterations
default   [  59% ] 07/10 VUs  10m39.0s/18m00.0s

running (10m40.0s), 07/10 VUs, 2164 complete and 0 interrupted iterations
default   [  59% ] 07/10 VUs  10m40.0s/18m00.0s

running (10m41.0s), 07/10 VUs, 2167 complete and 0 interrupted iterations
default   [  59% ] 07/10 VUs  10m41.0s/18m00.0s

running (10m42.0s), 07/10 VUs, 2173 complete and 0 interrupted iterations
default   [  59% ] 07/10 VUs  10m42.0s/18m00.0s

running (10m43.0s), 07/10 VUs, 2176 complete and 0 interrupted iterations
default   [  60% ] 07/10 VUs  10m43.0s/18m00.0s

running (10m44.0s), 07/10 VUs, 2181 complete and 0 interrupted iterations
default   [  60% ] 07/10 VUs  10m44.0s/18m00.0s

running (10m45.0s), 07/10 VUs, 2187 complete and 0 interrupted iterations
default   [  60% ] 07/10 VUs  10m45.0s/18m00.0s

running (10m46.0s), 07/10 VUs, 2190 complete and 0 interrupted iterations
default   [  60% ] 07/10 VUs  10m46.0s/18m00.0s

running (10m47.0s), 07/10 VUs, 2195 complete and 0 interrupted iterations
default   [  60% ] 07/10 VUs  10m47.0s/18m00.0s

running (10m48.0s), 07/10 VUs, 2200 complete and 0 interrupted iterations
default   [  60% ] 07/10 VUs  10m48.0s/18m00.0s

running (10m49.0s), 07/10 VUs, 2202 complete and 0 interrupted iterations
default   [  60% ] 07/10 VUs  10m49.0s/18m00.0s

running (10m50.0s), 07/10 VUs, 2208 complete and 0 interrupted iterations
default   [  60% ] 07/10 VUs  10m50.0s/18m00.0s

running (10m51.0s), 07/10 VUs, 2213 complete and 0 interrupted iterations
default   [  60% ] 07/10 VUs  10m51.0s/18m00.0s

running (10m52.0s), 07/10 VUs, 2216 complete and 0 interrupted iterations
default   [  60% ] 07/10 VUs  10m52.0s/18m00.0s

running (10m53.0s), 07/10 VUs, 2222 complete and 0 interrupted iterations
default   [  60% ] 07/10 VUs  10m53.0s/18m00.0s

running (10m54.0s), 07/10 VUs, 2225 complete and 0 interrupted iterations
default   [  61% ] 07/10 VUs  10m54.0s/18m00.0s

running (10m55.0s), 07/10 VUs, 2230 complete and 0 interrupted iterations
default   [  61% ] 07/10 VUs  10m55.0s/18m00.0s

running (10m56.0s), 07/10 VUs, 2236 complete and 0 interrupted iterations
default   [  61% ] 07/10 VUs  10m56.0s/18m00.0s

running (10m57.0s), 07/10 VUs, 2239 complete and 0 interrupted iterations
default   [  61% ] 07/10 VUs  10m57.0s/18m00.0s

running (10m58.0s), 07/10 VUs, 2244 complete and 0 interrupted iterations
default   [  61% ] 07/10 VUs  10m58.0s/18m00.0s

running (10m59.0s), 07/10 VUs, 2249 complete and 0 interrupted iterations
default   [  61% ] 07/10 VUs  10m59.0s/18m00.0s

running (11m00.0s), 07/10 VUs, 2251 complete and 0 interrupted iterations
default   [  61% ] 07/10 VUs  11m00.0s/18m00.0s

running (11m01.0s), 08/10 VUs, 2258 complete and 0 interrupted iterations
default   [  61% ] 08/10 VUs  11m01.0s/18m00.0s

running (11m02.0s), 08/10 VUs, 2263 complete and 0 interrupted iterations
default   [  61% ] 08/10 VUs  11m02.0s/18m00.0s

running (11m03.0s), 08/10 VUs, 2266 complete and 0 interrupted iterations
default   [  61% ] 08/10 VUs  11m03.0s/18m00.0s

running (11m04.0s), 08/10 VUs, 2273 complete and 0 interrupted iterations
default   [  61% ] 08/10 VUs  11m04.0s/18m00.0s

running (11m05.0s), 08/10 VUs, 2276 complete and 0 interrupted iterations
default   [  62% ] 08/10 VUs  11m05.0s/18m00.0s

running (11m06.0s), 08/10 VUs, 2282 complete and 0 interrupted iterations
default   [  62% ] 08/10 VUs  11m06.0s/18m00.0s

running (11m07.0s), 08/10 VUs, 2289 complete and 0 interrupted iterations
default   [  62% ] 08/10 VUs  11m07.0s/18m00.0s

running (11m08.0s), 08/10 VUs, 2291 complete and 0 interrupted iterations
default   [  62% ] 08/10 VUs  11m08.0s/18m00.0s

running (11m09.0s), 08/10 VUs, 2298 complete and 0 interrupted iterations
default   [  62% ] 08/10 VUs  11m09.0s/18m00.0s

running (11m10.0s), 08/10 VUs, 2304 complete and 0 interrupted iterations
default   [  62% ] 08/10 VUs  11m10.0s/18m00.0s

running (11m11.0s), 08/10 VUs, 2307 complete and 0 interrupted iterations
default   [  62% ] 08/10 VUs  11m11.0s/18m00.0s

running (11m12.0s), 08/10 VUs, 2314 complete and 0 interrupted iterations
default   [  62% ] 08/10 VUs  11m12.0s/18m00.0s

running (11m13.0s), 08/10 VUs, 2319 complete and 0 interrupted iterations
default   [  62% ] 08/10 VUs  11m13.0s/18m00.0s

running (11m14.0s), 08/10 VUs, 2322 complete and 0 interrupted iterations
default   [  62% ] 08/10 VUs  11m14.0s/18m00.0s

running (11m15.0s), 08/10 VUs, 2329 complete and 0 interrupted iterations
default   [  62% ] 08/10 VUs  11m15.0s/18m00.0s

running (11m16.0s), 08/10 VUs, 2333 complete and 0 interrupted iterations
default   [  63% ] 08/10 VUs  11m16.0s/18m00.0s

running (11m17.0s), 08/10 VUs, 2338 complete and 0 interrupted iterations
default   [  63% ] 08/10 VUs  11m17.0s/18m00.0s

running (11m18.0s), 08/10 VUs, 2345 complete and 0 interrupted iterations
default   [  63% ] 08/10 VUs  11m18.0s/18m00.0s

running (11m19.0s), 08/10 VUs, 2347 complete and 0 interrupted iterations
default   [  63% ] 08/10 VUs  11m19.0s/18m00.0s

running (11m20.0s), 08/10 VUs, 2354 complete and 0 interrupted iterations
default   [  63% ] 08/10 VUs  11m20.0s/18m00.0s

running (11m21.0s), 08/10 VUs, 2361 complete and 0 interrupted iterations
default   [  63% ] 08/10 VUs  11m21.0s/18m00.0s

running (11m22.0s), 08/10 VUs, 2363 complete and 0 interrupted iterations
default   [  63% ] 08/10 VUs  11m22.0s/18m00.0s

running (11m23.0s), 08/10 VUs, 2370 complete and 0 interrupted iterations
default   [  63% ] 08/10 VUs  11m23.0s/18m00.0s

running (11m24.0s), 08/10 VUs, 2376 complete and 0 interrupted iterations
default   [  63% ] 08/10 VUs  11m24.0s/18m00.0s

running (11m25.0s), 08/10 VUs, 2378 complete and 0 interrupted iterations
default   [  63% ] 08/10 VUs  11m25.0s/18m00.0s

running (11m26.0s), 08/10 VUs, 2386 complete and 0 interrupted iterations
default   [  64% ] 08/10 VUs  11m26.0s/18m00.0s

running (11m27.0s), 08/10 VUs, 2389 complete and 0 interrupted iterations
default   [  64% ] 08/10 VUs  11m27.0s/18m00.0s

running (11m28.0s), 08/10 VUs, 2394 complete and 0 interrupted iterations
default   [  64% ] 08/10 VUs  11m28.0s/18m00.0s

running (11m29.0s), 08/10 VUs, 2401 complete and 0 interrupted iterations
default   [  64% ] 08/10 VUs  11m29.0s/18m00.0s

running (11m30.0s), 08/10 VUs, 2403 complete and 0 interrupted iterations
default   [  64% ] 08/10 VUs  11m30.0s/18m00.0s

running (11m31.0s), 08/10 VUs, 2410 complete and 0 interrupted iterations
default   [  64% ] 08/10 VUs  11m31.0s/18m00.0s

running (11m32.0s), 08/10 VUs, 2417 complete and 0 interrupted iterations
default   [  64% ] 08/10 VUs  11m32.0s/18m00.0s

running (11m33.0s), 08/10 VUs, 2419 complete and 0 interrupted iterations
default   [  64% ] 08/10 VUs  11m33.0s/18m00.0s

running (11m34.0s), 08/10 VUs, 2426 complete and 0 interrupted iterations
default   [  64% ] 08/10 VUs  11m34.0s/18m00.0s

running (11m35.0s), 08/10 VUs, 2432 complete and 0 interrupted iterations
default   [  64% ] 08/10 VUs  11m35.0s/18m00.0s

running (11m36.0s), 08/10 VUs, 2435 complete and 0 interrupted iterations
default   [  64% ] 08/10 VUs  11m36.0s/18m00.0s

running (11m37.0s), 08/10 VUs, 2442 complete and 0 interrupted iterations
default   [  65% ] 08/10 VUs  11m37.0s/18m00.0s

running (11m38.0s), 08/10 VUs, 2445 complete and 0 interrupted iterations
default   [  65% ] 08/10 VUs  11m38.0s/18m00.0s

running (11m39.0s), 08/10 VUs, 2450 complete and 0 interrupted iterations
default   [  65% ] 08/10 VUs  11m39.0s/18m00.0s

running (11m40.0s), 08/10 VUs, 2458 complete and 0 interrupted iterations
default   [  65% ] 08/10 VUs  11m40.0s/18m00.0s

running (11m41.0s), 08/10 VUs, 2459 complete and 0 interrupted iterations
default   [  65% ] 08/10 VUs  11m41.0s/18m00.0s

running (11m42.0s), 08/10 VUs, 2466 complete and 0 interrupted iterations
default   [  65% ] 08/10 VUs  11m42.0s/18m00.0s

running (11m43.0s), 08/10 VUs, 2472 complete and 0 interrupted iterations
default   [  65% ] 08/10 VUs  11m43.0s/18m00.0s

running (11m44.0s), 08/10 VUs, 2474 complete and 0 interrupted iterations
default   [  65% ] 08/10 VUs  11m44.0s/18m00.0s

running (11m45.0s), 08/10 VUs, 2482 complete and 0 interrupted iterations
default   [  65% ] 08/10 VUs  11m45.0s/18m00.0s

running (11m46.0s), 08/10 VUs, 2482 complete and 0 interrupted iterations
default   [  65% ] 08/10 VUs  11m46.0s/18m00.0s

running (11m47.0s), 08/10 VUs, 2490 complete and 0 interrupted iterations
default   [  65% ] 08/10 VUs  11m47.0s/18m00.0s

running (11m48.0s), 08/10 VUs, 2498 complete and 0 interrupted iterations
default   [  66% ] 08/10 VUs  11m48.0s/18m00.0s

running (11m49.0s), 08/10 VUs, 2498 complete and 0 interrupted iterations
default   [  66% ] 08/10 VUs  11m49.0s/18m00.0s

running (11m50.0s), 08/10 VUs, 2506 complete and 0 interrupted iterations
default   [  66% ] 08/10 VUs  11m50.0s/18m00.0s

running (11m51.0s), 08/10 VUs, 2513 complete and 0 interrupted iterations
default   [  66% ] 08/10 VUs  11m51.0s/18m00.0s

running (11m52.0s), 08/10 VUs, 2514 complete and 0 interrupted iterations
default   [  66% ] 08/10 VUs  11m52.0s/18m00.0s

running (11m53.0s), 08/10 VUs, 2522 complete and 0 interrupted iterations
default   [  66% ] 08/10 VUs  11m53.0s/18m00.0s

running (11m54.0s), 08/10 VUs, 2523 complete and 0 interrupted iterations
default   [  66% ] 08/10 VUs  11m54.0s/18m00.0s

running (11m55.0s), 08/10 VUs, 2530 complete and 0 interrupted iterations
default   [  66% ] 08/10 VUs  11m55.0s/18m00.0s

running (11m56.0s), 08/10 VUs, 2538 complete and 0 interrupted iterations
default   [  66% ] 08/10 VUs  11m56.0s/18m00.0s

running (11m57.0s), 08/10 VUs, 2538 complete and 0 interrupted iterations
default   [  66% ] 08/10 VUs  11m57.0s/18m00.0s

running (11m58.0s), 08/10 VUs, 2546 complete and 0 interrupted iterations
default   [  66% ] 08/10 VUs  11m58.0s/18m00.0s

running (11m59.0s), 08/10 VUs, 2554 complete and 0 interrupted iterations
default   [  67% ] 08/10 VUs  11m59.0s/18m00.0s

running (12m00.0s), 08/10 VUs, 2554 complete and 0 interrupted iterations
default   [  67% ] 08/10 VUs  12m00.0s/18m00.0s

running (12m01.0s), 08/10 VUs, 2562 complete and 0 interrupted iterations
default   [  67% ] 08/10 VUs  12m01.0s/18m00.0s

running (12m02.0s), 08/10 VUs, 2566 complete and 0 interrupted iterations
default   [  67% ] 08/10 VUs  12m02.0s/18m00.0s

running (12m03.0s), 08/10 VUs, 2570 complete and 0 interrupted iterations
default   [  67% ] 08/10 VUs  12m03.0s/18m00.0s

running (12m04.0s), 08/10 VUs, 2578 complete and 0 interrupted iterations
default   [  67% ] 08/10 VUs  12m04.0s/18m00.0s

running (12m05.0s), 08/10 VUs, 2579 complete and 0 interrupted iterations
default   [  67% ] 08/10 VUs  12m05.0s/18m00.0s

running (12m06.0s), 08/10 VUs, 2586 complete and 0 interrupted iterations
default   [  67% ] 08/10 VUs  12m06.0s/18m00.0s

running (12m07.0s), 08/10 VUs, 2594 complete and 0 interrupted iterations
default   [  67% ] 08/10 VUs  12m07.0s/18m00.0s

running (12m08.0s), 08/10 VUs, 2594 complete and 0 interrupted iterations
default   [  67% ] 08/10 VUs  12m08.0s/18m00.0s

running (12m09.0s), 08/10 VUs, 2602 complete and 0 interrupted iterations
default   [  67% ] 08/10 VUs  12m09.0s/18m00.0s

running (12m10.0s), 08/10 VUs, 2609 complete and 0 interrupted iterations
default   [  68% ] 08/10 VUs  12m10.0s/18m00.0s

running (12m11.0s), 08/10 VUs, 2610 complete and 0 interrupted iterations
default   [  68% ] 08/10 VUs  12m11.0s/18m00.0s

running (12m12.0s), 08/10 VUs, 2618 complete and 0 interrupted iterations
default   [  68% ] 08/10 VUs  12m12.0s/18m00.0s

running (12m13.0s), 08/10 VUs, 2623 complete and 0 interrupted iterations
default   [  68% ] 08/10 VUs  12m13.0s/18m00.0s

running (12m14.0s), 08/10 VUs, 2626 complete and 0 interrupted iterations
default   [  68% ] 08/10 VUs  12m14.0s/18m00.0s

running (12m15.0s), 08/10 VUs, 2634 complete and 0 interrupted iterations
default   [  68% ] 08/10 VUs  12m15.0s/18m00.0s

running (12m16.0s), 08/10 VUs, 2637 complete and 0 interrupted iterations
default   [  68% ] 08/10 VUs  12m16.0s/18m00.0s

running (12m17.0s), 08/10 VUs, 2642 complete and 0 interrupted iterations
default   [  68% ] 08/10 VUs  12m17.0s/18m00.0s

running (12m18.0s), 08/10 VUs, 2650 complete and 0 interrupted iterations
default   [  68% ] 08/10 VUs  12m18.0s/18m00.0s

running (12m19.0s), 08/10 VUs, 2651 complete and 0 interrupted iterations
default   [  68% ] 08/10 VUs  12m19.0s/18m00.0s

running (12m20.0s), 08/10 VUs, 2658 complete and 0 interrupted iterations
default   [  69% ] 08/10 VUs  12m20.0s/18m00.0s

running (12m21.0s), 08/10 VUs, 2665 complete and 0 interrupted iterations
default   [  69% ] 08/10 VUs  12m21.0s/18m00.0s

running (12m22.0s), 08/10 VUs, 2666 complete and 0 interrupted iterations
default   [  69% ] 08/10 VUs  12m22.0s/18m00.0s

running (12m23.0s), 08/10 VUs, 2671 complete and 0 interrupted iterations
default   [  69% ] 08/10 VUs  12m23.0s/18m00.0s

running (12m24.0s), 08/10 VUs, 2676 complete and 0 interrupted iterations
default   [  69% ] 08/10 VUs  12m24.0s/18m00.0s

running (12m25.0s), 08/10 VUs, 2681 complete and 0 interrupted iterations
default   [  69% ] 08/10 VUs  12m25.0s/18m00.0s

running (12m26.0s), 08/10 VUs, 2687 complete and 0 interrupted iterations
default   [  69% ] 08/10 VUs  12m26.0s/18m00.0s

running (12m27.0s), 08/10 VUs, 2691 complete and 0 interrupted iterations
default   [  69% ] 08/10 VUs  12m27.0s/18m00.0s

running (12m28.0s), 08/10 VUs, 2692 complete and 0 interrupted iterations
default   [  69% ] 08/10 VUs  12m28.0s/18m00.0s

running (12m29.0s), 08/10 VUs, 2698 complete and 0 interrupted iterations
default   [  69% ] 08/10 VUs  12m29.0s/18m00.0s

running (12m30.0s), 08/10 VUs, 2702 complete and 0 interrupted iterations
default   [  69% ] 08/10 VUs  12m30.0s/18m00.0s

running (12m31.0s), 08/10 VUs, 2708 complete and 0 interrupted iterations
default   [  70% ] 08/10 VUs  12m31.0s/18m00.0s

running (12m32.0s), 08/10 VUs, 2714 complete and 0 interrupted iterations
default   [  70% ] 08/10 VUs  12m32.0s/18m00.0s

running (12m33.0s), 08/10 VUs, 2718 complete and 0 interrupted iterations
default   [  70% ] 08/10 VUs  12m33.0s/18m00.0s

running (12m34.0s), 08/10 VUs, 2723 complete and 0 interrupted iterations
default   [  70% ] 08/10 VUs  12m34.0s/18m00.0s

running (12m35.0s), 08/10 VUs, 2728 complete and 0 interrupted iterations
default   [  70% ] 08/10 VUs  12m35.0s/18m00.0s

running (12m36.0s), 08/10 VUs, 2733 complete and 0 interrupted iterations
default   [  70% ] 08/10 VUs  12m36.0s/18m00.0s

running (12m37.0s), 08/10 VUs, 2739 complete and 0 interrupted iterations
default   [  70% ] 08/10 VUs  12m37.0s/18m00.0s

running (12m38.0s), 08/10 VUs, 2743 complete and 0 interrupted iterations
default   [  70% ] 08/10 VUs  12m38.0s/18m00.0s

running (12m39.0s), 08/10 VUs, 2748 complete and 0 interrupted iterations
default   [  70% ] 08/10 VUs  12m39.0s/18m00.0s

running (12m40.0s), 08/10 VUs, 2754 complete and 0 interrupted iterations
default   [  70% ] 08/10 VUs  12m40.0s/18m00.0s

running (12m41.0s), 08/10 VUs, 2758 complete and 0 interrupted iterations
default   [  70% ] 08/10 VUs  12m41.0s/18m00.0s

running (12m42.0s), 08/10 VUs, 2764 complete and 0 interrupted iterations
default   [  71% ] 08/10 VUs  12m42.0s/18m00.0s

running (12m43.0s), 08/10 VUs, 2770 complete and 0 interrupted iterations
default   [  71% ] 08/10 VUs  12m43.0s/18m00.0s

running (12m44.0s), 08/10 VUs, 2774 complete and 0 interrupted iterations
default   [  71% ] 08/10 VUs  12m44.0s/18m00.0s

running (12m45.0s), 08/10 VUs, 2779 complete and 0 interrupted iterations
default   [  71% ] 08/10 VUs  12m45.0s/18m00.0s

running (12m46.0s), 08/10 VUs, 2784 complete and 0 interrupted iterations
default   [  71% ] 08/10 VUs  12m46.0s/18m00.0s

running (12m47.0s), 08/10 VUs, 2789 complete and 0 interrupted iterations
default   [  71% ] 08/10 VUs  12m47.0s/18m00.0s

running (12m48.0s), 08/10 VUs, 2794 complete and 0 interrupted iterations
default   [  71% ] 08/10 VUs  12m48.0s/18m00.0s

running (12m49.0s), 08/10 VUs, 2800 complete and 0 interrupted iterations
default   [  71% ] 08/10 VUs  12m49.0s/18m00.0s

running (12m50.0s), 08/10 VUs, 2804 complete and 0 interrupted iterations
default   [  71% ] 08/10 VUs  12m50.0s/18m00.0s

running (12m51.0s), 08/10 VUs, 2810 complete and 0 interrupted iterations
default   [  71% ] 08/10 VUs  12m51.0s/18m00.0s

running (12m52.0s), 08/10 VUs, 2815 complete and 0 interrupted iterations
default   [  71% ] 08/10 VUs  12m52.0s/18m00.0s

running (12m53.0s), 08/10 VUs, 2820 complete and 0 interrupted iterations
default   [  72% ] 08/10 VUs  12m53.0s/18m00.0s

running (12m54.0s), 08/10 VUs, 2826 complete and 0 interrupted iterations
default   [  72% ] 08/10 VUs  12m54.0s/18m00.0s

running (12m55.0s), 08/10 VUs, 2829 complete and 0 interrupted iterations
default   [  72% ] 08/10 VUs  12m55.0s/18m00.0s

running (12m56.0s), 08/10 VUs, 2836 complete and 0 interrupted iterations
default   [  72% ] 08/10 VUs  12m56.0s/18m00.0s

running (12m57.0s), 08/10 VUs, 2840 complete and 0 interrupted iterations
default   [  72% ] 08/10 VUs  12m57.0s/18m00.0s

running (12m58.0s), 08/10 VUs, 2845 complete and 0 interrupted iterations
default   [  72% ] 08/10 VUs  12m58.0s/18m00.0s

running (12m59.0s), 08/10 VUs, 2850 complete and 0 interrupted iterations
default   [  72% ] 08/10 VUs  12m59.0s/18m00.0s

running (13m00.0s), 08/10 VUs, 2856 complete and 0 interrupted iterations
default   [  72% ] 08/10 VUs  13m00.0s/18m00.0s

running (13m01.0s), 08/10 VUs, 2860 complete and 0 interrupted iterations
default   [  72% ] 08/10 VUs  13m01.0s/18m00.0s

running (13m02.0s), 08/10 VUs, 2866 complete and 0 interrupted iterations
default   [  72% ] 08/10 VUs  13m02.0s/18m00.0s

running (13m03.0s), 08/10 VUs, 2872 complete and 0 interrupted iterations
default   [  72% ] 08/10 VUs  13m03.0s/18m00.0s

running (13m04.0s), 08/10 VUs, 2876 complete and 0 interrupted iterations
default   [  73% ] 08/10 VUs  13m04.0s/18m00.0s

running (13m05.0s), 08/10 VUs, 2882 complete and 0 interrupted iterations
default   [  73% ] 08/10 VUs  13m05.0s/18m00.0s

running (13m06.0s), 08/10 VUs, 2885 complete and 0 interrupted iterations
default   [  73% ] 08/10 VUs  13m06.0s/18m00.0s

running (13m07.0s), 08/10 VUs, 2892 complete and 0 interrupted iterations
default   [  73% ] 08/10 VUs  13m07.0s/18m00.0s

running (13m08.0s), 08/10 VUs, 2896 complete and 0 interrupted iterations
default   [  73% ] 08/10 VUs  13m08.0s/18m00.0s

running (13m09.0s), 08/10 VUs, 2901 complete and 0 interrupted iterations
default   [  73% ] 08/10 VUs  13m09.0s/18m00.0s

running (13m10.0s), 08/10 VUs, 2906 complete and 0 interrupted iterations
default   [  73% ] 08/10 VUs  13m10.0s/18m00.0s

running (13m11.0s), 08/10 VUs, 2912 complete and 0 interrupted iterations
default   [  73% ] 08/10 VUs  13m11.0s/18m00.0s

running (13m12.0s), 08/10 VUs, 2917 complete and 0 interrupted iterations
default   [  73% ] 08/10 VUs  13m12.0s/18m00.0s

running (13m13.0s), 08/10 VUs, 2922 complete and 0 interrupted iterations
default   [  73% ] 08/10 VUs  13m13.0s/18m00.0s

running (13m14.0s), 08/10 VUs, 2928 complete and 0 interrupted iterations
default   [  74% ] 08/10 VUs  13m14.0s/18m00.0s

running (13m15.0s), 08/10 VUs, 2932 complete and 0 interrupted iterations
default   [  74% ] 08/10 VUs  13m15.0s/18m00.0s

running (13m16.0s), 08/10 VUs, 2938 complete and 0 interrupted iterations
default   [  74% ] 08/10 VUs  13m16.0s/18m00.0s

running (13m17.0s), 08/10 VUs, 2943 complete and 0 interrupted iterations
default   [  74% ] 08/10 VUs  13m17.0s/18m00.0s

running (13m18.0s), 08/10 VUs, 2948 complete and 0 interrupted iterations
default   [  74% ] 08/10 VUs  13m18.0s/18m00.0s

running (13m19.0s), 08/10 VUs, 2952 complete and 0 interrupted iterations
default   [  74% ] 08/10 VUs  13m19.0s/18m00.0s

running (13m20.0s), 08/10 VUs, 2957 complete and 0 interrupted iterations
default   [  74% ] 08/10 VUs  13m20.0s/18m00.0s

running (13m21.0s), 08/10 VUs, 2963 complete and 0 interrupted iterations
default   [  74% ] 08/10 VUs  13m21.0s/18m00.0s

running (13m22.0s), 08/10 VUs, 2968 complete and 0 interrupted iterations
default   [  74% ] 08/10 VUs  13m22.0s/18m00.0s

running (13m23.0s), 08/10 VUs, 2973 complete and 0 interrupted iterations
default   [  74% ] 08/10 VUs  13m23.0s/18m00.0s

running (13m24.0s), 08/10 VUs, 2978 complete and 0 interrupted iterations
default   [  74% ] 08/10 VUs  13m24.0s/18m00.0s

running (13m25.0s), 08/10 VUs, 2983 complete and 0 interrupted iterations
default   [  75% ] 08/10 VUs  13m25.0s/18m00.0s

running (13m26.0s), 08/10 VUs, 2988 complete and 0 interrupted iterations
default   [  75% ] 08/10 VUs  13m26.0s/18m00.0s

running (13m27.0s), 08/10 VUs, 2994 complete and 0 interrupted iterations
default   [  75% ] 08/10 VUs  13m27.0s/18m00.0s

running (13m28.0s), 08/10 VUs, 2999 complete and 0 interrupted iterations
default   [  75% ] 08/10 VUs  13m28.0s/18m00.0s

running (13m29.0s), 08/10 VUs, 3004 complete and 0 interrupted iterations
default   [  75% ] 08/10 VUs  13m29.0s/18m00.0s

running (13m30.0s), 08/10 VUs, 3008 complete and 0 interrupted iterations
default   [  75% ] 08/10 VUs  13m30.0s/18m00.0s

running (13m31.0s), 08/10 VUs, 3014 complete and 0 interrupted iterations
default   [  75% ] 08/10 VUs  13m31.0s/18m00.0s

running (13m32.0s), 08/10 VUs, 3019 complete and 0 interrupted iterations
default   [  75% ] 08/10 VUs  13m32.0s/18m00.0s

running (13m33.0s), 08/10 VUs, 3024 complete and 0 interrupted iterations
default   [  75% ] 08/10 VUs  13m33.0s/18m00.0s

running (13m34.0s), 08/10 VUs, 3029 complete and 0 interrupted iterations
default   [  75% ] 08/10 VUs  13m34.0s/18m00.0s

running (13m35.0s), 08/10 VUs, 3034 complete and 0 interrupted iterations
default   [  75% ] 08/10 VUs  13m35.0s/18m00.0s

running (13m36.0s), 08/10 VUs, 3039 complete and 0 interrupted iterations
default   [  76% ] 08/10 VUs  13m36.0s/18m00.0s

running (13m37.0s), 08/10 VUs, 3044 complete and 0 interrupted iterations
default   [  76% ] 08/10 VUs  13m37.0s/18m00.0s

running (13m38.0s), 08/10 VUs, 3049 complete and 0 interrupted iterations
default   [  76% ] 08/10 VUs  13m38.0s/18m00.0s

running (13m39.0s), 08/10 VUs, 3055 complete and 0 interrupted iterations
default   [  76% ] 08/10 VUs  13m39.0s/18m00.0s

running (13m40.0s), 08/10 VUs, 3059 complete and 0 interrupted iterations
default   [  76% ] 08/10 VUs  13m40.0s/18m00.0s

running (13m41.0s), 08/10 VUs, 3064 complete and 0 interrupted iterations
default   [  76% ] 08/10 VUs  13m41.0s/18m00.0s

running (13m42.0s), 08/10 VUs, 3071 complete and 0 interrupted iterations
default   [  76% ] 08/10 VUs  13m42.0s/18m00.0s

running (13m43.0s), 08/10 VUs, 3075 complete and 0 interrupted iterations
default   [  76% ] 08/10 VUs  13m43.0s/18m00.0s

running (13m44.0s), 08/10 VUs, 3080 complete and 0 interrupted iterations
default   [  76% ] 08/10 VUs  13m44.0s/18m00.0s

running (13m45.0s), 08/10 VUs, 3086 complete and 0 interrupted iterations
default   [  76% ] 08/10 VUs  13m45.0s/18m00.0s

running (13m46.0s), 08/10 VUs, 3091 complete and 0 interrupted iterations
default   [  76% ] 08/10 VUs  13m46.0s/18m00.0s

running (13m47.0s), 08/10 VUs, 3095 complete and 0 interrupted iterations
default   [  77% ] 08/10 VUs  13m47.0s/18m00.0s

running (13m48.0s), 08/10 VUs, 3101 complete and 0 interrupted iterations
default   [  77% ] 08/10 VUs  13m48.0s/18m00.0s

running (13m49.0s), 08/10 VUs, 3105 complete and 0 interrupted iterations
default   [  77% ] 08/10 VUs  13m49.0s/18m00.0s

running (13m50.0s), 08/10 VUs, 3111 complete and 0 interrupted iterations
default   [  77% ] 08/10 VUs  13m50.0s/18m00.0s

running (13m51.0s), 08/10 VUs, 3115 complete and 0 interrupted iterations
default   [  77% ] 08/10 VUs  13m51.0s/18m00.0s

running (13m52.0s), 08/10 VUs, 3120 complete and 0 interrupted iterations
default   [  77% ] 08/10 VUs  13m52.0s/18m00.0s

running (13m53.0s), 08/10 VUs, 3127 complete and 0 interrupted iterations
default   [  77% ] 08/10 VUs  13m53.0s/18m00.0s

running (13m54.0s), 08/10 VUs, 3131 complete and 0 interrupted iterations
default   [  77% ] 08/10 VUs  13m54.0s/18m00.0s

running (13m55.0s), 08/10 VUs, 3136 complete and 0 interrupted iterations
default   [  77% ] 08/10 VUs  13m55.0s/18m00.0s

running (13m56.0s), 08/10 VUs, 3142 complete and 0 interrupted iterations
default   [  77% ] 08/10 VUs  13m56.0s/18m00.0s

running (13m57.0s), 08/10 VUs, 3147 complete and 0 interrupted iterations
default   [  77% ] 08/10 VUs  13m57.0s/18m00.0s

running (13m58.0s), 08/10 VUs, 3151 complete and 0 interrupted iterations
default   [  78% ] 08/10 VUs  13m58.0s/18m00.0s

running (13m59.0s), 08/10 VUs, 3158 complete and 0 interrupted iterations
default   [  78% ] 08/10 VUs  13m59.0s/18m00.0s

running (14m00.0s), 08/10 VUs, 3160 complete and 0 interrupted iterations
default   [  78% ] 08/10 VUs  14m00.0s/18m00.0s

running (14m01.0s), 09/10 VUs, 3163 complete and 0 interrupted iterations
default   [  78% ] 09/10 VUs  14m01.0s/18m00.0s

running (14m02.0s), 09/10 VUs, 3165 complete and 0 interrupted iterations
default   [  78% ] 09/10 VUs  14m02.0s/18m00.0s

running (14m03.0s), 09/10 VUs, 3171 complete and 0 interrupted iterations
default   [  78% ] 09/10 VUs  14m03.0s/18m00.0s

running (14m04.0s), 09/10 VUs, 3171 complete and 0 interrupted iterations
default   [  78% ] 09/10 VUs  14m04.0s/18m00.0s

running (14m05.0s), 09/10 VUs, 3178 complete and 0 interrupted iterations
default   [  78% ] 09/10 VUs  14m05.0s/18m00.0s

running (14m06.0s), 09/10 VUs, 3180 complete and 0 interrupted iterations
default   [  78% ] 09/10 VUs  14m06.0s/18m00.0s

running (14m07.0s), 09/10 VUs, 3187 complete and 0 interrupted iterations
default   [  78% ] 09/10 VUs  14m07.0s/18m00.0s

running (14m08.0s), 09/10 VUs, 3189 complete and 0 interrupted iterations
default   [  79% ] 09/10 VUs  14m08.0s/18m00.0s

running (14m09.0s), 09/10 VUs, 3189 complete and 0 interrupted iterations
default   [  79% ] 09/10 VUs  14m09.0s/18m00.0s

running (14m10.0s), 09/10 VUs, 3198 complete and 0 interrupted iterations
default   [  79% ] 09/10 VUs  14m10.0s/18m00.0s

running (14m11.0s), 09/10 VUs, 3205 complete and 0 interrupted iterations
default   [  79% ] 09/10 VUs  14m11.0s/18m00.0s

running (14m12.0s), 09/10 VUs, 3207 complete and 0 interrupted iterations
default   [  79% ] 09/10 VUs  14m12.0s/18m00.0s

running (14m13.0s), 09/10 VUs, 3216 complete and 0 interrupted iterations
default   [  79% ] 09/10 VUs  14m13.0s/18m00.0s

running (14m14.0s), 09/10 VUs, 3223 complete and 0 interrupted iterations
default   [  79% ] 09/10 VUs  14m14.0s/18m00.0s

running (14m15.0s), 09/10 VUs, 3225 complete and 0 interrupted iterations
default   [  79% ] 09/10 VUs  14m15.0s/18m00.0s

running (14m16.0s), 09/10 VUs, 3234 complete and 0 interrupted iterations
default   [  79% ] 09/10 VUs  14m16.0s/18m00.0s

running (14m17.0s), 09/10 VUs, 3240 complete and 0 interrupted iterations
default   [  79% ] 09/10 VUs  14m17.0s/18m00.0s

running (14m18.0s), 09/10 VUs, 3243 complete and 0 interrupted iterations
default   [  79% ] 09/10 VUs  14m18.0s/18m00.0s

running (14m19.0s), 09/10 VUs, 3250 complete and 0 interrupted iterations
default   [  80% ] 09/10 VUs  14m19.0s/18m00.0s

running (14m20.0s), 09/10 VUs, 3255 complete and 0 interrupted iterations
default   [  80% ] 09/10 VUs  14m20.0s/18m00.0s

running (14m21.0s), 09/10 VUs, 3261 complete and 0 interrupted iterations
default   [  80% ] 09/10 VUs  14m21.0s/18m00.0s

running (14m22.0s), 09/10 VUs, 3266 complete and 0 interrupted iterations
default   [  80% ] 09/10 VUs  14m22.0s/18m00.0s

running (14m23.0s), 09/10 VUs, 3270 complete and 0 interrupted iterations
default   [  80% ] 09/10 VUs  14m23.0s/18m00.0s

running (14m24.0s), 09/10 VUs, 3277 complete and 0 interrupted iterations
default   [  80% ] 09/10 VUs  14m24.0s/18m00.0s

running (14m25.0s), 09/10 VUs, 3284 complete and 0 interrupted iterations
default   [  80% ] 09/10 VUs  14m25.0s/18m00.0s

running (14m26.0s), 09/10 VUs, 3288 complete and 0 interrupted iterations
default   [  80% ] 09/10 VUs  14m26.0s/18m00.0s

running (14m27.0s), 09/10 VUs, 3294 complete and 0 interrupted iterations
default   [  80% ] 09/10 VUs  14m27.0s/18m00.0s

running (14m28.0s), 09/10 VUs, 3299 complete and 0 interrupted iterations
default   [  80% ] 09/10 VUs  14m28.0s/18m00.0s

running (14m29.0s), 09/10 VUs, 3306 complete and 0 interrupted iterations
default   [  80% ] 09/10 VUs  14m29.0s/18m00.0s

running (14m30.0s), 09/10 VUs, 3312 complete and 0 interrupted iterations
default   [  81% ] 09/10 VUs  14m30.0s/18m00.0s

running (14m31.0s), 09/10 VUs, 3315 complete and 0 interrupted iterations
default   [  81% ] 09/10 VUs  14m31.0s/18m00.0s

running (14m32.0s), 09/10 VUs, 3324 complete and 0 interrupted iterations
default   [  81% ] 09/10 VUs  14m32.0s/18m00.0s

running (14m33.0s), 09/10 VUs, 3329 complete and 0 interrupted iterations
default   [  81% ] 09/10 VUs  14m33.0s/18m00.0s

running (14m34.0s), 09/10 VUs, 3333 complete and 0 interrupted iterations
default   [  81% ] 09/10 VUs  14m34.0s/18m00.0s

running (14m35.0s), 09/10 VUs, 3341 complete and 0 interrupted iterations
default   [  81% ] 09/10 VUs  14m35.0s/18m00.0s

running (14m36.0s), 09/10 VUs, 3347 complete and 0 interrupted iterations
default   [  81% ] 09/10 VUs  14m36.0s/18m00.0s

running (14m37.0s), 09/10 VUs, 3351 complete and 0 interrupted iterations
default   [  81% ] 09/10 VUs  14m37.0s/18m00.0s

running (14m38.0s), 09/10 VUs, 3357 complete and 0 interrupted iterations
default   [  81% ] 09/10 VUs  14m38.0s/18m00.0s

running (14m39.0s), 09/10 VUs, 3363 complete and 0 interrupted iterations
default   [  81% ] 09/10 VUs  14m39.0s/18m00.0s

running (14m40.0s), 09/10 VUs, 3369 complete and 0 interrupted iterations
default   [  81% ] 09/10 VUs  14m40.0s/18m00.0s

running (14m41.0s), 09/10 VUs, 3374 complete and 0 interrupted iterations
default   [  82% ] 09/10 VUs  14m41.0s/18m00.0s

running (14m42.0s), 09/10 VUs, 3378 complete and 0 interrupted iterations
default   [  82% ] 09/10 VUs  14m42.0s/18m00.0s

running (14m43.0s), 09/10 VUs, 3387 complete and 0 interrupted iterations
default   [  82% ] 09/10 VUs  14m43.0s/18m00.0s

running (14m44.0s), 09/10 VUs, 3392 complete and 0 interrupted iterations
default   [  82% ] 09/10 VUs  14m44.0s/18m00.0s

running (14m45.0s), 09/10 VUs, 3396 complete and 0 interrupted iterations
default   [  82% ] 09/10 VUs  14m45.0s/18m00.0s

running (14m46.0s), 09/10 VUs, 3404 complete and 0 interrupted iterations
default   [  82% ] 09/10 VUs  14m46.0s/18m00.0s

running (14m47.0s), 09/10 VUs, 3410 complete and 0 interrupted iterations
default   [  82% ] 09/10 VUs  14m47.0s/18m00.0s

running (14m48.0s), 09/10 VUs, 3414 complete and 0 interrupted iterations
default   [  82% ] 09/10 VUs  14m48.0s/18m00.0s

running (14m49.0s), 09/10 VUs, 3420 complete and 0 interrupted iterations
default   [  82% ] 09/10 VUs  14m49.0s/18m00.0s

running (14m50.0s), 09/10 VUs, 3426 complete and 0 interrupted iterations
default   [  82% ] 09/10 VUs  14m50.0s/18m00.0s

running (14m51.0s), 09/10 VUs, 3432 complete and 0 interrupted iterations
default   [  82% ] 09/10 VUs  14m51.0s/18m00.0s

running (14m52.0s), 09/10 VUs, 3437 complete and 0 interrupted iterations
default   [  83% ] 09/10 VUs  14m52.0s/18m00.0s

running (14m53.0s), 09/10 VUs, 3443 complete and 0 interrupted iterations
default   [  83% ] 09/10 VUs  14m53.0s/18m00.0s

running (14m54.0s), 09/10 VUs, 3450 complete and 0 interrupted iterations
default   [  83% ] 09/10 VUs  14m54.0s/18m00.0s

running (14m55.0s), 09/10 VUs, 3455 complete and 0 interrupted iterations
default   [  83% ] 09/10 VUs  14m55.0s/18m00.0s

running (14m56.0s), 09/10 VUs, 3459 complete and 0 interrupted iterations
default   [  83% ] 09/10 VUs  14m56.0s/18m00.0s

running (14m57.0s), 09/10 VUs, 3467 complete and 0 interrupted iterations
default   [  83% ] 09/10 VUs  14m57.0s/18m00.0s

running (14m58.0s), 09/10 VUs, 3473 complete and 0 interrupted iterations
default   [  83% ] 09/10 VUs  14m58.0s/18m00.0s

running (14m59.0s), 09/10 VUs, 3477 complete and 0 interrupted iterations
default   [  83% ] 09/10 VUs  14m59.0s/18m00.0s

running (15m00.0s), 09/10 VUs, 3484 complete and 0 interrupted iterations
default   [  83% ] 09/10 VUs  15m00.0s/18m00.0s

running (15m01.0s), 09/10 VUs, 3489 complete and 0 interrupted iterations
default   [  83% ] 09/10 VUs  15m01.0s/18m00.0s

running (15m02.0s), 09/10 VUs, 3495 complete and 0 interrupted iterations
default   [  84% ] 09/10 VUs  15m02.0s/18m00.0s

running (15m03.0s), 09/10 VUs, 3500 complete and 0 interrupted iterations
default   [  84% ] 09/10 VUs  15m03.0s/18m00.0s

running (15m04.0s), 09/10 VUs, 3507 complete and 0 interrupted iterations
default   [  84% ] 09/10 VUs  15m04.0s/18m00.0s

running (15m05.0s), 09/10 VUs, 3513 complete and 0 interrupted iterations
default   [  84% ] 09/10 VUs  15m05.0s/18m00.0s

running (15m06.0s), 09/10 VUs, 3518 complete and 0 interrupted iterations
default   [  84% ] 09/10 VUs  15m06.0s/18m00.0s

running (15m07.0s), 09/10 VUs, 3524 complete and 0 interrupted iterations
default   [  84% ] 09/10 VUs  15m07.0s/18m00.0s

running (15m08.0s), 09/10 VUs, 3529 complete and 0 interrupted iterations
default   [  84% ] 09/10 VUs  15m08.0s/18m00.0s

running (15m09.0s), 09/10 VUs, 3536 complete and 0 interrupted iterations
default   [  84% ] 09/10 VUs  15m09.0s/18m00.0s

running (15m10.0s), 09/10 VUs, 3540 complete and 0 interrupted iterations
default   [  84% ] 09/10 VUs  15m10.0s/18m00.0s

running (15m11.0s), 09/10 VUs, 3547 complete and 0 interrupted iterations
default   [  84% ] 09/10 VUs  15m11.0s/18m00.0s

running (15m12.0s), 09/10 VUs, 3552 complete and 0 interrupted iterations
default   [  84% ] 09/10 VUs  15m12.0s/18m00.0s

running (15m13.0s), 09/10 VUs, 3558 complete and 0 interrupted iterations
default   [  85% ] 09/10 VUs  15m13.0s/18m00.0s

running (15m14.0s), 09/10 VUs, 3564 complete and 0 interrupted iterations
default   [  85% ] 09/10 VUs  15m14.0s/18m00.0s

running (15m15.0s), 09/10 VUs, 3570 complete and 0 interrupted iterations
default   [  85% ] 09/10 VUs  15m15.0s/18m00.0s

running (15m16.0s), 09/10 VUs, 3575 complete and 0 interrupted iterations
default   [  85% ] 09/10 VUs  15m16.0s/18m00.0s

running (15m17.0s), 09/10 VUs, 3581 complete and 0 interrupted iterations
default   [  85% ] 09/10 VUs  15m17.0s/18m00.0s

running (15m18.0s), 09/10 VUs, 3588 complete and 0 interrupted iterations
default   [  85% ] 09/10 VUs  15m18.0s/18m00.0s

running (15m19.0s), 09/10 VUs, 3592 complete and 0 interrupted iterations
default   [  85% ] 09/10 VUs  15m19.0s/18m00.0s

running (15m20.0s), 09/10 VUs, 3599 complete and 0 interrupted iterations
default   [  85% ] 09/10 VUs  15m20.0s/18m00.0s

running (15m21.0s), 09/10 VUs, 3604 complete and 0 interrupted iterations
default   [  85% ] 09/10 VUs  15m21.0s/18m00.0s

running (15m22.0s), 09/10 VUs, 3610 complete and 0 interrupted iterations
default   [  85% ] 09/10 VUs  15m22.0s/18m00.0s

running (15m23.0s), 09/10 VUs, 3615 complete and 0 interrupted iterations
default   [  85% ] 09/10 VUs  15m23.0s/18m00.0s

running (15m24.0s), 09/10 VUs, 3621 complete and 0 interrupted iterations
default   [  86% ] 09/10 VUs  15m24.0s/18m00.0s

running (15m25.0s), 09/10 VUs, 3627 complete and 0 interrupted iterations
default   [  86% ] 09/10 VUs  15m25.0s/18m00.0s

running (15m26.0s), 09/10 VUs, 3633 complete and 0 interrupted iterations
default   [  86% ] 09/10 VUs  15m26.0s/18m00.0s

running (15m27.0s), 09/10 VUs, 3638 complete and 0 interrupted iterations
default   [  86% ] 09/10 VUs  15m27.0s/18m00.0s

running (15m28.0s), 09/10 VUs, 3645 complete and 0 interrupted iterations
default   [  86% ] 09/10 VUs  15m28.0s/18m00.0s

running (15m29.0s), 09/10 VUs, 3651 complete and 0 interrupted iterations
default   [  86% ] 09/10 VUs  15m29.0s/18m00.0s

running (15m30.0s), 09/10 VUs, 3655 complete and 0 interrupted iterations
default   [  86% ] 09/10 VUs  15m30.0s/18m00.0s

running (15m31.0s), 09/10 VUs, 3662 complete and 0 interrupted iterations
default   [  86% ] 09/10 VUs  15m31.0s/18m00.0s

running (15m32.0s), 09/10 VUs, 3668 complete and 0 interrupted iterations
default   [  86% ] 09/10 VUs  15m32.0s/18m00.0s

running (15m33.0s), 09/10 VUs, 3672 complete and 0 interrupted iterations
default   [  86% ] 09/10 VUs  15m33.0s/18m00.0s

running (15m34.0s), 09/10 VUs, 3678 complete and 0 interrupted iterations
default   [  86% ] 09/10 VUs  15m34.0s/18m00.0s

running (15m35.0s), 09/10 VUs, 3684 complete and 0 interrupted iterations
default   [  87% ] 09/10 VUs  15m35.0s/18m00.0s

running (15m36.0s), 09/10 VUs, 3690 complete and 0 interrupted iterations
default   [  87% ] 09/10 VUs  15m36.0s/18m00.0s

running (15m37.0s), 09/10 VUs, 3696 complete and 0 interrupted iterations
default   [  87% ] 09/10 VUs  15m37.0s/18m00.0s

running (15m38.0s), 09/10 VUs, 3701 complete and 0 interrupted iterations
default   [  87% ] 09/10 VUs  15m38.0s/18m00.0s

running (15m39.0s), 09/10 VUs, 3708 complete and 0 interrupted iterations
default   [  87% ] 09/10 VUs  15m39.0s/18m00.0s

running (15m40.0s), 09/10 VUs, 3714 complete and 0 interrupted iterations
default   [  87% ] 09/10 VUs  15m40.0s/18m00.0s

running (15m41.0s), 09/10 VUs, 3718 complete and 0 interrupted iterations
default   [  87% ] 09/10 VUs  15m41.0s/18m00.0s

running (15m42.0s), 09/10 VUs, 3726 complete and 0 interrupted iterations
default   [  87% ] 09/10 VUs  15m42.0s/18m00.0s

running (15m43.0s), 09/10 VUs, 3731 complete and 0 interrupted iterations
default   [  87% ] 09/10 VUs  15m43.0s/18m00.0s

running (15m44.0s), 09/10 VUs, 3735 complete and 0 interrupted iterations
default   [  87% ] 09/10 VUs  15m44.0s/18m00.0s

running (15m45.0s), 09/10 VUs, 3741 complete and 0 interrupted iterations
default   [  87% ] 09/10 VUs  15m45.0s/18m00.0s

running (15m46.0s), 09/10 VUs, 3747 complete and 0 interrupted iterations
default   [  88% ] 09/10 VUs  15m46.0s/18m00.0s

running (15m47.0s), 09/10 VUs, 3753 complete and 0 interrupted iterations
default   [  88% ] 09/10 VUs  15m47.0s/18m00.0s

running (15m48.0s), 09/10 VUs, 3759 complete and 0 interrupted iterations
default   [  88% ] 09/10 VUs  15m48.0s/18m00.0s

running (15m49.0s), 09/10 VUs, 3764 complete and 0 interrupted iterations
default   [  88% ] 09/10 VUs  15m49.0s/18m00.0s

running (15m50.0s), 09/10 VUs, 3771 complete and 0 interrupted iterations
default   [  88% ] 09/10 VUs  15m50.0s/18m00.0s

running (15m51.0s), 09/10 VUs, 3777 complete and 0 interrupted iterations
default   [  88% ] 09/10 VUs  15m51.0s/18m00.0s

running (15m52.0s), 09/10 VUs, 3781 complete and 0 interrupted iterations
default   [  88% ] 09/10 VUs  15m52.0s/18m00.0s

running (15m53.0s), 09/10 VUs, 3788 complete and 0 interrupted iterations
default   [  88% ] 09/10 VUs  15m53.0s/18m00.0s

running (15m54.0s), 09/10 VUs, 3794 complete and 0 interrupted iterations
default   [  88% ] 09/10 VUs  15m54.0s/18m00.0s

running (15m55.0s), 09/10 VUs, 3798 complete and 0 interrupted iterations
default   [  88% ] 09/10 VUs  15m55.0s/18m00.0s

running (15m56.0s), 09/10 VUs, 3804 complete and 0 interrupted iterations
default   [  89% ] 09/10 VUs  15m56.0s/18m00.0s

running (15m57.0s), 09/10 VUs, 3810 complete and 0 interrupted iterations
default   [  89% ] 09/10 VUs  15m57.0s/18m00.0s

running (15m58.0s), 09/10 VUs, 3816 complete and 0 interrupted iterations
default   [  89% ] 09/10 VUs  15m58.0s/18m00.0s

running (15m59.0s), 09/10 VUs, 3822 complete and 0 interrupted iterations
default   [  89% ] 09/10 VUs  15m59.0s/18m00.0s

running (16m00.0s), 09/10 VUs, 3828 complete and 0 interrupted iterations
default   [  89% ] 09/10 VUs  16m00.0s/18m00.0s

running (16m01.0s), 09/10 VUs, 3834 complete and 0 interrupted iterations
default   [  89% ] 09/10 VUs  16m01.0s/18m00.0s

running (16m02.0s), 09/10 VUs, 3840 complete and 0 interrupted iterations
default   [  89% ] 09/10 VUs  16m02.0s/18m00.0s

running (16m03.0s), 09/10 VUs, 3844 complete and 0 interrupted iterations
default   [  89% ] 09/10 VUs  16m03.0s/18m00.0s

running (16m04.0s), 09/10 VUs, 3851 complete and 0 interrupted iterations
default   [  89% ] 09/10 VUs  16m04.0s/18m00.0s

running (16m05.0s), 09/10 VUs, 3858 complete and 0 interrupted iterations
default   [  89% ] 09/10 VUs  16m05.0s/18m00.0s

running (16m06.0s), 09/10 VUs, 3861 complete and 0 interrupted iterations
default   [  89% ] 09/10 VUs  16m06.0s/18m00.0s

running (16m07.0s), 09/10 VUs, 3868 complete and 0 interrupted iterations
default   [  90% ] 09/10 VUs  16m07.0s/18m00.0s

running (16m08.0s), 09/10 VUs, 3874 complete and 0 interrupted iterations
default   [  90% ] 09/10 VUs  16m08.0s/18m00.0s

running (16m09.0s), 09/10 VUs, 3879 complete and 0 interrupted iterations
default   [  90% ] 09/10 VUs  16m09.0s/18m00.0s

running (16m10.0s), 09/10 VUs, 3885 complete and 0 interrupted iterations
default   [  90% ] 09/10 VUs  16m10.0s/18m00.0s

running (16m11.0s), 09/10 VUs, 3891 complete and 0 interrupted iterations
default   [  90% ] 09/10 VUs  16m11.0s/18m00.0s

running (16m12.0s), 09/10 VUs, 3897 complete and 0 interrupted iterations
default   [  90% ] 09/10 VUs  16m12.0s/18m00.0s

running (16m13.0s), 09/10 VUs, 3903 complete and 0 interrupted iterations
default   [  90% ] 09/10 VUs  16m13.0s/18m00.0s

running (16m14.0s), 09/10 VUs, 3907 complete and 0 interrupted iterations
default   [  90% ] 09/10 VUs  16m14.0s/18m00.0s

running (16m15.0s), 09/10 VUs, 3914 complete and 0 interrupted iterations
default   [  90% ] 09/10 VUs  16m15.0s/18m00.0s

running (16m16.0s), 09/10 VUs, 3920 complete and 0 interrupted iterations
default   [  90% ] 09/10 VUs  16m16.0s/18m00.0s

running (16m17.0s), 09/10 VUs, 3925 complete and 0 interrupted iterations
default   [  90% ] 09/10 VUs  16m17.0s/18m00.0s

running (16m18.0s), 09/10 VUs, 3931 complete and 0 interrupted iterations
default   [  91% ] 09/10 VUs  16m18.0s/18m00.0s

running (16m19.0s), 09/10 VUs, 3937 complete and 0 interrupted iterations
default   [  91% ] 09/10 VUs  16m19.0s/18m00.0s

running (16m20.0s), 09/10 VUs, 3942 complete and 0 interrupted iterations
default   [  91% ] 09/10 VUs  16m20.0s/18m00.0s

running (16m21.0s), 09/10 VUs, 3948 complete and 0 interrupted iterations
default   [  91% ] 09/10 VUs  16m21.0s/18m00.0s

running (16m22.0s), 09/10 VUs, 3954 complete and 0 interrupted iterations
default   [  91% ] 09/10 VUs  16m22.0s/18m00.0s

running (16m23.0s), 09/10 VUs, 3959 complete and 0 interrupted iterations
default   [  91% ] 09/10 VUs  16m23.0s/18m00.0s

running (16m24.0s), 09/10 VUs, 3966 complete and 0 interrupted iterations
default   [  91% ] 09/10 VUs  16m24.0s/18m00.0s

running (16m25.0s), 09/10 VUs, 3970 complete and 0 interrupted iterations
default   [  91% ] 09/10 VUs  16m25.0s/18m00.0s

running (16m26.0s), 09/10 VUs, 3977 complete and 0 interrupted iterations
default   [  91% ] 09/10 VUs  16m26.0s/18m00.0s

running (16m27.0s), 09/10 VUs, 3984 complete and 0 interrupted iterations
default   [  91% ] 09/10 VUs  16m27.0s/18m00.0s

running (16m28.0s), 09/10 VUs, 3988 complete and 0 interrupted iterations
default   [  91% ] 09/10 VUs  16m28.0s/18m00.0s

running (16m29.0s), 09/10 VUs, 3994 complete and 0 interrupted iterations
default   [  92% ] 09/10 VUs  16m29.0s/18m00.0s

running (16m30.0s), 09/10 VUs, 4001 complete and 0 interrupted iterations
default   [  92% ] 09/10 VUs  16m30.0s/18m00.0s

running (16m31.0s), 09/10 VUs, 4006 complete and 0 interrupted iterations
default   [  92% ] 09/10 VUs  16m31.0s/18m00.0s

running (16m32.0s), 09/10 VUs, 4011 complete and 0 interrupted iterations
default   [  92% ] 09/10 VUs  16m32.0s/18m00.0s

running (16m33.0s), 09/10 VUs, 4015 complete and 0 interrupted iterations
default   [  92% ] 09/10 VUs  16m33.0s/18m00.0s

running (16m34.0s), 09/10 VUs, 4022 complete and 0 interrupted iterations
default   [  92% ] 09/10 VUs  16m34.0s/18m00.0s

running (16m35.0s), 09/10 VUs, 4029 complete and 0 interrupted iterations
default   [  92% ] 09/10 VUs  16m35.0s/18m00.0s

running (16m36.0s), 09/10 VUs, 4033 complete and 0 interrupted iterations
default   [  92% ] 09/10 VUs  16m36.0s/18m00.0s

running (16m37.0s), 09/10 VUs, 4039 complete and 0 interrupted iterations
default   [  92% ] 09/10 VUs  16m37.0s/18m00.0s

running (16m38.0s), 09/10 VUs, 4043 complete and 0 interrupted iterations
default   [  92% ] 09/10 VUs  16m38.0s/18m00.0s

running (16m39.0s), 09/10 VUs, 4051 complete and 0 interrupted iterations
default   [  93% ] 09/10 VUs  16m39.0s/18m00.0s

running (16m40.0s), 09/10 VUs, 4057 complete and 0 interrupted iterations
default   [  93% ] 09/10 VUs  16m40.0s/18m00.0s

running (16m41.0s), 09/10 VUs, 4061 complete and 0 interrupted iterations
default   [  93% ] 09/10 VUs  16m41.0s/18m00.0s

running (16m42.0s), 09/10 VUs, 4068 complete and 0 interrupted iterations
default   [  93% ] 09/10 VUs  16m42.0s/18m00.0s

running (16m43.0s), 09/10 VUs, 4075 complete and 0 interrupted iterations
default   [  93% ] 09/10 VUs  16m43.0s/18m00.0s

running (16m44.0s), 09/10 VUs, 4078 complete and 0 interrupted iterations
default   [  93% ] 09/10 VUs  16m44.0s/18m00.0s

running (16m45.0s), 09/10 VUs, 4084 complete and 0 interrupted iterations
default   [  93% ] 09/10 VUs  16m45.0s/18m00.0s

running (16m46.0s), 09/10 VUs, 4092 complete and 0 interrupted iterations
default   [  93% ] 09/10 VUs  16m46.0s/18m00.0s

running (16m47.0s), 09/10 VUs, 4096 complete and 0 interrupted iterations
default   [  93% ] 09/10 VUs  16m47.0s/18m00.0s

running (16m48.0s), 09/10 VUs, 4102 complete and 0 interrupted iterations
default   [  93% ] 09/10 VUs  16m48.0s/18m00.0s

running (16m49.0s), 09/10 VUs, 4106 complete and 0 interrupted iterations
default   [  93% ] 09/10 VUs  16m49.0s/18m00.0s

running (16m50.0s), 09/10 VUs, 4114 complete and 0 interrupted iterations
default   [  94% ] 09/10 VUs  16m50.0s/18m00.0s

running (16m51.0s), 09/10 VUs, 4120 complete and 0 interrupted iterations
default   [  94% ] 09/10 VUs  16m51.0s/18m00.0s

running (16m52.0s), 09/10 VUs, 4124 complete and 0 interrupted iterations
default   [  94% ] 09/10 VUs  16m52.0s/18m00.0s

running (16m53.0s), 09/10 VUs, 4131 complete and 0 interrupted iterations
default   [  94% ] 09/10 VUs  16m53.0s/18m00.0s

running (16m54.0s), 09/10 VUs, 4137 complete and 0 interrupted iterations
default   [  94% ] 09/10 VUs  16m54.0s/18m00.0s

running (16m55.0s), 09/10 VUs, 4142 complete and 0 interrupted iterations
default   [  94% ] 09/10 VUs  16m55.0s/18m00.0s

running (16m56.0s), 09/10 VUs, 4148 complete and 0 interrupted iterations
default   [  94% ] 09/10 VUs  16m56.0s/18m00.0s

running (16m57.0s), 09/10 VUs, 4155 complete and 0 interrupted iterations
default   [  94% ] 09/10 VUs  16m57.0s/18m00.0s

running (16m58.0s), 09/10 VUs, 4159 complete and 0 interrupted iterations
default   [  94% ] 09/10 VUs  16m58.0s/18m00.0s

running (16m59.0s), 09/10 VUs, 4165 complete and 0 interrupted iterations
default   [  94% ] 09/10 VUs  16m59.0s/18m00.0s

running (17m00.0s), 09/10 VUs, 4169 complete and 0 interrupted iterations
default   [  94% ] 09/10 VUs  17m00.0s/18m00.0s

running (17m01.0s), 10/10 VUs, 4176 complete and 0 interrupted iterations
default   [  95% ] 10/10 VUs  17m01.0s/18m00.0s

running (17m02.0s), 10/10 VUs, 4183 complete and 0 interrupted iterations
default   [  95% ] 10/10 VUs  17m02.0s/18m00.0s

running (17m03.0s), 10/10 VUs, 4188 complete and 0 interrupted iterations
default   [  95% ] 10/10 VUs  17m03.0s/18m00.0s

running (17m04.0s), 10/10 VUs, 4196 complete and 0 interrupted iterations
default   [  95% ] 10/10 VUs  17m04.0s/18m00.0s

running (17m05.0s), 10/10 VUs, 4203 complete and 0 interrupted iterations
default   [  95% ] 10/10 VUs  17m05.0s/18m00.0s

running (17m06.0s), 10/10 VUs, 4208 complete and 0 interrupted iterations
default   [  95% ] 10/10 VUs  17m06.0s/18m00.0s

running (17m07.0s), 09/10 VUs, 4215 complete and 0 interrupted iterations
default   [  95% ] 09/10 VUs  17m07.0s/18m00.0s

running (17m08.0s), 09/10 VUs, 4220 complete and 0 interrupted iterations
default   [  95% ] 09/10 VUs  17m08.0s/18m00.0s

running (17m09.0s), 09/10 VUs, 4226 complete and 0 interrupted iterations
default   [  95% ] 09/10 VUs  17m09.0s/18m00.0s

running (17m10.0s), 09/10 VUs, 4233 complete and 0 interrupted iterations
default   [  95% ] 09/10 VUs  17m10.0s/18m00.0s

running (17m11.0s), 09/10 VUs, 4237 complete and 0 interrupted iterations
default   [  95% ] 09/10 VUs  17m11.0s/18m00.0s

running (17m12.0s), 09/10 VUs, 4243 complete and 0 interrupted iterations
default   [  96% ] 09/10 VUs  17m12.0s/18m00.0s

running (17m13.0s), 08/10 VUs, 4251 complete and 0 interrupted iterations
default   [  96% ] 08/10 VUs  17m13.0s/18m00.0s

running (17m14.0s), 08/10 VUs, 4254 complete and 0 interrupted iterations
default   [  96% ] 08/10 VUs  17m14.0s/18m00.0s

running (17m15.0s), 08/10 VUs, 4260 complete and 0 interrupted iterations
default   [  96% ] 08/10 VUs  17m15.0s/18m00.0s

running (17m16.0s), 08/10 VUs, 4266 complete and 0 interrupted iterations
default   [  96% ] 08/10 VUs  17m16.0s/18m00.0s

running (17m17.0s), 08/10 VUs, 4270 complete and 0 interrupted iterations
default   [  96% ] 08/10 VUs  17m17.0s/18m00.0s

running (17m18.0s), 08/10 VUs, 4275 complete and 0 interrupted iterations
default   [  96% ] 08/10 VUs  17m18.0s/18m00.0s

running (17m19.0s), 08/10 VUs, 4280 complete and 0 interrupted iterations
default   [  96% ] 08/10 VUs  17m19.0s/18m00.0s

running (17m20.0s), 07/10 VUs, 4286 complete and 0 interrupted iterations
default   [  96% ] 07/10 VUs  17m20.0s/18m00.0s

running (17m21.0s), 07/10 VUs, 4290 complete and 0 interrupted iterations
default   [  96% ] 07/10 VUs  17m21.0s/18m00.0s

running (17m22.0s), 07/10 VUs, 4294 complete and 0 interrupted iterations
default   [  96% ] 07/10 VUs  17m22.0s/18m00.0s

running (17m23.0s), 07/10 VUs, 4298 complete and 0 interrupted iterations
default   [  97% ] 07/10 VUs  17m23.0s/18m00.0s

running (17m24.0s), 07/10 VUs, 4304 complete and 0 interrupted iterations
default   [  97% ] 07/10 VUs  17m24.0s/18m00.0s

running (17m25.0s), 06/10 VUs, 4308 complete and 0 interrupted iterations
default   [  97% ] 06/10 VUs  17m25.0s/18m00.0s

running (17m26.0s), 06/10 VUs, 4311 complete and 0 interrupted iterations
default   [  97% ] 06/10 VUs  17m26.0s/18m00.0s

running (17m27.0s), 06/10 VUs, 4317 complete and 0 interrupted iterations
default   [  97% ] 06/10 VUs  17m27.0s/18m00.0s

running (17m28.0s), 06/10 VUs, 4319 complete and 0 interrupted iterations
default   [  97% ] 06/10 VUs  17m28.0s/18m00.0s

running (17m29.0s), 06/10 VUs, 4323 complete and 0 interrupted iterations
default   [  97% ] 06/10 VUs  17m29.0s/18m00.0s

running (17m30.0s), 06/10 VUs, 4327 complete and 0 interrupted iterations
default   [  97% ] 06/10 VUs  17m30.0s/18m00.0s

running (17m31.0s), 05/10 VUs, 4331 complete and 0 interrupted iterations
default   [  97% ] 05/10 VUs  17m31.0s/18m00.0s

running (17m32.0s), 05/10 VUs, 4335 complete and 0 interrupted iterations
default   [  97% ] 05/10 VUs  17m32.0s/18m00.0s

running (17m33.0s), 05/10 VUs, 4337 complete and 0 interrupted iterations
default   [  97% ] 05/10 VUs  17m33.0s/18m00.0s

running (17m34.0s), 05/10 VUs, 4340 complete and 0 interrupted iterations
default   [  98% ] 05/10 VUs  17m34.0s/18m00.0s

running (17m35.0s), 05/10 VUs, 4345 complete and 0 interrupted iterations
default   [  98% ] 05/10 VUs  17m35.0s/18m00.0s

running (17m36.0s), 05/10 VUs, 4347 complete and 0 interrupted iterations
default   [  98% ] 05/10 VUs  17m36.0s/18m00.0s

running (17m37.0s), 05/10 VUs, 4350 complete and 0 interrupted iterations
default   [  98% ] 05/10 VUs  17m37.0s/18m00.0s

running (17m38.0s), 04/10 VUs, 4354 complete and 0 interrupted iterations
default   [  98% ] 04/10 VUs  17m38.0s/18m00.0s

running (17m39.0s), 04/10 VUs, 4356 complete and 0 interrupted iterations
default   [  98% ] 04/10 VUs  17m39.0s/18m00.0s

running (17m40.0s), 04/10 VUs, 4359 complete and 0 interrupted iterations
default   [  98% ] 04/10 VUs  17m40.0s/18m00.0s

running (17m41.0s), 04/10 VUs, 4361 complete and 0 interrupted iterations
default   [  98% ] 04/10 VUs  17m41.0s/18m00.0s

running (17m42.0s), 04/10 VUs, 4363 complete and 0 interrupted iterations
default   [  98% ] 04/10 VUs  17m42.0s/18m00.0s

running (17m43.0s), 03/10 VUs, 4367 complete and 0 interrupted iterations
default   [  98% ] 03/10 VUs  17m43.0s/18m00.0s

running (17m44.0s), 03/10 VUs, 4369 complete and 0 interrupted iterations
default   [  99% ] 03/10 VUs  17m44.0s/18m00.0s

running (17m45.0s), 03/10 VUs, 4370 complete and 0 interrupted iterations
default   [  99% ] 03/10 VUs  17m45.0s/18m00.0s

running (17m46.0s), 03/10 VUs, 4373 complete and 0 interrupted iterations
default   [  99% ] 03/10 VUs  17m46.0s/18m00.0s

running (17m47.0s), 03/10 VUs, 4374 complete and 0 interrupted iterations
default   [  99% ] 03/10 VUs  17m47.0s/18m00.0s

running (17m48.0s), 03/10 VUs, 4376 complete and 0 interrupted iterations
default   [  99% ] 03/10 VUs  17m48.0s/18m00.0s

running (17m49.0s), 03/10 VUs, 4378 complete and 0 interrupted iterations
default   [  99% ] 03/10 VUs  17m49.0s/18m00.0s

running (17m50.0s), 02/10 VUs, 4380 complete and 0 interrupted iterations
default   [  99% ] 02/10 VUs  17m50.0s/18m00.0s

running (17m51.0s), 02/10 VUs, 4381 complete and 0 interrupted iterations
default   [  99% ] 02/10 VUs  17m51.0s/18m00.0s

running (17m52.0s), 02/10 VUs, 4383 complete and 0 interrupted iterations
default   [  99% ] 02/10 VUs  17m52.0s/18m00.0s

running (17m53.0s), 02/10 VUs, 4383 complete and 0 interrupted iterations
default   [  99% ] 02/10 VUs  17m53.0s/18m00.0s

running (17m54.0s), 02/10 VUs, 4385 complete and 0 interrupted iterations
default   [  99% ] 02/10 VUs  17m54.0s/18m00.0s

running (17m55.0s), 02/10 VUs, 4386 complete and 0 interrupted iterations
default   [ 100% ] 02/10 VUs  17m55.0s/18m00.0s

running (17m56.0s), 01/10 VUs, 4387 complete and 0 interrupted iterations
default   [ 100% ] 01/10 VUs  17m56.0s/18m00.0s

running (17m57.0s), 01/10 VUs, 4388 complete and 0 interrupted iterations
default   [ 100% ] 01/10 VUs  17m57.0s/18m00.0s

running (17m58.0s), 01/10 VUs, 4389 complete and 0 interrupted iterations
default   [ 100% ] 01/10 VUs  17m58.0s/18m00.0s

running (17m59.0s), 01/10 VUs, 4389 complete and 0 interrupted iterations
default   [ 100% ] 01/10 VUs  17m59.0s/18m00.0s

running (18m00.0s), 01/10 VUs, 4390 complete and 0 interrupted iterations
default   [ 100% ] 01/10 VUs  18m00.0s/18m00.0s


  █ THRESHOLDS

    checks
    ✓ 'rate>0.99' rate=100.00%

    http_req_duration
    ✓ 'p(95)<500' p(95)=302.82ms

    http_req_failed
    ✓ 'rate<0.01' rate=0.00%


  █ TOTAL RESULTS

    checks_total.......: 8782    8.124601/s
    checks_succeeded...: 100.00% 8782 out of 8782
    checks_failed......: 0.00%   0 out of 8782

    ✓ health 2xx
    ✓ ready 2xx

    HTTP
    http_req_duration..............: avg=288.2ms min=262.91ms med=281.12ms max=2.3s  p(90)=295.76ms p(95)=302.82ms
      { expected_response:true }...: avg=288.2ms min=262.91ms med=281.12ms max=2.3s  p(90)=295.76ms p(95)=302.82ms
    http_req_failed................: 0.00%  0 out of 8782
    http_reqs......................: 8782   8.124601/s

    EXECUTION
    iteration_duration.............: avg=1.58s   min=1.53s    med=1.56s    max=4.34s p(90)=1.59s    p(95)=1.6s
    iterations.....................: 4391   4.0623/s
    vus............................: 1      min=1         max=10
    vus_max........................: 10     min=10        max=10

    NETWORK
    data_received..................: 4.9 MB 4.6 kB/s
    data_sent......................: 338 kB 313 B/s




running (18m00.9s), 00/10 VUs, 4391 complete and 0 interrupted iterations
default ✓ [ 100% ] 00/10 VUs  18m0s
